0.000000 0.000000 0.000000 1.98854
0.006250 0.000003 0.000004 1.10231
0.012500 0.000015 0.000015 1.03246
0.018750 0.000040 0.000040 1.01322
0.025000 0.000083 0.000083 1.00524
0.031250 0.000149 0.000149 1.00112
0.037500 0.000242 0.000242 0.998675
0.043750 0.000366 0.000365 0.997068
0.050000 0.000525 0.000523 0.995926
0.056250 0.000721 0.000718 0.995063
0.062500 0.000959 0.000954 0.994376
0.068750 0.001240 0.001232 0.993807
0.075000 0.001568 0.001557 0.993318
0.081250 0.001944 0.001930 0.992886
0.087500 0.002371 0.002353 0.992496
0.093750 0.002851 0.002829 0.992137
0.100000 0.003385 0.003357 0.991802
0.106250 0.003975 0.003942 0.991485
0.112500 0.004623 0.004582 0.991183
0.118750 0.005329 0.005280 0.990891
0.125000 0.006094 0.006037 0.990609
0.131250 0.006920 0.006853 0.990334
0.137500 0.007806 0.007729 0.990065
0.143750 0.008754 0.008665 0.989801
0.150000 0.009763 0.009661 0.989542
0.156250 0.010835 0.010719 0.989286
0.162500 0.011968 0.011837 0.989032
0.168750 0.013164 0.013016 0.988782
0.175000 0.014421 0.014256 0.988533
0.181250 0.015740 0.015556 0.988286
0.187500 0.017121 0.016916 0.988041
0.193750 0.018562 0.018335 0.987797
0.200000 0.020063 0.019814 0.987555
0.206250 0.021625 0.021350 0.987313
0.212500 0.023245 0.022944 0.987073
0.218750 0.024923 0.024595 0.986833
0.225000 0.026658 0.026301 0.986594
0.231250 0.028450 0.028062 0.986356
0.237500 0.030297 0.029877 0.986118
0.243750 0.032199 0.031744 0.985881
0.250000 0.034154 0.033663 0.985644
0.256250 0.036160 0.035632 0.985408
0.262500 0.038217 0.037651 0.985173
0.268750 0.040324 0.039717 0.984937
0.275000 0.042479 0.041829 0.984703
0.281250 0.044681 0.043987 0.984468
0.287500 0.046928 0.046188 0.984234
0.293750 0.049219 0.048432 0.984
0.300000 0.051553 0.050716 0.983767
0.306250 0.053928 0.053040 0.983534
0.312500 0.056342 0.055401 0.983301
0.318750 0.058795 0.057799 0.983069
0.325000 0.061284 0.060232 0.982837
0.331250 0.063808 0.062698 0.982605
0.337500 0.066365 0.065195 0.982373
0.343750 0.068955 0.067723 0.982142
0.350000 0.071574 0.070279 0.981911
0.356250 0.074222 0.072863 0.981681
0.362500 0.076897 0.075471 0.981451
0.368750 0.079598 0.078103 0.981221
0.375000 0.082322 0.080758 0.980992
0.381250 0.085069 0.083433 0.980763
0.387500 0.087836 0.086127 0.980534
0.393750 0.090623 0.088838 0.980306
0.400000 0.093427 0.091565 0.980078
0.406250 0.096246 0.094307 0.979851
0.412500 0.099080 0.097061 0.979624
0.418750 0.101926 0.099827 0.979398
0.425000 0.104784 0.102602 0.979172
0.431250 0.107651 0.105385 0.978946
0.437500 0.110526 0.108175 0.978721
0.443750 0.113408 0.110969 0.978497
0.450000 0.116295 0.113768 0.978273
0.456250 0.119185 0.116569 0.978049
0.462500 0.122077 0.119370 0.977826
0.468750 0.124970 0.122171 0.977604
0.475000 0.127861 0.124969 0.977382
0.481250 0.130751 0.127765 0.977161
0.487500 0.133636 0.130555 0.976941
0.493750 0.136517 0.133339 0.976721
0.500000 0.139391 0.136115 0.976502
0.506250 0.142257 0.138883 0.976285
0.512500 0.145114 0.141642 0.976071
0.518750 0.147960 0.144389 0.975859
0.525000 0.150795 0.147123 0.975649
0.531250 0.153617 0.149844 0.975441
0.537500 0.156424 0.152550 0.975234
0.543750 0.159216 0.155241 0.975029
0.550000 0.161992 0.157914 0.974825
0.556250 0.164749 0.160568 0.974623
0.562500 0.167488 0.163203 0.974421
0.568750 0.170206 0.165818 0.97422
0.575000 0.172903 0.168411 0.97402
0.581250 0.175579 0.170982 0.97382
0.587500 0.178230 0.173529 0.973622
0.593750 0.180858 0.176051 0.973424
0.600000 0.183460 0.178548 0.973227
0.606250 0.186036 0.181019 0.973031
0.612500 0.188585 0.183463 0.972837
0.618750 0.191106 0.185878 0.972643
0.625000 0.193598 0.188264 0.972451
0.631250 0.196060 0.190621 0.972259
0.637500 0.198491 0.192947 0.972069
0.643750 0.200891 0.195242 0.971879
0.650000 0.203259 0.197505 0.971691
0.656250 0.205593 0.199735 0.971503
0.662500 0.207894 0.201931 0.971316
0.668750 0.210161 0.204093 0.971131
0.675000 0.212392 0.206221 0.970946
0.681250 0.214587 0.208313 0.970762
0.687500 0.216746 0.210369 0.970579
0.693750 0.218868 0.212389 0.970397
0.700000 0.220953 0.214372 0.970216
0.706250 0.222999 0.216317 0.970036
0.712500 0.225006 0.218224 0.969857
0.718750 0.226974 0.220092 0.96968
0.725000 0.228903 0.221922 0.969503
0.731250 0.230791 0.223712 0.969328
0.737500 0.232638 0.225462 0.969154
0.743750 0.234445 0.227173 0.968981
0.750000 0.236210 0.228842 0.968809
0.756250 0.237933 0.230471 0.968639
0.762500 0.239614 0.232059 0.96847
0.768750 0.241252 0.233605 0.968302
0.775000 0.242848 0.235110 0.968136
0.781250 0.244400 0.236572 0.967972
0.787500 0.245909 0.237993 0.967808
0.793750 0.247374 0.239371 0.967646
0.800000 0.248796 0.240706 0.967486
0.806250 0.250173 0.241999 0.967326
0.812500 0.251506 0.243248 0.967168
0.818750 0.252794 0.244455 0.967011
0.825000 0.254038 0.245618 0.966856
0.831250 0.255237 0.246738 0.966701
0.837500 0.256391 0.247814 0.966548
0.843750 0.257500 0.248847 0.966396
0.850000 0.258565 0.249837 0.966245
0.856250 0.259584 0.250782 0.966094
0.862500 0.260558 0.251684 0.965945
0.868750 0.261486 0.252543 0.965796
0.875000 0.262370 0.253357 0.965649
0.881250 0.263208 0.254128 0.965502
0.887500 0.264001 0.254855 0.965356
0.893750 0.264749 0.255539 0.96521
0.900000 0.265452 0.256179 0.965066
0.906250 0.266110 0.256775 0.964921
0.912500 0.266723 0.257329 0.964778
0.918750 0.267291 0.257839 0.964635
0.925000 0.267815 0.258305 0.964493
0.931250 0.268294 0.258729 0.964351
0.937500 0.268728 0.259110 0.964209
0.943750 0.269118 0.259448 0.964068
0.950000 0.269464 0.259743 0.963927
0.956250 0.269766 0.259997 0.963786
0.962500 0.270024 0.260207 0.963645
0.968750 0.270239 0.260376 0.963505
0.975000 0.270410 0.260503 0.963364
0.981250 0.270538 0.260588 0.963223
0.987500 0.270623 0.260632 0.963082
0.993750 0.270665 0.260635 0.962941
1.000000 0.270665 0.260596 0.962799
1.006250 0.270623 0.260517 0.962658
1.012500 0.270539 0.260398 0.962515
1.018750 0.270413 0.260239 0.962373
1.025000 0.270247 0.260039 0.96223
1.031250 0.270039 0.259800 0.962086
1.037500 0.269790 0.259522 0.961942
1.043750 0.269501 0.259205 0.961797
1.050000 0.269172 0.258850 0.961652
1.056250 0.268803 0.258456 0.961505
1.062500 0.268395 0.258024 0.961359
1.068750 0.267948 0.257554 0.961211
1.075000 0.267462 0.257048 0.961063
1.081250 0.266938 0.256504 0.960913
1.087500 0.266376 0.255924 0.960763
1.093750 0.265776 0.255308 0.960612
1.100000 0.265139 0.254656 0.960461
1.106250 0.264466 0.253968 0.960308
1.112500 0.263756 0.253246 0.960155
1.118750 0.263010 0.252489 0.960001
1.125000 0.262228 0.251698 0.959846
1.131250 0.261411 0.250874 0.95969
1.137500 0.260560 0.250016 0.959533
1.143750 0.259674 0.249125 0.959376
1.150000 0.258754 0.248201 0.959217
1.156250 0.257801 0.247246 0.959058
1.162500 0.256814 0.246259 0.958898
1.168750 0.255795 0.245240 0.958738
1.175000 0.254744 0.244191 0.958576
1.181250 0.253661 0.243112 0.958414
1.187500 0.252546 0.242003 0.958252
1.193750 0.251401 0.240864 0.958088
1.200000 0.250225 0.239697 0.957924
1.206250 0.249020 0.238501 0.95776
1.212500 0.247785 0.237277 0.957596
1.218750 0.246520 0.236026 0.957431
1.225000 0.245227 0.234748 0.957265
1.231250 0.243906 0.233443 0.9571
1.237500 0.242557 0.232112 0.956935
1.243750 0.241181 0.230755 0.956769
1.250000 0.239779 0.229373 0.956604
1.256250 0.238350 0.227967 0.956439
1.262500 0.236895 0.226536 0.956274
1.268750 0.235414 0.225082 0.956109
1.275000 0.233909 0.223604 0.955945
1.281250 0.232379 0.222104 0.955782
1.287500 0.230825 0.220581 0.955619
1.293750 0.229248 0.219037 0.955458
1.300000 0.227648 0.217471 0.955297
1.306250 0.226025 0.215884 0.955137
1.312500 0.224379 0.214277 0.954978
1.318750 0.222713 0.212651 0.954821
1.325000 0.221025 0.211004 0.954664
1.331250 0.219316 0.209339 0.95451
1.337500 0.217587 0.207655 0.954357
1.343750 0.215838 0.205954 0.954205
1.350000 0.214069 0.204234 0.954056
1.356250 0.212282 0.202498 0.953908
1.362500 0.210477 0.200745 0.953762
1.368750 0.208653 0.198975 0.953619
1.375000 0.206812 0.197190 0.953478
1.381250 0.204953 0.195390 0.953339
1.387500 0.203078 0.193575 0.953202
1.393750 0.201187 0.191745 0.953068
1.400000 0.199280 0.189901 0.952936
1.406250 0.197358 0.188043 0.952805
1.412500 0.195420 0.186173 0.952677
1.418750 0.193469 0.184289 0.952551
1.425000 0.191503 0.182393 0.952427
1.431250 0.189524 0.180484 0.952304
1.437500 0.187532 0.178564 0.952182
1.443750 0.185527 0.176633 0.95206
1.450000 0.183510 0.174690 0.951939
1.456250 0.181480 0.172736 0.951817
1.462500 0.179440 0.170772 0.951694
1.468750 0.177388 0.168797 0.951569
1.475000 0.175326 0.166813 0.951442
1.481250 0.173254 0.164819 0.951312
1.487500 0.171172 0.162815 0.951178
1.493750 0.169080 0.160802 0.95104
1.500000 0.166980 0.158781 0.950896
1.506250 0.164871 0.156751 0.950746
1.512500 0.162754 0.154712 0.950589
1.518750 0.160629 0.152666 0.950424
1.525000 0.158497 0.150612 0.950251
1.531250 0.156358 0.148551 0.950069
1.537500 0.154212 0.146482 0.949876
1.543750 0.152060 0.144407 0.949673
1.550000 0.149902 0.142326 0.949457
1.556250 0.147739 0.140238 0.949229
1.562500 0.145571 0.138145 0.948988
1.568750 0.143397 0.136046 0.948732
1.575000 0.141220 0.133942 0.948462
1.581250 0.139038 0.131833 0.948177
1.587500 0.136853 0.129720 0.947875
1.593750 0.134665 0.127603 0.947556
1.600000 0.132474 0.125482 0.94722
1.606250 0.130280 0.123357 0.946867
1.612500 0.128083 0.121230 0.946495
1.618750 0.125885 0.119101 0.946105
1.625000 0.123686 0.116969 0.945696
1.631250 0.121485 0.114836 0.945269
1.637500 0.119283 0.112701 0.944822
1.643750 0.117080 0.110565 0.944357
1.650000 0.114877 0.108430 0.943873
1.656250 0.112674 0.106294 0.943372
1.662500 0.110472 0.104159 0.942853
1.668750 0.108270 0.102025 0.942317
1.675000 0.106069 0.099892 0.941766
1.681250 0.103870 0.097762 0.9412
1.687500 0.101671 0.095634 0.940622
1.693750 0.099475 0.093510 0.940033
1.700000 0.097281 0.091389 0.939435
1.706250 0.095089 0.089273 0.938831
1.712500 0.092900 0.087161 0.938224
1.718750 0.090714 0.085055 0.937617
1.725000 0.088531 0.082955 0.937014
1.731250 0.086351 0.080861 0.93642
1.737500 0.084176 0.078775 0.935838
1.743750 0.082004 0.076696 0.935272
1.750000 0.079836 0.074625 0.934724
1.756250 0.077673 0.072562 0.934193
1.762500 0.075515 0.070507 0.933676
1.768750 0.073362 0.068459 0.933161
1.775000 0.071214 0.066416 0.93263
1.781250 0.069072 0.064378 0.932055
1.787500 0.066935 0.062344 0.931413
1.793750 0.064804 0.060312 0.93069
1.800000 0.062679 0.058284 0.929881
1.806250 0.060561 0.056260 0.928988
1.812500 0.058449 0.054242 0.928022
1.818750 0.056344 0.052231 0.927004
1.825000 0.054246 0.050230 0.925964
1.831250 0.052156 0.048241 0.924943
1.837500 0.050073 0.046267 0.923994
1.843750 0.047997 0.044310 0.923186
1.850000 0.045929 0.042374 0.922601
1.856250 0.043869 0.040462 0.92234
1.862500 0.041818 0.038578 0.922527
1.868750 0.039774 0.036724 0.923309
1.875000 0.037740 0.034904 0.924864
1.881250 0.035714 0.033121 0.92741
1.887500 0.033697 0.031379 0.931209
1.893750 0.031689 0.029679 0.936591
1.900000 0.029690 0.028026 0.943965
1.906250 0.027701 0.026422 0.953849
1.912500 0.025721 0.024870 0.966914
1.918750 0.023751 0.023372 0.984039
1.925000 0.021790 0.021930 1.00641
1.931250 0.019840 0.020547 1.03563
1.937500 0.017900 0.019225 1.07402
1.943750 0.015970 0.017966 1.12494
1.950000 0.014051 0.016770 1.19355
1.956250 0.012142 0.015641 1.28815
1.962500 0.010244 0.014578 1.4231
1.968750 0.008356 0.013583 1.62549
1.975000 0.006480 0.012657 1.95334
1.981250 0.004614 0.011801 2.55747
1.987500 0.002760 0.011015 3.99087
1.993750 0.000917 0.010301 11.2302
2.000000 -0.000914 0.009657 -10.5627
2.006250 -0.002731 0.009084 -3.32609
2.012500 -0.004528 0.008583 -1.89547
2.018750 -0.006300 0.008153 -1.29417
2.025000 -0.008042 0.007795 -0.969271
2.031250 -0.009749 0.007507 -0.770026
2.037500 -0.011416 0.007289 -0.638481
2.043750 -0.013041 0.007142 -0.547617
2.050000 -0.014619 0.007063 -0.483154
2.056250 -0.016148 0.007054 -0.436845
2.062500 -0.017622 0.007112 -0.403601
2.068750 -0.019041 0.007238 -0.380122
2.075000 -0.020401 0.007430 -0.36418
2.081250 -0.021699 0.007686 -0.354224
2.087500 -0.022934 0.008007 -0.349145
2.093750 -0.024104 0.008391 -0.348136
2.100000 -0.025206 0.008837 -0.350603
2.106250 -0.026240 0.009344 -0.3561
2.112500 -0.027204 0.009910 -0.364297
2.118750 -0.028096 0.010534 -0.374948
2.125000 -0.028916 0.011215 -0.387871
2.131250 -0.029662 0.011952 -0.402938
2.137500 -0.030335 0.012743 -0.420064
2.143750 -0.030933 0.013586 -0.439199
2.150000 -0.031456 0.014480 -0.460322
2.156250 -0.031904 0.015424 -0.483443
2.162500 -0.032277 0.016416 -0.508596
2.168750 -0.032574 0.017455 -0.535837
2.175000 -0.032797 0.018538 -0.56525
2.181250 -0.032944 0.019666 -0.596941
2.187500 -0.033017 0.020835 -0.63104
2.193750 -0.033015 0.022044 -0.667708
2.200000 -0.032940 0.023293 -0.707133
2.206250 -0.032791 0.024578 -0.749538
2.212500 -0.032570 0.025899 -0.795184
2.218750 -0.032278 0.027254 -0.844373
2.225000 -0.031914 0.028642 -0.897461
2.231250 -0.031481 0.030060 -0.954862
2.237500 -0.030979 0.031508 -1.01706
2.243750 -0.030410 0.032983 -1.08463
2.250000 -0.029773 0.034484 -1.15824
2.256250 -0.029071 0.036010 -1.23869
2.262500 -0.028305 0.037559 -1.32694
2.268750 -0.027475 0.039128 -1.42412
2.275000 -0.026584 0.040718 -1.53165
2.281250 -0.025633 0.042326 -1.65122
2.287500 -0.024623 0.043950 -1.78495
2.293750 -0.023555 0.045590 -1.93549
2.300000 -0.022431 0.047243 -2.1062
2.306250 -0.021252 0.048909 -2.30141
2.312500 -0.020020 0.050587 -2.52679
2.318750 -0.018737 0.052274 -2.7899
2.325000 -0.017403 0.053969 -3.10106
2.331250 -0.016022 0.055672 -3.47478
2.337500 -0.014593 0.057380 -3.93202
2.343750 -0.013119 0.059092 -4.50432
2.350000 -0.011601 0.060808 -5.24141
2.356250 -0.010042 0.062525 -6.22649
2.362500 -0.008442 0.064242 -7.61014
2.368750 -0.006803 0.065959 -9.69583
2.375000 -0.005127 0.067674 -13.1999
2.381250 -0.003415 0.069385 -20.3159
2.387500 -0.001670 0.071092 -42.5722
2.393750 0.000108 0.072793 675.622
2.400000 0.001916 0.074487 38.8761
2.406250 0.003753 0.076174 20.2952
2.412500 0.005618 0.077851 13.8576
2.418750 0.007508 0.079519 10.5907
2.425000 0.009423 0.081175 8.6146
2.431250 0.011360 0.082819 7.29035
2.437500 0.013318 0.084451 6.34094
2.443750 0.015296 0.086068 5.62685
2.450000 0.017291 0.087670 5.07016
2.456250 0.019303 0.089256 4.62392
2.462500 0.021330 0.090826 4.25816
2.468750 0.023370 0.092378 3.95288
2.475000 0.025421 0.093911 3.69416
2.481250 0.027484 0.095425 3.47208
2.487500 0.029554 0.096919 3.27933
2.493750 0.031633 0.098392 3.11043
2.500000 0.033717 0.099843 2.96118
2.506250 0.035806 0.101272 2.82833
2.512500 0.037899 0.102678 2.70928
2.518750 0.039993 0.104060 2.60197
2.525000 0.042087 0.105418 2.50474
2.531250 0.044181 0.106751 2.41619
2.537500 0.046273 0.108058 2.33521
2.543750 0.048362 0.109339 2.26086
2.550000 0.050446 0.110594 2.19232
2.556250 0.052524 0.111821 2.12895
2.562500 0.054595 0.113021 2.07016
2.568750 0.056658 0.114192 2.01545
2.575000 0.058712 0.115336 1.96442
2.581250 0.060756 0.116450 1.91669
2.587500 0.062787 0.117535 1.87194
2.593750 0.064807 0.118590 1.8299
2.600000 0.066812 0.119615 1.79031
2.606250 0.068803 0.120609 1.75295
2.612500 0.070778 0.121573 1.71765
2.618750 0.072737 0.122505 1.68422
2.625000 0.074678 0.123406 1.65251
2.631250 0.076601 0.124276 1.62239
2.637500 0.078504 0.125113 1.59373
2.643750 0.080386 0.125918 1.56642
2.650000 0.082248 0.126691 1.54036
2.656250 0.084087 0.127431 1.51546
2.662500 0.085904 0.128139 1.49165
2.668750 0.087697 0.128813 1.46883
2.675000 0.089466 0.129454 1.44696
2.681250 0.091210 0.130062 1.42596
2.687500 0.092928 0.130636 1.40577
2.693750 0.094620 0.131176 1.38635
2.700000 0.096284 0.131683 1.36765
2.706250 0.097921 0.132156 1.34962
2.712500 0.099529 0.132595 1.33222
2.718750 0.101109 0.133001 1.31542
2.725000 0.102659 0.133372 1.29918
2.731250 0.104179 0.133710 1.28346
2.737500 0.105669 0.134013 1.26824
2.743750 0.107127 0.134283 1.25349
2.750000 0.108554 0.134518 1.23918
2.756250 0.109949 0.134720 1.22529
2.762500 0.111312 0.134887 1.2118
2.768750 0.112641 0.135021 1.19868
2.775000 0.113938 0.135121 1.18592
2.781250 0.115201 0.135187 1.17349
2.787500 0.116430 0.135219 1.16138
2.793750 0.117625 0.135218 1.14957
2.800000 0.118786 0.135183 1.13805
2.806250 0.119911 0.135115 1.1268
2.812500 0.121002 0.135014 1.1158
2.818750 0.122057 0.134880 1.10506
2.825000 0.123077 0.134712 1.09454
2.831250 0.124060 0.134512 1.08425
2.837500 0.125008 0.134279 1.07416
2.843750 0.125920 0.134014 1.06428
2.850000 0.126796 0.133717 1.05458
2.856250 0.127635 0.133387 1.04506
2.862500 0.128438 0.133026 1.03572
2.868750 0.129204 0.132633 1.02654
2.875000 0.129933 0.132208 1.01751
2.881250 0.130626 0.131752 1.00862
2.887500 0.131282 0.131266 0.999881
2.893750 0.131900 0.130749 0.991268
2.900000 0.132482 0.130201 0.982781
2.906250 0.133028 0.129624 0.974412
2.912500 0.133536 0.129016 0.966156
2.918750 0.134007 0.128380 0.958005
2.925000 0.134442 0.127713 0.949955
2.931250 0.134839 0.127019 0.942
2.937500 0.135200 0.126295 0.934134
2.943750 0.135525 0.125544 0.926352
2.950000 0.135812 0.124764 0.918649
2.956250 0.136064 0.123957 0.91102
2.962500 0.136279 0.123123 0.903461
2.968750 0.136458 0.122261 0.895966
2.975000 0.136600 0.121374 0.888532
2.981250 0.136707 0.120460 0.881154
2.987500 0.136778 0.119520 0.873827
2.993750 0.136814 0.118556 0.866548
3.000000 0.136814 0.117566 0.859313
3.006250 0.136778 0.116551 0.852117
3.012500 0.136708 0.115512 0.844957
3.018750 0.136603 0.114450 0.837828
3.025000 0.136463 0.113364 0.830728
3.031250 0.136289 0.112255 0.823652
3.037500 0.136081 0.111124 0.816597
3.043750 0.135839 0.109970 0.809558
3.050000 0.135564 0.108794 0.802533
3.056250 0.135255 0.107598 0.795518
3.062500 0.134913 0.106380 0.788509
3.068750 0.134538 0.105142 0.781502
3.075000 0.134130 0.103883 0.774494
3.081250 0.133691 0.102605 0.767482
3.087500 0.133219 0.101308 0.760461
3.093750 0.132716 0.099992 0.753429
3.100000 0.132182 0.098658 0.74638
3.106250 0.131616 0.097306 0.739312
3.112500 0.131020 0.095936 0.732221
3.118750 0.130394 0.094549 0.725102
3.125000 0.129737 0.093145 0.717953
3.131250 0.129051 0.091726 0.710768
3.137500 0.128336 0.090290 0.703544
3.143750 0.127592 0.088839 0.696276
3.150000 0.126819 0.087373 0.68896
3.156250 0.126018 0.085893 0.681593
3.162500 0.125188 0.084398 0.674169
3.168750 0.124332 0.082890 0.666684
3.175000 0.123448 0.081369 0.659133
3.181250 0.122538 0.079835 0.651511
3.187500 0.121601 0.078288 0.643813
3.193750 0.120638 0.076730 0.636034
3.200000 0.119649 0.075160 0.628167
3.206250 0.118636 0.073579 0.620209
3.212500 0.117597 0.071987 0.612152
3.218750 0.116534 0.070385 0.60399
3.225000 0.115447 0.068773 0.595716
3.231250 0.114336 0.067152 0.587323
3.237500 0.113202 0.065521 0.578803
3.243750 0.112045 0.063882 0.570147
3.250000 0.110865 0.062234 0.561347
3.256250 0.109664 0.060577 0.552393
3.262500 0.108440 0.058913 0.543275
3.268750 0.107196 0.057241 0.533982
3.275000 0.105930 0.055561 0.524502
3.281250 0.104645 0.053874 0.514824
3.287500 0.103339 0.052179 0.504934
3.293750 0.102013 0.050478 0.494817
3.300000 0.100668 0.048770 0.484459
3.306250 0.099305 0.047055 0.473845
3.312500 0.097922 0.045334 0.462956
3.318750 0.096522 0.043606 0.451774
3.325000 0.095104 0.041873 0.440281
3.331250 0.093669 0.040133 0.428455
3.337500 0.092218 0.038388 0.416274
3.343750 0.090749 0.036637 0.403714
3.350000 0.089265 0.034880 0.390749
3.356250 0.087765 0.033118 0.377353
3.362500 0.086250 0.031351 0.363495
3.368750 0.084720 0.029579 0.349143
3.375000 0.083176 0.027803 0.334263
3.381250 0.081618 0.026021 0.318819
3.387500 0.080046 0.024235 0.30277
3.393750 0.078460 0.022445 0.286073
3.400000 0.076863 0.020651 0.26868
3.406250 0.075252 0.018854 0.250541
3.412500 0.073630 0.017053 0.231599
3.418750 0.071996 0.015248 0.211792
3.425000 0.070350 0.013441 0.191055
3.431250 0.068694 0.011631 0.169313
3.437500 0.067027 0.009818 0.146485
3.443750 0.065350 0.008004 0.122481
3.450000 0.063664 0.006188 0.0972027
3.456250 0.061968 0.004371 0.0705386
3.462500 0.060262 0.002553 0.0423658
3.468750 0.058549 0.000735 0.0125468
3.475000 0.056827 -0.001084 -0.0190733
3.481250 0.055097 -0.002902 -0.0526685
3.487500 0.053360 -0.004719 -0.0884356
3.493750 0.051615 -0.006534 -0.126598
3.500000 0.049864 -0.008348 -0.167409
3.506250 0.048106 -0.010158 -0.211159
3.512500 0.046342 -0.011965 -0.25818
3.518750 0.044573 -0.013767 -0.308856
3.525000 0.042798 -0.015563 -0.363633
3.531250 0.041018 -0.017352 -0.423033
3.537500 0.039233 -0.019133 -0.487674
3.543750 0.037444 -0.020905 -0.558295
3.550000 0.035651 -0.022666 -0.635791
3.556250 0.033854 -0.024417 -0.72126
3.562500 0.032053 -0.026157 -0.816064
3.568750 0.030250 -0.027887 -0.921905
3.575000 0.028444 -0.029608 -1.04092
3.581250 0.026635 -0.031319 -1.17584
3.587500 0.024824 -0.033021 -1.3302
3.593750 0.023012 -0.034716 -1.50862
3.600000 0.021198 -0.036404 -1.71734
3.606250 0.019383 -0.038085 -1.96489
3.612500 0.017566 -0.039759 -2.26335
3.618750 0.015750 -0.041427 -2.63033
3.625000 0.013933 -0.043089 -3.0926
3.631250 0.012116 -0.044743 -3.69293
3.637500 0.010299 -0.046389 -4.5042
3.643750 0.008483 -0.048027 -5.66155
3.650000 0.006668 -0.049655 -7.44695
3.656250 0.004854 -0.051270 -10.5633
3.662500 0.003041 -0.052872 -17.3872
3.668750 0.001230 -0.054459 -44.2828
3.675000 -0.000579 -0.056027 96.7069
3.681250 -0.002386 -0.057576 24.1276
3.687500 -0.004191 -0.059101 14.1027
3.693750 -0.005993 -0.060602 10.1128
3.700000 -0.007791 -0.062074 7.96704
3.706250 -0.009587 -0.063516 6.62521
3.712500 -0.011379 -0.064924 5.70551
3.718750 -0.013168 -0.066295 5.03473
3.725000 -0.014952 -0.067627 4.52293
3.731250 -0.016732 -0.068917 4.11878
3.737500 -0.018508 -0.070162 3.79084
3.743750 -0.020280 -0.071360 3.51879
3.750000 -0.022046 -0.072507 3.2889
3.756250 -0.023807 -0.073602 3.09158
3.762500 -0.025563 -0.074643 2.9199
3.768750 -0.027314 -0.075626 2.76878
3.775000 -0.029059 -0.076551 2.63435
3.781250 -0.030798 -0.077415 2.51366
3.787500 -0.032531 -0.078217 2.40441
3.793750 -0.034257 -0.078955 2.30477
3.800000 -0.035977 -0.079627 2.21327
3.806250 -0.037690 -0.080233 2.12874
3.812500 -0.039397 -0.080772 2.05021
3.818750 -0.041096 -0.081242 1.97687
3.825000 -0.042788 -0.081643 1.90806
3.831250 -0.044473 -0.081974 1.84323
3.837500 -0.046150 -0.082234 1.7819
3.843750 -0.047819 -0.082425 1.72368
3.850000 -0.049481 -0.082544 1.66822
3.856250 -0.051134 -0.082593 1.61524
3.862500 -0.052779 -0.082571 1.56449
3.868750 -0.054415 -0.082479 1.51574
3.875000 -0.056043 -0.082317 1.46881
3.881250 -0.057662 -0.082085 1.42354
3.887500 -0.059273 -0.081783 1.37978
3.893750 -0.060874 -0.081413 1.33741
3.900000 -0.062466 -0.080975 1.29631
3.906250 -0.064049 -0.080470 1.25639
3.912500 -0.065622 -0.079899 1.21756
3.918750 -0.067186 -0.079262 1.17974
3.925000 -0.068740 -0.078561 1.14287
3.931250 -0.070284 -0.077797 1.10688
3.937500 -0.071819 -0.076970 1.07173
3.943750 -0.073343 -0.076083 1.03736
3.950000 -0.074857 -0.075136 1.00372
3.956250 -0.076361 -0.074131 0.970789
3.962500 -0.077855 -0.073068 0.93852
3.968750 -0.079338 -0.071950 0.906884
3.975000 -0.080810 -0.070778 0.875853
3.981250 -0.082272 -0.069553 0.845401
3.987500 -0.083723 -0.068276 0.815504
3.993750 -0.085163 -0.066950 0.786141
4.000000 -0.086591 -0.065575 0.757294
4.006250 -0.088006 -0.064154 0.728968
4.012500 -0.089402 -0.062687 0.701186
4.018750 -0.090772 -0.061177 0.673961
4.025000 -0.092113 -0.059625 0.647298
4.031250 -0.093420 -0.058032 0.621194
4.037500 -0.094688 -0.056400 0.595643
4.043750 -0.095914 -0.054731 0.570632
4.050000 -0.097093 -0.053027 0.546147
4.056250 -0.098223 -0.051289 0.522168
4.062500 -0.099301 -0.049519 0.498676
4.068750 -0.100322 -0.047718 0.475648
4.075000 -0.101286 -0.045889 0.453061
4.081250 -0.102189 -0.044032 0.43089
4.087500 -0.103029 -0.042150 0.409108
4.093750 -0.103804 -0.040244 0.38769
4.100000 -0.104513 -0.038315 0.366607
4.106250 -0.105154 -0.036366 0.345834
4.112500 -0.105725 -0.034397 0.325344
4.118750 -0.106226 -0.032410 0.305108
4.125000 -0.106655 -0.030407 0.285101
4.131250 -0.107012 -0.028390 0.265295
4.137500 -0.107295 -0.026358 0.245662
4.143750 -0.107505 -0.024315 0.226177
4.150000 -0.107640 -0.022261 0.206813
4.156250 -0.107702 -0.020199 0.187542
4.162500 -0.107689 -0.018128 0.168339
4.168750 -0.107601 -0.016052 0.149177
4.175000 -0.107439 -0.013970 0.130028
4.181250 -0.107203 -0.011885 0.110865
4.187500 -0.106893 -0.009798 0.091661
4.193750 -0.106509 -0.007710 0.072387
4.200000 -0.106053 -0.005622 0.0530142
4.206250 -0.105525 -0.003536 0.0335131
4.212500 -0.104925 -0.001454 0.0138533
4.218750 -0.104254 0.000625 -0.00599681
4.225000 -0.103514 0.002699 -0.0260696
4.231250 -0.102705 0.004765 -0.0463991
4.237500 -0.101828 0.006825 -0.0670206
4.243750 -0.100883 0.008875 -0.0879712
4.250000 -0.099874 0.010915 -0.10929
4.256250 -0.098799 0.012945 -0.131018
4.262500 -0.097662 0.014962 -0.1532
4.268750 -0.096462 0.016966 -0.175881
4.275000 -0.095202 0.018956 -0.199112
4.281250 -0.093882 0.020931 -0.222947
4.287500 -0.092505 0.022890 -0.247442
4.293750 -0.091071 0.024831 -0.272659
4.300000 -0.089582 0.026755 -0.298667
4.306250 -0.088039 0.028660 -0.325538
4.312500 -0.086444 0.030545 -0.353353
4.318750 -0.084799 0.032410 -0.382199
4.325000 -0.083105 0.034253 -0.412172
4.331250 -0.081363 0.036075 -0.443378
4.337500 -0.079576 0.037873 -0.475936
4.343750 -0.077744 0.039648 -0.509976
4.350000 -0.075870 0.041398 -0.545645
4.356250 -0.073956 0.043124 -0.583105
4.362500 -0.072001 0.044824 -0.622541
4.368750 -0.070009 0.046497 -0.66416
4.375000 -0.067982 0.048144 -0.708198
4.381250 -0.065919 0.049764 -0.754922
4.387500 -0.063824 0.051356 -0.804641
4.393750 -0.061698 0.052919 -0.857705
4.400000 -0.059543 0.054453 -0.914525
4.406250 -0.057359 0.055958 -0.975574
4.412500 -0.055150 0.057433 -1.04141
4.418750 -0.052916 0.058878 -1.11269
4.425000 -0.050658 0.060293 -1.19018
4.431250 -0.048380 0.061676 -1.27483
4.437500 -0.046082 0.063028 -1.36775
4.443750 -0.043765 0.064348 -1.47031
4.450000 -0.041432 0.065636 -1.5842
4.456250 -0.039083 0.066892 -1.71151
4.462500 -0.036721 0.068115 -1.8549
4.468750 -0.034347 0.069305 -2.01776
4.475000 -0.031963 0.070461 -2.20448
4.481250 -0.029569 0.071584 -2.42093
4.487500 -0.027168 0.072674 -2.67502
4.493750 -0.024760 0.073729 -2.97776
4.500000 -0.022348 0.074750 -3.34491
4.506250 -0.019932 0.075737 -3.79984
4.512500 -0.017514 0.076690 -4.37878
4.518750 -0.015096 0.077607 -5.14109
4.525000 -0.012678 0.078490 -6.19118
4.531250 -0.010262 0.079339 -7.73124
4.537500 -0.007850 0.080152 -10.2109
4.543750 -0.005442 0.080930 -14.8719
4.550000 -0.003040 0.081672 -26.868
4.556250 -0.000645 0.082380 -127.766
4.562500 0.001742 0.083052 47.6769
4.568750 0.004119 0.083689 20.3163
4.575000 0.006486 0.084291 12.9956
4.581250 0.008841 0.084857 9.59796
4.587500 0.011183 0.085388 7.63521
4.593750 0.013512 0.085883 6.35616
4.600000 0.015825 0.086344 5.45605
4.606250 0.018123 0.086769 4.78781
4.612500 0.020403 0.087158 4.27176
4.618750 0.022666 0.087513 3.86097
4.625000 0.024910 0.087832 3.52602
4.631250 0.027134 0.088117 3.2475
4.637500 0.029337 0.088366 3.01212
4.643750 0.031519 0.088581 2.81044
4.650000 0.033678 0.088761 2.6356
4.656250 0.035814 0.088906 2.48248
4.662500 0.037925 0.089017 2.34717
4.668750 0.040012 0.089094 2.22666
4.675000 0.042074 0.089137 2.11859
4.681250 0.044109 0.089146 2.02104
4.687500 0.046117 0.089121 1.9325
4.693750 0.048097 0.089062 1.85172
4.700000 0.050049 0.088970 1.77767
4.706250 0.051972 0.088845 1.70949
4.712500 0.053865 0.088688 1.64648
4.718750 0.055728 0.088497 1.58802
4.725000 0.057560 0.088275 1.5336
4.731250 0.059361 0.088020 1.48278
4.737500 0.061130 0.087733 1.43518
4.743750 0.062867 0.087415 1.39047
4.750000 0.064571 0.087066 1.34837
4.756250 0.066242 0.086686 1.30862
4.762500 0.067879 0.086275 1.27101
4.768750 0.069482 0.085834 1.23534
4.775000 0.071051 0.085363 1.20144
4.781250 0.072584 0.084863 1.16916
4.787500 0.074083 0.084333 1.13836
4.793750 0.075546 0.083775 1.10892
4.800000 0.076973 0.083188 1.08073
4.806250 0.078365 0.082572 1.05369
4.812500 0.079719 0.081929 1.02772
4.818750 0.081038 0.081259 1.00273
4.825000 0.082319 0.080561 0.978648
4.831250 0.083563 0.079837 0.95541
4.837500 0.084771 0.079087 0.932954
4.843750 0.085940 0.078311 0.911224
4.850000 0.087073 0.077510 0.890171
4.856250 0.088167 0.076683 0.869746
4.862500 0.089224 0.075832 0.849907
4.868750 0.090243 0.074957 0.830614
4.875000 0.091224 0.074059 0.81183
4.881250 0.092167 0.073137 0.793521
4.887500 0.093072 0.072192 0.775654
4.893750 0.093939 0.071225 0.758201
4.900000 0.094767 0.070235 0.741134
4.906250 0.095558 0.069225 0.724426
4.912500 0.096310 0.068193 0.708053
4.918750 0.097025 0.067140 0.691993
4.925000 0.097701 0.066068 0.676224
4.931250 0.098339 0.064975 0.660725
4.937500 0.098939 0.063863 0.645478
4.943750 0.099501 0.062732 0.630464
4.950000 0.100026 0.061583 0.615666
4.956250 0.100513 0.060415 0.601068
4.962500 0.100962 0.059230 0.586654
4.968750 0.101374 0.058027 0.572409
4.975000 0.101748 0.056808 0.558319
4.981250 0.102086 0.055573 0.544371
4.987500 0.102386 0.054321 0.530551
4.993750 0.102650 0.053054 0.516847
5.000000 0.102877 0.051773 0.503248
5.006250 0.103068 0.050476 0.489742
5.012500 0.103222 0.049166 0.476317
5.018750 0.103340 0.047843 0.462963
5.025000 0.103423 0.046506 0.449669
5.031250 0.103470 0.045157 0.436424
5.037500 0.103482 0.043795 0.423219
5.043750 0.103458 0.042422 0.410042
5.050000 0.103400 0.041038 0.396883
5.056250 0.103307 0.039642 0.383732
5.062500 0.103180 0.038236 0.370579
5.068750 0.103019 0.036820 0.357412
5.075000 0.102825 0.035394 0.34422
5.081250 0.102597 0.033959 0.330994
5.087500 0.102336 0.032514 0.317721
5.093750 0.102042 0.031061 0.30439
5.100000 0.101715 0.029598 0.290989
5.106250 0.101357 0.028127 0.277506
5.112500 0.100967 0.026648 0.263928
5.118750 0.100545 0.025161 0.250243
5.125000 0.100092 0.023666 0.236437
5.131250 0.099608 0.022163 0.222497
5.137500 0.099094 0.020652 0.208407
5.143750 0.098550 0.019134 0.194154
5.150000 0.097976 0.017608 0.179722
5.156250 0.097373 0.016076 0.165096
5.162500 0.096740 0.014536 0.150258
5.168750 0.096079 0.012989 0.135192
5.175000 0.095390 0.011435 0.11988
5.181250 0.094673 0.009875 0.104304
5.187500 0.093929 0.008307 0.0884442
5.193750 0.093157 0.006733 0.0722812
5.200000 0.092358 0.005153 0.0557939
5.206250 0.091534 0.003566 0.0389605
5.212500 0.090683 0.001973 0.021758
5.218750 0.089807 0.000374 0.0041628
5.225000 0.088905 -0.001231 -0.0138504
5.231250 0.087979 -0.002842 -0.0323078
5.237500 0.087028 -0.004459 -0.0512374
5.243750 0.086054 -0.006081 -0.0706684
5.250000 0.085056 -0.007709 -0.0906321
5.256250 0.084035 -0.009341 -0.111162
5.262500 0.082991 -0.010979 -0.132292
5.268750 0.081924 -0.012621 -0.154062
5.275000 0.080836 -0.014268 -0.17651
5.281250 0.079727 -0.015920 -0.199682
5.287500 0.078596 -0.017576 -0.223621
5.293750 0.077444 -0.019235 -0.248377
5.300000 0.076272 -0.020899 -0.274
5.306250 0.075081 -0.022565 -0.300543
5.312500 0.073870 -0.024234 -0.32806
5.318750 0.072639 -0.025904 -0.356608
5.325000 0.071391 -0.027574 -0.386243
5.331250 0.070124 -0.029243 -0.417027
5.337500 0.068839 -0.030910 -0.449025
5.343750 0.067536 -0.032573 -0.482307
5.350000 0.066217 -0.034231 -0.516955
5.356250 0.064881 -0.035883 -0.553058
5.362500 0.063529 -0.037528 -0.590717
5.368750 0.062161 -0.039164 -0.630047
5.375000 0.060777 -0.040792 -0.671178
5.381250 0.059379 -0.042412 -0.714255
5.387500 0.057966 -0.044022 -0.759446
5.393750 0.056539 -0.045623 -0.806936
5.400000 0.055098 -0.047216 -0.856937
5.406250 0.053644 -0.048799 -0.909688
5.412500 0.052176 -0.050374 -0.965456
5.418750 0.050696 -0.051941 -1.02455
5.425000 0.049204 -0.053500 -1.0873
5.431250 0.047700 -0.055051 -1.1541
5.437500 0.046185 -0.056595 -1.2254
5.443750 0.044658 -0.058131 -1.30169
5.450000 0.043121 -0.059660 -1.38354
5.456250 0.041573 -0.061181 -1.47163
5.462500 0.040016 -0.062693 -1.56671
5.468750 0.038449 -0.064197 -1.66967
5.475000 0.036873 -0.065692 -1.78158
5.481250 0.035288 -0.067176 -1.90365
5.487500 0.033694 -0.068648 -2.03737
5.493750 0.032093 -0.070107 -2.1845
5.500000 0.030484 -0.071552 -2.34721
5.506250 0.028867 -0.072980 -2.52813
5.512500 0.027244 -0.074390 -2.73054
5.518750 0.025613 -0.075779 -2.95858
5.525000 0.023977 -0.077146 -3.21752
5.531250 0.022335 -0.078488 -3.51421
5.537500 0.020687 -0.079803 -3.85773
5.543750 0.019033 -0.081088 -4.26034
5.550000 0.017375 -0.082340 -4.73901
5.556250 0.015712 -0.083558 -5.31803
5.562500 0.014045 -0.084738 -6.03326
5.568750 0.012374 -0.085878 -6.9401
5.575000 0.010700 -0.086975 -8.12885
5.581250 0.009022 -0.088027 -9.7573
5.587500 0.007341 -0.089032 -12.1283
5.593750 0.005657 -0.089987 -15.9061
5.600000 0.003972 -0.090890 -22.8849
5.606250 0.002284 -0.091739 -40.1694
5.612500 0.000594 -0.092532 -155.703
5.618750 -0.001097 -0.093267 85.047
5.625000 -0.002789 -0.093943 33.6867
5.631250 -0.004482 -0.094557 21.0989
5.637500 -0.006175 -0.095108 15.4021
5.643750 -0.007869 -0.095595 12.1489
5.650000 -0.009562 -0.096018 10.0413
5.656250 -0.011255 -0.096374 8.56236
5.662500 -0.012948 -0.096663 7.46536
5.668750 -0.014640 -0.096884 6.61778
5.675000 -0.016331 -0.097037 5.94204
5.681250 -0.018020 -0.097121 5.3897
5.687500 -0.019707 -0.097137 4.92895
5.693750 -0.021393 -0.097083 4.53806
5.700000 -0.023076 -0.096959 4.20167
5.706250 -0.024757 -0.096767 3.90862
5.712500 -0.026436 -0.096506 3.65059
5.718750 -0.028111 -0.096176 3.42129
5.725000 -0.029783 -0.095777 3.21583
5.731250 -0.031452 -0.095311 3.03039
5.737500 -0.033117 -0.094778 2.86192
5.743750 -0.034778 -0.094178 2.70798
5.750000 -0.036435 -0.093513 2.56656
5.756250 -0.038088 -0.092783 2.43602
5.762500 -0.039736 -0.091989 2.315
5.768750 -0.041379 -0.091132 2.20235
5.775000 -0.043018 -0.090214 2.09712
5.781250 -0.044651 -0.089235 1.99849
5.787500 -0.046279 -0.088196 1.90576
5.793750 -0.047901 -0.087100 1.81833
5.800000 -0.049517 -0.085946 1.73568
5.806250 -0.051128 -0.084737 1.65736
5.812500 -0.052732 -0.083474 1.58299
5.818750 -0.054330 -0.082158 1.51222
5.825000 -0.055921 -0.080791 1.44474
5.831250 -0.057506 -0.079374 1.38029
5.837500 -0.059083 -0.077909 1.31863
5.843750 -0.060654 -0.076397 1.25956
5.850000 -0.062217 -0.074839 1.20288
5.856250 -0.063773 -0.073239 1.14843
5.862500 -0.065321 -0.071596 1.09607
5.868750 -0.066861 -0.069913 1.04564
5.875000 -0.068394 -0.068192 0.997045
5.881250 -0.069918 -0.066433 0.950159
5.887500 -0.071434 -0.064640 0.904885
5.893750 -0.072942 -0.062813 0.861133
5.900000 -0.074442 -0.060954 0.818819
5.906250 -0.075932 -0.059065 0.777866
5.912500 -0.077414 -0.057147 0.738205
5.918750 -0.078887 -0.055203 0.699771
5.925000 -0.080351 -0.053233 0.662505
5.931250 -0.081806 -0.051239 0.626352
5.937500 -0.083251 -0.049223 0.591262
5.943750 -0.084687 -0.047187 0.557188
5.950000 -0.086113 -0.045131 0.524086
5.956250 -0.087530 -0.043058 0.491918
5.962500 -0.088937 -0.040968 0.460646
5.968750 -0.090334 -0.038865 0.430235
5.975000 -0.091721 -0.036748 0.400652
5.981250 -0.093098 -0.034620 0.371868
5.987500 -0.094465 -0.032482 0.343854
5.993750 -0.095821 -0.030335 0.316583
6.000000 -0.097167 -0.028182 0.290032
6.006250 -0.098500 -0.026022 0.264183
6.012500 -0.099813 -0.023858 0.239026
6.018750 -0.101103 -0.021691 0.214544
6.025000 -0.102363 -0.019522 0.190716
6.031250 -0.103590 -0.017353 0.167518
6.037500 -0.104778 -0.015185 0.144925
6.043750 -0.105925 -0.013019 0.122908
6.050000 -0.107026 -0.010856 0.101437
6.056250 -0.108078 -0.008699 0.0804841
6.062500 -0.109079 -0.006547 0.0600173
6.068750 -0.110024 -0.004402 0.0400064
6.075000 -0.110911 -0.002265 0.020421
6.081250 -0.111738 -0.000138 0.00123075
6.087500 -0.112503 0.001979 -0.0175941
6.093750 -0.113204 0.004085 -0.0360831
6.100000 -0.113839 0.006177 -0.0542652
6.106250 -0.114406 0.008257 -0.0721686
6.112500 -0.114905 0.010321 -0.0898212
6.118750 -0.115333 0.012370 -0.10725
6.125000 -0.115690 0.014401 -0.124483
6.131250 -0.115976 0.016416 -0.141545
6.137500 -0.116188 0.018412 -0.158463
6.143750 -0.116328 0.020388 -0.175263
6.150000 -0.116393 0.022344 -0.191969
6.156250 -0.116385 0.024279 -0.208607
6.162500 -0.116303 0.026192 -0.225202
6.168750 -0.116147 0.028082 -0.241778
6.175000 -0.115918 0.029949 -0.258361
6.181250 -0.115614 0.031791 -0.274976
6.187500 -0.115237 0.033609 -0.291647
6.193750 -0.114788 0.035401 -0.308402
6.200000 -0.114266 0.037166 -0.325264
6.206250 -0.113672 0.038905 -0.342261
6.212500 -0.113007 0.040617 -0.359421
6.218750 -0.112272 0.042301 -0.37677
6.225000 -0.111468 0.043956 -0.394337
6.231250 -0.110595 0.045582 -0.412153
6.237500 -0.109655 0.047179 -0.430248
6.243750 -0.108648 0.048745 -0.448655
6.250000 -0.107576 0.050282 -0.467406
6.256250 -0.106440 0.051787 -0.486539
6.262500 -0.105242 0.053262 -0.50609
6.268750 -0.103981 0.054704 -0.526098
6.275000 -0.102661 0.056115 -0.546607
6.281250 -0.101281 0.057493 -0.567661
6.287500 -0.099844 0.058839 -0.589308
6.293750 -0.098351 0.060152 -0.611601
6.300000 -0.096804 0.061431 -0.634596
6.306250 -0.095203 0.062677 -0.658352
6.312500 -0.093550 0.063889 -0.682936
6.318750 -0.091848 0.065067 -0.70842
6.325000 -0.090097 0.066211 -0.734881
6.331250 -0.088299 0.067320 -0.762406
6.337500 -0.086456 0.068394 -0.791088
6.343750 -0.084569 0.069434 -0.821033
6.350000 -0.082640 0.070438 -0.852355
6.356250 -0.080670 0.071408 -0.885183
6.362500 -0.078662 0.072342 -0.91966
6.368750 -0.076616 0.073240 -0.955945
6.375000 -0.074534 0.074104 -0.994221
6.381250 -0.072419 0.074931 -1.03469
6.387500 -0.070271 0.075723 -1.07758
6.393750 -0.068093 0.076479 -1.12316
6.400000 -0.065886 0.077199 -1.17172
6.406250 -0.063651 0.077884 -1.22361
6.412500 -0.061390 0.078532 -1.27924
6.418750 -0.059105 0.079145 -1.33906
6.425000 -0.056798 0.079722 -1.40362
6.431250 -0.054469 0.080263 -1.47356
6.437500 -0.052121 0.080768 -1.54963
6.443750 -0.049755 0.081238 -1.63274
6.450000 -0.047373 0.081671 -1.724
6.456250 -0.044976 0.082069 -1.82472
6.462500 -0.042566 0.082431 -1.93654
6.468750 -0.040144 0.082758 -2.06151
6.475000 -0.037712 0.083049 -2.20218
6.481250 -0.035272 0.083305 -2.36182
6.487500 -0.032824 0.083526 -2.54469
6.493750 -0.030370 0.083711 -2.75641
6.500000 -0.027911 0.083862 -3.00458
6.506250 -0.025450 0.083977 -3.29972
6.512500 -0.022987 0.084058 -3.65681
6.518750 -0.020523 0.084105 -4.09799
6.525000 -0.018061 0.084117 -4.65736
6.531250 -0.015601 0.084096 -5.39032
6.537500 -0.013145 0.084040 -6.39335
6.543750 -0.010694 0.083951 -7.85064
6.550000 -0.008248 0.083828 -10.1632
6.556250 -0.005810 0.083673 -14.4006
6.562500 -0.003381 0.083484 -24.6916
6.568750 -0.000962 0.083263 -86.596
6.575000 0.001447 0.083010 57.3608
6.581250 0.003844 0.082725 21.5215
6.587500 0.006227 0.082408 13.2332
6.593750 0.008597 0.082059 9.54546
6.600000 0.010951 0.081680 7.45883
6.606250 0.013289 0.081270 6.11576
6.612500 0.015609 0.080830 5.17833
6.618750 0.017912 0.080359 4.48646
6.625000 0.020195 0.079859 3.95448
6.631250 0.022458 0.079330 3.53242
6.637500 0.024700 0.078772 3.18919
6.643750 0.026920 0.078185 2.90438
6.650000 0.029117 0.077571 2.66409
6.656250 0.031291 0.076928 2.45849
6.662500 0.033440 0.076259 2.28044
6.668750 0.035565 0.075562 2.12465
6.675000 0.037663 0.074839 1.98708
6.681250 0.039735 0.074090 1.86463
6.687500 0.041779 0.073316 1.75485
6.693750 0.043796 0.072517 1.6558
6.700000 0.045783 0.071692 1.56591
6.706250 0.047742 0.070844 1.4839
6.712500 0.049670 0.069972 1.40872
6.718750 0.051568 0.069076 1.33951
6.725000 0.053435 0.068158 1.27551
6.731250 0.055271 0.067217 1.21613
6.737500 0.057074 0.066253 1.16083
6.743750 0.058845 0.065269 1.10917
6.750000 0.060583 0.064263 1.06075
6.756250 0.062287 0.063236 1.01524
6.762500 0.063957 0.062189 0.972354
6.768750 0.065593 0.061122 0.931834
6.775000 0.067194 0.060035 0.893458
6.781250 0.068760 0.058929 0.857026
6.787500 0.070291 0.057805 0.822367
6.793750 0.071786 0.056662 0.789323
6.800000 0.073245 0.055502 0.757758
6.806250 0.074667 0.054324 0.727548
6.812500 0.076053 0.053129 0.698583
6.818750 0.077402 0.051918 0.670762
6.825000 0.078714 0.050692 0.643996
6.831250 0.079989 0.049449 0.618203
6.837500 0.081226 0.048192 0.593309
6.843750 0.082426 0.046921 0.569247
6.850000 0.083588 0.045635 0.545957
6.856250 0.084712 0.044337 0.52338
6.862500 0.085798 0.043025 0.501465
6.868750 0.086846 0.041700 0.480166
6.875000 0.087856 0.040364 0.459437
6.881250 0.088827 0.039016 0.439237
6.887500 0.089760 0.037657 0.419529
6.893750 0.090655 0.036287 0.400278
6.900000 0.091512 0.034907 0.381448
6.906250 0.092330 0.033517 0.363011
6.912500 0.093109 0.032117 0.344935
6.918750 0.093851 0.030707 0.327193
6.925000 0.094554 0.029289 0.309759
6.931250 0.095219 0.027862 0.292607
6.937500 0.095845 0.026426 0.275714
6.943750 0.096434 0.024982 0.259056
6.950000 0.096985 0.023530 0.242611
6.956250 0.097497 0.022069 0.226358
6.962500 0.097972 0.020601 0.210277
6.968750 0.098410 0.019126 0.194347
6.975000 0.098810 0.017642 0.17855
6.981250 0.099172 0.016152 0.162867
6.987500 0.099497 0.014654 0.14728
6.993750 0.099786 0.013149 0.131771
7.000000 0.100037 0.011637 0.116323
7.006250 0.100252 0.010117 0.100919
7.012500 0.100430 0.008591 0.0855422
7.018750 0.100572 0.007058 0.0701774
7.025000 0.100679 0.005518 0.0548084
7.031250 0.100749 0.003971 0.0394197
7.037500 0.100784 0.002418 0.0239958
7.043750 0.100784 0.000859 0.00852153
7.050000 0.100749 -0.000707 -0.00701876
7.056250 0.100679 -0.002279 -0.0226409
7.062500 0.100574 -0.003858 -0.0383611
7.068750 0.100436 -0.005443 -0.0541964
7.075000 0.100263 -0.007035 -0.0701642
7.081250 0.100057 -0.008633 -0.0862827
7.087500 0.099818 -0.010238 -0.10257
7.093750 0.099546 -0.011850 -0.119045
7.100000 0.099241 -0.013470 -0.135726
7.106250 0.098904 -0.015096 -0.15263
7.112500 0.098534 -0.016728 -0.169772
7.118750 0.098134 -0.018367 -0.187168
7.125000 0.097701 -0.020012 -0.20483
7.131250 0.097238 -0.021662 -0.222769
7.137500 0.096745 -0.023315 -0.240998
7.143750 0.096221 -0.024972 -0.259525
7.150000 0.095667 -0.026630 -0.27836
7.156250 0.095083 -0.028289 -0.297513
7.162500 0.094471 -0.029947 -0.316992
7.168750 0.093830 -0.031603 -0.336809
7.175000 0.093160 -0.033256 -0.356974
7.181250 0.092462 -0.034904 -0.3775
7.187500 0.091736 -0.036548 -0.398402
7.193750 0.090984 -0.038185 -0.419696
7.200000 0.090204 -0.039816 -0.4414
7.206250 0.089398 -0.041439 -0.463537
7.212500 0.088566 -0.043054 -0.48613
7.218750 0.087708 -0.044661 -0.509205
7.225000 0.086825 -0.046260 -0.532793
7.231250 0.085916 -0.047849 -0.556924
7.237500 0.084984 -0.049430 -0.581635
7.243750 0.084027 -0.051001 -0.606962
7.250000 0.083047 -0.052564 -0.632945
7.256250 0.082043 -0.054118 -0.659629
7.262500 0.081016 -0.055663 -0.687059
7.268750 0.079967 -0.057199 -0.715283
7.275000 0.078896 -0.058727 -0.744354
7.281250 0.077803 -0.060245 -0.774325
7.287500 0.076689 -0.061754 -0.805252
7.293750 0.075554 -0.063254 -0.837195
7.300000 0.074399 -0.064743 -0.870216
7.306250 0.073224 -0.066222 -0.90438
7.312500 0.072029 -0.067689 -0.939756
7.318750 0.070814 -0.069144 -0.976416
7.325000 0.069582 -0.070586 -1.01444
7.331250 0.068330 -0.072013 -1.05389
7.337500 0.067061 -0.073424 -1.09488
7.343750 0.065774 -0.074817 -1.13748
7.350000 0.064470 -0.076190 -1.18179
7.356250 0.063150 -0.077542 -1.22792
7.362500 0.061813 -0.078872 -1.27598
7.368750 0.060460 -0.080175 -1.3261
7.375000 0.059091 -0.081451 -1.3784
7.381250 0.057708 -0.082698 -1.43305
7.387500 0.056309 -0.083912 -1.49021
7.393750 0.054897 -0.085092 -1.55005
7.400000 0.053470 -0.086236 -1.61279
7.406250 0.052030 -0.087340 -1.67865
7.412500 0.050577 -0.088403 -1.7479
7.418750 0.049111 -0.089422 -1.82082
7.425000 0.047633 -0.090395 -1.89776
7.431250 0.046142 -0.091320 -1.9791
7.437500 0.044641 -0.092195 -2.06527
7.443750 0.043128 -0.093017 -2.15679
7.450000 0.041604 -0.093785 -2.25424
7.456250 0.040070 -0.094497 -2.35832
7.462500 0.038526 -0.095151 -2.46983
7.468750 0.036972 -0.095746 -2.58971
7.475000 0.035409 -0.096280 -2.71911
7.481250 0.033837 -0.096751 -2.85938
7.487500 0.032256 -0.097159 -3.01214
7.493750 0.030667 -0.097503 -3.17939
7.500000 0.029070 -0.097781 -3.36357
7.506250 0.027466 -0.097992 -3.56771
7.512500 0.025855 -0.098137 -3.79562
7.518750 0.024237 -0.098214 -4.05217
7.525000 0.022613 -0.098223 -4.34364
7.531250 0.020983 -0.098163 -4.67833
7.537500 0.019346 -0.098036 -5.06737
7.543750 0.017705 -0.097840 -5.5261
7.550000 0.016059 -0.097576 -6.07623
7.556250 0.014407 -0.097243 -6.74952
7.562500 0.012752 -0.096843 -7.59439
7.568750 0.011092 -0.096376 -8.68844
7.575000 0.009429 -0.095842 -10.1643
7.581250 0.007763 -0.095241 -12.2692
7.587500 0.006093 -0.094575 -15.5221
7.593750 0.004421 -0.093845 -21.2292
7.600000 0.002746 -0.093051 -33.889
7.606250 0.001069 -0.092193 -86.2569
7.612500 -0.000610 -0.091274 149.652
7.618750 -0.002290 -0.090294 39.4273
7.625000 -0.003972 -0.089255 22.4733
7.631250 -0.005654 -0.088157 15.592
7.637500 -0.007337 -0.087001 11.858
7.643750 -0.009020 -0.085790 9.5108
7.650000 -0.010704 -0.084523 7.89676
7.656250 -0.012387 -0.083204 6.71723
7.662500 -0.014069 -0.081833 5.81644
7.668750 -0.015751 -0.080412 5.10516
7.675000 -0.017432 -0.078942 4.52861
7.681250 -0.019111 -0.077425 4.05127
7.687500 -0.020789 -0.075862 3.64914
7.693750 -0.022465 -0.074256 3.3054
7.700000 -0.024139 -0.072607 3.00789
7.706250 -0.025810 -0.070918 2.74765
7.712500 -0.027479 -0.069189 2.51789
7.718750 -0.029145 -0.067424 2.31339
7.725000 -0.030808 -0.065623 2.13006
7.731250 -0.032468 -0.063788 1.96467
7.737500 -0.034124 -0.061921 1.8146
7.743750 -0.035776 -0.060023 1.67775
7.750000 -0.037424 -0.058096 1.55238
7.756250 -0.039068 -0.056142 1.43704
7.762500 -0.040707 -0.054162 1.33053
7.768750 -0.042342 -0.052158 1.23184
7.775000 -0.043972 -0.050132 1.1401
7.781250 -0.045596 -0.048085 1.05458
7.787500 -0.047216 -0.046018 0.974642
7.793750 -0.048829 -0.043934 0.899749
7.800000 -0.050437 -0.041834 0.829423
7.806250 -0.052040 -0.039719 0.763249
7.812500 -0.053636 -0.037591 0.700865
7.818750 -0.055225 -0.035452 0.641949
7.825000 -0.056808 -0.033302 0.58622
7.831250 -0.058385 -0.031144 0.533425
7.837500 -0.059955 -0.028979 0.483341
7.843750 -0.061517 -0.026807 0.435768
7.850000 -0.063073 -0.024632 0.390527
7.856250 -0.064621 -0.022453 0.347455
7.862500 -0.066161 -0.020272 0.306408
7.868750 -0.067694 -0.018092 0.267254
7.875000 -0.069219 -0.015912 0.229872
7.881250 -0.070736 -0.013734 0.194155
7.887500 -0.072245 -0.011559 0.160004
7.893750 -0.073746 -0.009390 0.127327
7.900000 -0.075238 -0.007226 0.0960429
7.906250 -0.076721 -0.005069 0.0660752
7.912500 -0.078196 -0.002921 0.0373542
7.918750 -0.079662 -0.000782 0.00981559
7.925000 -0.081119 0.001347 -0.0165998
7.931250 -0.082566 0.003463 -0.0419466
7.937500 -0.084005 0.005567 -0.0662758
7.943750 -0.085434 0.007658 -0.0896342
7.950000 -0.086854 0.009733 -0.112066
7.956250 -0.088264 0.011793 -0.133611
7.962500 -0.089664 0.013836 -0.154308
7.968750 -0.091054 0.015861 -0.174192
7.975000 -0.092435 0.017867 -0.193296
7.981250 -0.093805 0.019854 -0.211652
7.987500 -0.095166 0.021820 -0.229289
7.993750 -0.096516 0.023766 -0.246234
8.000000 -0.097856 0.025688 -0.262514
8.006250 -0.099182 0.027588 -0.27816
8.012500 -0.100489 0.029465 -0.293214
8.018750 -0.101772 0.031317 -0.307714
8.025000 -0.103027 0.033144 -0.3217
8.031250 -0.104247 0.034945 -0.335212
8.037500 -0.105430 0.036720 -0.348285
8.043750 -0.106571 0.038467 -0.360957
8.050000 -0.107666 0.040188 -0.373263
8.056250 -0.108712 0.041880 -0.385235
8.062500 -0.109707 0.043543 -0.396906
8.068750 -0.110646 0.045178 -0.408306
8.075000 -0.111528 0.046782 -0.419465
8.081250 -0.112350 0.048356 -0.430411
8.087500 -0.113109 0.049900 -0.441169
8.093750 -0.113804 0.051413 -0.451766
8.100000 -0.114434 0.052894 -0.462225
8.106250 -0.114996 0.054344 -0.472571
8.112500 -0.115489 0.055761 -0.482825
8.118750 -0.115912 0.057146 -0.493009
8.125000 -0.116264 0.058497 -0.503144
8.131250 -0.116544 0.059816 -0.513249
8.137500 -0.116751 0.061101 -0.523344
8.143750 -0.116885 0.062352 -0.533448
8.150000 -0.116946 0.063570 -0.54358
8.156250 -0.116933 0.064753 -0.553758
8.162500 -0.116846 0.065901 -0.564
8.168750 -0.116685 0.067015 -0.574324
8.175000 -0.116450 0.068094 -0.584747
8.181250 -0.116142 0.069138 -0.595288
8.187500 -0.115760 0.070146 -0.605963
8.193750 -0.115306 0.071120 -0.616793
8.200000 -0.114779 0.072058 -0.627794
8.206250 -0.114180 0.072960 -0.638986
8.212500 -0.113511 0.073826 -0.650388
8.218750 -0.112771 0.074657 -0.66202
8.225000 -0.111963 0.075452 -0.673902
8.231250 -0.111085 0.076211 -0.686057
8.237500 -0.110140 0.076934 -0.698505
8.243750 -0.109129 0.077621 -0.711271
8.250000 -0.108053 0.078271 -0.724379
8.256250 -0.106913 0.078886 -0.737856
8.262500 -0.105710 0.079465 -0.751728
8.268750 -0.104445 0.080008 -0.766026
8.275000 -0.103120 0.080514 -0.78078
8.281250 -0.101737 0.080985 -0.796025
8.287500 -0.100295 0.081419 -0.811796
8.293750 -0.098798 0.081818 -0.828133
8.300000 -0.097246 0.082181 -0.845078
8.306250 -0.095642 0.082508 -0.862678
8.312500 -0.093985 0.082799 -0.880981
8.318750 -0.092279 0.083055 -0.900044
8.325000 -0.090524 0.083275 -0.919925
8.331250 -0.088722 0.083460 -0.940692
8.337500 -0.086875 0.083610 -0.962416
8.343750 -0.084984 0.083724 -0.985179
8.350000 -0.083051 0.083804 -1.00907
8.356250 -0.081078 0.083849 -1.03419
8.362500 -0.079065 0.083860 -1.06064
8.368750 -0.077016 0.083836 -1.08856
8.375000 -0.074931 0.083778 -1.11808
8.381250 -0.072812 0.083687 -1.14936
8.387500 -0.070660 0.083562 -1.18258
8.393750 -0.068478 0.083403 -1.21795
8.400000 -0.066267 0.083212 -1.2557
8.406250 -0.064029 0.082987 -1.29609
8.412500 -0.061765 0.082731 -1.33945
8.418750 -0.059476 0.082442 -1.38612
8.425000 -0.057165 0.082121 -1.43655
8.431250 -0.054834 0.081768 -1.49121
8.437500 -0.052482 0.081385 -1.55071
8.443750 -0.050113 0.080970 -1.61576
8.450000 -0.047728 0.080526 -1.68719
8.456250 -0.045327 0.080051 -1.76605
8.462500 -0.042914 0.079546 -1.8536
8.468750 -0.040489 0.079012 -1.95143
8.475000 -0.038054 0.078449 -2.06152
8.481250 -0.035610 0.077857 -2.18639
8.487500 -0.033159 0.077238 -2.32933
8.493750 -0.030702 0.076590 -2.49466
8.500000 -0.028240 0.075916 -2.68821
8.506250 -0.025776 0.075215 -2.91803
8.512500 -0.023310 0.074487 -3.19553
8.518750 -0.020843 0.073733 -3.5375
8.525000 -0.018378 0.072955 -3.96965
8.531250 -0.015915 0.072151 -4.53345
8.537500 -0.013456 0.071322 -5.30043
8.543750 -0.011002 0.070470 -6.40539
8.550000 -0.008554 0.069594 -8.13626
8.556250 -0.006113 0.068695 -11.2378
8.562500 -0.003681 0.067772 -18.4129
8.568750 -0.001258 0.066828 -53.1077
8.575000 0.001153 0.065861 57.1174
8.581250 0.003552 0.064873 18.2614
8.587500 0.005939 0.063864 10.7539
8.593750 0.008311 0.062834 7.5606
8.600000 0.010668 0.061784 5.7918
8.606250 0.013008 0.060714 4.66744
8.612500 0.015331 0.059625 3.88911
8.618750 0.017636 0.058516 3.31797
8.625000 0.019922 0.057389 2.88071
8.631250 0.022187 0.056244 2.53495
8.637500 0.024432 0.055081 2.25447
8.643750 0.026655 0.053901 2.02221
8.650000 0.028854 0.052704 1.82656
8.656250 0.031031 0.051491 1.65937
8.662500 0.033182 0.050263 1.51474
8.668750 0.035309 0.049019 1.38828
8.675000 0.037410 0.047760 1.27667
8.681250 0.039484 0.046487 1.17737
8.687500 0.041531 0.045201 1.08837
8.693750 0.043550 0.043901 1.00807
8.700000 0.045540 0.042588 0.935191
8.706250 0.047500 0.041263 0.868694
8.712500 0.049431 0.039926 0.807719
8.718750 0.051331 0.038578 0.751552
8.725000 0.053201 0.037219 0.699598
8.731250 0.055038 0.035849 0.651354
8.737500 0.056844 0.034470 0.60639
8.743750 0.058617 0.033080 0.564342
8.750000 0.060357 0.031681 0.524894
8.756250 0.062063 0.030273 0.487772
8.762500 0.063735 0.028855 0.45274
8.768750 0.065373 0.027430 0.419588
8.775000 0.066976 0.025996 0.388134
8.781250 0.068545 0.024554 0.358216
8.787500 0.070077 0.023104 0.329689
8.793750 0.071574 0.021646 0.302427
8.800000 0.073035 0.020181 0.276314
8.806250 0.074460 0.018708 0.251249
8.812500 0.075847 0.017228 0.227139
8.818750 0.077198 0.015741 0.203901
8.825000 0.078512 0.014247 0.181459
8.831250 0.079789 0.012746 0.159747
8.837500 0.081028 0.011239 0.138702
8.843750 0.082230 0.009725 0.118267
8.850000 0.083394 0.008205 0.0983906
8.856250 0.084520 0.006679 0.0790237
8.862500 0.085607 0.005147 0.060121
8.868750 0.086657 0.003608 0.0416395
8.875000 0.087669 0.002064 0.0235384
8.881250 0.088642 0.000512 0.00577886
8.887500 0.089577 -0.001046 -0.0116762
8.893750 0.090473 -0.002611 -0.0288619
8.900000 0.091332 -0.004184 -0.0458113
8.906250 0.092151 -0.005765 -0.0625552
8.912500 0.092933 -0.007353 -0.0791223
8.918750 0.093676 -0.008950 -0.095539
8.925000 0.094381 -0.010555 -0.111829
8.931250 0.095047 -0.012167 -0.128015
8.937500 0.095675 -0.013788 -0.144115
8.943750 0.096266 -0.015417 -0.160146
8.950000 0.096818 -0.017052 -0.176124
8.956250 0.097332 -0.018694 -0.19206
8.962500 0.097809 -0.020341 -0.207966
8.968750 0.098247 -0.021993 -0.223851
8.975000 0.098649 -0.023648 -0.239723
8.981250 0.099013 -0.025307 -0.25559
8.987500 0.099340 -0.026967 -0.271458
8.993750 0.099629 -0.028627 -0.287333
9.000000 0.099882 -0.030286 -0.30322
9.006250 0.100099 -0.031944 -0.319126
9.012500 0.100278 -0.033599 -0.335057
9.018750 0.100422 -0.035250 -0.351019
9.025000 0.100530 -0.036896 -0.367018
9.031250 0.100602 -0.038537 -0.383063
9.037500 0.100638 -0.040171 -0.399162
9.043750 0.100639 -0.041798 -0.415324
9.050000 0.100605 -0.043417 -0.431559
9.056250 0.100537 -0.045028 -0.447879
9.062500 0.100434 -0.046631 -0.464295
9.068750 0.100296 -0.048225 -0.480821
9.075000 0.100125 -0.049809 -0.497468
9.081250 0.099921 -0.051384 -0.514252
9.087500 0.099683 -0.052950 -0.531186
9.093750 0.099412 -0.054506 -0.548287
9.100000 0.099108 -0.056052 -0.565568
9.106250 0.098772 -0.057589 -0.583045
9.112500 0.098404 -0.059115 -0.600733
9.118750 0.098005 -0.060630 -0.618647
9.125000 0.097574 -0.062135 -0.636802
9.131250 0.097112 -0.063629 -0.65521
9.137500 0.096619 -0.065110 -0.673887
9.143750 0.096097 -0.066580 -0.692844
9.150000 0.095544 -0.068036 -0.712093
9.156250 0.094962 -0.069478 -0.731645
9.162500 0.094350 -0.070905 -0.751511
9.168750 0.093710 -0.072316 -0.771699
9.175000 0.093041 -0.073709 -0.792218
9.181250 0.092345 -0.075083 -0.813074
9.187500 0.091620 -0.076437 -0.834276
9.193750 0.090869 -0.077768 -0.855827
9.200000 0.090090 -0.079075 -0.877732
9.206250 0.089285 -0.080356 -0.899997
9.212500 0.088454 -0.081610 -0.922624
9.218750 0.087597 -0.082833 -0.945617
9.225000 0.086715 -0.084025 -0.968978
9.231250 0.085808 -0.085182 -0.992709
9.237500 0.084876 -0.086303 -1.01681
9.243750 0.083921 -0.087386 -1.0413
9.250000 0.082941 -0.088428 -1.06615
9.256250 0.081938 -0.089427 -1.0914
9.262500 0.080913 -0.090382 -1.11703
9.268750 0.079865 -0.091289 -1.14305
9.275000 0.078794 -0.092147 -1.16947
9.281250 0.077703 -0.092955 -1.19629
9.287500 0.076590 -0.093709 -1.22353
9.293750 0.075456 -0.094409 -1.25119
9.300000 0.074301 -0.095053 -1.27929
9.306250 0.073127 -0.095638 -1.30784
9.312500 0.071933 -0.096165 -1.33687
9.318750 0.070720 -0.096630 -1.36638
9.325000 0.069488 -0.097033 -1.39641
9.331250 0.068237 -0.097373 -1.42699
9.337500 0.066969 -0.097649 -1.45813
9.343750 0.065683 -0.097860 -1.48989
9.350000 0.064380 -0.098005 -1.5223
9.356250 0.063060 -0.098084 -1.55541
9.362500 0.061724 -0.098096 -1.58927
9.368750 0.060372 -0.098040 -1.62395
9.375000 0.059004 -0.097918 -1.6595
9.381250 0.057621 -0.097727 -1.69602
9.387500 0.056224 -0.097469 -1.73359
9.393750 0.054812 -0.097144 -1.77231
9.400000 0.053386 -0.096751 -1.81229
9.406250 0.051947 -0.096292 -1.85366
9.412500 0.050495 -0.095766 -1.89656
9.418750 0.049030 -0.095175 -1.94117
9.425000 0.047552 -0.094517 -1.98766
9.431250 0.046063 -0.093796 -2.03626
9.437500 0.044562 -0.093010 -2.08722
9.443750 0.043049 -0.092161 -2.14082
9.450000 0.041526 -0.091250 -2.1974
9.456250 0.039993 -0.090279 -2.25736
9.462500 0.038450 -0.089247 -2.32113
9.468750 0.036896 -0.088156 -2.38928
9.475000 0.035334 -0.087007 -2.46243
9.481250 0.033763 -0.085803 -2.54135
9.487500 0.032183 -0.084543 -2.62697
9.493750 0.030595 -0.083230 -2.7204
9.500000 0.028999 -0.081865 -2.82304
9.506250 0.027395 -0.080449 -2.93658
9.512500 0.025785 -0.078984 -3.06317
9.518750 0.024168 -0.077471 -3.20557
9.525000 0.022544 -0.075912 -3.3673
9.531250 0.020914 -0.074309 -3.55305
9.537500 0.019279 -0.072664 -3.76909
9.543750 0.017638 -0.070977 -4.02407
9.550000 0.015992 -0.069251 -4.33026
9.556250 0.014342 -0.067487 -4.70561
9.562500 0.012687 -0.065687 -5.17752
9.568750 0.011028 -0.063852 -5.79001
9.575000 0.009365 -0.061985 -6.61851
9.581250 0.007699 -0.060087 -7.80406
9.587500 0.006030 -0.058159 -9.64435
9.593750 0.004359 -0.056203 -12.8949
9.600000 0.002684 -0.054222 -20.1993
9.606250 0.001008 -0.052216 -51.8004
9.612500 -0.000670 -0.050188 74.8941
9.618750 -0.002350 -0.048138 20.4863
9.625000 -0.004031 -0.046069 11.4297
9.631250 -0.005712 -0.043982 7.69931
9.637500 -0.007395 -0.041878 5.66318
9.643750 -0.009078 -0.039760 4.38002
9.650000 -0.010760 -0.037628 3.49694
9.656250 -0.012443 -0.035485 2.85182
9.662500 -0.014125 -0.033331 2.35975
9.668750 -0.015806 -0.031169 1.97194
9.675000 -0.017486 -0.028999 1.65837
9.681250 -0.019165 -0.026823 1.39957
9.687500 -0.020843 -0.024643 1.18233
9.693750 -0.022518 -0.022459 0.997396
9.700000 -0.024191 -0.020274 0.83807
9.706250 -0.025862 -0.018088 0.699404
9.712500 -0.027531 -0.015903 0.577654
9.718750 -0.029196 -0.013720 0.469935
9.725000 -0.030859 -0.011541 0.373989
9.731250 -0.032518 -0.009366 0.288025
9.737500 -0.034173 -0.007197 0.2106
9.743750 -0.035825 -0.005035 0.140542
9.750000 -0.037472 -0.002881 0.0768881
9.756250 -0.039116 -0.000737 0.0188384
9.762500 -0.040755 0.001397 -0.0342751
9.768750 -0.042389 0.003519 -0.0830159
9.775000 -0.044018 0.005628 -0.127862
9.781250 -0.045642 0.007724 -0.169223
9.787500 -0.047261 0.009804 -0.20745
9.793750 -0.048875 0.011869 -0.242848
9.800000 -0.050482 0.013917 -0.27568
9.806250 -0.052084 0.015947 -0.306178
9.812500 -0.053680 0.017958 -0.334544
9.818750 -0.055269 0.019950 -0.360959
9.825000 -0.056852 0.021921 -0.385579
9.831250 -0.058428 0.023870 -0.408547
9.837500 -0.059997 0.025798 -0.429986
9.843750 -0.061559 0.027702 -0.450011
9.850000 -0.063114 0.029583 -0.468722
9.856250 -0.064662 0.031439 -0.48621
9.862500 -0.066202 0.033270 -0.502558
9.868750 -0.067735 0.035076 -0.517839
9.875000 -0.069259 0.036854 -0.532121
9.881250 -0.070776 0.038606 -0.545467
9.887500 -0.072284 0.040330 -0.557933
9.893750 -0.073784 0.042025 -0.569569
9.900000 -0.075276 0.043692 -0.580424
9.906250 -0.076759 0.045329 -0.590541
9.912500 -0.078234 0.046937 -0.59996
9.918750 -0.079699 0.048514 -0.608717
9.925000 -0.081156 0.050061 -0.616847
9.931250 -0.082603 0.051576 -0.624382
9.937500 -0.084041 0.053059 -0.63135
9.943750 -0.085470 0.054511 -0.637779
9.950000 -0.086889 0.055930 -0.643694
9.956250 -0.088299 0.057316 -0.649118
9.962500 -0.089699 0.058670 -0.654075
9.968750 -0.091089 0.059990 -0.658583
9.975000 -0.092469 0.061276 -0.662663
9.981250 -0.093839 0.062528 -0.666332
9.987500 -0.095199 0.063746 -0.669608
9.993750 -0.096549 0.064930 -0.672506
10.000000 -0.097888 0.066079 -0.675042
10.006250 -0.099214 0.067193 -0.67725
10.012500 -0.100521 0.068272 -0.679178
10.018750 -0.101804 0.069316 -0.680872
10.025000 -0.103058 0.070324 -0.682373
10.031250 -0.104278 0.071297 -0.683717
10.037500 -0.105461 0.072234 -0.684939
10.043750 -0.106601 0.073136 -0.686067
10.050000 -0.107696 0.074001 -0.687129
10.056250 -0.108742 0.074831 -0.688148
10.062500 -0.109737 0.075625 -0.689147
10.068750 -0.110676 0.076382 -0.690145
10.075000 -0.111557 0.077104 -0.691159
10.081250 -0.112378 0.077789 -0.692204
10.087500 -0.113138 0.078438 -0.693295
10.093750 -0.113833 0.079051 -0.694445
10.100000 -0.114462 0.079627 -0.695665
10.106250 -0.115023 0.080167 -0.696965
10.112500 -0.115516 0.080671 -0.698355
10.118750 -0.115939 0.081139 -0.699843
10.125000 -0.116291 0.081571 -0.701439
10.131250 -0.116570 0.081966 -0.703149
10.137500 -0.116777 0.082326 -0.70498
10.143750 -0.116911 0.082649 -0.706939
10.150000 -0.116972 0.082937 -0.709033
10.156250 -0.116959 0.083189 -0.711267
10.162500 -0.116871 0.083405 -0.713648
10.168750 -0.116710 0.083586 -0.716182
10.175000 -0.116475 0.083731 -0.718875
10.181250 -0.116166 0.083841 -0.721732
10.187500 -0.115785 0.083916 -0.724761
10.193750 -0.115330 0.083956 -0.727966
10.200000 -0.114803 0.083962 -0.731356
10.206250 -0.114204 0.083933 -0.734936
10.212500 -0.113534 0.083869 -0.738714
10.218750 -0.112795 0.083772 -0.742697
10.225000 -0.111986 0.083641 -0.746893
10.231250 -0.111108 0.083477 -0.751311
10.237500 -0.110163 0.083279 -0.75596
10.243750 -0.109152 0.083048 -0.76085
10.250000 -0.108075 0.082785 -0.765991
10.256250 -0.106935 0.082489 -0.771395
10.262500 -0.105731 0.082161 -0.777074
10.268750 -0.104467 0.081802 -0.783041
10.275000 -0.103142 0.081411 -0.789311
10.281250 -0.101758 0.080989 -0.7959
10.287500 -0.100316 0.080536 -0.802826
10.293750 -0.098819 0.080054 -0.810107
10.300000 -0.097267 0.079541 -0.817765
10.306250 -0.095662 0.079000 -0.825822
10.312500 -0.094005 0.078429 -0.834304
10.318750 -0.092299 0.077830 -0.843239
10.325000 -0.090543 0.077203 -0.852658
10.331250 -0.088741 0.076548 -0.862594
10.337500 -0.086894 0.075866 -0.873085
10.343750 -0.085003 0.075157 -0.884174
10.350000 -0.083070 0.074423 -0.895905
10.356250 -0.081096 0.073662 -0.908332
10.362500 -0.079084 0.072877 -0.921512
10.368750 -0.077034 0.072066 -0.93551
10.375000 -0.074949 0.071231 -0.9504
10.381250 -0.072830 0.070373 -0.966263
10.387500 -0.070678 0.069490 -0.983193
10.393750 -0.068496 0.068585 -1.0013
10.400000 -0.066285 0.067657 -1.0207
10.406250 -0.064046 0.066707 -1.04154
10.412500 -0.061782 0.065735 -1.06398
10.418750 -0.059493 0.064741 -1.08821
10.425000 -0.057182 0.063727 -1.11445
10.431250 -0.054850 0.062692 -1.14297
10.437500 -0.052499 0.061637 -1.17406
10.443750 -0.050129 0.060562 -1.20811
10.450000 -0.047744 0.059467 -1.24556
10.456250 -0.045343 0.058354 -1.28694
10.462500 -0.042930 0.057223 -1.33294
10.468750 -0.040505 0.056073 -1.38437
10.475000 -0.038069 0.054906 -1.44227
10.481250 -0.035625 0.053722 -1.50799
10.487500 -0.033174 0.052522 -1.58323
10.493750 -0.030717 0.051305 -1.67027
10.500000 -0.028255 0.050073 -1.77217
10.506250 -0.025790 0.048825 -1.89315
10.512500 -0.023324 0.047563 -2.03922
10.518750 -0.020858 0.046287 -2.21919
10.525000 -0.018392 0.044998 -2.44654
10.531250 -0.015929 0.043695 -2.74304
10.537500 -0.013470 0.042379 -3.14622
10.543750 -0.011016 0.041052 -3.72673
10.550000 -0.008567 0.039713 -4.63539
10.556250 -0.006126 0.038362 -6.26176
10.562500 -0.003694 0.037001 -10.016
10.568750 -0.001272 0.035629 -28.0178
10.575000 0.001140 0.034247 30.0433
10.581250 0.003539 0.032855 9.28261
10.587500 0.005926 0.031454 5.30799
10.593750 0.008298 0.030044 3.62064
10.600000 0.010655 0.028625 2.68656
10.606250 0.012995 0.027197 2.09284
10.612500 0.015319 0.025762 1.6817
10.618750 0.017624 0.024318 1.37982
10.625000 0.019910 0.022866 1.14849
10.631250 0.022175 0.021407 0.965352
10.637500 0.024420 0.019941 0.816581
10.643750 0.026643 0.018468 0.693173
10.650000 0.028843 0.016989 0.589011
10.656250 0.031019 0.015503 0.499793
10.662500 0.033171 0.014012 0.422404
10.668750 0.035298 0.012514 0.354533
10.675000 0.037399 0.011011 0.294426
10.681250 0.039473 0.009502 0.240731
10.687500 0.041520 0.007988 0.192384
10.693750 0.043539 0.006467 0.148538
10.700000 0.045529 0.004940 0.10851
10.706250 0.047490 0.003407 0.0717418
10.712500 0.049421 0.001867 0.0377742
10.718750 0.051321 0.000319 0.00622454
10.725000 0.053190 -0.001235 -0.0232276
10.731250 0.055028 -0.002798 -0.0508525
10.737500 0.056834 -0.004369 -0.0768791
10.743750 0.058607 -0.005949 -0.101503
10.750000 0.060347 -0.007537 -0.12489
10.756250 0.062053 -0.009133 -0.147184
10.762500 0.063725 -0.010738 -0.168508
10.768750 0.065364 -0.012352 -0.188967
10.775000 0.066967 -0.013973 -0.208654
10.781250 0.068535 -0.015602 -0.227646
10.787500 0.070068 -0.017238 -0.246013
10.793750 0.071565 -0.018880 -0.263814
10.800000 0.073026 -0.020528 -0.2811
10.806250 0.074450 -0.022180 -0.297917
10.812500 0.075838 -0.023836 -0.314304
10.818750 0.077190 -0.025495 -0.330295
10.825000 0.078504 -0.027156 -0.345922
10.831250 0.079780 -0.028818 -0.361212
10.837500 0.081020 -0.030479 -0.37619
10.843750 0.082221 -0.032138 -0.390877
10.850000 0.083385 -0.033796 -0.405296
10.856250 0.084511 -0.035450 -0.419465
10.862500 0.085599 -0.037099 -0.433403
10.868750 0.086649 -0.038743 -0.447128
10.875000 0.087661 -0.040381 -0.460656
10.881250 0.088634 -0.042013 -0.474003
10.887500 0.089569 -0.043637 -0.487186
10.893750 0.090465 -0.045253 -0.50022
10.900000 0.091324 -0.046860 -0.51312
10.906250 0.092144 -0.048458 -0.525902
10.912500 0.092925 -0.050048 -0.53858
10.918750 0.093668 -0.051627 -0.551168
10.925000 0.094373 -0.053196 -0.563681
10.931250 0.095040 -0.054755 -0.576131
10.937500 0.095668 -0.056304 -0.58853
10.943750 0.096258 -0.057841 -0.600892
10.950000 0.096811 -0.059367 -0.613227
10.956250 0.097325 -0.060881 -0.625545
10.962500 0.097802 -0.062383 -0.637855
10.968750 0.098240 -0.063873 -0.650167
10.975000 0.098642 -0.065349 -0.662486
10.981250 0.099006 -0.066811 -0.674819
10.987500 0.099333 -0.068259 -0.687171
10.993750 0.099623 -0.069690 -0.699545
11.000000 0.099876 -0.071106 -0.711943
11.006250 0.100092 -0.072503 -0.724367
11.012500 0.100272 -0.073882 -0.736816
11.018750 0.100416 -0.075240 -0.74929
11.025000 0.100523 -0.076577 -0.761784
11.031250 0.100595 -0.077891 -0.774297
11.037500 0.100632 -0.079179 -0.786822
11.043750 0.100633 -0.080441 -0.799355
11.050000 0.100599 -0.081675 -0.811888
11.056250 0.100531 -0.082879 -0.824415
11.062500 0.100428 -0.084050 -0.836925
11.068750 0.100290 -0.085188 -0.849412
11.075000 0.100119 -0.086289 -0.861864
11.081250 0.099915 -0.087353 -0.874272
11.087500 0.099677 -0.088376 -0.886625
11.093750 0.099406 -0.089357 -0.898912
11.100000 0.099102 -0.090294 -0.911122
11.106250 0.098766 -0.091185 -0.923243
11.112500 0.098399 -0.092029 -0.935262
11.118750 0.097999 -0.092822 -0.94717
11.125000 0.097568 -0.093563 -0.958953
11.131250 0.097106 -0.094251 -0.9706
11.137500 0.096614 -0.094885 -0.982099
11.143750 0.096091 -0.095461 -0.99344
11.150000 0.095539 -0.095979 -1.00461
11.156250 0.094956 -0.096438 -1.0156
11.162500 0.094345 -0.096836 -1.0264
11.168750 0.093705 -0.097172 -1.037
11.175000 0.093036 -0.097445 -1.04739
11.181250 0.092340 -0.097655 -1.05756
11.187500 0.091615 -0.097800 -1.0675
11.193750 0.090864 -0.097880 -1.07721
11.200000 0.090085 -0.097894 -1.08668
11.206250 0.089280 -0.097842 -1.09589
11.212500 0.088449 -0.097723 -1.10485
11.218750 0.087592 -0.097538 -1.11354
11.225000 0.086710 -0.097286 -1.12196
11.231250 0.085803 -0.096967 -1.13011
11.237500 0.084872 -0.096582 -1.13797
11.243750 0.083916 -0.096130 -1.14555
11.250000 0.082937 -0.095612 -1.15283
11.256250 0.081934 -0.095028 -1.15981
11.262500 0.080908 -0.094379 -1.1665
11.268750 0.079860 -0.093666 -1.17287
11.275000 0.078790 -0.092889 -1.17894
11.281250 0.077698 -0.092049 -1.18469
11.287500 0.076585 -0.091146 -1.19013
11.293750 0.075451 -0.090183 -1.19524
11.300000 0.074297 -0.089159 -1.20004
11.306250 0.073123 -0.088077 -1.20451
11.312500 0.071929 -0.086936 -1.20864
11.318750 0.070716 -0.085739 -1.21245
11.325000 0.069484 -0.084487 -1.21593
11.331250 0.068233 -0.083181 -1.21907
11.337500 0.066965 -0.081822 -1.22187
11.343750 0.065679 -0.080413 -1.22433
11.350000 0.064376 -0.078953 -1.22644
11.356250 0.063056 -0.077446 -1.22821
11.362500 0.061720 -0.075892 -1.22962
11.368750 0.060368 -0.074294 -1.23068
11.375000 0.059000 -0.072652 -1.23138
11.381250 0.057618 -0.070969 -1.23172
11.387500 0.056220 -0.069246 -1.23168
11.393750 0.054809 -0.067484 -1.23127
11.400000 0.053383 -0.065686 -1.23047
11.406250 0.051944 -0.063853 -1.22927
11.412500 0.050491 -0.061987 -1.22767
11.418750 0.049026 -0.060089 -1.22566
11.425000 0.047549 -0.058162 -1.2232
11.431250 0.046059 -0.056206 -1.2203
11.437500 0.044558 -0.054224 -1.21693
11.443750 0.043046 -0.052218 -1.21306
11.450000 0.041523 -0.050188 -1.20867
11.456250 0.039990 -0.048137 -1.20372
11.462500 0.038446 -0.046066 -1.19817
11.468750 0.036893 -0.043976 -1.19198
11.475000 0.035331 -0.041870 -1.18509
11.481250 0.033760 -0.039749 -1.17742
11.487500 0.032180 -0.037615 -1.16889
11.493750 0.030592 -0.035468 -1.15941
11.500000 0.028996 -0.033311 -1.14883
11.506250 0.027392 -0.031145 -1.137
11.512500 0.025782 -0.028972 -1.12371
11.518750 0.024165 -0.026792 -1.10872
11.525000 0.022541 -0.024607 -1.09167
11.531250 0.020911 -0.022420 -1.07213
11.537500 0.019276 -0.020230 -1.04949
11.543750 0.017635 -0.018040 -1.02294
11.550000 0.015990 -0.015850 -0.991295
11.556250 0.014339 -0.013663 -0.952842
11.562500 0.012684 -0.011479 -0.904958
11.568750 0.011025 -0.009299 -0.843428
11.575000 0.009363 -0.007125 -0.761025
11.581250 0.007697 -0.004959 -0.644236
11.587500 0.006028 -0.002800 -0.464526
11.593750 0.004356 -0.000651 -0.149444
11.600000 0.002682 0.001488 0.554669
11.606250 0.001006 0.003614 3.59444
11.612500 -0.000673 0.005728 -8.51723
11.618750 -0.002352 0.007829 -3.32822
11.625000 -0.004033 0.009914 -2.45818
11.631250 -0.005715 0.011983 -2.09689
11.637500 -0.007397 0.014036 -1.89745
11.643750 -0.009080 0.016070 -1.76989
11.650000 -0.010763 0.018086 -1.68046
11.656250 -0.012445 0.020082 -1.61365
11.662500 -0.014127 0.022058 -1.56136
11.668750 -0.015808 0.024012 -1.51891
11.675000 -0.017489 0.025943 -1.48345
11.681250 -0.019167 0.027852 -1.45309
11.687500 -0.020845 0.029737 -1.42659
11.693750 -0.022520 0.031597 -1.40306
11.700000 -0.024193 0.033432 -1.38187
11.706250 -0.025864 0.035241 -1.36254
11.712500 -0.027533 0.037024 -1.34471
11.718750 -0.029198 0.038779 -1.32812
11.725000 -0.030861 0.040506 -1.31255
11.731250 -0.032520 0.042205 -1.29783
11.737500 -0.034175 0.043875 -1.28382
11.743750 -0.035827 0.045515 -1.27042
11.750000 -0.037474 0.047126 -1.25754
11.756250 -0.039118 0.048705 -1.2451
11.762500 -0.040757 0.050254 -1.23303
11.768750 -0.042391 0.051772 -1.2213
11.775000 -0.044020 0.053257 -1.20984
11.781250 -0.045644 0.054711 -1.19863
11.787500 -0.047263 0.056132 -1.18764
11.793750 -0.048877 0.057520 -1.17684
11.800000 -0.050484 0.058874 -1.16619
11.806250 -0.052086 0.060195 -1.15569
11.812500 -0.053681 0.061482 -1.14532
11.818750 -0.055271 0.062735 -1.13506
11.825000 -0.056853 0.063954 -1.12489
11.831250 -0.058429 0.065138 -1.11481
11.837500 -0.059999 0.066287 -1.10481
11.843750 -0.061561 0.067401 -1.09487
11.850000 -0.063116 0.068480 -1.08499
11.856250 -0.064664 0.069524 -1.07516
11.862500 -0.066204 0.070531 -1.06537
11.868750 -0.067736 0.071504 -1.05562
11.875000 -0.069261 0.072440 -1.0459
11.881250 -0.070777 0.073340 -1.03621
11.887500 -0.072286 0.074205 -1.02655
11.893750 -0.073786 0.075033 -1.0169
11.900000 -0.075278 0.075825 -1.00727
11.906250 -0.076761 0.076581 -0.997655
11.912500 -0.078235 0.077300 -0.98805
11.918750 -0.079701 0.077983 -0.978453
11.925000 -0.081157 0.078630 -0.968861
11.931250 -0.082604 0.079240 -0.959272
11.937500 -0.084043 0.079814 -0.949685
11.943750 -0.085471 0.080351 -0.940097
11.950000 -0.086891 0.080852 -0.930507
11.956250 -0.088300 0.081317 -0.920914
11.962500 -0.089700 0.081745 -0.911316
11.968750 -0.091090 0.082137 -0.901712
11.975000 -0.092470 0.082493 -0.892101
11.981250 -0.093841 0.082813 -0.882482
11.987500 -0.095201 0.083096 -0.872855
11.993750 -0.096550 0.083344 -0.863218
12.000000 -0.097890 0.083556 -0.853573
12.006250 -0.099216 0.083732 -0.843942
12.012500 -0.100523 0.083873 -0.834368
12.018750 -0.101805 0.083978 -0.824888
12.025000 -0.103059 0.084048 -0.815532
12.031250 -0.104280 0.084083 -0.806324
12.037500 -0.105462 0.084083 -0.797286
12.043750 -0.106603 0.084049 -0.788432
12.050000 -0.107698 0.083980 -0.779775
12.056250 -0.108744 0.083877 -0.771326
12.062500 -0.109738 0.083740 -0.76309
12.068750 -0.110677 0.083569 -0.755072
12.075000 -0.111558 0.083365 -0.747275
12.081250 -0.112380 0.083127 -0.7397
12.087500 -0.113139 0.082857 -0.732348
12.093750 -0.113834 0.082554 -0.725216
12.100000 -0.114463 0.082219 -0.718303
12.106250 -0.115024 0.081852 -0.711606
12.112500 -0.115517 0.081454 -0.705122
12.118750 -0.115940 0.081024 -0.698847
12.125000 -0.116292 0.080564 -0.692777
12.131250 -0.116571 0.080074 -0.686908
12.137500 -0.116778 0.079554 -0.681235
12.143750 -0.116912 0.079004 -0.675755
12.150000 -0.116973 0.078426 -0.670461
12.156250 -0.116960 0.077819 -0.665349
12.162500 -0.116872 0.077184 -0.660414
12.168750 -0.116711 0.076522 -0.655652
12.175000 -0.116476 0.075833 -0.651058
12.181250 -0.116167 0.075117 -0.646626
12.187500 -0.115785 0.074375 -0.642352
12.193750 -0.115331 0.073608 -0.63823
12.200000 -0.114804 0.072815 -0.634257
12.206250 -0.114205 0.071998 -0.630426
12.212500 -0.113535 0.071156 -0.626734
12.218750 -0.112796 0.070291 -0.623175
12.225000 -0.111986 0.069403 -0.619743
12.231250 -0.111109 0.068491 -0.616435
12.237500 -0.110164 0.067558 -0.613246
12.243750 -0.109153 0.066602 -0.610169
12.250000 -0.108076 0.065624 -0.607202
12.256250 -0.106936 0.064625 -0.604337
12.262500 -0.105732 0.063606 -0.601571
12.268750 -0.104467 0.062565 -0.598899
12.275000 -0.103142 0.061505 -0.596315
12.281250 -0.101758 0.060426 -0.593816
12.287500 -0.100317 0.059327 -0.591395
12.293750 -0.098820 0.058210 -0.589048
12.300000 -0.097268 0.057074 -0.58677
12.306250 -0.095663 0.055920 -0.584557
12.312500 -0.094006 0.054749 -0.582402
12.318750 -0.092299 0.053561 -0.580302
12.325000 -0.090544 0.052357 -0.578251
12.331250 -0.088742 0.051137 -0.576244
12.337500 -0.086895 0.049902 -0.574276
12.343750 -0.085004 0.048651 -0.572341
12.350000 -0.083071 0.047386 -0.570433
12.356250 -0.081097 0.046107 -0.568546
12.362500 -0.079084 0.044815 -0.566673
12.368750 -0.077035 0.043510 -0.564806
12.375000 -0.074950 0.042192 -0.562937
12.381250 -0.072830 0.040862 -0.561055
12.387500 -0.070679 0.039520 -0.55915
12.393750 -0.068497 0.038167 -0.557208
12.400000 -0.066285 0.036803 -0.555215
12.406250 -0.064047 0.035428 -0.553156
12.412500 -0.061783 0.034043 -0.55101
12.418750 -0.059494 0.032648 -0.548756
12.425000 -0.057183 0.031243 -0.54637
12.431250 -0.054851 0.029829 -0.543823
12.437500 -0.052499 0.028406 -0.541082
12.443750 -0.050130 0.026975 -0.53811
12.450000 -0.047744 0.025536 -0.534858
12.456250 -0.045344 0.024090 -0.531273
12.462500 -0.042931 0.022637 -0.527284
12.468750 -0.040505 0.021176 -0.522806
12.475000 -0.038070 0.019710 -0.517731
12.481250 -0.035626 0.018238 -0.51192
12.487500 -0.033174 0.016759 -0.505191
12.493750 -0.030717 0.015276 -0.497302
12.500000 -0.028256 0.013787 -0.487924
12.506250 -0.025791 0.012292 -0.476602
12.512500 -0.023325 0.010792 -0.462683
12.518750 -0.020858 0.009286 -0.445209
12.525000 -0.018393 0.007775 -0.422706
12.531250 -0.015930 0.006257 -0.392795
12.537500 -0.013470 0.004733 -0.35137
12.543750 -0.011016 0.003202 -0.290695
12.550000 -0.008568 0.001664 -0.194259
12.556250 -0.006127 0.000119 -0.0194159
12.562500 -0.003695 -0.001434 0.388198
12.568750 -0.001272 -0.002996 2.35472
12.575000 0.001139 -0.004565 -4.00662
12.581250 0.003539 -0.006143 -1.73594
12.587500 0.005925 -0.007730 -1.30459
12.593750 0.008298 -0.009326 -1.1239
12.600000 0.010654 -0.010929 -1.02581
12.606250 0.012995 -0.012542 -0.965105
12.612500 0.015318 -0.014162 -0.924491
12.618750 0.017623 -0.015789 -0.89593
12.625000 0.019909 -0.017424 -0.875171
12.631250 0.022175 -0.019065 -0.859754
12.637500 0.024420 -0.020712 -0.848157
12.643750 0.026642 -0.022363 -0.839384
12.650000 0.028842 -0.024019 -0.832755
12.656250 0.031019 -0.025677 -0.827792
12.662500 0.033171 -0.027337 -0.824147
12.668750 0.035297 -0.028999 -0.821561
12.675000 0.037398 -0.030660 -0.819837
12.681250 0.039472 -0.032321 -0.818823
12.687500 0.041519 -0.033980 -0.818402
12.693750 0.043538 -0.035635 -0.818479
12.700000 0.045528 -0.037287 -0.818978
12.706250 0.047489 -0.038934 -0.819841
12.712500 0.049420 -0.040575 -0.821018
12.718750 0.051321 -0.042210 -0.82247
12.725000 0.053190 -0.043837 -0.824166
12.731250 0.055028 -0.045457 -0.826078
12.737500 0.056833 -0.047069 -0.828186
12.743750 0.058606 -0.048671 -0.830472
12.750000 0.060346 -0.050264 -0.832923
12.756250 0.062053 -0.051847 -0.835526
12.762500 0.063725 -0.053419 -0.838272
12.768750 0.065363 -0.054980 -0.841153
12.775000 0.066967 -0.056530 -0.84416
12.781250 0.068535 -0.058069 -0.847289
12.787500 0.070068 -0.059595 -0.850532
12.793750 0.071565 -0.061108 -0.853885
12.800000 0.073026 -0.062608 -0.857341
12.806250 0.074450 -0.064094 -0.860895
12.812500 0.075838 -0.065565 -0.864541
12.818750 0.077189 -0.067021 -0.868273
12.825000 0.078503 -0.068461 -0.872083
12.831250 0.079780 -0.069885 -0.875965
12.837500 0.081019 -0.071290 -0.879909
12.843750 0.082221 -0.072676 -0.883909
12.850000 0.083385 -0.074042 -0.887955
12.856250 0.084511 -0.075387 -0.892036
12.862500 0.085599 -0.076709 -0.896143
12.868750 0.086649 -0.078007 -0.900265
12.875000 0.087660 -0.079279 -0.90439
12.881250 0.088634 -0.080524 -0.908507
12.887500 0.089569 -0.081741 -0.912603
12.893750 0.090465 -0.082926 -0.916666
12.900000 0.091323 -0.084080 -0.920682
12.906250 0.092143 -0.085199 -0.924638
12.912500 0.092925 -0.086283 -0.928521
12.918750 0.093668 -0.087328 -0.932316
12.925000 0.094373 -0.088334 -0.936011
12.931250 0.095039 -0.089298 -0.939591
12.937500 0.095668 -0.090219 -0.943043
12.943750 0.096258 -0.091094 -0.946353
12.950000 0.096810 -0.091922 -0.949507
12.956250 0.097325 -0.092701 -0.952494
12.962500 0.097801 -0.093429 -0.955299
12.968750 0.098240 -0.094105 -0.957912
12.975000 0.098642 -0.094727 -0.960319
12.981250 0.099006 -0.095294 -0.96251
12.987500 0.099333 -0.095804 -0.964473
12.993750 0.099622 -0.096255 -0.966198
13.000000 0.099875 -0.096647 -0.967674
13.006250 0.100092 -0.096978 -0.968893
13.012500 0.100272 -0.097248 -0.969844
13.018750 0.100415 -0.097455 -0.97052
13.025000 0.100523 -0.097599 -0.97091
13.031250 0.100595 -0.097679 -0.971008
13.037500 0.100632 -0.097694 -0.970806
13.043750 0.100633 -0.097644 -0.970297
13.050000 0.100599 -0.097528 -0.969472
13.056250 0.100530 -0.097346 -0.968327
13.062500 0.100427 -0.097099 -0.966855
13.068750 0.100290 -0.096785 -0.96505
13.075000 0.100119 -0.096405 -0.962906
13.081250 0.099915 -0.095960 -0.960419
13.087500 0.099677 -0.095449 -0.957582
13.093750 0.099406 -0.094872 -0.954393
13.100000 0.099102 -0.094231 -0.950845
13.106250 0.098766 -0.093525 -0.946935
13.112500 0.098398 -0.092756 -0.942658
13.118750 0.097999 -0.091924 -0.938011
13.125000 0.097568 -0.091030 -0.932989
13.131250 0.097106 -0.090075 -0.927589
13.137500 0.096614 -0.089059 -0.921807
13.143750 0.096091 -0.087985 -0.915639
13.150000 0.095538 -0.086852 -0.909082
13.156250 0.094956 -0.085663 -0.902131
13.162500 0.094345 -0.084418 -0.894783
13.168750 0.093705 -0.083119 -0.887033
13.175000 0.093036 -0.081767 -0.878878
13.181250 0.092340 -0.080364 -0.870312
13.187500 0.091615 -0.078911 -0.861332
13.193750 0.090864 -0.077410 -0.851931
13.200000 0.090085 -0.075861 -0.842104
13.206250 0.089280 -0.074267 -0.831846
13.212500 0.088449 -0.072630 -0.82115
13.218750 0.087592 -0.070951 -0.810009
13.225000 0.086710 -0.069231 -0.798415
13.231250 0.085803 -0.067472 -0.78636
13.237500 0.084872 -0.065677 -0.773835
13.243750 0.083916 -0.063846 -0.76083
13.250000 0.082936 -0.061981 -0.747333
13.256250 0.081934 -0.060085 -0.733332
13.262500 0.080908 -0.058158 -0.718815
13.268750 0.079860 -0.056203 -0.703766
13.275000 0.078790 -0.054221 -0.688169
13.281250 0.077698 -0.052214 -0.672007
13.287500 0.076585 -0.050183 -0.655259
13.293750 0.075451 -0.048131 -0.637905
13.300000 0.074297 -0.046058 -0.619921
13.306250 0.073123 -0.043967 -0.60128
13.312500 0.071929 -0.041859 -0.581953
13.318750 0.070715 -0.039736 -0.56191
13.325000 0.069483 -0.037599 -0.541115
13.331250 0.068233 -0.035449 -0.51953
13.337500 0.066965 -0.033289 -0.497112
13.343750 0.065679 -0.031120 -0.473815
13.350000 0.064376 -0.028943 -0.449586
13.356250 0.063056 -0.026759 -0.42437
13.362500 0.061720 -0.024571 -0.398101
13.368750 0.060368 -0.022379 -0.370711
13.375000 0.059000 -0.020185 -0.34212
13.381250 0.057618 -0.017991 -0.312242
13.387500 0.056220 -0.015797 -0.28098
13.393750 0.054808 -0.013605 -0.248225
13.400000 0.053383 -0.011416 -0.213854
13.406250 0.051944 -0.009232 -0.17773
13.412500 0.050491 -0.007054 -0.139699
13.418750 0.049026 -0.004882 -0.0995829
13.425000 0.047549 -0.002719 -0.0571832
13.431250 0.046059 -0.000565 -0.0122712
13.437500 0.044558 0.001578 0.035415
13.443750 0.043046 0.003710 0.0861769
13.450000 0.041523 0.005828 0.140364
13.456250 0.039990 0.007933 0.198382
13.462500 0.038446 0.010023 0.260707
13.468750 0.036893 0.012097 0.327899
13.475000 0.035331 0.014154 0.400623
13.481250 0.033760 0.016194 0.479672
13.487500 0.032180 0.018214 0.566005
13.493750 0.030592 0.020214 0.660783
13.500000 0.028996 0.022194 0.765434
13.506250 0.027392 0.024153 0.881732
13.512500 0.025782 0.026089 1.0119
13.518750 0.024165 0.028002 1.15879
13.525000 0.022541 0.029891 1.32606
13.531250 0.020911 0.031755 1.51856
13.537500 0.019276 0.033594 1.7428
13.543750 0.017635 0.035407 2.00775
13.550000 0.015989 0.037193 2.32612
13.556250 0.014339 0.038952 2.71653
13.562500 0.012684 0.040683 3.2074
13.568750 0.011025 0.042385 3.84439
13.575000 0.009363 0.044059 4.70576
13.581250 0.007697 0.045702 5.93786
13.587500 0.006028 0.047315 7.84964
13.593750 0.004356 0.048898 11.2255
13.600000 0.002682 0.050449 18.812
13.606250 0.001005 0.051969 51.687
13.612500 -0.000673 0.053457 -79.4714
13.618750 -0.002352 0.054913 -23.3443
13.625000 -0.004033 0.056335 -13.9681
13.631250 -0.005715 0.057725 -10.1008
13.637500 -0.007397 0.059081 -7.98684
13.643750 -0.009080 0.060403 -6.65233
13.650000 -0.010763 0.061691 -5.73192
13.656250 -0.012445 0.062945 -5.05775
13.662500 -0.014127 0.064164 -4.54187
13.668750 -0.015809 0.065349 -4.13376
13.675000 -0.017489 0.066498 -3.80234
13.681250 -0.019168 0.067612 -3.52743
13.687500 -0.020845 0.068691 -3.29534
13.693750 -0.022520 0.069734 -3.0965
13.700000 -0.024194 0.070741 -2.92397
13.706250 -0.025864 0.071713 -2.77263
13.712500 -0.027533 0.072648 -2.63859
13.718750 -0.029198 0.073547 -2.51889
13.725000 -0.030861 0.074410 -2.41116
13.731250 -0.032520 0.075237 -2.31358
13.737500 -0.034175 0.076027 -2.22463
13.743750 -0.035827 0.076781 -2.14311
13.750000 -0.037474 0.077498 -2.06803
13.756250 -0.039118 0.078179 -1.99855
13.762500 -0.040757 0.078823 -1.93399
13.768750 -0.042391 0.079431 -1.87376
13.775000 -0.044020 0.080001 -1.81738
13.781250 -0.045644 0.080536 -1.76442
13.787500 -0.047263 0.081034 -1.71452
13.793750 -0.048877 0.081495 -1.66736
13.800000 -0.050484 0.081920 -1.62268
13.806250 -0.052086 0.082308 -1.58024
13.812500 -0.053681 0.082660 -1.53983
13.818750 -0.055271 0.082976 -1.50126
13.825000 -0.056853 0.083255 -1.46439
13.831250 -0.058430 0.083499 -1.42905
13.837500 -0.059999 0.083706 -1.39514
13.843750 -0.061561 0.083878 -1.36252
13.850000 -0.063116 0.084014 -1.33111
13.856250 -0.064664 0.084115 -1.3008
13.862500 -0.066204 0.084180 -1.27152
13.868750 -0.067736 0.084210 -1.2432
13.875000 -0.069261 0.084205 -1.21576
13.881250 -0.070777 0.084165 -1.18914
13.887500 -0.072286 0.084090 -1.1633
13.893750 -0.073786 0.083981 -1.13817
13.900000 -0.075278 0.083838 -1.11371
13.906250 -0.076761 0.083660 -1.08989
13.912500 -0.078235 0.083450 -1.06665
13.918750 -0.079701 0.083206 -1.04398
13.925000 -0.081157 0.082928 -1.02183
13.931250 -0.082604 0.082618 -1.00017
13.937500 -0.084043 0.082276 -0.978983
13.943750 -0.085471 0.081902 -0.95824
13.950000 -0.086891 0.081496 -0.937918
13.956250 -0.088300 0.081059 -0.917996
13.962500 -0.089700 0.080592 -0.898456
13.968750 -0.091090 0.080094 -0.879278
13.975000 -0.092470 0.079566 -0.860447
13.981250 -0.093841 0.079009 -0.841947
13.987500 -0.095201 0.078423 -0.823765
13.993750 -0.096550 0.077809 -0.805885
14.000000 -0.097890 0.077166 -0.788299
14.006250 -0.099216 0.076497 -0.771014
14.012500 -0.100523 0.075800 -0.75406
14.018750 -0.101805 0.075077 -0.737456
14.025000 -0.103059 0.074328 -0.721217
14.031250 -0.104280 0.073554 -0.705351
14.037500 -0.105462 0.072754 -0.689864
14.043750 -0.106603 0.071931 -0.674754
14.050000 -0.107698 0.071083 -0.660021
14.056250 -0.108744 0.070211 -0.645657
14.062500 -0.109738 0.069316 -0.631655
14.068750 -0.110677 0.068399 -0.618007
14.075000 -0.111558 0.067459 -0.6047
14.081250 -0.112380 0.066498 -0.591723
14.087500 -0.113139 0.065514 -0.579063
14.093750 -0.113834 0.064510 -0.566705
14.100000 -0.114463 0.063485 -0.554637
14.106250 -0.115025 0.062440 -0.542844
14.112500 -0.115517 0.061375 -0.53131
14.118750 -0.115940 0.060291 -0.520021
14.125000 -0.116292 0.059188 -0.508962
14.131250 -0.116571 0.058066 -0.498118
14.137500 -0.116779 0.056927 -0.487475
14.143750 -0.116912 0.055769 -0.477017
14.150000 -0.116973 0.054595 -0.466731
14.156250 -0.116960 0.053404 -0.456602
14.162500 -0.116872 0.052197 -0.446614
14.168750 -0.116711 0.050974 -0.436754
14.175000 -0.116476 0.049736 -0.427007
14.181250 -0.116167 0.048483 -0.417357
14.187500 -0.115786 0.047216 -0.40779
14.193750 -0.115331 0.045935 -0.39829
14.200000 -0.114804 0.044641 -0.388842
14.206250 -0.114205 0.043333 -0.379429
14.212500 -0.113535 0.042012 -0.370036
14.218750 -0.112796 0.040679 -0.360645
14.225000 -0.111986 0.039334 -0.351239
14.231250 -0.111109 0.037977 -0.341802
14.237500 -0.110164 0.036609 -0.332316
14.243750 -0.109153 0.035230 -0.322762
14.250000 -0.108076 0.033841 -0.313121
14.256250 -0.106936 0.032442 -0.303376
14.262500 -0.105732 0.031033 -0.293506
14.268750 -0.104467 0.029615 -0.28349
14.275000 -0.103142 0.028189 -0.273306
14.281250 -0.101758 0.026755 -0.262931
14.287500 -0.100317 0.025314 -0.252341
14.293750 -0.098820 0.023866 -0.241509
14.300000 -0.097268 0.022411 -0.230406
14.306250 -0.095663 0.020950 -0.219
14.312500 -0.094006 0.019483 -0.207257
14.318750 -0.092299 0.018011 -0.195137
14.325000 -0.090544 0.016533 -0.182599
14.331250 -0.088742 0.015050 -0.169596
14.337500 -0.086895 0.013562 -0.156075
14.343750 -0.085004 0.012069 -0.141977
14.350000 -0.083071 0.010570 -0.127237
14.356250 -0.081097 0.009065 -0.111782
14.362500 -0.079084 0.007555 -0.0955285
14.368750 -0.077035 0.006038 -0.078385
14.375000 -0.074950 0.004515 -0.060247
14.381250 -0.072830 0.002986 -0.040997
14.387500 -0.070679 0.001449 -0.0205018
14.393750 -0.068497 -0.000095 0.00138962
14.400000 -0.066285 -0.001647 0.0248498
14.406250 -0.064047 -0.003207 0.0500759
14.412500 -0.061783 -0.004775 0.0772951
14.418750 -0.059494 -0.006352 0.10677
14.425000 -0.057183 -0.007937 0.138806
14.431250 -0.054851 -0.009531 0.173761
14.437500 -0.052499 -0.011133 0.212058
14.443750 -0.050130 -0.012743 0.2542
14.450000 -0.047744 -0.014361 0.30079
14.456250 -0.045344 -0.015986 0.352559
14.462500 -0.042931 -0.017619 0.410403
14.468750 -0.040505 -0.019258 0.475433
14.475000 -0.038070 -0.020902 0.549042
14.481250 -0.035626 -0.022551 0.633006
14.487500 -0.033174 -0.024205 0.729623
14.493750 -0.030717 -0.025862 0.841923
14.500000 -0.028256 -0.027521 0.973985
14.506250 -0.025791 -0.029181 1.13144
14.512500 -0.023325 -0.030842 1.32227
14.518750 -0.020858 -0.032502 1.55823
14.525000 -0.018393 -0.034161 1.85728
14.531250 -0.015930 -0.035817 2.24841
14.537500 -0.013471 -0.037470 2.78161
14.543750 -0.011016 -0.039118 3.551
14.550000 -0.008568 -0.040761 4.75749
14.556250 -0.006127 -0.042398 6.91999
14.562500 -0.003695 -0.044028 11.9168
14.568750 -0.001272 -0.045651 35.8844
14.575000 0.001139 -0.047265 -41.4826
14.581250 0.003539 -0.048871 -13.8094
14.587500 0.005925 -0.050466 -8.51707
14.593750 0.008297 -0.052052 -6.2732
14.600000 0.010654 -0.053626 -5.03327
14.606250 0.012995 -0.055190 -4.247
14.612500 0.015318 -0.056741 -3.70413
14.618750 0.017623 -0.058280 -3.30697
14.625000 0.019909 -0.059806 -3.00393
14.631250 0.022175 -0.061318 -2.7652
14.637500 0.024420 -0.062816 -2.57236
14.643750 0.026642 -0.064299 -2.41341
14.650000 0.028842 -0.065766 -2.2802
14.656250 0.031019 -0.067217 -2.16698
14.662500 0.033171 -0.068650 -2.06962
14.668750 0.035297 -0.070066 -1.98502
14.675000 0.037398 -0.071462 -1.91085
14.681250 0.039472 -0.072839 -1.8453
14.687500 0.041519 -0.074194 -1.78697
14.693750 0.043538 -0.075527 -1.73472
14.700000 0.045528 -0.076836 -1.68765
14.706250 0.047489 -0.078120 -1.64501
14.712500 0.049420 -0.079378 -1.60619
14.718750 0.051321 -0.080608 -1.57068
14.725000 0.053190 -0.081809 -1.53806
14.731250 0.055028 -0.082979 -1.50795
14.737500 0.056833 -0.084116 -1.48005
14.743750 0.058606 -0.085219 -1.45409
14.750000 0.060346 -0.086285 -1.42984
14.756250 0.062053 -0.087314 -1.4071
14.762500 0.063725 -0.088304 -1.3857
14.768750 0.065363 -0.089252 -1.36547
14.775000 0.066966 -0.090156 -1.34629
14.781250 0.068535 -0.091016 -1.32803
14.787500 0.070068 -0.091830 -1.31059
14.793750 0.071565 -0.092595 -1.29387
14.800000 0.073025 -0.093310 -1.27778
14.806250 0.074450 -0.093974 -1.26225
14.812500 0.075838 -0.094585 -1.2472
14.818750 0.077189 -0.095142 -1.23258
14.825000 0.078503 -0.095642 -1.21832
14.831250 0.079780 -0.096086 -1.20438
14.837500 0.081019 -0.096471 -1.19072
14.843750 0.082221 -0.096797 -1.17728
14.850000 0.083385 -0.097062 -1.16402
14.856250 0.084511 -0.097266 -1.15093
14.862500 0.085599 -0.097407 -1.13795
14.868750 0.086649 -0.097486 -1.12507
14.875000 0.087660 -0.097500 -1.11225
14.881250 0.088634 -0.097451 -1.09948
14.887500 0.089569 -0.097337 -1.08673
14.893750 0.090465 -0.097158 -1.07398
14.900000 0.091323 -0.096913 -1.06121
14.906250 0.092143 -0.096603 -1.0484
14.912500 0.092925 -0.096228 -1.03555
14.918750 0.093668 -0.095788 -1.02263
14.925000 0.094373 -0.095283 -1.00964
14.931250 0.095039 -0.094712 -0.996559
14.937500 0.095668 -0.094078 -0.983379
14.943750 0.096258 -0.093379 -0.970092
14.950000 0.096810 -0.092617 -0.956688
14.956250 0.097325 -0.091793 -0.943159
14.962500 0.097801 -0.090906 -0.9295
14.968750 0.098240 -0.089959 -0.915702
14.975000 0.098642 -0.088951 -0.90176
14.981250 0.099006 -0.087884 -0.88767
14.987500 0.099333 -0.086760 -0.873425
14.993750 0.099622 -0.085578 -0.859022
15.000000 0.099875 -0.084340 -0.844456
15.006250 0.100092 -0.083049 -0.829724
15.012500 0.100272 -0.081704 -0.814822
15.018750 0.100415 -0.080307 -0.799748
15.025000 0.100523 -0.078860 -0.784497
15.031250 0.100595 -0.077364 -0.769068
15.037500 0.100632 -0.075821 -0.753457
15.043750 0.100633 -0.074233 -0.737661
15.050000 0.100599 -0.072600 -0.721679
15.056250 0.100530 -0.070925 -0.705508
15.062500 0.100427 -0.069209 -0.689144
15.068750 0.100290 -0.067454 -0.672586
15.075000 0.100119 -0.065661 -0.65583
15.081250 0.099915 -0.063833 -0.638874
15.087500 0.099677 -0.061970 -0.621714
15.093750 0.099406 -0.060076 -0.604347
15.100000 0.099102 -0.058150 -0.58677
15.106250 0.098766 -0.056196 -0.568977
15.112500 0.098398 -0.054214 -0.550966
15.118750 0.097999 -0.052207 -0.532731
15.125000 0.097568 -0.050176 -0.514268
15.131250 0.097106 -0.048123 -0.49557
15.137500 0.096614 -0.046049 -0.476633
15.143750 0.096091 -0.043957 -0.457449
15.150000 0.095538 -0.041847 -0.438012
15.156250 0.094956 -0.039722 -0.418314
15.162500 0.094345 -0.037582 -0.398347
15.168750 0.093705 -0.035430 -0.378102
15.175000 0.093036 -0.033267 -0.357569
15.181250 0.092340 -0.031094 -0.33674
15.187500 0.091615 -0.028914 -0.315602
15.193750 0.090864 -0.026727 -0.294144
15.200000 0.090085 -0.024535 -0.272353
15.206250 0.089280 -0.022339 -0.250216
15.212500 0.088449 -0.020141 -0.227718
15.218750 0.087592 -0.017943 -0.204845
15.225000 0.086710 -0.015745 -0.181578
15.231250 0.085803 -0.013548 -0.157901
15.237500 0.084872 -0.011355 -0.133793
15.243750 0.083916 -0.009167 -0.109235
15.250000 0.082936 -0.006984 -0.0842046
15.256250 0.081934 -0.004808 -0.0586774
15.262500 0.080908 -0.002640 -0.0326279
15.268750 0.079860 -0.000481 -0.0060286
15.275000 0.078790 0.001666 0.0211504
15.281250 0.077698 0.003803 0.0489414
15.287500 0.076585 0.005926 0.0773791
15.293750 0.075451 0.008036 0.106501
15.300000 0.074297 0.010130 0.136349
15.306250 0.073123 0.012209 0.166966
15.312500 0.071929 0.014271 0.198401
15.318750 0.070715 0.016314 0.230706
15.325000 0.069483 0.018339 0.263939
15.331250 0.068233 0.020344 0.298162
15.337500 0.066965 0.022329 0.333443
15.343750 0.065679 0.024292 0.369857
15.350000 0.064376 0.026232 0.407486
15.356250 0.063056 0.028150 0.446421
15.362500 0.061720 0.030043 0.486761
15.368750 0.060368 0.031911 0.528617
15.375000 0.059000 0.033755 0.572109
15.381250 0.057618 0.035572 0.617373
15.387500 0.056220 0.037362 0.66456
15.393750 0.054808 0.039124 0.713838
15.400000 0.053383 0.040859 0.765395
15.406250 0.051944 0.042565 0.819442
15.412500 0.050491 0.044241 0.876217
15.418750 0.049026 0.045888 0.93599
15.425000 0.047549 0.047504 0.999066
15.431250 0.046059 0.049090 1.0658
15.437500 0.044558 0.050644 1.13658
15.443750 0.043046 0.052166 1.21187
15.450000 0.041523 0.053656 1.29221
15.456250 0.039990 0.055114 1.3782
15.462500 0.038446 0.056539 1.47059
15.468750 0.036893 0.057930 1.5702
15.475000 0.035331 0.059287 1.67806
15.481250 0.033760 0.060611 1.79538
15.487500 0.032180 0.061900 1.92359
15.493750 0.030592 0.063155 2.06446
15.500000 0.028996 0.064375 2.22016
15.506250 0.027392 0.065560 2.39337
15.512500 0.025782 0.066710 2.58746
15.518750 0.024165 0.067824 2.80673
15.525000 0.022541 0.068902 3.05674
15.531250 0.020911 0.069945 3.34483
15.537500 0.019276 0.070952 3.68083
15.543750 0.017635 0.071922 4.07833
15.550000 0.015989 0.072856 4.55654
15.556250 0.014339 0.073754 5.14365
15.562500 0.012684 0.074616 5.88264
15.568750 0.011025 0.075441 6.84257
15.575000 0.009363 0.076229 8.14185
15.581250 0.007697 0.076981 10.0018
15.587500 0.006028 0.077696 12.8898
15.593750 0.004356 0.078374 17.9925
15.600000 0.002682 0.079016 29.4641
15.606250 0.001005 0.079620 79.1882
15.612500 -0.000673 0.080188 -119.211
15.618750 -0.002352 0.080720 -34.3153
15.625000 -0.004033 0.081214 -20.1367
15.631250 -0.005715 0.081672 -14.2911
15.637500 -0.007397 0.082093 -11.0977
15.643750 -0.009080 0.082478 -9.08346
15.650000 -0.010763 0.082826 -7.6956
15.656250 -0.012445 0.083138 -6.68026
15.662500 -0.014127 0.083413 -5.90439
15.668750 -0.015809 0.083652 -5.2916
15.675000 -0.017489 0.083856 -4.79485
15.681250 -0.019168 0.084023 -4.3836
15.687500 -0.020845 0.084154 -4.03718
15.693750 -0.022520 0.084250 -3.74108
15.700000 -0.024194 0.084310 -3.48482
15.706250 -0.025864 0.084335 -3.26064
15.712500 -0.027533 0.084324 -3.06268
15.718750 -0.029198 0.084279 -2.88643
15.725000 -0.030861 0.084198 -2.72834
15.731250 -0.032520 0.084083 -2.58561
15.737500 -0.034175 0.083934 -2.45599
15.743750 -0.035827 0.083751 -2.33765
15.750000 -0.037474 0.083533 -2.22907
15.756250 -0.039118 0.083282 -2.12902
15.762500 -0.040757 0.082998 -2.03644
15.768750 -0.042391 0.082682 -1.95046
15.775000 -0.044020 0.082332 -1.87033
15.781250 -0.045644 0.081951 -1.79542
15.787500 -0.047263 0.081538 -1.72519
15.793750 -0.048877 0.081094 -1.65915
15.800000 -0.050484 0.080619 -1.59691
15.806250 -0.052086 0.080113 -1.5381
15.812500 -0.053681 0.079578 -1.48242
15.818750 -0.055271 0.079014 -1.42958
15.825000 -0.056853 0.078420 -1.37934
15.831250 -0.058430 0.077798 -1.33149
15.837500 -0.059999 0.077149 -1.28584
15.843750 -0.061561 0.076472 -1.24221
15.850000 -0.063116 0.075768 -1.20046
15.856250 -0.064664 0.075038 -1.16044
15.862500 -0.066204 0.074282 -1.12202
15.868750 -0.067736 0.073501 -1.0851
15.875000 -0.069261 0.072695 -1.04958
15.881250 -0.070777 0.071864 -1.01535
15.887500 -0.072286 0.071010 -0.982343
15.893750 -0.073786 0.070132 -0.950473
15.900000 -0.075278 0.069230 -0.919669
15.906250 -0.076761 0.068307 -0.889867
15.912500 -0.078235 0.067361 -0.861008
15.918750 -0.079701 0.066393 -0.833036
15.925000 -0.081157 0.065405 -0.805901
15.931250 -0.082604 0.064395 -0.779557
15.937500 -0.084043 0.063365 -0.75396
15.943750 -0.085471 0.062315 -0.72907
15.950000 -0.086891 0.061245 -0.704851
15.956250 -0.088300 0.060156 -0.681269
15.962500 -0.089700 0.059049 -0.658293
15.968750 -0.091090 0.057924 -0.635892
15.975000 -0.092470 0.056781 -0.61404
15.981250 -0.093841 0.055620 -0.592711
15.987500 -0.095201 0.054443 -0.57188
15.993750 -0.096550 0.053250 -0.551525
16.000000 -0.097890 0.052041 -0.531625
16.006250 -0.099216 0.050816 -0.512174
16.012500 -0.100523 0.049576 -0.493178
16.018750 -0.101805 0.048321 -0.474636
16.025000 -0.103059 0.047051 -0.456543
16.031250 -0.104280 0.045767 -0.438891
16.037500 -0.105462 0.044470 -0.421668
16.043750 -0.106603 0.043159 -0.40486
16.050000 -0.107698 0.041835 -0.38845
16.056250 -0.108744 0.040498 -0.372421
16.062500 -0.109738 0.039150 -0.356756
16.068750 -0.110677 0.037789 -0.341435
16.075000 -0.111558 0.036417 -0.326439
16.081250 -0.112380 0.035034 -0.311749
16.087500 -0.113139 0.033641 -0.297344
16.093750 -0.113834 0.032238 -0.283205
16.100000 -0.114463 0.030826 -0.269312
16.106250 -0.115025 0.029406 -0.255646
16.112500 -0.115517 0.027977 -0.242187
16.118750 -0.115940 0.026540 -0.228915
16.125000 -0.116292 0.025097 -0.21581
16.131250 -0.116571 0.023647 -0.202852
16.137500 -0.116779 0.022190 -0.190021
16.143750 -0.116912 0.020728 -0.177296
16.150000 -0.116973 0.019260 -0.164656
16.156250 -0.116960 0.017787 -0.15208
16.162500 -0.116872 0.016309 -0.139543
16.168750 -0.116711 0.014825 -0.127025
16.175000 -0.116476 0.013337 -0.114501
16.181250 -0.116167 0.011843 -0.101946
16.187500 -0.115786 0.010344 -0.0893344
16.193750 -0.115331 0.008839 -0.0766402
16.200000 -0.114804 0.007329 -0.0638358
16.206250 -0.114205 0.005812 -0.0508925
16.212500 -0.113535 0.004289 -0.0377807
16.218750 -0.112796 0.002760 -0.0244697
16.225000 -0.111986 0.001224 -0.0109274
16.231250 -0.111109 -0.000320 0.00287918
16.237500 -0.110164 -0.001871 0.0169847
16.243750 -0.109153 -0.003430 0.0314249
16.250000 -0.108076 -0.004997 0.0462372
16.256250 -0.106936 -0.006572 0.0614606
16.262500 -0.105732 -0.008156 0.0771357
16.268750 -0.104467 -0.009747 0.0933053
16.275000 -0.103142 -0.011347 0.110014
16.281250 -0.101758 -0.012955 0.127309
16.287500 -0.100317 -0.014570 0.145241
16.293750 -0.098820 -0.016193 0.163862
16.300000 -0.097268 -0.017822 0.183229
16.306250 -0.095663 -0.019458 0.203403
16.312500 -0.094006 -0.021100 0.22445
16.318750 -0.092299 -0.022746 0.246438
16.325000 -0.090544 -0.024397 0.269447
16.331250 -0.088742 -0.026051 0.293558
16.337500 -0.086895 -0.027708 0.318865
16.343750 -0.085004 -0.029366 0.345469
16.350000 -0.083071 -0.031025 0.373481
16.356250 -0.081097 -0.032684 0.403027
16.362500 -0.079084 -0.034342 0.434245
16.368750 -0.077035 -0.035998 0.467292
16.375000 -0.074950 -0.037650 0.502344
16.381250 -0.072830 -0.039299 0.539599
16.387500 -0.070679 -0.040943 0.579284
16.393750 -0.068497 -0.042581 0.621655
16.400000 -0.066286 -0.044213 0.667007
16.406250 -0.064047 -0.045837 0.715681
16.412500 -0.061783 -0.047453 0.768069
16.418750 -0.059494 -0.049060 0.824628
16.425000 -0.057183 -0.050658 0.885893
16.431250 -0.054851 -0.052245 0.952494
16.437500 -0.052499 -0.053821 1.02518
16.443750 -0.050130 -0.055386 1.10484
16.450000 -0.047744 -0.056938 1.19255
16.456250 -0.045344 -0.058477 1.28962
16.462500 -0.042931 -0.060002 1.39765
16.468750 -0.040505 -0.061513 1.51863
16.475000 -0.038070 -0.063009 1.65507
16.481250 -0.035626 -0.064489 1.81016
16.487500 -0.033174 -0.065952 1.98804
16.493750 -0.030717 -0.067398 2.19415
16.500000 -0.028256 -0.068826 2.43584
16.506250 -0.025791 -0.070235 2.72324
16.512500 -0.023325 -0.071624 3.07072
16.518750 -0.020858 -0.072992 3.49941
16.525000 -0.018393 -0.074338 4.04165
16.531250 -0.015930 -0.075660 4.74958
16.537500 -0.013471 -0.076958 5.7131
16.543750 -0.011016 -0.078231 7.1015
16.550000 -0.008568 -0.079476 9.27609
16.556250 -0.006127 -0.080692 13.1701
16.562500 -0.003695 -0.081879 22.1614
16.568750 -0.001272 -0.083034 65.2695
16.575000 0.001139 -0.084156 -73.86
16.581250 0.003539 -0.085244 -24.0874
16.587500 0.005925 -0.086295 -14.5638
16.593750 0.008297 -0.087309 -10.5223
16.600000 0.010654 -0.088283 -8.28602
16.606250 0.012995 -0.089215 -6.86536
16.612500 0.015318 -0.090105 -5.8822
16.618750 0.017623 -0.090951 -5.16082
16.625000 0.019909 -0.091751 -4.60845
16.631250 0.022175 -0.092502 -4.17149
16.637500 0.024420 -0.093205 -3.81683
16.643750 0.026642 -0.093857 -3.52287
16.650000 0.028842 -0.094457 -3.27496
16.656250 0.031019 -0.095003 -3.06279
16.662500 0.033171 -0.095495 -2.8789
16.668750 0.035297 -0.095930 -2.71777
16.675000 0.037398 -0.096308 -2.5752
16.681250 0.039472 -0.096627 -2.44797
16.687500 0.041519 -0.096887 -2.33355
16.693750 0.043538 -0.097087 -2.22992
16.700000 0.045528 -0.097225 -2.13548
16.706250 0.047489 -0.097301 -2.04891
16.712500 0.049420 -0.097314 -1.96912
16.718750 0.051321 -0.097264 -1.89523
16.725000 0.053190 -0.097151 -1.82649
16.731250 0.055028 -0.096973 -1.76226
16.737500 0.056833 -0.096730 -1.702
16.743750 0.058606 -0.096424 -1.64528
16.750000 0.060346 -0.096052 -1.59168
16.756250 0.062053 -0.095616 -1.54088
16.762500 0.063725 -0.095115 -1.49259
16.768750 0.065363 -0.094550 -1.44654
16.775000 0.066966 -0.093921 -1.40251
16.781250 0.068535 -0.093229 -1.36032
16.787500 0.070068 -0.092474 -1.31978
16.793750 0.071565 -0.091656 -1.28075
16.800000 0.073025 -0.090777 -1.24308
16.806250 0.074450 -0.089836 -1.20667
16.812500 0.075838 -0.088836 -1.17139
16.818750 0.077189 -0.087777 -1.13716
16.825000 0.078503 -0.086659 -1.10389
16.831250 0.079780 -0.085485 -1.07151
16.837500 0.081019 -0.084255 -1.03993
16.843750 0.082221 -0.082970 -1.00911
16.850000 0.083385 -0.081632 -0.978973
16.856250 0.084511 -0.080242 -0.949482
16.862500 0.085599 -0.078801 -0.920584
16.868750 0.086649 -0.077311 -0.892239
16.875000 0.087660 -0.075774 -0.864406
16.881250 0.088634 -0.074191 -0.83705
16.887500 0.089569 -0.072563 -0.810139
16.893750 0.090465 -0.070892 -0.783642
16.900000 0.091323 -0.069181 -0.757533
16.906250 0.092143 -0.067429 -0.731786
16.912500 0.092925 -0.065640 -0.706376
16.918750 0.093668 -0.063814 -0.681283
16.925000 0.094373 -0.061954 -0.656487
16.931250 0.095039 -0.060062 -0.631967
16.937500 0.095668 -0.058138 -0.607707
16.943750 0.096258 -0.056185 -0.58369
16.950000 0.096810 -0.054204 -0.559899
16.956250 0.097325 -0.052197 -0.536322
16.962500 0.097801 -0.050166 -0.512942
16.968750 0.098240 -0.048113 -0.489747
16.975000 0.098642 -0.046038 -0.466724
16.981250 0.099006 -0.043945 -0.443861
16.987500 0.099333 -0.041834 -0.421146
16.993750 0.099622 -0.039706 -0.398568
17.000000 0.099875 -0.037565 -0.376116
17.006250 0.100092 -0.035410 -0.353778
17.012500 0.100272 -0.033245 -0.331545
17.018750 0.100415 -0.031069 -0.309407
17.025000 0.100523 -0.028886 -0.287353
17.031250 0.100595 -0.026695 -0.265374
17.037500 0.100632 -0.024500 -0.24346
17.043750 0.100633 -0.022300 -0.221602
17.050000 0.100599 -0.020099 -0.199791
17.056250 0.100530 -0.017896 -0.178017
17.062500 0.100427 -0.015694 -0.15627
17.068750 0.100290 -0.013493 -0.134543
17.075000 0.100119 -0.011296 -0.112824
17.081250 0.099915 -0.009103 -0.0911064
17.087500 0.099677 -0.006915 -0.069379
17.093750 0.099406 -0.004735 -0.047633
17.100000 0.099102 -0.002563 -0.0258588
17.106250 0.098766 -0.000400 -0.00404654
17.112500 0.098398 0.001753 0.0178136
17.118750 0.097999 0.003894 0.0397318
17.125000 0.097568 0.006022 0.0617184
17.131250 0.097106 0.008136 0.0837841
17.137500 0.096614 0.010235 0.10594
17.143750 0.096091 0.012319 0.128197
17.150000 0.095538 0.014385 0.150567
17.156250 0.094956 0.016433 0.173063
17.162500 0.094345 0.018463 0.195696
17.168750 0.093705 0.020473 0.21848
17.175000 0.093036 0.022462 0.241429
17.181250 0.092340 0.024429 0.264556
17.187500 0.091615 0.026374 0.287878
17.193750 0.090864 0.028296 0.311408
17.200000 0.090085 0.030193 0.335164
17.206250 0.089280 0.032066 0.359164
17.212500 0.088449 0.033913 0.383424
17.218750 0.087592 0.035735 0.407964
17.225000 0.086710 0.037529 0.432805
17.231250 0.085803 0.039295 0.457968
17.237500 0.084872 0.041033 0.483476
17.243750 0.083916 0.042743 0.509352
17.250000 0.082936 0.044423 0.535623
17.256250 0.081934 0.046073 0.562316
17.262500 0.080908 0.047692 0.58946
17.268750 0.079860 0.049281 0.617086
17.275000 0.078790 0.050838 0.645228
17.281250 0.077698 0.052363 0.673922
17.287500 0.076585 0.053855 0.703206
17.293750 0.075451 0.055315 0.733122
17.300000 0.074297 0.056742 0.763714
17.306250 0.073123 0.058135 0.795031
17.312500 0.071929 0.059494 0.827125
17.318750 0.070715 0.060819 0.860053
17.325000 0.069483 0.062110 0.893875
17.331250 0.068233 0.063365 0.928659
17.337500 0.066965 0.064586 0.964477
17.343750 0.065679 0.065771 1.00141
17.350000 0.064376 0.066921 1.03954
17.356250 0.063056 0.068036 1.07897
17.362500 0.061720 0.069114 1.1198
17.368750 0.060368 0.070156 1.16215
17.375000 0.059000 0.071162 1.20614
17.381250 0.057618 0.072132 1.25191
17.387500 0.056220 0.073065 1.29963
17.393750 0.054808 0.073962 1.34947
17.400000 0.053383 0.074822 1.40161
17.406250 0.051944 0.075645 1.4563
17.412500 0.050491 0.076432 1.51376
17.418750 0.049026 0.077181 1.57428
17.425000 0.047549 0.077894 1.63819
17.431250 0.046059 0.078569 1.70583
17.437500 0.044558 0.079208 1.77762
17.443750 0.043046 0.079810 1.85405
17.450000 0.041523 0.080374 1.93565
17.456250 0.039990 0.080902 2.02308
17.462500 0.038446 0.081394 2.11707
17.468750 0.036893 0.081848 2.2185
17.475000 0.035331 0.082265 2.32843
17.481250 0.033760 0.082646 2.44809
17.487500 0.032180 0.082991 2.57898
17.493750 0.030592 0.083298 2.72292
17.500000 0.028996 0.083570 2.88214
17.506250 0.027392 0.083805 3.05942
17.512500 0.025782 0.084004 3.25824
17.518750 0.024165 0.084166 3.48303
17.525000 0.022541 0.084293 3.73953
17.531250 0.020911 0.084384 4.0353
17.537500 0.019276 0.084439 4.38052
17.543750 0.017635 0.084458 4.78918
17.550000 0.015989 0.084442 5.28114
17.556250 0.014339 0.084391 5.88545
17.562500 0.012684 0.084305 6.64652
17.568750 0.011025 0.084184 7.63559
17.575000 0.009363 0.084029 8.97488
17.581250 0.007697 0.083839 10.8928
17.587500 0.006028 0.083615 13.8719
17.593750 0.004356 0.083358 19.1366
17.600000 0.002682 0.083068 30.975
17.606250 0.001005 0.082744 82.2948
17.612500 -0.000673 0.082388 -122.48
17.618750 -0.002352 0.081999 -34.8594
17.625000 -0.004033 0.081579 -20.2273
17.631250 -0.005715 0.081128 -14.1959
17.637500 -0.007397 0.080646 -10.9021
17.643750 -0.009080 0.080133 -8.82526
17.650000 -0.010763 0.079591 -7.39502
17.656250 -0.012445 0.079019 -6.34931
17.662500 -0.014127 0.078418 -5.55084
17.668750 -0.015809 0.077789 -4.92072
17.675000 -0.017489 0.077133 -4.41042
17.681250 -0.019168 0.076448 -3.98843
17.687500 -0.020845 0.075738 -3.6334
17.693750 -0.022520 0.075000 -3.33036
17.700000 -0.024194 0.074237 -3.06848
17.706250 -0.025864 0.073449 -2.83977
17.712500 -0.027533 0.072636 -2.63816
17.718750 -0.029198 0.071798 -2.459
17.725000 -0.030861 0.070937 -2.29862
17.731250 -0.032520 0.070052 -2.15415
17.737500 -0.034175 0.069145 -2.02324
17.743750 -0.035827 0.068214 -1.904
17.750000 -0.037474 0.067262 -1.79488
17.756250 -0.039118 0.066289 -1.69459
17.762500 -0.040757 0.065294 -1.60204
17.768750 -0.042391 0.064279 -1.51633
17.775000 -0.044020 0.063243 -1.43669
17.781250 -0.045644 0.062189 -1.36246
17.787500 -0.047263 0.061115 -1.29307
17.793750 -0.048877 0.060022 -1.22804
17.800000 -0.050484 0.058911 -1.16693
17.806250 -0.052086 0.057783 -1.10938
17.812500 -0.053681 0.056637 -1.05506
17.818750 -0.055271 0.055474 -1.00368
17.825000 -0.056853 0.054295 -0.954993
17.831250 -0.058430 0.053099 -0.908767
17.837500 -0.059999 0.051887 -0.864803
17.843750 -0.061561 0.050660 -0.822919
17.850000 -0.063116 0.049417 -0.782956
17.856250 -0.064664 0.048159 -0.744768
17.862500 -0.066204 0.046887 -0.708224
17.868750 -0.067736 0.045601 -0.673207
17.875000 -0.069261 0.044300 -0.63961
17.881250 -0.070777 0.042986 -0.607338
17.887500 -0.072286 0.041659 -0.576302
17.893750 -0.073786 0.040318 -0.546425
17.900000 -0.075278 0.038966 -0.517633
17.906250 -0.076761 0.037602 -0.489861
17.912500 -0.078235 0.036227 -0.46305
17.918750 -0.079701 0.034841 -0.437144
17.925000 -0.081157 0.033444 -0.412094
17.931250 -0.082604 0.032038 -0.387854
17.937500 -0.084043 0.030624 -0.364382
17.943750 -0.085471 0.029200 -0.341637
17.950000 -0.086891 0.027769 -0.319583
17.956250 -0.088300 0.026330 -0.298187
17.962500 -0.089700 0.024884 -0.277416
17.968750 -0.091090 0.023432 -0.25724
17.975000 -0.092470 0.021974 -0.23763
17.981250 -0.093841 0.020510 -0.218558
17.987500 -0.095201 0.019040 -0.2
17.993750 -0.096550 0.017565 -0.181929
18.000000 -0.097890 0.016085 -0.164322
18.006250 -0.099216 0.014600 -0.147159
18.012500 -0.100523 0.013110 -0.130422
18.018750 -0.101805 0.011615 -0.114093
18.025000 -0.103059 0.010115 -0.0981469
18.031250 -0.104280 0.008609 -0.0825591
18.037500 -0.105462 0.007098 -0.0673029
18.043750 -0.106603 0.005581 -0.0523505
18.050000 -0.107698 0.004057 -0.0376736
18.056250 -0.108744 0.002528 -0.0232434
18.062500 -0.109738 0.000991 -0.00903115
18.068750 -0.110677 -0.000552 0.00499181
18.075000 -0.111558 -0.002103 0.0188538
18.081250 -0.112380 -0.003662 0.0325826
18.087500 -0.113139 -0.005228 0.0462056
18.093750 -0.113834 -0.006801 0.0597493
18.100000 -0.114463 -0.008383 0.0732397
18.106250 -0.115025 -0.009973 0.086702
18.112500 -0.115517 -0.011570 0.100161
18.118750 -0.115940 -0.013175 0.11364
18.125000 -0.116292 -0.014788 0.127162
18.131250 -0.116571 -0.016408 0.140751
18.137500 -0.116779 -0.018034 0.154427
18.143750 -0.116912 -0.019666 0.168214
18.150000 -0.116973 -0.021304 0.182131
18.156250 -0.116960 -0.022948 0.1962
18.162500 -0.116872 -0.024595 0.210443
18.168750 -0.116711 -0.026246 0.22488
18.175000 -0.116476 -0.027900 0.239532
18.181250 -0.116167 -0.029555 0.25442
18.187500 -0.115786 -0.031212 0.269568
18.193750 -0.115331 -0.032869 0.284996
18.200000 -0.114804 -0.034525 0.30073
18.206250 -0.114205 -0.036179 0.316792
18.212500 -0.113535 -0.037831 0.333208
18.218750 -0.112796 -0.039479 0.350005
18.225000 -0.111986 -0.041123 0.36721
18.231250 -0.111109 -0.042761 0.384855
18.237500 -0.110164 -0.044393 0.402969
18.243750 -0.109153 -0.046017 0.421588
18.250000 -0.108076 -0.047634 0.440746
18.256250 -0.106936 -0.049242 0.460483
18.262500 -0.105732 -0.050840 0.480839
18.268750 -0.104467 -0.052428 0.50186
18.275000 -0.103142 -0.054005 0.523593
18.281250 -0.101758 -0.055569 0.546091
18.287500 -0.100317 -0.057121 0.569408
18.293750 -0.098820 -0.058660 0.593606
18.300000 -0.097268 -0.060184 0.61875
18.306250 -0.095663 -0.061694 0.644911
18.312500 -0.094006 -0.063188 0.672167
18.318750 -0.092299 -0.064665 0.700602
18.325000 -0.090544 -0.066125 0.730309
18.331250 -0.088742 -0.067567 0.761389
18.337500 -0.086895 -0.068990 0.793953
18.343750 -0.085004 -0.070393 0.828122
18.350000 -0.083071 -0.071776 0.864034
18.356250 -0.081097 -0.073136 0.901836
18.362500 -0.079084 -0.074474 0.941696
18.368750 -0.077035 -0.075787 0.983799
18.375000 -0.074950 -0.077075 1.02836
18.381250 -0.072830 -0.078336 1.0756
18.387500 -0.070679 -0.079570 1.12579
18.393750 -0.068497 -0.080774 1.17924
18.400000 -0.066286 -0.081948 1.23629
18.406250 -0.064047 -0.083090 1.29733
18.412500 -0.061783 -0.084199 1.36283
18.418750 -0.059494 -0.085273 1.4333
18.425000 -0.057183 -0.086310 1.50936
18.431250 -0.054851 -0.087309 1.59176
18.437500 -0.052499 -0.088269 1.68134
18.443750 -0.050130 -0.089188 1.77913
18.450000 -0.047744 -0.090064 1.88638
18.456250 -0.045344 -0.090896 2.00458
18.462500 -0.042931 -0.091682 2.13559
18.468750 -0.040505 -0.092421 2.28171
18.475000 -0.038070 -0.093112 2.44581
18.481250 -0.035626 -0.093752 2.63158
18.487500 -0.033174 -0.094341 2.84379
18.493750 -0.030717 -0.094877 3.08873
18.500000 -0.028256 -0.095360 3.37488
18.506250 -0.025791 -0.095786 3.71393
18.512500 -0.023325 -0.096156 4.12249
18.518750 -0.020858 -0.096469 4.62496
18.525000 -0.018393 -0.096723 5.25871
18.531250 -0.015930 -0.096918 6.08402
18.537500 -0.013471 -0.097052 7.20476
18.543750 -0.011016 -0.097125 8.81665
18.550000 -0.008568 -0.097136 11.3373
18.556250 -0.006127 -0.097085 15.8455
18.562500 -0.003695 -0.096970 26.246
18.568750 -0.001272 -0.096793 76.0846
18.575000 0.001139 -0.096552 -84.7388
18.581250 0.003539 -0.096247 -27.1965
18.587500 0.005925 -0.095878 -16.181
18.593750 0.008297 -0.095445 -11.5028
18.600000 0.010654 -0.094948 -8.91162
18.606250 0.012995 -0.094387 -7.26336
18.612500 0.015318 -0.093764 -6.12101
18.618750 0.017623 -0.093077 -5.28143
18.625000 0.019909 -0.092327 -4.63741
18.631250 0.022175 -0.091515 -4.12699
18.637500 0.024420 -0.090643 -3.71189
18.643750 0.026642 -0.089709 -3.36716
18.650000 0.028842 -0.088715 -3.07588
18.656250 0.031019 -0.087663 -2.82614
18.662500 0.033171 -0.086552 -2.60931
18.668750 0.035297 -0.085385 -2.41901
18.675000 0.037398 -0.084161 -2.25041
18.681250 0.039472 -0.082883 -2.09978
18.687500 0.041519 -0.081552 -1.96419
18.693750 0.043538 -0.080168 -1.84133
18.700000 0.045528 -0.078734 -1.72934
18.706250 0.047489 -0.077250 -1.6267
18.712500 0.049420 -0.075719 -1.53215
18.718750 0.051321 -0.074141 -1.44467
18.725000 0.053190 -0.072519 -1.36339
18.731250 0.055028 -0.070853 -1.28759
18.737500 0.056833 -0.069145 -1.21664
18.743750 0.058606 -0.067398 -1.15001
18.750000 0.060346 -0.065613 -1.08727
18.756250 0.062053 -0.063790 -1.028
18.762500 0.063725 -0.061933 -0.971882
18.768750 0.065363 -0.060043 -0.918606
18.775000 0.066966 -0.058121 -0.867915
18.781250 0.068535 -0.056170 -0.81958
18.787500 0.070068 -0.054190 -0.773398
18.793750 0.071565 -0.052184 -0.72919
18.800000 0.073025 -0.050154 -0.686796
18.806250 0.074450 -0.048100 -0.646071
18.812500 0.075838 -0.046025 -0.606888
18.818750 0.077189 -0.043931 -0.569132
18.825000 0.078503 -0.041818 -0.532697
18.831250 0.079780 -0.039690 -0.49749
18.837500 0.081019 -0.037546 -0.463425
18.843750 0.082221 -0.035390 -0.430423
18.850000 0.083385 -0.033222 -0.398415
18.856250 0.084511 -0.031044 -0.367334
18.862500 0.085599 -0.028857 -0.337122
18.868750 0.086649 -0.026664 -0.307724
18.875000 0.087660 -0.024465 -0.279089
18.881250 0.088634 -0.022262 -0.251171
18.887500 0.089569 -0.020057 -0.223927
18.893750 0.090465 -0.017850 -0.197317
18.900000 0.091323 -0.015644 -0.171304
18.906250 0.092143 -0.013440 -0.145855
18.912500 0.092925 -0.011238 -0.120936
18.918750 0.093668 -0.009041 -0.0965176
18.925000 0.094373 -0.006849 -0.0725726
18.931250 0.095039 -0.004664 -0.0490744
18.937500 0.095668 -0.002487 -0.0259982
18.943750 0.096258 -0.000320 -0.00332096
18.950000 0.096810 0.001837 0.0189793
18.956250 0.097325 0.003983 0.0409231
18.962500 0.097801 0.006116 0.0625301
18.968750 0.098240 0.008234 0.0838189
18.975000 0.098642 0.010338 0.104807
18.981250 0.099006 0.012426 0.125511
18.987500 0.099333 0.014497 0.145948
18.993750 0.099622 0.016550 0.166132
19.000000 0.099875 0.018585 0.186078
19.006250 0.100092 0.020599 0.205801
19.012500 0.100272 0.022593 0.225313
19.018750 0.100415 0.024564 0.244628
19.025000 0.100523 0.026514 0.263759
19.031250 0.100595 0.028440 0.282718
19.037500 0.100632 0.030342 0.301516
19.043750 0.100633 0.032219 0.320166
19.050000 0.100599 0.034071 0.338678
19.056250 0.100530 0.035896 0.357064
19.062500 0.100427 0.037694 0.375335
19.068750 0.100290 0.039464 0.3935
19.075000 0.100119 0.041206 0.411572
19.081250 0.099915 0.042919 0.42956
19.087500 0.099677 0.044603 0.447475
19.093750 0.099406 0.046256 0.465326
19.100000 0.099102 0.047879 0.483126
19.106250 0.098766 0.049470 0.500882
19.112500 0.098398 0.051030 0.518607
19.118750 0.097999 0.052558 0.536311
19.125000 0.097568 0.054053 0.554003
19.131250 0.097106 0.055515 0.571696
19.137500 0.096614 0.056944 0.589399
19.143750 0.096091 0.058339 0.607123
19.150000 0.095538 0.059700 0.624881
19.156250 0.094956 0.061027 0.642682
19.162500 0.094345 0.062319 0.66054
19.168750 0.093705 0.063575 0.678466
19.175000 0.093036 0.064797 0.696472
19.181250 0.092340 0.065983 0.714571
19.187500 0.091615 0.067134 0.732777
19.193750 0.090864 0.068248 0.751102
19.200000 0.090085 0.069326 0.769562
19.206250 0.089280 0.070368 0.788171
19.212500 0.088449 0.071373 0.806945
19.218750 0.087592 0.072342 0.825898
19.225000 0.086710 0.073274 0.84505
19.231250 0.085803 0.074170 0.864417
19.237500 0.084872 0.075028 0.884018
19.243750 0.083916 0.075849 0.903872
19.250000 0.082936 0.076633 0.924002
19.256250 0.081934 0.077381 0.944429
19.262500 0.080908 0.078091 0.965177
19.268750 0.079860 0.078764 0.98627
19.275000 0.078790 0.079400 1.00774
19.281250 0.077698 0.079998 1.0296
19.287500 0.076585 0.080560 1.0519
19.293750 0.075451 0.081085 1.07466
19.300000 0.074297 0.081572 1.09792
19.306250 0.073123 0.082023 1.12172
19.312500 0.071929 0.082437 1.14609
19.318750 0.070715 0.082814 1.17109
19.325000 0.069483 0.083154 1.19675
19.331250 0.068233 0.083458 1.22313
19.337500 0.066965 0.083725 1.25029
19.343750 0.065679 0.083956 1.27828
19.350000 0.064376 0.084150 1.30717
19.356250 0.063056 0.084308 1.33703
19.362500 0.061720 0.084430 1.36795
19.368750 0.060368 0.084516 1.40001
19.375000 0.059000 0.084566 1.43331
19.381250 0.057618 0.084580 1.46795
19.387500 0.056220 0.084559 1.50406
19.393750 0.054808 0.084502 1.54177
19.400000 0.053383 0.084410 1.58123
19.406250 0.051944 0.084283 1.6226
19.412500 0.050491 0.084122 1.66607
19.418750 0.049026 0.083926 1.71187
19.425000 0.047549 0.083696 1.76023
19.431250 0.046059 0.083433 1.81142
19.437500 0.044558 0.083135 1.86577
19.443750 0.043046 0.082805 1.92364
19.450000 0.041523 0.082442 1.98546
19.456250 0.039990 0.082047 2.05171
19.462500 0.038446 0.081620 2.12297
19.468750 0.036893 0.081162 2.19992
19.475000 0.035331 0.080673 2.28336
19.481250 0.033760 0.080154 2.37425
19.487500 0.032180 0.079604 2.47374
19.493750 0.030592 0.079025 2.58324
19.500000 0.028996 0.078418 2.70446
19.506250 0.027392 0.077782 2.83955
19.512500 0.025782 0.077118 2.99117
19.518750 0.024165 0.076427 3.16275
19.525000 0.022541 0.075709 3.3587
19.531250 0.020911 0.074964 3.58485
19.537500 0.019276 0.074194 3.84903
19.543750 0.017635 0.073398 4.16203
19.550000 0.015989 0.072578 4.53911
19.556250 0.014339 0.071733 5.00267
19.562500 0.012684 0.070864 5.58687
19.568750 0.011025 0.069973 6.3466
19.575000 0.009363 0.069058 7.37591
19.581250 0.007697 0.068122 8.85073
19.587500 0.006028 0.067163 11.1424
19.593750 0.004356 0.066184 15.1939
19.600000 0.002682 0.065184 24.3062
19.606250 0.001005 0.064163 63.8149
19.612500 -0.000673 0.063123 -93.8411
19.618750 -0.002352 0.062064 -26.3845
19.625000 -0.004033 0.060986 -15.1213
19.631250 -0.005715 0.059890 -10.4796
19.637500 -0.007397 0.058776 -7.94561
19.643750 -0.009080 0.057644 -6.34849
19.650000 -0.010763 0.056495 -5.24915
19.656250 -0.012445 0.055329 -4.44582
19.662500 -0.014127 0.054147 -3.8328
19.668750 -0.015809 0.052949 -3.34937
19.675000 -0.017489 0.051734 -2.95814
19.681250 -0.019168 0.050504 -2.63487
19.687500 -0.020845 0.049258 -2.3631
19.693750 -0.022520 0.047998 -2.13133
19.700000 -0.024194 0.046723 -1.93121
19.706250 -0.025864 0.045433 -1.75659
19.712500 -0.027533 0.044130 -1.6028
19.718750 -0.029198 0.042812 -1.46627
19.725000 -0.030861 0.041482 -1.34418
19.731250 -0.032520 0.040139 -1.2343
19.737500 -0.034175 0.038784 -1.13485
19.743750 -0.035827 0.037417 -1.04438
19.750000 -0.037474 0.036038 -0.961681
19.756250 -0.039118 0.034650 -0.885773
19.762500 -0.040757 0.033251 -0.815829
19.768750 -0.042391 0.031842 -0.75115
19.775000 -0.044020 0.030424 -0.691146
19.781250 -0.045644 0.028998 -0.635312
19.787500 -0.047263 0.027565 -0.583215
19.793750 -0.048877 0.026123 -0.534477
19.800000 -0.050484 0.024675 -0.488774
19.806250 -0.052086 0.023221 -0.445819
19.812500 -0.053681 0.021760 -0.40536
19.818750 -0.055271 0.020294 -0.367175
19.825000 -0.056853 0.018822 -0.331066
19.831250 -0.058430 0.017345 -0.296858
19.837500 -0.059999 0.015863 -0.264392
19.843750 -0.061561 0.014376 -0.233527
19.850000 -0.063116 0.012884 -0.204133
19.856250 -0.064664 0.011387 -0.176096
19.862500 -0.066204 0.009885 -0.149308
19.868750 -0.067736 0.008377 -0.123675
19.875000 -0.069261 0.006864 -0.0991085
19.881250 -0.070777 0.005346 -0.0755284
19.887500 -0.072286 0.003821 -0.0528616
19.893750 -0.073786 0.002290 -0.0310411
19.900000 -0.075278 0.000753 -0.0100056
19.906250 -0.076761 -0.000791 0.010301
19.912500 -0.078235 -0.002342 0.0299298
19.918750 -0.079701 -0.003900 0.0489276
19.925000 -0.081157 -0.005465 0.067337
19.931250 -0.082604 -0.007038 0.0851967
19.937500 -0.084043 -0.008618 0.102542
19.943750 -0.085471 -0.010206 0.119405
19.950000 -0.086891 -0.011801 0.135813
19.956250 -0.088300 -0.013403 0.151794
19.962500 -0.089700 -0.015013 0.16737
19.968750 -0.091090 -0.016630 0.182561
19.975000 -0.092470 -0.018253 0.197388
19.981250 -0.093841 -0.019882 0.211865
19.987500 -0.095201 -0.021516 0.226007
19.993750 -0.096550 -0.023156 0.239828
