0.000000  0.000000015199296  0.000000030302116 1.99365
0.003125  0.000000407186387  0.000000450501163 1.10638
0.006250  0.000001870442863  0.000001937620358 1.03592
0.009375  0.000005092516345  0.000005176577506 1.01651
0.012500  0.000010739118789  0.000010830267824 1.00849
0.015625  0.000019454537225  0.000019539931380 1.00439
0.018750  0.000031862038510  0.000031925568267 1.00199
0.021875  0.000048564268166  0.000048586347642 1.00045
0.025000  0.000070143643371  0.000070101010690 0.999392
0.028125  0.000097162740188  0.000097028267596 0.998616
0.031250  0.000130164675094  0.000129907188605 0.998022
0.034375  0.000169673480889  0.000169257589241 0.997549
0.037500  0.000216194477042  0.000215580409758 0.99716
0.040625  0.000270214634561  0.000269358088898 0.99683
0.043750  0.000332202935451  0.000331054932030 0.996544
0.046875  0.000402610726810  0.000401117473739 0.996291
0.050000  0.000481872069665  0.000479974834936 0.996063
0.053125  0.000570404082582  0.000568039074567 0.995854
0.056250  0.000668607280135  0.000665705535972 0.99566
0.059375  0.000776865906295  0.000773353187984 0.995478
0.062500  0.000895548262796  0.000891344960819 0.995306
0.065625  0.001025007032559  0.001020028076836 0.995143
0.068750  0.001165579598217  0.001159734376220 0.994985
0.071875  0.001317588355815  0.001310780637674 0.994833
0.075000  0.001481341023746  0.001473468894152 0.994686
0.078125  0.001657130946984  0.001648086743739 0.994542
0.081250  0.001845237396665  0.001834907655699 0.994402
0.084375  0.002045925865094  0.002034191271787 0.994264
0.087500  0.002259448356213  0.002246183702863 0.994129
0.090625  0.002486043671614  0.002471117820888 0.993996
0.093750  0.002725937692132  0.002709213546343 0.993865
0.096875  0.002979343655091  0.002960678131150 0.993735
0.100000  0.003246462427247  0.003225706437138 0.993607
0.103125  0.003527482773493  0.003504481210122 0.993479
0.106250  0.003822581621380  0.003797173349647 0.993353
0.109375  0.004131924321496  0.004103942174459 0.993228
0.112500  0.004455664903777  0.004424935683755 0.993103
0.115625  0.004793946329786  0.004760290814266 0.99298
0.118750  0.005146900741023  0.005110133693238 0.992856
0.121875  0.005514649703304  0.005474579887350 0.992734
0.125000  0.005897304447287  0.005853734647635 0.992612
0.128125  0.006294966105159  0.006247693150453 0.99249
0.131250  0.006707725943569  0.006656540734567 0.992369
0.134375  0.007135665592834  0.007080353134376 0.992248
0.137500  0.007578857272472  0.007519196709351 0.992128
0.140625  0.008037364013119  0.007973128669734 0.992008
0.143750  0.008511239874866  0.008442197298543 0.991888
0.146875  0.009000530162071  0.008926442169931 0.991768
0.150000  0.009505271634686  0.009425894363956 0.991649
0.153125  0.010025492716153  0.009940576677800 0.99153
0.156250  0.010561213697914  0.010470503833490 0.991411
0.159375  0.011112446940566  0.011015682682173 0.991292
0.162500  0.011679197071726  0.011576112404983 0.991174
0.165625  0.012261461180638  0.012151784710544 0.991055
0.168750  0.012859229009565  0.012742684029171 0.990937
0.171875  0.013472483142016  0.013348787703791 0.990819
0.175000  0.014101199187842  0.013970066177652 0.990701
0.178125  0.014745345965249  0.014606483178838 0.990583
0.181250  0.015404885679773  0.015257995901658 0.990465
0.184375  0.016079774100241  0.015924555184942 0.990347
0.187500  0.016769960731784  0.016606105687271 0.990229
0.190625  0.017475388985916  0.017302586059215 0.990112
0.193750  0.018195996347740  0.018013929112593 0.989994
0.196875  0.018931714540307  0.018740061986803 0.989877
0.200000  0.019682469686171  0.019480906312273 0.989759
0.203125  0.020448182466176  0.020236378371054 0.989642
0.206250  0.021228768275520  0.021006389254617 0.989525
0.209375  0.022024137377122  0.021790845018868 0.989407
0.212500  0.022834195052338  0.022589646836438 0.98929
0.215625  0.023658841749056  0.023402691146286 0.989173
0.218750  0.024497973227214  0.024229869800633 0.989056
0.221875  0.025351480701767  0.025071070209287 0.988939
0.225000  0.026219250983143  0.025926175481385 0.988822
0.228125  0.027101166615226  0.026795064564589 0.988705
0.231250  0.027997106010893  0.027677612381766 0.988588
0.234375  0.028906943585142  0.028573689965206 0.988472
0.237500  0.029830549885848  0.029483164588383 0.988355
0.240625  0.030767791722176  0.030405899895330 0.988238
0.243750  0.031718532290683  0.031341756027622 0.988121
0.246875  0.032682631299141  0.032290589749043 0.988005
0.250000  0.033659945088126  0.033252254567927 0.987888
0.253125  0.034650326750375  0.034226600857241 0.987771
0.256250  0.035653626247976  0.035213475972425 0.987655
0.259375  0.036669690527400  0.036212724367025 0.987538
0.262500  0.037698363632409  0.037224187706147 0.987422
0.265625  0.038739486814879  0.038247704977769 0.987305
0.268750  0.039792898643553  0.039283112601938 0.987189
0.271875  0.040858435110768  0.040330244537885 0.987073
0.275000  0.041935929737178  0.041388932389089 0.986956
0.278125  0.043025213674493  0.042459005506307 0.98684
0.281250  0.044126115806285  0.043540291088623 0.986724
0.284375  0.045238462846863  0.044632614282523 0.986608
0.287500  0.046362079438262  0.045735798279032 0.986492
0.290625  0.047496788245366  0.046849664408957 0.986375
0.293750  0.048642410049196  0.047974032236230 0.986259
0.296875  0.049798763838381  0.049108719649406 0.986143
0.300000  0.050965666898854  0.050253542951338 0.986027
0.303125  0.052142934901776  0.051408316947057 0.985911
0.306250  0.053330381989741  0.052572855029866 0.985796
0.309375  0.054527820861258  0.053746969265697 0.98568
0.312500  0.055735062853565  0.054930470475748 0.985564
0.315625  0.056951918023771  0.056123168317424 0.985448
0.318750  0.058178195228374  0.057324871363607 0.985333
0.321875  0.059413702201161  0.058535387180283 0.985217
0.325000  0.060658245629525  0.059754522402550 0.985101
0.328125  0.061911631229223  0.060982082809028 0.984986
0.331250  0.063173663817583  0.062217873394697 0.98487
0.334375  0.064444147385207  0.063461698442193 0.984755
0.337500  0.065722885166168  0.064713361591574 0.98464
0.340625  0.067009679706744  0.065972665908584 0.984524
0.343750  0.068304332932695  0.067239413951442 0.984409
0.346875  0.069606646215114  0.068513407836167 0.984294
0.350000  0.070916420434873  0.069794449300490 0.984179
0.353125  0.072233456045677  0.071082339766328 0.984064
0.356250  0.073557553135763  0.072376880400876 0.983949
0.359375  0.074888511488243  0.073677872176351 0.983834
0.362500  0.076226130640130  0.074985115928345 0.983719
0.365625  0.077570209940062  0.076298412412906 0.983605
0.368750  0.078920548604735  0.077617562362256 0.98349
0.371875  0.080276945774076  0.078942366539275 0.983375
0.375000  0.081639200565176  0.080272625790679 0.983261
0.378125  0.083007112124984  0.081608141098965 0.983146
0.381250  0.084380479681806  0.082948713633155 0.983032
0.384375  0.085759102595614  0.084294144798285 0.982918
0.387500  0.087142780407179  0.085644236283741 0.982804
0.390625  0.088531312886055  0.086998790110422 0.982689
0.393750  0.089924500077438  0.088357608676726 0.982575
0.396875  0.091322142347893  0.089720494803451 0.982462
0.400000  0.092724040429996  0.091087251777528 0.982348
0.403125  0.094129995465886  0.092457683394698 0.982234
0.406250  0.095539809049762  0.093831594001090 0.98212
0.409375  0.096953283269322  0.095208788533736 0.982007
0.412500  0.098370220746177  0.096589072560067 0.981893
0.415625  0.099790424675253  0.097972252316343 0.98178
0.418750  0.101213698863188  0.099358134745096 0.981667
0.421875  0.102639847765752  0.100746527531583 0.981554
0.425000  0.104068676524300  0.102137239139235 0.981441
0.428125  0.105499991001270  0.103530078844184 0.981328
0.431250  0.106933597814752  0.104924856768797 0.981215
0.434375  0.108369304372128  0.106321383914323 0.981102
0.437500  0.109806918902816  0.107719472192593 0.98099
0.440625  0.111246250490118  0.109118934456828 0.980877
0.443750  0.112687109102189  0.110519584531579 0.980765
0.446875  0.114129305622152  0.111921237241785 0.980653
0.450000  0.115572651877357  0.113323708440954 0.980541
0.453125  0.117016960667813  0.114726815038547 0.980429
0.456250  0.118462045793799  0.116130375026490 0.980317
0.459375  0.119907722082664  0.117534207504921 0.980205
0.462500  0.121353805414838  0.118938132707091 0.980094
0.465625  0.122800112749067  0.120341972023495 0.979983
0.468750  0.124246462146875  0.121745548025271 0.979871
0.471875  0.125692672796273  0.123148684486758 0.97976
0.475000  0.127138565034736  0.124551206407405 0.979649
0.478125  0.128583960371442  0.125952940032862 0.979539
0.481250  0.130028681508797  0.127353712875405 0.979428
0.484375  0.131472552363263  0.128753353733645 0.979317
0.487500  0.132915398085486  0.130151692711512 0.979207
0.490625  0.134357045079752  0.131548561236602 0.979097
0.493750  0.135797321022770  0.132943792077828 0.978987
0.496875  0.137236054881800  0.134337219362393 0.978877
0.500000  0.138673076932141  0.135728678592173 0.978767
0.503125  0.140108218773977  0.137118063326050 0.978658
0.506250  0.141541313348608  0.138505226506718 0.97855
0.509375  0.142972194954067  0.139890020997056 0.978442
0.512500  0.144400699260136  0.141272277692024 0.978335
0.515625  0.145826663322776  0.142651833227246 0.978229
0.518750  0.147249925597970  0.144028526039156 0.978123
0.521875  0.148670325955005  0.145402196369662 0.978018
0.525000  0.150087705689194  0.146772686264192 0.977913
0.528125  0.151501907534043  0.148139839566822 0.977808
0.531250  0.152912775672890  0.149503501914001 0.977704
0.534375  0.154320155750005  0.150863520727687 0.977601
0.537500  0.155723894881179  0.152219745208554 0.977498
0.540625  0.157123841663799  0.153572026329201 0.977395
0.543750  0.158519846186427  0.154920216827775 0.977292
0.546875  0.159911760037880  0.156264171201860 0.97719
0.550000  0.161299436315842  0.157603745702668 0.977088
0.553125  0.162682729634990  0.158938798329699 0.976986
0.556250  0.164061496134664  0.160269188825542 0.976885
0.559375  0.165435593486080  0.161594778671101 0.976784
0.562500  0.166804880899101  0.162915431081052 0.976683
0.565625  0.168169219128562  0.164231010999393 0.976582
0.568750  0.169528470480174  0.165541385095456 0.976481
0.571875  0.170882498816001  0.166846421759733 0.976381
0.575000  0.172231169559532  0.168145991100195 0.976281
0.578125  0.173574349700339  0.169439964938417 0.976181
0.581250  0.174911907798346  0.170728216805983 0.976081
0.584375  0.176243713987705  0.172010621940852 0.975982
0.587500  0.177569639980295  0.173287057283780 0.975882
0.590625  0.178889559068841  0.174557401474772 0.975783
0.593750  0.180203346129673  0.175821534849549 0.975684
0.596875  0.181510877625127  0.177079339435907 0.975585
0.600000  0.182812031605587  0.178330698950176 0.975487
0.603125  0.184106687711194  0.179575511786242 0.975388
0.606250  0.185394727173207  0.180813668169762 0.97529
0.609375  0.186676032815047  0.182045061491905 0.975192
0.612500  0.187950489053000  0.183269580591622 0.975095
0.615625  0.189217981896623  0.184487116674897 0.974998
0.618750  0.190478398948829  0.185697561736207 0.974901
0.621875  0.191731629405670  0.186900809270307 0.974804
0.625000  0.192977564055824  0.188096754368878 0.974708
0.628125  0.194216095279798  0.189285293780508 0.974612
0.631250  0.195447117048836  0.190466325942929 0.974516
0.634375  0.196670524923558  0.191639750999339 0.97442
0.637500  0.197886216052327  0.192805470805024 0.974325
0.640625  0.199094089169343  0.193963388928249 0.97423
0.643750  0.200294044592488  0.195113410646904 0.974135
0.646875  0.201485984220908  0.196255442942781 0.97404
0.650000  0.202669811532355  0.197389394493945 0.973946
0.653125  0.203845431580276  0.198515175665805 0.973851
0.656250  0.205012750990681  0.199632698501488 0.973757
0.659375  0.206171677958762  0.200741876711361 0.973664
0.662500  0.207322122245301  0.201842625662308 0.97357
0.665625  0.208463995172847  0.202934862366717 0.973477
0.668750  0.209597209621687  0.204018505470983 0.973384
0.671875  0.210721680025595  0.205093475244286 0.973291
0.675000  0.211837322367392  0.206159693566859 0.973198
0.678125  0.212944054174289  0.207217083918488 0.973106
0.681250  0.214041794513047  0.208265571366854 0.973014
0.684375  0.215130463984942  0.209305082555752 0.972922
0.687500  0.216209984720547  0.210335545693586 0.97283
0.690625  0.217280280374330  0.211356890541505 0.972738
0.693750  0.218341276119079  0.212369048401854 0.972647
0.696875  0.219392898640151  0.213371952106441 0.972556
0.700000  0.220435076129563  0.214365536004837 0.972466
0.703125  0.221467738279911  0.215349735952833 0.972375
0.706250  0.222490816278136  0.216324489300654 0.972285
0.709375  0.223504242799131  0.217289734881446 0.972195
0.712500  0.224507951999210  0.218245412999579 0.972105
0.715625  0.225501879509414  0.219191465419003 0.972016
0.718750  0.226485962428691  0.220127835351793 0.971927
0.721875  0.227460139316931  0.221054467446326 0.971838
0.725000  0.228424350187868  0.221971307775803 0.97175
0.728125  0.229378536501854  0.222878303826709 0.971662
0.731250  0.230322641158507  0.223775404487046 0.971574
0.734375  0.231256608489235  0.224662560034958 0.971486
0.737500  0.232180384249644  0.225539722126927 0.971399
0.740625  0.233093915611831  0.226406843786350 0.971312
0.743750  0.233997151156565  0.227263879391893 0.971225
0.746875  0.234890040865361  0.228110784665873 0.971139
0.750000  0.235772536112447  0.228947516662776 0.971053
0.753125  0.236644589656639  0.229774033757520 0.970967
0.756250  0.237506155633104  0.230590295634011 0.970881
0.759375  0.238357189545046  0.231396264218652 0.970796
0.762500  0.239197648255288  0.232191907911493 0.970711
0.765625  0.240027489977770  0.232977187955378 0.970627
0.768750  0.240846674268968  0.233752070195970 0.970543
0.771875  0.241655162019223  0.234516519015812 0.970459
0.775000  0.242452915443997  0.235270501918890 0.970376
0.778125  0.243239898075054  0.236013986823709 0.970293
0.781250  0.244016074751562  0.236746942699987 0.97021
0.784375  0.244781411611137  0.237469339620212 0.970128
0.787500  0.245535876080807  0.238181148789771 0.970046
0.790625  0.246279436867921  0.238882342561261 0.969965
0.793750  0.247012063950994  0.239572894439794 0.969883
0.796875  0.247733728570493  0.240252779083014 0.969802
0.800000  0.248444403219566  0.240921972297414 0.969722
0.803125  0.249144061634721  0.241580451032684 0.969642
0.806250  0.249832678786451  0.242228193374441 0.969562
0.809375  0.250510230869810  0.242865178535947 0.969482
0.812500  0.251176695294948  0.243491386849362 0.969403
0.815625  0.251832050677596  0.244106799756304 0.969324
0.818750  0.252476276829516  0.244711399798428 0.969245
0.821875  0.253109354748904  0.245305170607686 0.969167
0.825000  0.253731266610767  0.245888096896487 0.969089
0.828125  0.254341995757257  0.246460164448085 0.969011
0.831250  0.254941526687978  0.247021360106603 0.968933
0.834375  0.255529845050259  0.247571671767593 0.968856
0.837500  0.256106937629402  0.248111088368295 0.968779
0.840625  0.256672792338903  0.248639599878148 0.968703
0.843750  0.257227398210651  0.249157197289425 0.968626
0.846875  0.257770745385103  0.249663872607916 0.96855
0.850000  0.258302825101438  0.250159618843809 0.968474
0.853125  0.258823629687699  0.250644430002624 0.968399
0.856250  0.259333152550911  0.251118301076187 0.968323
0.859375  0.259831388167192  0.251581228033986 0.968248
0.862500  0.260318332071848  0.252033207814283 0.968173
0.865625  0.260793980849456  0.252474238315623 0.968098
0.868750  0.261258332123943  0.252904318388306 0.968024
0.871875  0.261711384548653  0.253323447825921 0.96795
0.875000  0.262153137796414  0.253731627357226 0.967876
0.878125  0.262583592549591  0.254128858637700 0.967802
0.881250  0.263002750490153  0.254515144241562 0.967728
0.884375  0.263410614289722  0.254890487653816 0.967655
0.887500  0.263807187599636  0.255254893261969 0.967581
0.890625  0.264192475041007  0.255608366348550 0.967508
0.893750  0.264566482194787  0.255950913082930 0.967435
0.896875  0.264929215591837  0.256282544774100 0.967362
0.900000  0.265280682703003  0.256603273408139 0.96729
0.903125  0.265620891929202  0.256913109387712 0.967217
0.906250  0.265949852591517  0.257212062207026 0.967145
0.909375  0.266267574921300  0.257500141394490 0.967073
0.912500  0.266574070050291  0.257777357722892 0.967001
0.915625  0.266869350000750  0.258043722949252 0.966929
0.918750  0.267153427675601  0.258299249784953 0.966857
0.921875  0.267426316848594  0.258543956079921 0.966786
0.925000  0.267688032154485  0.258777857097689 0.966714
0.928125  0.267938589079231  0.259000968794641 0.966643
0.931250  0.268178003950208  0.259213306163324 0.966572
0.934375  0.268406293926451  0.259414885410956 0.966501
0.937500  0.268623476988907  0.259605723604517 0.96643
0.940625  0.268829571930720  0.259785838648580 0.966359
0.943750  0.269024598347538  0.259955249267800 0.966288
0.946875  0.269208576627840  0.260113974991941 0.966217
0.950000  0.269381527943295  0.260262036142970 0.966147
0.953125  0.269543474239141  0.260399453823027 0.966076
0.956250  0.269694438224599  0.260526249903419 0.966005
0.959375  0.269834443363312  0.260642447014138 0.965935
0.962500  0.269963513863811  0.260748068534024 0.965864
0.965625  0.270081674670018  0.260843138580850 0.965794
0.968750  0.270188951451771  0.260927682002338 0.965723
0.971875  0.270285370595395  0.261001724366637 0.965652
0.975000  0.270370959194288  0.261065291953838 0.965582
0.978125  0.270445745039557  0.261118411746981 0.965511
0.981250  0.270509756610679  0.261161111423428 0.965441
0.984375  0.270563023066201  0.261193419346673 0.96537
0.987500  0.270605574234474  0.261215364557725 0.965299
0.990625  0.270637440604428  0.261226976767086 0.965229
0.993750  0.270658653316376  0.261228286346467 0.965158
0.996875  0.270669244152865  0.261219324320877 0.965087
1.000000  0.270669245529562  0.261200122360617 0.965016
1.003125  0.270658690486178  0.261170719192037 0.964945
1.006250  0.270637612677435  0.261131141980989 0.964874
1.009375  0.270606046364071  0.261081423855678 0.964803
1.012500  0.270564026403887  0.261021596103251 0.964731
1.015625  0.270511588242839  0.260951694166447 0.96466
1.018750  0.270448767906166  0.260871753554490 0.964588
1.021875  0.270375601989566  0.260781810351549 0.964517
1.025000  0.270292127650413  0.260681901208968 0.964445
1.028125  0.270198382599020  0.260572063338771 0.964373
1.031250  0.270094405089945  0.260452334507033 0.964301
1.034375  0.269980233913340  0.260322753027665 0.964229
1.037500  0.269855908386349  0.260183357756228 0.964157
1.040625  0.269721468344549  0.260034188083584 0.964084
1.043750  0.269576954133440  0.259875283929834 0.964012
1.046875  0.269422406599977  0.259706685737752 0.963939
1.050000  0.269257867084154  0.259528434466443 0.963866
1.053125  0.269083377410631  0.259340571585213 0.963793
1.056250  0.268898979880416  0.259143139066658 0.963719
1.059375  0.268704717262582  0.258936179380471 0.963646
1.062500  0.268500632786048  0.258719735486755 0.963572
1.065625  0.268286770131396  0.258493850829361 0.963498
1.068750  0.268063173422745  0.258258569329416 0.963424
1.071875  0.267829887219674  0.258013935378455 0.96335
1.075000  0.267586956509185  0.257759993832013 0.963276
1.078125  0.267334426697732  0.257496790002538 0.963201
1.081250  0.267072343603287  0.257224369652919 0.963126
1.084375  0.266800753447459  0.256942778989780 0.963051
1.087500  0.266519702847673  0.256652064656405 0.962976
1.090625  0.266229238809387  0.256352273726390 0.962901
1.093750  0.265929408718368  0.256043453696456 0.962825
1.096875  0.265620260333015  0.255725652479997 0.962749
1.100000  0.265301841776742  0.255398918400036 0.962673
1.103125  0.264974201530401  0.255063303454885 0.962597
1.106250  0.264637388424764  0.254718854147173 0.96252
1.109375  0.264291451633059  0.254365620332292 0.962444
1.112500  0.263936440663550  0.254003650293632 0.962367
1.115625  0.263572405352180  0.253632994503156 0.96229
1.118750  0.263199395855256  0.253253703399153 0.962212
1.121875  0.262817462642198  0.252865827971501 0.962135
1.125000  0.262426656488327  0.252469419591946 0.962057
1.128125  0.262027028467720  0.252064529996756 0.961979
1.131250  0.261618629946109  0.251651211272208 0.961901
1.134375  0.261201512573833  0.251229515843515 0.961823
1.137500  0.260775728278851  0.250799496465472 0.961744
1.140625  0.260341329259800  0.250361206214494 0.961665
1.143750  0.259898367979111  0.249914698480900 0.961586
1.146875  0.259446897156172  0.249460026962011 0.961507
1.150000  0.258986969760557  0.248997245655017 0.961428
1.153125  0.258518639005293  0.248526408850590 0.961348
1.156250  0.258041958340192  0.248047567921496 0.961268
1.159375  0.257556981445234  0.247560776759622 0.961188
1.162500  0.257063762223997  0.247066089565860 0.961108
1.165625  0.256562354797150  0.246563562085880 0.961028
1.168750  0.256052813495994  0.246053250094012 0.960947
1.171875  0.255535192856056  0.245535209604567 0.960867
1.175000  0.255009547610741  0.245009496866942 0.960786
1.178125  0.254475932685031  0.244476168360157 0.960704
1.181250  0.253934403189246  0.243935280786780 0.960623
1.184375  0.253385014412848  0.243386891066864 0.960542
1.187500  0.252827821818307  0.242831056330993 0.96046
1.190625  0.252262881035019  0.242267833913778 0.960378
1.193750  0.251690247853270  0.241697281346527 0.960297
1.196875  0.251109978218265  0.241119456349941 0.960215
1.200000  0.250522128224198  0.240534416826841 0.960132
1.203125  0.249926754108387  0.239942221230162 0.96005
1.206250  0.249323912245450  0.239342927496546 0.959968
1.209375  0.248713659141545  0.238736594121373 0.959885
1.212500  0.248096051428655  0.238123279444806 0.959803
1.215625  0.247471145858928  0.237503042184551 0.95972
1.218750  0.246838999299073  0.236875941119317 0.959637
1.221875  0.246199668724803  0.236242035198469 0.959555
1.225000  0.245553211215333  0.235601383493640 0.959472
1.228125  0.244899683947935  0.234954045193465 0.959389
1.231250  0.244239144192534  0.234300079592691 0.959306
1.234375  0.243571649306368  0.233639546082896 0.959223
1.237500  0.242897256728692  0.232972504143500 0.95914
1.240625  0.242216023975537  0.232299013333276 0.959057
1.243750  0.241528008634523  0.231619133282189 0.958974
1.246875  0.240833268359717  0.230932923682836 0.958891
1.250000  0.240131860866546  0.230240444282991 0.958808
1.253125  0.239423843926766  0.229541754877137 0.958726
1.256250  0.238709275363473  0.228836915299083 0.958643
1.259375  0.237988213046173  0.228125985645695 0.95856
1.262500  0.237260714885896  0.227409027110659 0.958477
1.265625  0.236526838830367  0.226686097408756 0.958395
1.268750  0.235786642859222  0.225957257322710 0.958312
1.271875  0.235040184979277  0.225222566073889 0.95823
1.275000  0.234287523219849  0.224482084066242 0.958148
1.278125  0.233528715628123  0.223735870991753 0.958066
1.281250  0.232763820264570  0.222983986693732 0.957984
1.284375  0.231992895198417  0.222226491005344 0.957902
1.287500  0.231215998503161  0.221463443736564 0.957821
1.290625  0.230433188252140  0.220694904663001 0.957739
1.293750  0.229644522514145  0.219920933516005 0.957658
1.296875  0.228850059349088  0.219141589975093 0.957577
1.300000  0.228049856803710  0.218356933659559 0.957496
1.303125  0.227243972907347  0.217567024121988 0.957416
1.306250  0.226432465667739  0.216771920840921 0.957336
1.309375  0.225615393066883  0.215971683214583 0.957256
1.312500  0.224792813056947  0.215166370554300 0.957176
1.315625  0.223964783556215  0.214356042078113 0.957097
1.318750  0.223131362445089  0.213540756904980 0.957018
1.321875  0.222292607562141  0.212720574048397 0.956939
1.325000  0.221448576700203  0.211895552410797 0.956861
1.328125  0.220599327602507  0.211065750777714 0.956783
1.331250  0.219744917958879  0.210231227811909 0.956706
1.334375  0.218885405401964  0.209392042047996 0.956629
1.337500  0.218020847503515  0.208548251263054 0.956552
1.340625  0.217151301770711  0.207699912857925 0.956476
1.343750  0.216276825642532  0.206847084048010 0.9564
1.346875  0.215397476486176  0.205989822148904 0.956324
1.350000  0.214513311593518  0.205128184570080 0.956249
1.353125  0.213624388177619  0.204262228755692 0.956175
1.356250  0.212730763369277  0.203392012131483 0.956101
1.359375  0.211832494213619  0.202517592677436 0.956027
1.362500  0.210929637666747  0.201639029996009 0.955954
1.365625  0.210022250592416  0.200756380781341 0.955881
1.368750  0.209110389758764  0.199869701862572 0.95581
1.371875  0.208194111835082  0.198979048429808 0.955738
1.375000  0.207273473388628  0.198084475852671 0.955667
1.378125  0.206348530881484  0.197186038876444 0.955597
1.381250  0.205419340667455  0.196283793147445 0.955527
1.384375  0.204485958989013  0.195377790602394 0.955458
1.387500  0.203548441974277  0.194468083681652 0.95539
1.390625  0.202606845634044  0.193554723664011 0.955322
1.393750  0.201661225858854  0.192637762087898 0.955254
1.396875  0.200711638416098  0.191717250795686 0.955188
1.400000  0.199758138947172  0.190793239715791 0.955121
1.403125  0.198800782964666  0.189865777391473 0.955055
1.406250  0.197839625849598  0.188934911718214 0.95499
1.409375  0.196874722848682  0.188000689980538 0.954925
1.412500  0.195906129071646  0.187063158909307 0.954861
1.415625  0.194933899488583  0.186122383979973 0.954797
1.418750  0.193958088927341  0.185178415002250 0.954734
1.421875  0.192978752070955  0.184231301756049 0.954671
1.425000  0.191995943455124  0.183281083416493 0.954609
1.428125  0.191009717465709  0.182327801179411 0.954547
1.431250  0.190020128336293  0.181371495532478 0.954486
1.434375  0.189027230145761  0.180412207214464 0.954424
1.437500  0.188031076815925  0.179449976539018 0.954363
1.440625  0.187031722109190  0.178484843474156 0.954303
1.443750  0.186029219626251  0.177516847641717 0.954242
1.446875  0.185023622803833  0.176546028321024 0.954181
1.450000  0.184014984912462  0.175572424456748 0.95412
1.453125  0.183003359054282  0.174596074669930 0.954059
1.456250  0.181988798160897  0.173617017271419 0.953998
1.459375  0.180971354991259  0.172635290278378 0.953937
1.462500  0.179951082129588  0.171650931432234 0.953876
1.465625  0.178928031983327  0.170663978218269 0.953814
1.468750  0.177902256781133  0.169674467887179 0.953751
1.471875  0.176873808570908  0.168682437476768 0.953688
1.475000  0.175842739217853  0.167687923835484 0.953624
1.478125  0.174809100402574  0.166690963646143 0.95356
1.481250  0.173772943619206  0.165691593450069 0.953495
1.484375  0.172734320173579  0.164689849672291 0.953429
1.487500  0.171693281181422  0.163685768646247 0.953362
1.490625  0.170649877566591  0.162679386638918 0.953293
1.493750  0.169604160059337  0.161670739876382 0.953224
1.496875  0.168556179194605  0.160659864814447 0.953153
1.500000  0.167505985310368  0.159646797649803 0.953081
1.503125  0.166453628545991  0.158631575232478 0.953008
1.506250  0.165399158840626  0.157614232279160 0.952932
1.509375  0.164342625931647  0.156594805824737 0.952856
1.512500  0.163284079353108  0.155573332107322 0.952777
1.515625  0.162223568434235  0.154549848213448 0.952697
1.518750  0.161161142297954  0.153524390878497 0.952614
1.521875  0.160096849859444  0.152496997359319 0.95253
1.525000  0.159030739824723  0.151467704451828 0.952443
1.528125  0.157962860689270  0.150436549695212 0.952354
1.531250  0.156893260736666  0.149403570512801 0.952263
1.534375  0.155821988037275  0.148368804864759 0.952169
1.537500  0.154749090446950  0.147332290877554 0.952072
1.540625  0.153674615605773  0.146294067036843 0.951973
1.543750  0.152598610936818  0.145254172144679 0.951871
1.546875  0.151521123644946  0.144212645345233 0.951766
1.550000  0.150442200715634  0.143169526142955 0.951658
1.553125  0.149361888913822  0.142124854419305 0.951547
1.556250  0.148280234782799  0.141078670449514 0.951433
1.559375  0.147197284643108  0.140031014918844 0.951315
1.562500  0.146113084591489  0.138981928938154 0.951194
1.565625  0.145027680499836  0.137931454058969 0.95107
1.568750  0.143941118014196  0.136879632288285 0.950942
1.571875  0.142853442553786  0.135826506102044 0.95081
1.575000  0.141764699310036  0.134772118459103 0.950675
1.578125  0.140674933245666  0.133716512813884 0.950535
1.581250  0.139584189093784  0.132659733128315 0.950392
1.584375  0.138492511357009  0.131601823884354 0.950245
1.587500  0.137399944306626  0.130542830094237 0.950094
1.590625  0.136306531981758  0.129482797312041 0.949938
1.593750  0.135212318188573  0.128421771642983 0.949779
1.596875  0.134117346499507  0.127359799753438 0.949615
1.600000  0.133021660252520  0.126296928879780 0.949446
1.603125  0.131925302550371  0.125233207413685 0.949274
1.606250  0.130828316259919  0.124168682650862 0.949096
1.609375  0.129730744011451  0.123103404163141 0.948915
1.612500  0.128632628198030  0.122037421195564 0.948728
1.615625  0.127534010974867  0.120970784696589 0.948537
1.618750  0.126434934258721  0.119903545402916 0.948342
1.621875  0.125335439727319  0.118835752405916 0.948142
1.625000  0.124235568818795  0.117767457167391 0.947937
1.628125  0.123135362731164  0.116698711995630 0.947727
1.631250  0.122034862421803  0.115629570909113 0.947513
1.634375  0.120934108606966  0.114560089072531 0.947293
1.637500  0.119833141761318  0.113490321911756 0.94707
1.640625  0.118732002117487  0.112420325522239 0.946841
1.643750  0.117630729665645  0.111350156417091 0.946608
1.646875  0.116529364153105  0.110279871818085 0.94637
1.650000  0.115427945083938  0.109209529622773 0.946127
1.653125  0.114326511718616  0.108139188428649 0.94588
1.656250  0.113225103073677  0.107068906802758 0.945629
1.659375  0.112123757921399  0.105998745218077 0.945373
1.662500  0.111022514789512  0.104928764305244 0.945112
1.665625  0.109921411960911  0.103859025772459 0.944848
1.668750  0.108820487473409  0.102789591650695 0.944579
1.671875  0.107719779119491  0.101720524766804 0.944307
1.675000  0.106619324446099  0.100651888653070 0.94403
1.678125  0.105519160754434  0.099583747608432 0.94375
1.681250  0.104419325099775  0.098516166755528 0.943467
1.684375  0.103319854291322  0.097449211699980 0.94318
1.687500  0.102220784892046  0.096382949044976 0.94289
1.690625  0.101122153218573  0.095317446031913 0.942597
1.693750  0.100023995341076  0.094252770759664 0.942302
1.696875  0.098926347083187  0.093188992041290 0.942004
1.700000  0.097829244021927  0.092126179476675 0.941704
1.703125  0.096732721487657  0.091064403585661 0.941402
1.706250  0.095636814564041  0.090003735262535 0.941099
1.709375  0.094541558088030  0.088944246603882 0.940795
1.712500  0.093446986649862  0.087886010217601 0.940491
1.715625  0.092353134593078  0.086829099706825 0.940186
1.718750  0.091260036014557  0.085773589341312 0.939881
1.721875  0.090167724764563  0.084719554224513 0.939577
1.725000  0.089076234446815  0.083667070232066 0.939275
1.728125  0.087985598418566  0.082616213290652 0.938974
1.731250  0.086895849790703  0.081567051525957 0.938676
1.734375  0.085807021427860  0.080519650025481 0.938381
1.737500  0.084719145948546  0.079474071247610 0.938089
1.740625  0.083632255725293  0.078430373293056 0.937801
1.743750  0.082546382884811  0.077388606330668 0.937517
1.746875  0.081461559308166  0.076348808982746 0.937237
1.750000  0.080377816630970  0.075311006280643 0.936963
1.753125  0.079295186243580  0.074275207633822 0.936693
1.756250  0.078213699291321  0.073241404825087 0.936427
1.759375  0.077133386674716  0.072209570932703 0.936165
1.762500  0.076054279049735  0.071179658493168 0.935906
1.765625  0.074976406828051  0.070151597503898 0.935649
1.768750  0.073899800177317  0.069125296117928 0.935392
1.771875  0.072824489021451  0.068100637637117 0.935134
1.775000  0.071750503040941  0.067077385124001 0.93487
1.778125  0.070677871673154  0.066055308164519 0.934597
1.781250  0.069606624112663  0.065034202155184 0.934311
1.784375  0.068536789311590  0.064013935428488 0.934008
1.787500  0.067468395979955  0.062994429920695 0.933688
1.790625  0.066401472586040  0.061975653410607 0.933348
1.793750  0.065336047356769  0.060957615294199 0.932986
1.796875  0.064272148278092  0.059940363130628 0.932602
1.800000  0.063209803095390  0.058923979787384 0.932197
1.803125  0.062149039313886  0.057908580940532 0.93177
1.806250  0.061089884199065  0.056894312755548 0.931321
1.809375  0.060032364777119  0.055881349862306 0.930854
1.812500  0.058976507835381  0.054869893369783 0.930369
1.815625  0.057922339922795  0.053860169206773 0.929869
1.818750  0.056869887350375  0.052852421558955 0.929357
1.821875  0.055819176191691  0.051846919998783 0.928837
1.825000  0.054770232283355  0.050843954291344 0.928314
1.828125  0.053723081225525  0.049843834680344 0.927792
1.831250  0.052677748382411  0.048846887928590 0.927277
1.834375  0.051634258882801  0.047853456234943 0.926777
1.837500  0.050592637620590  0.046863895739205 0.926299
1.840625  0.049552909255320  0.045878575540102 0.92585
1.843750  0.048515098212731  0.044897876305230 0.925441
1.846875  0.047479228685322  0.043922189238229 0.925082
1.850000  0.046445324632919  0.042951909094907 0.924784
1.853125  0.045413409783254  0.041987442523448 0.92456
1.856250  0.044383507632555  0.041029200472912 0.924424
1.859375  0.043355641446138  0.040077598443379 0.924392
1.862500  0.042329834259017  0.039133051979275 0.924479
1.865625  0.041306108876518  0.038195974544622 0.924705
1.868750  0.040284487874898  0.037266778866429 0.92509
1.871875  0.039264993601979  0.036345874489070 0.925656
1.875000  0.038247648177787  0.035433668205712 0.926427
1.878125  0.037232473495200  0.034530562525347 0.927431
1.881250  0.036219491220600  0.033636955760107 0.928698
1.884375  0.035208722794543  0.032753239867405 0.930259
1.887500  0.034200189432421  0.031879802230039 0.932153
1.890625  0.033193912125150  0.031017023676035 0.934419
1.893750  0.032189911639846  0.030165278859994 0.937103
1.896875  0.031188208520529  0.029324935446634 0.940257
1.900000  0.030188823088813  0.028496353439987 0.943937
1.903125  0.029191775444620  0.027679885398193 0.948208
1.906250  0.028197085466894  0.026875870535032 0.953144
1.909375  0.027204772814317  0.026084645128089 0.958826
1.912500  0.026214856926042  0.025306536213099 0.965351
1.915625  0.025227357022427  0.024541867863067 0.972828
1.918750  0.024242292105771  0.023790943864159 0.981382
1.921875  0.023259680961066  0.023054060581461 0.99116
1.925000  0.022279542156747  0.022331500602348 1.00233
1.928125  0.021301894045453  0.021623538013189 1.0151
1.931250  0.020326754764790  0.020930434720475 1.0297
1.934375  0.019354142238105  0.020252441168711 1.04641
1.937500  0.018384074175256  0.019589796003712 1.06559
1.940625  0.017416568073403  0.018942726305638 1.08763
1.943750  0.016451641217789  0.018311447604997 1.11305
1.946875  0.015489310682534  0.017696163965161 1.14248
1.950000  0.014529593331433  0.017097068053928 1.17671
1.953125  0.013572505818762  0.016514341247334 1.21675
1.956250  0.012618064590081  0.015948153747190 1.26391
1.959375  0.011666285883051  0.015398664748707 1.31993
1.962500  0.010717185728251  0.014866022608661 1.38712
1.965625  0.009770779949997  0.014350364695794 1.4687
1.968750  0.008827084167173  0.013851817974040 1.56924
1.971875  0.007886113794062  0.013370498883834 1.69545
1.975000  0.006947884041178  0.012906513749399 1.85762
1.978125  0.006012409916111  0.012459958804999 2.07237
1.981250  0.005079706224365  0.012030920530957 2.36843
1.984375  0.004149787570212  0.011619475481828 2.80002
1.987500  0.003222668357541  0.011225691023077 3.48335
1.990625  0.002298362790713  0.010849625133771 4.72059
1.993750  0.001376884875421  0.010491326856706 7.61961
1.996875  0.000458248419556  0.010150836421752 22.1514
2.000000 -0.000457517766635  0.009828186376241 -21.4815
2.003125 -0.001370038679770  0.009523400397669 -6.95119
2.006250 -0.002278606618569  0.009236493571029 -4.05357
2.009375 -0.003182521010039  0.008967473092323 -2.81773
2.012500 -0.004081103310293  0.008716338005642 -2.13578
2.015625 -0.004973696592922  0.008483081098563 -1.70559
2.018750 -0.005859665143361  0.008267685579391 -1.41095
2.021875 -0.006738394059162  0.008070128700434 -1.19763
2.025000 -0.007609288856112  0.007890379680875 -1.03694
2.028125 -0.008471775080105  0.007728402033679 -0.912253
2.031250 -0.009325297924723  0.007584152171569 -0.813288
2.034375 -0.010169321854428  0.007457580382947 -0.733341
2.037500 -0.011003330233307  0.007348630558173 -0.667855
2.040625 -0.011826824959305  0.007257240581358 -0.613625
2.043750 -0.012639326103862  0.007183342410323 -0.568333
2.046875 -0.013440371556900  0.007126862273025 -0.530258
2.050000 -0.014229516677089  0.007087720770812 -0.4981
2.053125 -0.015006333947313  0.007065833166366 -0.470857
2.056250 -0.015770412635296  0.007061109514019 -0.447744
2.059375 -0.016521358459293  0.007073454776964 -0.42814
2.062500 -0.017258793258803  0.007102768979006 -0.411545
2.065625 -0.017982354670233  0.007148947354369 -0.397553
2.068750 -0.018691695807447  0.007211880519165 -0.385833
2.071875 -0.019386484947146  0.007291454615221 -0.37611
2.075000 -0.020066405219004  0.007387551395795 -0.368155
2.078125 -0.020731154300515  0.007500048536930 -0.361777
2.081250 -0.021380444116482  0.007628819620390 -0.356813
2.084375 -0.022014000543087  0.007773734341767 -0.353127
2.087500 -0.022631563116483  0.007934658589885 -0.350601
2.090625 -0.023232884745866  0.008111454615460 -0.349137
2.093750 -0.023817731430940  0.008303981153330 -0.348647
2.096875 -0.024385881983743  0.008512093548218 -0.349058
2.100000 -0.024937127754774  0.008735643883816 -0.350307
2.103125 -0.025471272363347  0.008974481198977 -0.352337
2.106250 -0.025988131432146  0.009228451163292 -0.355103
2.109375 -0.026487532325901  0.009497397093801 -0.358561
2.112500 -0.026969313894149  0.009781159088537 -0.362677
2.115625 -0.027433326218016  0.010079574941928 -0.367421
2.118750 -0.027879430360974  0.010392479516161 -0.372765
2.121875 -0.028307498123516  0.010719704829997 -0.378688
2.125000 -0.028717411801708  0.011061081453647 -0.38517
2.128125 -0.029109063949549  0.011416437493360 -0.392195
2.131250 -0.029482357145113  0.011785599011916 -0.399751
2.134375 -0.029837203760399  0.012168389971053 -0.407826
2.137500 -0.030173525734860  0.012564632111139 -0.416412
2.140625 -0.030491254352552  0.012974145478610 -0.425504
2.143750 -0.030790330022859  0.013396748181096 -0.435096
2.146875 -0.031070702064740  0.013832256943934 -0.445186
2.150000 -0.031332328494469  0.014280486789781 -0.455775
2.153125 -0.031575175816797  0.014741251353993 -0.466862
2.156250 -0.031799218819513  0.015214362717530 -0.478451
2.159375 -0.032004440371343  0.015699631986004 -0.490545
2.162500 -0.032190831223158  0.016196868760270 -0.503152
2.165625 -0.032358389812425  0.016705881685702 -0.516277
2.168750 -0.032507122070883  0.017226478205030 -0.529929
2.171875 -0.032637041235384  0.017758464964318 -0.54412
2.175000 -0.032748167661856  0.018301648055516 -0.55886
2.178125 -0.032840528642362  0.018855831559705 -0.574163
2.181250 -0.032914158225194  0.019420819908866 -0.590045
2.184375 -0.032969097037977  0.019996416180719 -0.60652
2.187500 -0.033005392113726  0.020582423462209 -0.623608
2.190625 -0.033023096719836  0.021178643917477 -0.641328
2.193750 -0.033022270189950  0.021784879388290 -0.659703
2.196875 -0.033002977758671  0.022400931263435 -0.678755
2.200000 -0.032965290399077  0.023026600625726 -0.69851
2.203125 -0.032909284663011  0.023661688314729 -0.718997
2.206250 -0.032835042524091  0.024305994824464 -0.740246
2.209375 -0.032742651223421  0.024959320703307 -0.762288
2.212500 -0.032632203117950  0.025621466230809 -0.785159
2.215625 -0.032503795531456  0.026292231794192 -0.808897
2.218750 -0.032357530608109  0.026971417669431 -0.833544
2.221875 -0.032193515168587  0.027658824138929 -0.859143
2.225000 -0.032011860568698  0.028354251838916 -0.885742
2.228125 -0.031812682560487  0.029057501288751 -0.913394
2.231250 -0.031596101155780  0.029768371336579 -0.942153
2.234375 -0.031362240492145  0.030486662359955 -0.972082
2.237500 -0.031111228701222  0.031212175167674 -1.00324
2.240625 -0.030843197779406  0.031944710569753 -1.03571
2.243750 -0.030558283460833  0.032684068925227 -1.06956
2.246875 -0.030256625092646  0.033430050250159 -1.10488
2.250000 -0.029938365512513  0.034182454668720 -1.14176
2.253125 -0.029603650928354  0.034941082495243 -1.1803
2.256250 -0.029252630800259  0.035705734279463 -1.2206
2.259375 -0.028885457724551  0.036476211089295 -1.26279
2.262500 -0.028502287319983  0.037252314307612 -1.30699
2.265625 -0.028103278116019  0.038033845852181 -1.35336
2.268750 -0.027688591443186  0.038820608545698 -1.40204
2.271875 -0.027258391325453  0.039612405632531 -1.45322
2.275000 -0.026812844374625  0.040409017249399 -1.50708
2.278125 -0.026352119686708  0.041210257527750 -1.56383
2.281250 -0.025876388740223  0.042015946144455 -1.62372
2.284375 -0.025385825296444  0.042825915088500 -1.687
2.287500 -0.024880605301526  0.043639991603934 -1.75398
2.290625 -0.024360906790507  0.044458001225916 -1.82497
2.293750 -0.023826909793137  0.045279768902758 -1.90036
2.296875 -0.023278796241537  0.046105119230399 -1.98056
2.300000 -0.022716749879627  0.046933876772516 -2.06605
2.303125 -0.022140956174331  0.047765866106360 -2.15735
2.306250 -0.021551602228504  0.048600912108247 -2.2551
2.309375 -0.020948876695583  0.049438840397899 -2.35998
2.312500 -0.020332969695913  0.050279476599176 -2.47281
2.315625 -0.019704072734738  0.051122646745734 -2.59452
2.318750 -0.019062378621827  0.051968176313657 -2.72622
2.321875 -0.018408081392717  0.052815893839106 -2.86917
2.325000 -0.017741376231541  0.053665627773459 -3.02489
2.328125 -0.017062459395421  0.054517207761315 -3.19516
2.331250 -0.016371528140404  0.055370463210540 -3.38212
2.334375 -0.015668780648924  0.056225225194581 -3.58836
2.337500 -0.014954415958749  0.057081325006877 -3.81702
2.340625 -0.014228633893414  0.057938595269456 -4.07197
2.343750 -0.013491634994101  0.058796869294794 -4.35802
2.346875 -0.012743620452949  0.059655981565591 -4.68124
2.350000 -0.011984792047783  0.060515766095152 -5.04938
2.353125 -0.011215352078217  0.061376060410317 -5.4725
2.356250 -0.010435503303136  0.062236701478001 -5.96394
2.359375 -0.009645448879525  0.063097527814606 -6.54169
2.362500 -0.008845392302612  0.063958378273339 -7.2307
2.365625 -0.008035537347339  0.064819092849255 -8.06655
2.368750 -0.007216088011095  0.065679513389077 -9.10182
2.371875 -0.006387248457739  0.066539482798646 -10.4176
2.375000 -0.005549222962852  0.067398840195536 -12.1456
2.378125 -0.004702215860232  0.068257433722220 -14.516
2.381250 -0.003846431489589  0.069115113392263 -17.9686
2.384375 -0.002982074145437  0.069971734074037 -23.4641
2.387500 -0.002109348027153  0.070827151536583 -33.5777
2.390625 -0.001228457190199  0.071681222809390 -58.3506
2.393750 -0.000339605498469  0.072533806211250 -213.583
2.396875  0.000557003422230  0.073384761125008 131.749
2.400000  0.001461166229614  0.074233948114102 50.8046
2.403125  0.002372679909255  0.075081229043046 31.6441
2.406250  0.003291341817861  0.075926465631171 23.0685
2.409375  0.004216949725499  0.076769523639987 18.205
2.412500  0.005149301856785  0.077610268570184 15.072
2.415625  0.006088196931057  0.078448568557801 12.8854
2.418750  0.007033434201547  0.079284289480102 11.2725
2.421875  0.007984813493570  0.080117301619793 10.0337
2.425000  0.008942135241735  0.080947475344336 9.05237
2.428125  0.009905200526217  0.081774683606489 8.25573
2.431250  0.010873811108073  0.082598800041127 7.59612
2.434375  0.011847769463646  0.083419699963495 7.04096
2.437500  0.012826878818060  0.084237260155494 6.56725
2.440625  0.013810943177814  0.085051359007505 6.15826
2.443750  0.014799767362502  0.085861876456513 5.80157
2.446875  0.015793157035673  0.086668694054349 5.48774
2.450000  0.016790918734824  0.087471694591066 5.20946
2.453125  0.017792859900577  0.088270763037194 4.96102
2.456250  0.018798788905016  0.089065785527846 4.73785
2.459375  0.019808515079224  0.089856649970954 4.53626
2.462500  0.020821848740024  0.090643245662127 4.35328
2.465625  0.021838601215928  0.091425463439995 4.18642
2.468750  0.022858584872331  0.092203195930314 4.03364
2.471875  0.023881613135937  0.092976337270234 3.89322
2.475000  0.024907500518443  0.093744783347064 3.76372
2.478125  0.025936062639499  0.094508431629250 3.6439
2.481250  0.026967116248939  0.095267181300975 3.53272
2.484375  0.028000479248311  0.096020933054678 3.42926
2.487500  0.029035970711712  0.096769589390709 3.33275
2.490625  0.030073410905940  0.097513054139973 3.2425
2.493750  0.031112621309974  0.098251233142586 3.15792
2.496875  0.032153424633794  0.098984033710434 3.07849
2.500000  0.033195644836557  0.099711364974206 3.00375
2.503125  0.034239107144134  0.100433137247550 2.93329
2.506250  0.035283638066016  0.101149262185138 2.86675
2.509375  0.036329065411617  0.101859653712244 2.80381
2.512500  0.037375218305966  0.102564226900712 2.74418
2.515625  0.038421927204802  0.103262899005119 2.6876
2.518750  0.039469023909096  0.103955587482959 2.63385
2.521875  0.040516341578998  0.104642212641734 2.58272
2.525000  0.041563714747214  0.105322695573197 2.53401
2.528125  0.042610979331844  0.105996959620566 2.48755
2.531250  0.043657972648669  0.106664928790195 2.44319
2.534375  0.044704533422909  0.107326526891556 2.4008
2.537500  0.045750501800461  0.107981684509816 2.36023
2.540625  0.046795719358618  0.108630331652825 2.32137
2.543750  0.047840029116292  0.109272401189446 2.28412
2.546875  0.048883275543742  0.109907826235336 2.24837
2.550000  0.049925304571807  0.110536541814697 2.21404
2.553125  0.050965963600680  0.111158484463811 2.18103
2.556250  0.052005101508201  0.111773592052320 2.14928
2.559375  0.053042568657701  0.112381803776693 2.11871
2.562500  0.054078216905388  0.112983060133467 2.08925
2.565625  0.055111899607302  0.113577302898127 2.06085
2.568750  0.056143471625830  0.114164474865116 2.03344
2.571875  0.057172789335802  0.114744520565223 2.00698
2.575000  0.058199710630165  0.115317385540451 1.98141
2.578125  0.059224094925254  0.115883016647527 1.95669
2.581250  0.060245803165665  0.116441362081278 1.93277
2.584375  0.061264697828726  0.116992371016526 1.90962
2.587500  0.062280642928600  0.117535993971321 1.8872
2.590625  0.063293504019991  0.118072182551876 1.86547
2.593750  0.064303148201501  0.118600889622460 1.8444
2.596875  0.065309444118607  0.119122069199575 1.82396
2.600000  0.066312261966299  0.119635676532413 1.80413
2.603125  0.067311473491363  0.120141667932816 1.78486
2.606250  0.068306951994320  0.120640000816610 1.76615
2.609375  0.069298572331040  0.121130633719272 1.74795
2.612500  0.070286210914027  0.121613526509062 1.73026
2.615625  0.071269745713379  0.122088639970804 1.71305
2.618750  0.072249056257445  0.122555935906031 1.6963
2.621875  0.073224023633167  0.123015377206923 1.67999
2.625000  0.074194530486125  0.123466927876311 1.6641
2.628125  0.075160461020291  0.123910552903946 1.64861
2.631250  0.076121700997492  0.124346218370994 1.63352
2.634375  0.077078137736596  0.124773891437331 1.6188
2.637500  0.078029660112419  0.125193540145844 1.60444
2.640625  0.078976158554366  0.125605133584309 1.59042
2.643750  0.079917525044810  0.126008641704062 1.57673
2.646875  0.080853653117211  0.126404035574000 1.56337
2.650000  0.081784437853986  0.126791286943013 1.55031
2.653125  0.082709775884132  0.127170368735962 1.53755
2.656250  0.083629565380609  0.127541254785997 1.52507
2.659375  0.084543706057492  0.127903919942757 1.51287
2.662500  0.085452099166890  0.128258339838709 1.50094
2.665625  0.086354647495641  0.128604490972066 1.48926
2.668750  0.087251255361790  0.128942349263438 1.47783
2.671875  0.088141828610858  0.129271892487672 1.46664
2.675000  0.089026274611892  0.129593101758672 1.45567
2.678125  0.089904502253325  0.129905959426696 1.44493
2.681250  0.090776421938624  0.130210449817479 1.43441
2.684375  0.091641945581758  0.130506556936197 1.42409
2.687500  0.092500986602469  0.130794265882129 1.41398
2.690625  0.093353459921360  0.131073562178835 1.40406
2.693750  0.094199281954807  0.131344430539249 1.39433
2.696875  0.095038370609692  0.131606859095534 1.38478
2.700000  0.095870645277972  0.131860837150817 1.3754
2.703125  0.096696026831074  0.132106355668553 1.3662
2.706250  0.097514437614139  0.132343405905006 1.35717
2.709375  0.098325801440097  0.132571979790479 1.34829
2.712500  0.099130043583599  0.132792069785247 1.33957
2.715625  0.099927090774796  0.133003669248864 1.33101
2.718750  0.100716871192973  0.133206772271926 1.32259
2.721875  0.101499314460046  0.133401373676686 1.31431
2.725000  0.102274351633915  0.133587469115256 1.30617
2.728125  0.103041915201695  0.133765054839853 1.29816
2.731250  0.103801939072806  0.133934127611464 1.29029
2.734375  0.104554358571951  0.134094685559744 1.28254
2.737500  0.105299110431958  0.134246727261410 1.27491
2.740625  0.106036132786517  0.134390252175633 1.2674
2.743750  0.106765365162799  0.134525260212960 1.26001
2.746875  0.107486748473956  0.134651752301740 1.25273
2.750000  0.108200225011529  0.134769730078371 1.24556
2.753125  0.108905738437738  0.134879195975556 1.23849
2.756250  0.109603233777681  0.134980153145244 1.23153
2.759375  0.110292657411432  0.135072605575054 1.22467
2.762500  0.110973957066045  0.135156557894565 1.21791
2.765625  0.111647081807469  0.135232015641775 1.21125
2.768750  0.112311982032375  0.135298984989783 1.20467
2.771875  0.112968609459895  0.135357473095106 1.19819
2.775000  0.113616917123288  0.135407483684139 1.19179
2.778125  0.114256859361518  0.135449031313264 1.18548
2.781250  0.114888391810762  0.135482125913954 1.17925
2.784375  0.115511471395846  0.135506779034834 1.1731
2.787500  0.116126056321608  0.135522999995193 1.16703
2.790625  0.116732106064195  0.135530799395869 1.16104
2.793750  0.117329581362299  0.135530189011664 1.15512
2.796875  0.117918444208323  0.135521181008972 1.14928
2.800000  0.118498657839502  0.135503788675110 1.1435
2.803125  0.119070186728953  0.135478026017919 1.1378
2.806250  0.119632996576680  0.135443908036240 1.13216
2.809375  0.120187054300525  0.135401450456677 1.12659
2.812500  0.120732328027072  0.135350669401693 1.12108
2.815625  0.121268787082501  0.135291581807897 1.11563
2.818750  0.121796401983402  0.135224205213081 1.11025
2.821875  0.122315144427545  0.135148558547745 1.10492
2.825000  0.122824987284610  0.135064660760824 1.09965
2.828125  0.123325904586882  0.134972532772032 1.09444
2.831250  0.123817871519911  0.134872194192137 1.08928
2.834375  0.124300864413135  0.134763666616861 1.08417
2.837500  0.124774860730479  0.134646971394584 1.07912
2.840625  0.125239839060919  0.134522131408050 1.07412
2.843750  0.125695779109024  0.134389169916945 1.06916
2.846875  0.126142661685472  0.134248111007311 1.06426
2.850000  0.126580468697541  0.134098979103594 1.0594
2.853125  0.127009183139585  0.133941800028841 1.05458
2.856250  0.127428789083484  0.133776599491117 1.04981
2.859375  0.127839271669086  0.133603404260082 1.04509
2.862500  0.128240617094621  0.133422241517073 1.04041
2.865625  0.128632812607119  0.133233139256314 1.03576
2.868750  0.129015846492800  0.133036126216842 1.03116
2.871875  0.129389708067465  0.132831231613311 1.0266
2.875000  0.129754387666873  0.132618483318563 1.02207
2.878125  0.130109876637115  0.132397914808790 1.01759
2.881250  0.130456167324984  0.132169557280540 1.01313
2.884375  0.130793253068333  0.131933443831701 1.00872
2.887500  0.131121128186446  0.131689606386502 1.00434
2.890625  0.131439787970396  0.131438077727387 0.999987
2.893750  0.131749228673410  0.131178891186284 0.995671
2.896875  0.132049447501235  0.130912080655551 0.991387
2.900000  0.132340442602512  0.130637680676108 0.987133
2.903125  0.132622213059150  0.130355726377325 0.98291
2.906250  0.132894758876711  0.130066253255187 0.978716
2.909375  0.133158080974802  0.129769298163759 0.974551
2.912500  0.133412181177476  0.129464897648058 0.970413
2.915625  0.133657062203644  0.129153089352577 0.966302
2.918750  0.133892727657504  0.128833910637311 0.962217
2.921875  0.134119182018974  0.128507400654166 0.958158
2.925000  0.134336430634147  0.128173598209492 0.954124
2.928125  0.134544479705762  0.127832544460484 0.950114
2.931250  0.134743336283686  0.127484278864505 0.946127
2.934375  0.134933008255420  0.127128841373494 0.942163
2.937500  0.135113504336624  0.126766271563624 0.938221
2.940625  0.135284834061655  0.126396609949013 0.9343
2.943750  0.135447007774137  0.126019897469704 0.9304
2.946875  0.135600036617544  0.125636175688085 0.92652
2.950000  0.135743932525816  0.125245486455689 0.92266
2.953125  0.135878708213986  0.124847872484771 0.918819
2.956250  0.136004377168849  0.124443376549085 0.914995
2.959375  0.136120953639639  0.124032042105171 0.91119
2.962500  0.136228452628752  0.123613912894939 0.907402
2.965625  0.136326889882480  0.123189033165373 0.90363
2.968750  0.136416281881788  0.122757447635344 0.899874
2.971875  0.136496645833108  0.122319201433132 0.896133
2.975000  0.136567999659174  0.121874339794619 0.892408
2.978125  0.136630361989887  0.121422908925450 0.888696
2.981250  0.136683752153201  0.120964955042071 0.884999
2.984375  0.136728190166059  0.120500524982214 0.881314
2.987500  0.136763696725352  0.120029665747854 0.877643
2.990625  0.136790293198912  0.119552424641349 0.873983
2.993750  0.136808001616547  0.119068849482702 0.870335
2.996875  0.136816844661103  0.118578988228208 0.866699
3.000000  0.136816845659572  0.118082889240049 0.863073
3.003125  0.136808028574232  0.117580601203695 0.859457
3.006250  0.136790417993820  0.117072172921354 0.855851
3.009375  0.136764039124756  0.116557653964938 0.852254
3.012500  0.136728917782394  0.116037093753699 0.848665
3.015625  0.136685080382318  0.115510542356422 0.845085
3.018750  0.136632553931678  0.114978049606374 0.841513
3.021875  0.136571366020568  0.114439666303244 0.837948
3.025000  0.136501544813440  0.113895442958899 0.834389
3.028125  0.136423119040566  0.113345430725198 0.830837
3.031250  0.136336117989535  0.112789680470528 0.827291
3.034375  0.136240571496806  0.112228242696735 0.823751
3.037500  0.136136509939284  0.111661171201133 0.820215
3.040625  0.136023964225962  0.111088516947213 0.816683
3.043750  0.135902965789587  0.110510332495930 0.813156
3.046875  0.135773546578387  0.109926669524853 0.809632
3.050000  0.135635739047829  0.109337580426704 0.806112
3.053125  0.135489576152436  0.108743117667240 0.802594
3.056250  0.135335091337634  0.108143333723835 0.799078
3.059375  0.135172318531664  0.107538281348055 0.795564
3.062500  0.135001292137521  0.106928013220652 0.792052
3.065625  0.134822047024953  0.106312582263264 0.78854
3.068750  0.134634618522505  0.105692041388059 0.785029
3.071875  0.134439042409603  0.105066443892337 0.781517
3.075000  0.134235354908697  0.104435842911691 0.778005
3.078125  0.134023592677441  0.103800291767117 0.774493
3.081250  0.133803792800931  0.103159843885202 0.770978
3.084375  0.133575992783982  0.102514552609346 0.767462
3.087500  0.133340230543463  0.101864471463058 0.763944
3.090625  0.133096544400677  0.101209653856075 0.760423
3.093750  0.132844973073784  0.100550153417528 0.756898
3.096875  0.132585555670289  0.099886023683394 0.75337
3.100000  0.132318331679561  0.099217318301389 0.749838
3.103125  0.132043340965417  0.098544090777867 0.746301
3.106250  0.131760623758750  0.097866394656633 0.742759
3.109375  0.131470220650203  0.097184283693486 0.739211
3.112500  0.131172172582903  0.096497811793362 0.735658
3.115625  0.130866520845239  0.095807032435962 0.732097
3.118750  0.130553307063690  0.095111998851729 0.72853
3.121875  0.130232573195710  0.094412764103305 0.724955
3.125000  0.129904361522655  0.093709381104176 0.721372
3.128125  0.129568714642773  0.093001902868760 0.717781
3.131250  0.129225675464231  0.092290382196258 0.71418
3.134375  0.128875287198208  0.091574871450996 0.71057
3.137500  0.128517593352025  0.090855425163795 0.706949
3.140625  0.128152637722339  0.090132097582699 0.703318
3.143750  0.127780464388383  0.089404943181128 0.699676
3.146875  0.127401117705254  0.088674016564839 0.696022
3.150000  0.127014642297259  0.087939372562090 0.692356
3.153125  0.126621083051311  0.087201065544161 0.688677
3.156250  0.126220485110376  0.086459151396687 0.684985
3.159375  0.125812893866969  0.085713684917278 0.681279
3.162500  0.125398354956710  0.084964720834366 0.677558
3.165625  0.124976914251919  0.084212313154198 0.673823
3.168750  0.124548617855279  0.083456515283739 0.670072
3.171875  0.124113512093536  0.082697381500303 0.666304
3.175000  0.123671643511260  0.081934966383220 0.66252
3.178125  0.123223058864655  0.081169323551086 0.658719
3.181250  0.122767805115418  0.080400506465579 0.654899
3.184375  0.122305929424658  0.079628567464506 0.651061
3.187500  0.121837479146857  0.078853550457833 0.647203
3.190625  0.121362501823887  0.078075510256333 0.643325
3.193750  0.120881045179084  0.077294501893460 0.639426
3.196875  0.120393157111364  0.076510585138430 0.635506
3.200000  0.119898885689394  0.075723816024341 0.631564
3.203125  0.119398279145821  0.074934248884860 0.627599
3.206250  0.118891385871544  0.074141936145769 0.623611
3.209375  0.118378254410040  0.073346928971159 0.619598
3.212500  0.117858933451744  0.072549277393778 0.61556
3.215625  0.117333471828476  0.071749030208215 0.611497
3.218750  0.116801918507924  0.070946235022780 0.607406
3.221875  0.116264322588173  0.070140938186844 0.603289
3.225000  0.115720733292288  0.069333184908946 0.599142
3.228125  0.115171199962949  0.068523019178257 0.594967
3.231250  0.114615772057132  0.067710483504894 0.590761
3.234375  0.114054499140846  0.066895620049730 0.586523
3.237500  0.113487430883917  0.066078469366450 0.582254
3.240625  0.112914617054825  0.065259071162298 0.577951
3.243750  0.112336107515588  0.064437463625742 0.573613
3.246875  0.111751952216698  0.063613684072347 0.56924
3.250000  0.111162201192110  0.062787768566589 0.56483
3.253125  0.110566904554273  0.061959752204784 0.560382
3.256250  0.109966112489221  0.061129668977438 0.555896
3.259375  0.109359875251702  0.060297551910239 0.551368
3.262500  0.108748243160370  0.059463432450676 0.546799
3.265625  0.108131266593011  0.058627341981573 0.542187
3.268750  0.107508995981834  0.057789310214484 0.53753
3.271875  0.106881481808794  0.056949366361139 0.532827
3.275000  0.106248774600982  0.056107537802659 0.528077
3.278125  0.105610924926048  0.055263853148218 0.523278
3.281250  0.104967983387681  0.054418337798131 0.518428
3.284375  0.104320000621135  0.053571017193274 0.513526
3.287500  0.103667027288802  0.052721915726259 0.50857
3.290625  0.103009114075838  0.051871057466293 0.503558
3.293750  0.102346311685827  0.051018465800457 0.498489
3.296875  0.101678670836503  0.050164163763675 0.49336
3.300000  0.101006242255513  0.049308173678072 0.48817
3.303125  0.100329076676229  0.048450517511831 0.482916
3.306250  0.099647224833607  0.047591216620579 0.477597
3.309375  0.098960737460092  0.046730291955458 0.47221
3.312500  0.098269665281573  0.045867763992263 0.466754
3.315625  0.097574059013377  0.045003653031401 0.461226
3.318750  0.096873969356317  0.044137978595387 0.455623
3.321875  0.096169446992783  0.043270761081791 0.449943
3.325000  0.095460542582875  0.042402019920776 0.444184
3.328125  0.094747306760590  0.041531775143863 0.438343
3.331250  0.094029790130046  0.040660045298047 0.432417
3.334375  0.093308043261754  0.039786850053413 0.426403
3.337500  0.092582116688937  0.038912208462533 0.420299
3.340625  0.091852060903892  0.038036140244838 0.414102
3.343750  0.091117926354394  0.037158664855813 0.407808
3.346875  0.090379763440152  0.036279802135688 0.401415
3.350000  0.089637622509298  0.035399572109168 0.394919
3.353125  0.088891553854926  0.034517995223306 0.388316
3.356250  0.088141607711679  0.033635091982706 0.381603
3.359375  0.087387834252368  0.032750883486321 0.374776
3.362500  0.086630283584644  0.031865391122040 0.367832
3.365625  0.085869005747711  0.030978636866892 0.360766
3.368750  0.085104050709073  0.030090643160059 0.353575
3.371875  0.084335468361337  0.029201432990093 0.346253
3.375000  0.083563308519049  0.028311029406043 0.338797
3.378125  0.082787620915575  0.027419457772977 0.331202
3.381250  0.082008455200019  0.026526742100045 0.323464
3.384375  0.081225860934193  0.025632908128879 0.315576
3.387500  0.080439887589616  0.024737981362687 0.307534
3.390625  0.079650584544563  0.023841988830721 0.299332
3.393750  0.078858001081150  0.022944959247045 0.290966
3.396875  0.078062186382458  0.022046920634651 0.282428
3.400000  0.077263189529707  0.021147901642750 0.273713
3.403125  0.076461059499454  0.020247931205959 0.264814
3.406250  0.075655845160848  0.019347039124909 0.255724
3.409375  0.074847595272909  0.018445256698372 0.246438
3.412500  0.074036358481858  0.017542616132900 0.236946
3.415625  0.073222183318481  0.016639150901829 0.227242
3.418750  0.072405118195528  0.015734895318496 0.217317
3.421875  0.071585211405160  0.014829885053111 0.207164
3.425000  0.070762511116425  0.013924156490055 0.196773
3.428125  0.069937065372778  0.013017747911175 0.186135
3.431250  0.069108922089634  0.012110697216651 0.175241
3.434375  0.068278129051964  0.011203044376412 0.16408
3.437500  0.067444733911922  0.010294830016256 0.152641
3.440625  0.066608784186517  0.009386096440715 0.140914
3.443750  0.065770327255310  0.008476886844645 0.128886
3.446875  0.064929410358161  0.007567245698827 0.116546
3.450000  0.064086080593002  0.006657218506766 0.103879
3.453125  0.063240384913651  0.005746852087354 0.0908731
3.456250  0.062392370127659  0.004836194466779 0.0775126
3.459375  0.061542082894197  0.003925294971495 0.0637823
3.462500  0.060689569721969  0.003014204212121 0.0496659
3.465625  0.059834876967174  0.002102974140131 0.0351463
3.468750  0.058978050831487  0.001191658253058 0.0202051
3.471875  0.058119137360087  0.000280311562854 0.00482305
3.475000  0.057258182439714 -0.000631009191091 -0.0110204
3.478125  0.056395231796757 -0.001542244823348 -0.0273471
3.481250  0.055530330995382 -0.002453334375743 -0.0441801
3.484375  0.054663525435691 -0.003364213961890 -0.061544
3.487500  0.053794860351912 -0.004274817049432 -0.0794652
3.490625  0.052924380810622 -0.005185073552981 -0.0979714
3.493750  0.052052131709008 -0.006094909494240 -0.117092
3.496875  0.051178157773155 -0.007004246464216 -0.13686
3.500000  0.050302503556367 -0.007913000496025 -0.157308
3.503125  0.049425213437523 -0.008821078253451 -0.178473
3.506250  0.048546331619459 -0.009728380643544 -0.200394
3.509375  0.047665902127389 -0.010634802820674 -0.223111
3.512500  0.046783968807351 -0.011540233497464 -0.246671
3.515625  0.045900575324685 -0.012444553073216 -0.27112
3.518750  0.045015765162546 -0.013347633530937 -0.29651
3.521875  0.044129581620441 -0.014249338942156 -0.322898
3.525000  0.043242067812801 -0.015149527299489 -0.350342
3.528125  0.042353266667581 -0.016048051813801 -0.378909
3.531250  0.041463220924891 -0.016944763619408 -0.40867
3.534375  0.040571973135652 -0.017839513680330 -0.4397
3.537500  0.039679565660290 -0.018732154636799 -0.472086
3.540625  0.038786040667448 -0.019622546099884 -0.505918
3.543750  0.037891440132737 -0.020510555261599 -0.541298
3.546875  0.036995805837507 -0.021396041346752 -0.578337
3.550000  0.036099179367654 -0.022278898857983 -0.617158
3.553125  0.035201602112447 -0.023159061184991 -0.657898
3.556250  0.034303115263388 -0.024036505678988 -0.700709
3.559375  0.033403759813101 -0.024911239709690 -0.745762
3.562500  0.032503576554240 -0.025783293311526 -0.793245
3.565625  0.031602606078436 -0.026652714165113 -0.843371
3.568750  0.030700888775256 -0.027519563968960 -0.896377
3.571875  0.029798464831206 -0.028383914960037 -0.952529
3.575000  0.028895374228745 -0.029245847306923 -1.01213
3.578125  0.027991656745330 -0.030105446075652 -1.07551
3.581250  0.027087351952495 -0.030962799418492 -1.14307
3.584375  0.026182499214940 -0.031817996226663 -1.21524
3.587500  0.025277137689659 -0.032671124127933 -1.29252
3.590625  0.024371306325089 -0.033522265795448 -1.37548
3.593750  0.023465043860276 -0.034371501859375 -1.4648
3.596875  0.022558388824082 -0.035218907290853 -1.56123
3.600000  0.021651379534397 -0.036064550007274 -1.66569
3.603125  0.020744054097393 -0.036908488220198 -1.77923
3.606250  0.019836450406789 -0.037750769190660 -1.9031
3.609375  0.018928606143149 -0.038591428077280 -2.03879
3.612500  0.018020558773194 -0.039430487020383 -2.18808
3.615625  0.017112345549148 -0.040267954108639 -2.35315
3.618750  0.016204003508095 -0.041103822336347 -2.53665
3.621875  0.015295569471372 -0.041938066148772 -2.74184
3.625000  0.014387080043974 -0.042770646253800 -2.97285
3.628125  0.013478571613988 -0.043601504909301 -3.23488
3.631250  0.012570080352040 -0.044430566474505 -3.53463
3.634375  0.011661642210780 -0.045257735441052 -3.88091
3.637500  0.010753292924370 -0.046082896640234 -4.28547
3.640625  0.009845068008010 -0.046905917944465 -4.76441
3.643750  0.008937002757471 -0.047726649331833 -5.34034
3.646875  0.008029132248662 -0.048544924031014 -6.0461
3.650000  0.007121491337205 -0.049360558963756 -6.93121
3.653125  0.006214114658044 -0.050173355962845 -8.0741
3.656250  0.005307036625062 -0.050983101374050 -9.6067
3.659375  0.004400291430729 -0.051789568557119 -11.7696
3.662500  0.003493913045760 -0.052592517213722 -15.0526
3.665625  0.002587935218800 -0.053391694558241 -20.631
3.668750  0.001682391476125 -0.054186836013563 -32.2082
3.671875  0.000777315121365 -0.054977665257642 -70.7276
3.675000 -0.000127260764757 -0.055763895619593 438.186
3.678125 -0.001031303324666 -0.056545228306006 54.8289
3.681250 -0.001934779924153 -0.057321358787815 29.6268
3.684375 -0.002837658152585 -0.058091973795630 20.4718
3.687500 -0.003739905823084 -0.058856755326977 15.7375
3.690625 -0.004641490972698 -0.059615369343763 12.844
3.693750 -0.005542381862545 -0.060367478667608 10.892
3.696875 -0.006442546977952 -0.061112738817763 9.4858
3.700000 -0.007341955028561 -0.061850803433238 8.4243
3.703125 -0.008240574948432 -0.062581321612526 7.59429
3.706250 -0.009138375896117 -0.063303939582892 6.92726
3.709375 -0.010035327254727 -0.064018301474308 6.37929
3.712500 -0.010931398631976 -0.064724050405344 5.92093
3.715625 -0.011826559860208 -0.065420829535536 5.53169
3.718750 -0.012720780996417 -0.066108282722228 5.19687
3.721875 -0.013614032322233 -0.066786055287798 4.90568
3.725000 -0.014506284343915 -0.067453795132385 4.64997
3.728125 -0.015397507792308 -0.068111153091054 4.42352
3.731250 -0.016287673622795 -0.068757783866212 4.22146
3.734375 -0.017176753015232 -0.069393346085169 4.03996
3.737500 -0.018064717373866 -0.070017503601334 3.87593
3.740625 -0.018951538327241 -0.070629925851412 3.72687
3.743750 -0.019837187728084 -0.071230288582116 3.59075
3.746875 -0.020721637653183 -0.071818273981791 3.46586
3.750000 -0.021604860403246 -0.072393571528044 3.3508
3.753125 -0.022486828502746 -0.072955878026523 3.24438
3.756250 -0.023367514699755 -0.073504898403795 3.1456
3.759375 -0.024246891965758 -0.074040345872729 3.0536
3.762500 -0.025124933495463 -0.074561942455663 2.96765
3.765625 -0.026001612706587 -0.075069418573096 2.88711
3.768750 -0.026876903239634 -0.075562514414250 2.81143
3.771875 -0.027750778957662 -0.076040979652537 2.74014
3.775000 -0.028623213946031 -0.076504573361635 2.67282
3.778125 -0.029494182512141 -0.076953063757325 2.60909
3.781250 -0.030363659185161 -0.077386229270537 2.54865
3.784375 -0.031231618715737 -0.077803857957551 2.49119
3.787500 -0.032098036075696 -0.078205748707158 2.43647
3.790625 -0.032962886457736 -0.078591708749719 2.38425
3.793750 -0.033826145275097 -0.078961556503254 2.33434
3.796875 -0.034687788161230 -0.079315119809564 2.28654
3.800000 -0.035547790969448 -0.079652237576625 2.24071
3.803125 -0.036406129772567 -0.079972758331234 2.19668
3.806250 -0.037262780862540 -0.080276540846138 2.15434
3.809375 -0.038117720750068 -0.080563453601303 2.11354
3.812500 -0.038970926164216 -0.080833375094278 2.0742
3.815625 -0.039822374052003 -0.081086193428116 2.0362
3.818750 -0.040672041577993 -0.081321806524158 1.99945
3.821875 -0.041519906123867 -0.081540121193217 1.96388
3.825000 -0.042365945287992 -0.081741054340131 1.9294
3.828125 -0.043210136884970 -0.081924531745804 1.89596
3.831250 -0.044052458945189 -0.082090488872091 1.86347
3.834375 -0.044892889714353 -0.082238869401694 1.83189
3.837500 -0.045731407653009 -0.082369626329802 1.80116
3.840625 -0.046567991436063 -0.082482720990266 1.77123
3.843750 -0.047402619952282 -0.082578123503056 1.74206
3.846875 -0.048235272303796 -0.082655812116150 1.7136
3.850000 -0.049065927805580 -0.082715773367301 1.68581
3.853125 -0.049894565984933 -0.082758001723416 1.65866
3.856250 -0.050721166580950 -0.082782499552440 1.63211
3.859375 -0.051545709543979 -0.082789276747685 1.60613
3.862500 -0.052368175035075 -0.082778350790956 1.5807
3.865625 -0.053188543425441 -0.082749746260388 1.55578
3.868750 -0.054006795295863 -0.082703495024303 1.53135
3.871875 -0.054822911436138 -0.082639635778721 1.50739
3.875000 -0.055636872844493 -0.082558214167686 1.48388
3.878125 -0.056448660726990 -0.082459281925718 1.46078
3.881250 -0.057258256496936 -0.082342897938554 1.4381
3.884375 -0.058065641774271 -0.082209126703337 1.4158
3.887500 -0.058870798384962 -0.082058039184325 1.39387
3.890625 -0.059673708360377 -0.081889711847241 1.37229
3.893750 -0.060474353936660 -0.081704226706963 1.35106
3.896875 -0.061272717554097 -0.081501672161462 1.33015
3.900000 -0.062068781856473 -0.081282141669420 1.30955
3.903125 -0.062862529690424 -0.081045733976022 1.28925
3.906250 -0.063653944104782 -0.080792552648824 1.26925
3.909375 -0.064443008349912 -0.080522706001714 1.24952
3.912500 -0.065229705877043 -0.080236307263007 1.23006
3.915625 -0.066014020337595 -0.079933474179594 1.21086
3.918750 -0.066795935582496 -0.079614329227547 1.1919
3.921875 -0.067575435661494 -0.079278998866327 1.17319
3.925000 -0.068352504822466 -0.078927614033764 1.15471
3.928125 -0.069127127510715 -0.078560309302495 1.13646
3.931250 -0.069899288368266 -0.078177223752383 1.11843
3.934375 -0.070668972233156 -0.077778499507304 1.1006
3.937500 -0.071436164138716 -0.077364282751359 1.08298
3.940625 -0.072200849312851 -0.076934722811860 1.06557
3.943750 -0.072963013177308 -0.076489972662580 1.04834
3.946875 -0.073722641346948 -0.076030188544145 1.0313
3.950000 -0.074479719629005 -0.075555528899970 1.01444
3.953125 -0.075234234022345 -0.075066156097933 0.997766
3.956250 -0.075986170716715 -0.074562234816377 0.981261
3.959375 -0.076735516091995 -0.074043932882706 0.964924
3.962500 -0.077482256717437 -0.073511420422625 0.948752
3.965625 -0.078226379350904 -0.072964870124154 0.93274
3.968750 -0.078967870938104 -0.072404456974047 0.916885
3.971875 -0.079706718611817 -0.071830358233449 0.901183
3.975000 -0.080442909691124 -0.071242753249837 0.885631
3.978125 -0.081176431680624 -0.070641823187000 0.870226
3.981250 -0.081907272269649 -0.070027751389110 0.854964
3.984375 -0.082635419331485 -0.069400722608998 0.839842
3.987500 -0.083360860922569 -0.068760923502786 0.824859
3.990625 -0.084083585281703 -0.068108542008100 0.81001
3.993750 -0.084803580829252 -0.067443767445868 0.795294
3.996875 -0.085520836166341 -0.066766790660783 0.780708
4.000000 -0.086235324874754 -0.066077803341907 0.76625
4.003125 -0.086946674326216 -0.065376997136031 0.751921
4.006250 -0.087654179177697 -0.064664566264346 0.737724
4.009375 -0.088357141197651 -0.063940706142605 0.723662
4.012500 -0.089054884166897 -0.063205612926191 0.709738
4.015625 -0.089746753467055 -0.062459483150530 0.695953
4.018750 -0.090432115674970 -0.061702514169076 0.682308
4.021875 -0.091110358163046 -0.060934904488858 0.668803
4.025000 -0.091780888705426 -0.060156853911853 0.65544
4.028125 -0.092443135089926 -0.059368563562216 0.642217
4.031250 -0.093096544735673 -0.058570236003768 0.629134
4.034375 -0.093740584316361 -0.057762074979008 0.616191
4.037500 -0.094374739389056 -0.056944285516128 0.603385
4.040625 -0.094998514028490 -0.056117074397770 0.590715
4.043750 -0.095611430466759 -0.055280649240870 0.57818
4.046875 -0.096213028738370 -0.054435211500464 0.565778
4.050000 -0.096802866330568 -0.053580979349044 0.553506
4.053125 -0.097380517838867 -0.052718171703932 0.541363
4.056250 -0.097945574627728 -0.051847008740353 0.529345
4.059375 -0.098497644496319 -0.050967704699010 0.517451
4.062500 -0.099036351349285 -0.050080470442570 0.505678
4.065625 -0.099561334872474 -0.049185514499274 0.494022
4.068750 -0.100072250213547 -0.048283043565961 0.482482
4.071875 -0.100568767667415 -0.047373262707703 0.471053
4.075000 -0.101050572366443 -0.046456375503800 0.459734
4.078125 -0.101517363975350 -0.045532584132121 0.44852
4.081250 -0.101968856390763 -0.044602089851712 0.437409
4.084375 -0.102404777445348 -0.043665092271929 0.426397
4.087500 -0.102824868616462 -0.042721789677813 0.415481
4.090625 -0.103228884739281 -0.041772378672171 0.404658
4.093750 -0.103616593724333 -0.040817056629453 0.393924
4.096875 -0.103987776279381 -0.039856019114519 0.383276
4.100000 -0.104342225635608 -0.038889460538439 0.372711
4.103125 -0.104679747278036 -0.037917573440497 0.362225
4.106250 -0.105000158680139 -0.036940549916005 0.351814
4.109375 -0.105303289042578 -0.035958580462622 0.341476
4.112500 -0.105588979036025 -0.034971854917720 0.331207
4.115625 -0.105857080548004 -0.033980561903475 0.321004
4.118750 -0.106107456433709 -0.032984889196310 0.310863
4.121875 -0.106339980270738 -0.031985022626739 0.300781
4.125000 -0.106554536117703 -0.030981149278005 0.290754
4.128125 -0.106751018276657 -0.029973453818479 0.280779
4.131250 -0.106929331059289 -0.028962120537236 0.270853
4.134375 -0.107089388556837 -0.027947332393902 0.260972
4.137500 -0.107231114413677 -0.026929271980359 0.251133
4.140625 -0.107354441604529 -0.025908122052632 0.241333
4.143750 -0.107459312215246 -0.024884064437311 0.231567
4.146875 -0.107545677227120 -0.023857278894624 0.221834
4.150000 -0.107613496304676 -0.022827948185909 0.212129
4.153125 -0.107662737586902 -0.021796254235663 0.202449
4.156250 -0.107693377481862 -0.020762378696255 0.192792
4.159375 -0.107705400464662 -0.019726501315699 0.183152
4.162500 -0.107698798878709 -0.018688799923609 0.173528
4.165625 -0.107673572740228 -0.017649450687147 0.163916
4.168750 -0.107629729545994 -0.016608628177764 0.154313
4.171875 -0.107567284084231 -0.015566505195532 0.144714
4.175000 -0.107486258248640 -0.014523253175664 0.135117
4.178125 -0.107386680855510 -0.013479041048695 0.125519
4.181250 -0.107268587463875 -0.012434038596519 0.115915
4.184375 -0.107132020198674 -0.011388412537767 0.106303
4.187500 -0.106977027576870 -0.010342329099066 0.096678
4.190625 -0.106803664336498 -0.009295949761342 0.0870377
4.193750 -0.106611991268590 -0.008249438120840 0.0773781
4.196875 -0.106402075051944 -0.007202955056057 0.0676956
4.200000 -0.106173988090704 -0.006156661234379 0.0579865
4.203125 -0.105927808354701 -0.005110715005199 0.0482472
4.206250 -0.105663619222526 -0.004065273574077 0.0384737
4.209375 -0.105381509327297 -0.003020492827490 0.0286625
4.212500 -0.105081572405075 -0.001976527321026 0.0188095
4.215625 -0.104763907145911 -0.000933530299674 0.0089108
4.218750 -0.104428617047463  0.000108346411754 -0.00103752
4.221875 -0.104075810271167  0.001148952602854 -0.0110396
4.225000 -0.103705599500924  0.002188138821041 -0.0210995
4.228125 -0.103318101804259  0.003225757591679 -0.0312216
4.231250 -0.102913438495924  0.004261662636544 -0.0414102
4.234375 -0.102491735003918  0.005295709442584 -0.0516696
4.237500 -0.102053120737873  0.006327754648898 -0.0620045
4.240625 -0.101597728959794  0.007357656325838 -0.0724195
4.243750 -0.101125696657102  0.008385273844226 -0.0829193
4.246875 -0.100637164417958  0.009410468173862 -0.0935089
4.250000 -0.100132276308838  0.010433101569964 -0.104193
4.253125 -0.099611179754316  0.011453037911739 -0.114977
4.256250 -0.099074025419038  0.012470142433115 -0.125867
4.259375 -0.098520967091844  0.013484281924943 -0.136867
4.262500 -0.097952161572021  0.014495324790892 -0.147984
4.265625 -0.097367768557639  0.015503140870443 -0.159223
4.268750 -0.096767950535957  0.016507601395304 -0.17059
4.271875 -0.096152872675868  0.017508579293087 -0.182091
4.275000 -0.095522702722336  0.018505949284225 -0.193734
4.278125 -0.094877610892826  0.019499587865569 -0.205524
4.281250 -0.094217769775671  0.020489372428866 -0.217468
4.284375 -0.093543354230366  0.021475182355545 -0.229575
4.287500 -0.092854541289752  0.022456898127692 -0.24185
4.290625 -0.092151510064071  0.023434403105513 -0.254303
4.293750 -0.091434441646857  0.024407580749425 -0.266941
4.296875 -0.090703519022640  0.025376316935758 -0.279772
4.300000 -0.089958926976442  0.026340498323941 -0.292806
4.303125 -0.089200852005023  0.027300013906217 -0.306051
4.306250 -0.088429482229877  0.028254754518496 -0.319517
4.309375 -0.087645007311927  0.029204610507384 -0.333215
4.312500 -0.086847618367910  0.030149475016945 -0.347154
4.315625 -0.086037507888423  0.031089242619245 -0.361345
4.318750 -0.085214869657605  0.032023810232079 -0.375801
4.321875 -0.084379898674428  0.032953076570852 -0.390532
4.325000 -0.083532791075586  0.033876941794330 -0.405553
4.328125 -0.082673744059940  0.034795308241653 -0.420875
4.331250 -0.081802955814507  0.035708079887791 -0.436513
4.334375 -0.080920625441977  0.036615162848009 -0.452482
4.337500 -0.080026952889712  0.037516464757298 -0.468798
4.340625 -0.079122138880235  0.038411895381403 -0.485476
4.343750 -0.078206384843163  0.039301365721874 -0.502534
4.346875 -0.077279892848569  0.040184788894187 -0.51999
4.350000 -0.076342865541764  0.041062079626431 -0.537864
4.353125 -0.075395506079457  0.041933154366811 -0.556176
4.356250 -0.074438018067284  0.042797931398429 -0.574947
4.359375 -0.073470605498695  0.043656330653960 -0.594201
4.362500 -0.072493472695149  0.044508273725274 -0.613962
4.365625 -0.071506824247633  0.045353683915966 -0.634257
4.368750 -0.070510864959454  0.046192486016844 -0.655112
4.371875 -0.069505799790309  0.047024606515478 -0.676557
4.375000 -0.068491833801595  0.047849973482161 -0.698623
4.378125 -0.067469172102948  0.048668516690143 -0.721345
4.381250 -0.066438019799997  0.049480167323852 -0.744757
4.384375 -0.065398581943306  0.050284858056877 -0.768898
4.387500 -0.064351063478483  0.051082523175426 -0.79381
4.390625 -0.063295669197454  0.051873098593301 -0.819536
4.393750 -0.062232603690865  0.052656521614079 -0.846124
4.396875 -0.061162071301606  0.053432730882638 -0.873625
4.400000 -0.060084276079438  0.054201666564811 -0.902094
4.403125 -0.058999421736698  0.054963270159528 -0.93159
4.406250 -0.057907711605083  0.055717484564385 -0.962177
4.409375 -0.056809348593467  0.056464254074918 -0.993925
4.412500 -0.055704535146765  0.057203524251290 -1.02691
4.415625 -0.054593473205815  0.057935242056699 -1.06121
4.418750 -0.053476364168247  0.058659355501139 -1.09692
4.421875 -0.052353408850357  0.059375814182495 -1.13413
4.425000 -0.051224807449932  0.060084568452871 -1.17296
4.428125 -0.050090759510040  0.060785570029952 -1.21351
4.431250 -0.048951463883755  0.061478771527272 -1.25591
4.434375 -0.047807118699806  0.062164126995197 -1.30031
4.437500 -0.046657921329136  0.062841591329732 -1.34686
4.440625 -0.045504068352349  0.063511120928566 -1.39572
4.443750 -0.044345755528041  0.064172672554970 -1.4471
4.446875 -0.043183177762000  0.064826202976709 -1.50119
4.450000 -0.042016529077243  0.065471670586315 -1.55824
4.453125 -0.040846002584906  0.066109034117193 -1.61849
4.456250 -0.039671790455942  0.066738254684252 -1.68226
4.459375 -0.038494083893643  0.067359294208292 -1.74986
4.462500 -0.037313073106939  0.067972116140783 -1.82167
4.465625 -0.036128947284502  0.068576685442434 -1.89811
4.468750 -0.034941894569599  0.069172966965821 -1.97966
4.471875 -0.033752102035715  0.069760926701889 -2.06686
4.475000 -0.032559755662912  0.070340531654920 -2.16035
4.478125 -0.031365040314924  0.070911750491861 -2.26085
4.481250 -0.030168139716968  0.071474553070806 -2.36921
4.484375 -0.028969236434264  0.072028910699155 -2.48639
4.487500 -0.027768511851245  0.072574795581944 -2.61356
4.490625 -0.026566146151454  0.073112181156405 -2.75208
4.493750 -0.025362318298111  0.073641041963910 -2.90356
4.496875 -0.024157206015338  0.074161353524963 -3.06995
4.500000 -0.022950985770031  0.074673092634677 -3.25359
4.503125 -0.021743832754371  0.075176237250047 -3.45736
4.506250 -0.020535920868959  0.075670765707548 -3.6848
4.509375 -0.019327422706566  0.076156657693737 -3.94034
4.512500 -0.018118509536483  0.076633893837051 -4.22959
4.515625 -0.016909351289472  0.077102455933190 -4.55975
4.518750 -0.015700116543289  0.077562326459525 -4.94024
4.521875 -0.014490972508788  0.078013488827201 -5.38359
4.525000 -0.013282085016583  0.078455927355486 -5.9069
4.528125 -0.012073618504257  0.078889627231567 -6.53405
4.531250 -0.010865736004124  0.079314574503626 -7.29951
4.534375 -0.009658599131510  0.079730756191694 -8.2549
4.537500 -0.008452368073565  0.080138160040206 -9.48115
4.540625 -0.007247201578585  0.080536774736108 -11.1128
4.543750 -0.006043256945834  0.080926589710576 -13.3912
4.546875 -0.004840690015869  0.081307597048801 -16.7967
4.550000 -0.003639655161333  0.081679784385633 -22.4416
4.553125 -0.002440305278245  0.082043143983152 -33.62
4.556250 -0.001242791777736  0.082397668918617 -66.3005
4.559375 -0.000047264578260  0.082743354611452 -1750.64
4.562500  0.001146127901757  0.083080196605259 72.4877
4.565625  0.002337238750826  0.083408190756805 35.6866
4.568750  0.003525922570861  0.083727333845266 23.7462
4.571875  0.004712035483240  0.084037623007435 17.8347
4.575000  0.005895435134430  0.084339056152045 14.3058
4.578125  0.007075980701220  0.084631631761263 11.9604
4.581250  0.008253532895544  0.084915349090210 10.2884
4.584375  0.009427953968921  0.085190208505151 9.03592
4.587500  0.010599107716499  0.085456210967538 8.06259
4.590625  0.011766859480736  0.085713358176290 7.2843
4.593750  0.012931076154702  0.085961651977312 6.64768
4.596875  0.014091626185022  0.086201095642869 6.11719
4.600000  0.015248379574468  0.086431692369085 5.66825
4.603125  0.016401207884197  0.086653447754250 5.28336
4.606250  0.017549984235658  0.086866366819931 4.94965
4.609375  0.018694583312158  0.087070456114285 4.65752
4.612500  0.019834881360102  0.087265722051781 4.39961
4.615625  0.020970756189925  0.087452172111412 4.1702
4.618750  0.022102087176691  0.087629814361562 3.96478
4.621875  0.023228755260409  0.087798657914776 3.77974
4.625000  0.024350642946026  0.087958711863656 3.61217
4.628125  0.025467634303150  0.088109986921980 3.45968
4.631250  0.026579614965465  0.088252494048247 3.32031
4.634375  0.027686472129882  0.088386245155761 3.1924
4.637500  0.028788094555401  0.088511252654798 3.07458
4.640625  0.029884372561718  0.088627529611173 2.96568
4.643750  0.030975198027558  0.088735090070378 2.86471
4.646875  0.032060464388758  0.088833949625525 2.77083
4.650000  0.033140066636098  0.088924121887746 2.68328
4.653125  0.034213901312882  0.089005623299657 2.60145
4.656250  0.035281866512284  0.089078470525574 2.52477
4.659375  0.036343861874460  0.089142682096537 2.45276
4.662500  0.037399788583427  0.089198277032521 2.38499
4.665625  0.038449549363721  0.089245275034484 2.3211
4.668750  0.039493048476838  0.089283696441034 2.26074
4.671875  0.040530191717458  0.089313562338288 2.20363
4.675000  0.041560886409464  0.089334894401967 2.14949
4.678125  0.042585041401759  0.089347715391357 2.0981
4.681250  0.043602567063881  0.089352047860329 2.04924
4.684375  0.044613375281426  0.089347916223135 2.00272
4.687500  0.045617379451287  0.089335344954223 1.95836
4.690625  0.046614494476701  0.089314360202952 1.91602
4.693750  0.047604636762127  0.089284987324041 1.87555
4.696875  0.048587724207940  0.089247253594217 1.83683
4.700000  0.049563676204961  0.089201186092183 1.79973
4.703125  0.050532413628817  0.089146813967138 1.76415
4.706250  0.051493858834148  0.089084166806533 1.73
4.709375  0.052447935648645  0.089013275148155 1.69717
4.712500  0.053394569366946  0.088934169768637 1.6656
4.715625  0.054333686744377  0.088846882086584 1.63521
4.718750  0.055265215990553  0.088751444003928 1.60592
4.721875  0.056189086762834  0.088647888173645 1.57767
4.725000  0.057105230159646  0.088536247403811 1.55041
4.728125  0.058013578713674  0.088416555648370 1.52407
4.731250  0.058914066384921  0.088288847056735 1.4986
4.734375  0.059806628553639  0.088153156695735 1.47397
4.737500  0.060691202013152  0.088009519882942 1.45012
4.740625  0.061567724962545  0.087857972648297 1.42701
4.743750  0.062436136999248  0.087698551464543 1.40461
4.746875  0.063296379111513  0.087531293709849 1.38288
4.750000  0.064148393670772  0.087356236862971 1.36178
4.753125  0.064992124423904  0.087173419329268 1.34129
4.756250  0.065827516485393  0.086982879815777 1.32138
4.759375  0.066654516329394  0.086784657830071 1.30201
4.762500  0.067473071781702  0.086578793403932 1.28316
4.765625  0.068283132011634  0.086365326968462 1.26481
4.768750  0.069084647523820  0.086144299587412 1.24694
4.771875  0.069877570149910  0.085915752877827 1.22952
4.775000  0.070661853040207  0.085679728889866 1.21253
4.778125  0.071437450655209  0.085436270361810 1.19596
4.781250  0.072204318757085  0.085185420011650 1.17978
4.784375  0.072962414401078  0.084927221584648 1.16399
4.787500  0.073711695926834  0.084661718893784 1.14855
4.790625  0.074452122949667  0.084388956841879 1.13347
4.793750  0.075183656351762  0.084108979877920 1.11871
4.796875  0.075906258273308  0.083821833695595 1.10428
4.800000  0.076619892103587  0.083527563917160 1.09016
4.803125  0.077324522471990  0.083226217187402 1.07632
4.806250  0.078020115238992  0.082917840625684 1.06278
4.809375  0.078706637487069  0.082602480172805 1.0495
4.812500  0.079384057511572  0.082280184146456 1.03648
4.815625  0.080052344811548  0.081951000470545 1.02372
4.818750  0.080711470080521  0.081614978050381 1.01119
4.821875  0.081361405197233  0.081272165894729 0.998903
4.825000  0.082002123216341  0.080922613286699 0.986836
4.828125  0.082633598359082  0.080566370118398 0.974983
4.831250  0.083255806003899  0.080203486393684 0.963338
4.834375  0.083868722677038  0.079834012718630 0.951893
4.837500  0.084472326043111  0.079457999762272 0.940639
4.840625  0.085066594895631  0.079075498710017 0.929572
4.843750  0.085651509147526  0.078686560675501 0.918683
4.846875  0.086227049821621  0.078291237464443 0.907966
4.850000  0.086793199041102  0.077889580954585 0.897416
4.853125  0.087349940019956  0.077481643334993 0.887026
4.856250  0.087897257053399  0.077067477143950 0.87679
4.859375  0.088435135508281  0.076647135084077 0.866705
4.862500  0.088963561813478  0.076220670165391 0.856763
4.865625  0.089482523450269  0.075788135498337 0.84696
4.868750  0.089992008942709  0.075349584440753 0.837292
4.871875  0.090492007847982  0.074905070537207 0.827753
4.875000  0.090982510746753  0.074454647559418 0.81834
4.878125  0.091463509233510  0.073998369406467 0.809048
4.881250  0.091934995906907  0.073536289977531 0.799873
4.884375  0.092396964360095  0.073068463168603 0.79081
4.887500  0.092849409171059  0.072594943285130 0.781857
4.890625  0.093292325892953  0.072115784702310 0.773009
4.893750  0.093725711044432  0.071631041715114 0.764262
4.896875  0.094149562099995  0.071140768615493 0.755614
4.900000  0.094563877480325  0.070645019451177 0.747061
4.903125  0.094968656542639  0.070143848253653 0.7386
4.906250  0.095363899571044  0.069637309009456 0.730227
4.909375  0.095749607766899  0.069125454692298 0.72194
4.912500  0.096125783239194  0.068608338640964 0.713735
4.915625  0.096492428994930  0.068086014419136 0.70561
4.918750  0.096849548929519  0.067558535336072 0.697562
4.921875  0.097197147817195  0.067025954813921 0.689588
4.925000  0.097535231301441  0.066488326412754 0.681685
4.928125  0.097863805885427  0.065945703497158 0.673852
4.931250  0.098182878922473  0.065398140070033 0.666085
4.934375  0.098492458606524  0.064845690349268 0.658382
4.937500  0.098792553962648  0.064288408720118 0.650741
4.940625  0.099083174837552  0.063726349705435 0.64316
4.943750  0.099364331890118  0.063159567303795 0.635636
4.946875  0.099636036581970  0.062588115374125 0.628167
4.950000  0.099898301168053  0.062012048557479 0.620752
4.953125  0.100151138687243  0.061431421148480 0.613387
4.956250  0.100394562952983  0.060846288278554 0.606072
4.959375  0.100628588543943  0.060256707288841 0.598803
4.962500  0.100853230794708  0.059662730381878 0.59158
4.965625  0.101068505786493  0.059064410180715 0.5844
4.968750  0.101274430337891  0.058461798464215 0.577261
4.971875  0.101471021995646  0.057854950051753 0.570162
4.975000  0.101658299025459  0.057243921226751 0.563101
4.978125  0.101836280402827  0.056628769511814 0.556077
4.981250  0.102004985803911  0.056009553011468 0.549086
4.984375  0.102164435596442  0.055386330323676 0.542129
4.987500  0.102314650830654  0.054759160453714 0.535204
4.990625  0.102455653230256  0.054128102802755 0.528308
4.993750  0.102587465183444  0.053493217013651 0.52144
4.996875  0.102710109733934  0.052854562825250 0.514599
5.000000  0.102823610572050  0.052212200113297 0.507784
5.003125  0.102927992025836  0.051566188865928 0.500993
5.006250  0.103023279052213  0.050916588276667 0.494224
5.009375  0.103109497228168  0.050263457836235 0.487477
5.012500  0.103186672741992  0.049606856588257 0.480749
5.015625  0.103254832384544  0.048946843564815 0.474039
5.018750  0.103314003540573  0.048283477151755 0.467347
5.021875  0.103364214180063  0.047616815391825 0.46067
5.025000  0.103405492849629  0.046946915669051 0.454008
5.028125  0.103437868663956  0.046273834768887 0.447359
5.031250  0.103461371297276  0.045597628759722 0.440721
5.034375  0.103476030974888  0.044918353348762 0.434094
5.037500  0.103481878464725  0.044236062608230 0.427476
5.040625  0.103478945068962  0.043550810359222 0.420866
5.043750  0.103467262615667  0.042862649178182 0.414263
5.046875  0.103446863450502  0.042171631274035 0.407665
5.050000  0.103417780428460  0.041477806407700 0.40107
5.053125  0.103380046905659  0.040781224795540 0.394479
5.056250  0.103333696731172  0.040081934879397 0.387888
5.059375  0.103278764238908  0.039379983896575 0.381298
5.062500  0.103215284239539  0.038675417572326 0.374706
5.065625  0.103143292012470  0.037968280301356 0.368112
5.068750  0.103062823297865  0.037258615186899 0.361514
5.071875  0.102973914288711  0.036546463982397 0.35491
5.075000  0.102876601622936  0.035831867152970 0.348299
5.078125  0.102770922375571  0.035114863913657 0.341681
5.081250  0.102656914050965  0.034395492150530 0.335053
5.084375  0.102534614575044  0.033673788556470 0.328414
5.087500  0.102404062287623  0.032949788283412 0.321763
5.090625  0.102265295934761  0.032223525519490 0.315097
5.093750  0.102118354661175  0.031495032221851 0.308417
5.096875  0.101963278002696  0.030764339881327 0.30172
5.100000  0.101800105878773  0.030031478094933 0.295004
5.103125  0.101628878585039  0.029296476546760 0.288269
5.106250  0.101449636785912  0.028559362286677 0.281513
5.109375  0.101262421507256  0.027820161883232 0.274733
5.112500  0.101067274129091  0.027078900022949 0.267929
5.115625  0.100864236378351  0.026335600748655 0.261099
5.118750  0.100653350321698  0.025590286748613 0.254242
5.121875  0.100434658358379  0.024842979735682 0.247355
5.125000  0.100208203213141  0.024093700234480 0.240436
5.128125  0.099974027929194  0.023342468129185 0.233485
5.131250  0.099732175861229  0.022589302111840 0.2265
5.134375  0.099482690668481  0.021834220178575 0.219478
5.137500  0.099225616307849  0.021077239360597 0.212417
5.140625  0.098960997027065  0.020318376078361 0.205317
5.143750  0.098688877357918  0.019557646089386 0.198175
5.146875  0.098409302109523  0.018795064877393 0.190989
5.150000  0.098122316361648  0.018030646258564 0.183757
5.153125  0.097827965458091  0.017264405109168 0.176477
5.156250  0.097526295000111  0.016496355059030 0.169148
5.159375  0.097217350839902  0.015726510013167 0.161766
5.162500  0.096901179074135  0.014954883009547 0.154331
5.165625  0.096577826037531  0.014181486691006 0.14684
5.168750  0.096247338296509  0.013406334220696 0.13929
5.171875  0.095909762642867  0.012629438726357 0.13168
5.175000  0.095565146087526  0.011850813301952 0.124008
5.178125  0.095213535854318  0.011070470990233 0.11627
5.181250  0.094854979373836  0.010288424292192 0.108465
5.184375  0.094489524277327  0.009504686132211 0.10059
5.187500  0.094117218390642  0.008719269263881 0.0926427
5.190625  0.093738109728233  0.007932186969658 0.0846207
5.193750  0.093352246487207  0.007143452384061 0.0765215
5.196875  0.092959677041428  0.006353079526857 0.0683423
5.200000  0.092560449935677  0.005561082217011 0.0600805
5.203125  0.092154613879853  0.004767475786355 0.0517334
5.206250  0.091742217743232  0.003972275226886 0.0432982
5.209375  0.091323310548782  0.003175496492144 0.034772
5.212500  0.090897941467519  0.002377155721733 0.0261519
5.215625  0.090466159812924  0.001577270003509 0.0174349
5.218750  0.090028015035404  0.000775856951809 0.00861795
5.221875  0.089583556716806 -0.000027064975791 -0.00030212
5.225000  0.089132834564990 -0.000831476874013 -0.00932851
5.228125  0.088675898408437 -0.001637358946893 -0.0184645
5.231250  0.088212798190925 -0.002444691021493 -0.0277136
5.234375  0.087743583966242 -0.003253452134549 -0.0370791
5.237500  0.087268305892959 -0.004063621005979 -0.0465647
5.240625  0.086787014229250 -0.004875175855732 -0.056174
5.243750  0.086299759327758 -0.005688094651565 -0.0659109
5.246875  0.085806591630520 -0.006502355084377 -0.0757792
5.250000  0.085307561663938 -0.007317935224235 -0.085783
5.253125  0.084802720033794 -0.008134812779409 -0.0959263
5.256250  0.084292117420326 -0.008952965985486 -0.106214
5.259375  0.083775804573348 -0.009772373058281 -0.116649
5.262500  0.083253832307414 -0.010593012743819 -0.127238
5.265625  0.082726251497043 -0.011414864121200 -0.137984
5.268750  0.082193113071984 -0.012237906483475 -0.148892
5.271875  0.081654468012536 -0.013062119394794 -0.159968
5.275000  0.081110367344909 -0.013887483360692 -0.171217
5.278125  0.080560862136645 -0.014713977147675 -0.182644
5.281250  0.080006003492078 -0.015541577474039 -0.194255
5.284375  0.079445842547843 -0.016370258209062 -0.206056
5.287500  0.078880430468443 -0.017199990663570 -0.218051
5.290625  0.078309818441850 -0.018030741899684 -0.230249
5.293750  0.077734057675167 -0.018862473778720 -0.242654
5.296875  0.077153199390324 -0.019695140492832 -0.255273
5.300000  0.076567294819836 -0.020528687738938 -0.268113
5.303125  0.075976395202597 -0.021363050659917 -0.28118
5.306250  0.075380551779727 -0.022198153185407 -0.294481
5.309375  0.074779815790460 -0.023033907440043 -0.308023
5.312500  0.074174238468090 -0.023870211319719 -0.321813
5.315625  0.073563871035949 -0.024706950056059 -0.335857
5.318750  0.072948764703443 -0.025543999306892 -0.350164
5.321875  0.072328970662125 -0.026381214547763 -0.364739
5.325000  0.071704540081825 -0.027218434448085 -0.379592
5.328125  0.071075524106810 -0.028055484684546 -0.394728
5.331250  0.070441973852007 -0.028892186224040 -0.410156
5.334375  0.069803940399256 -0.029728359365687 -0.425884
5.337500  0.069161474793618 -0.030563826960037 -0.44192
5.340625  0.068514628039722 -0.031398416079894 -0.458273
5.343750  0.067863451098162 -0.032231960120907 -0.474953
5.346875  0.067207994881930 -0.033064299742638 -0.49197
5.350000  0.066548310252903 -0.033895284627919 -0.509334
5.353125  0.065884448018365 -0.034724773798437 -0.527056
5.356250  0.065216458927580 -0.035552636693556 -0.545148
5.359375  0.064544393668404 -0.036378753799583 -0.563624
5.362500  0.063868302863937 -0.037203017607458 -0.582496
5.365625  0.063188237069231 -0.038025331285866 -0.601779
5.368750  0.062504246768022 -0.038845609737614 -0.621488
5.371875  0.061816382369520 -0.039663780101342 -0.641639
5.375000  0.061124694205235 -0.040479782067313 -0.662249
5.378125  0.060429232525845 -0.041293567675457 -0.683338
5.381250  0.059730047498104 -0.042105100899814 -0.704923
5.384375  0.059027189201797 -0.042914357091650 -0.727027
5.387500  0.058320707626732 -0.043721322364158 -0.749671
5.390625  0.057610652669772 -0.044525993122860 -0.772878
5.393750  0.056897074131913 -0.045328376134073 -0.796673
5.396875  0.056180021715397 -0.046128485190907 -0.821083
5.400000  0.055459545020869 -0.046926342218006 -0.846136
5.403125  0.054735693544572 -0.047721975486841 -0.871862
5.406250  0.054008516675583 -0.048515419079659 -0.898292
5.409375  0.053278063693087 -0.049306711109478 -0.92546
5.412500  0.052544383763693 -0.050095890940700 -0.953401
5.415625  0.051807525938785 -0.050882998896582 -0.982155
5.418750  0.051067539151919 -0.051668074875240 -1.01176
5.421875  0.050324472216249 -0.052451156885926 -1.04226
5.425000  0.049578373821995 -0.053232279806086 -1.0737
5.428125  0.048829292533958 -0.054011474789714 -1.10613
5.431250  0.048077276789055 -0.054788767562304 -1.1396
5.434375  0.047322374893912 -0.055564178320106 -1.17416
5.437500  0.046564635022472 -0.056337720749904 -1.20988
5.440625  0.045804105213665 -0.057109401153945 -1.24682
5.443750  0.045040833369089 -0.057879218190265 -1.28504
5.446875  0.044274867250750 -0.058647161784024 -1.32462
5.450000  0.043506254478825 -0.059413213308539 -1.36562
5.453125  0.042735042529462 -0.060177343068071 -1.40815
5.456250  0.041961278732623 -0.060939511274209 -1.45228
5.459375  0.041185010269955 -0.061699666703016 -1.49811
5.462500  0.040406284172701 -0.062457751660093 -1.54574
5.465625  0.039625147319642 -0.063213694316891 -1.59529
5.468750  0.038841646435079 -0.063967411361859 -1.64688
5.471875  0.038055828086844 -0.064718805436231 -1.70063
5.475000  0.037267738684349 -0.065467767319454 -1.75669
5.478125  0.036477424476668 -0.066214175215576 -1.81521
5.481250  0.035684931550652 -0.066957894728250 -1.87636
5.484375  0.034890305829081 -0.067698778662622 -1.94033
5.487500  0.034093593068840 -0.068436666979901 -2.00732
5.490625  0.033294838859141 -0.069171387135189 -2.07754
5.493750  0.032494088619768 -0.069902754311343 -2.15125
5.496875  0.031691387599359 -0.070630571402104 -2.2287
5.500000  0.030886780873717 -0.071354629679068 -2.3102
5.503125  0.030080313344157 -0.072074709028342 -2.39608
5.506250  0.029272029735881 -0.072790578857564 -2.48669
5.509375  0.028461974596388 -0.073501997724155 -2.58246
5.512500  0.027650192293914 -0.074208714307627 -2.68384
5.515625  0.026836727015897 -0.074910467704657 -2.79134
5.518750  0.026021622767486 -0.075606988492511 -2.90554
5.521875  0.025204923370068 -0.076297998823932 -3.02711
5.525000  0.024386672459828 -0.076983213527802 -3.15677
5.528125  0.023566913486348 -0.077662340273366 -3.2954
5.531250  0.022745689711222 -0.078335080612471 -3.44395
5.534375  0.021923044206710 -0.079001130370206 -3.60357
5.537500  0.021099019854418 -0.079660181118815 -3.77554
5.540625  0.020273659344009 -0.080311919593362 -3.96139
5.543750  0.019447005171940 -0.080956029362836 -4.1629
5.546875  0.018619099640226 -0.081592191254764 -4.38218
5.550000  0.017789984855240 -0.082220084556840 -4.62171
5.553125  0.016959702726535 -0.082839386848174 -4.88448
5.556250  0.016128294965691 -0.083449775242646 -5.17412
5.559375  0.015295803085198 -0.084050926583041 -5.49503
5.562500  0.014462268397360 -0.084642519223504 -5.85264
5.565625  0.013627732013228 -0.085224232134385 -6.25374
5.568750  0.012792234841558 -0.085795746460099 -6.70686
5.571875  0.011955817587801 -0.086356745299234 -7.22299
5.575000  0.011118520753113 -0.086906915122296 -7.81641
5.578125  0.010280384633392 -0.087445945908208 -8.5061
5.581250  0.009441449318347 -0.087973531980566 -9.3178
5.584375  0.008601754690585 -0.088489372146624 -10.2874
5.587500  0.007761340424727 -0.088993170520407 -11.4662
5.590625  0.006920245986551 -0.089484636576997 -12.9308
5.593750  0.006078510632155 -0.089963486392918 -14.8003
5.596875  0.005236173407149 -0.090429441580170 -17.2701
5.600000  0.004393273145868 -0.090882230968108 -20.6867
5.603125  0.003549848470614 -0.091321589807627 -25.7255
5.606250  0.002705937790918 -0.091747261685228 -33.9059
5.609375  0.001861579302826 -0.092158997119135 -49.5058
5.612500  0.001016810988210 -0.092556554957979 -91.0263
5.615625  0.000171670614101 -0.092939701770918 -541.384
5.618750 -0.000673804267951 -0.093308212734356 138.48
5.621875 -0.001519576322500 -0.093661871410947 61.6368
5.625000 -0.002365608430804 -0.094000470094147 39.7363
5.628125 -0.003211863691393 -0.094323809781596 29.3673
5.631250 -0.004058305420629 -0.094631700529626 23.318
5.634375 -0.004904897153233 -0.094923961269417 19.3529
5.637500 -0.005751602642797 -0.095200420245562 16.552
5.640625 -0.006598385862269 -0.095460914570207 14.4673
5.643750 -0.007445211004420 -0.095705290693801 12.8546
5.646875 -0.008292042482292 -0.095933404064709 11.5693
5.650000 -0.009138844929620 -0.096145119780147 10.5205
5.653125 -0.009985583201236 -0.096340311448213 9.64794
5.656250 -0.010832222373451 -0.096518862420116 8.91035
5.659375 -0.011678727744422 -0.096680664787037 8.27836
5.662500 -0.012525064834492 -0.096825620020714 7.73055
5.665625 -0.013371199386515 -0.096953638529322 7.25093
5.668750 -0.014217097366158 -0.097064639222579 6.82732
5.671875 -0.015062724962186 -0.097158550055573 6.45026
5.675000 -0.015908048586728 -0.097235307764543 6.11233
5.678125 -0.016753034875522 -0.097294857843721 5.8076
5.681250 -0.017597650688142 -0.097337154391762 5.53126
5.684375 -0.018441863108211 -0.097362159652733 5.27941
5.687500 -0.019285639443584 -0.097369844230406 5.04883
5.690625 -0.020128947226528 -0.097360186635080 4.83682
5.693750 -0.020971754213870 -0.097333173700650 4.64116
5.696875 -0.021814028387141 -0.097288799726712 4.45992
5.700000 -0.022655737952686 -0.097227067105624 4.2915
5.703125 -0.023496851341773 -0.097147985203744 4.13451
5.706250 -0.024337337210676 -0.097051571508834 3.98776
5.709375 -0.025177164440740 -0.096937850228115 3.85023
5.712500 -0.026016302138435 -0.096806853019938 3.72101
5.715625 -0.026854719635389 -0.096658618139922 3.59932
5.718750 -0.027692386488405 -0.096493190767449 3.48447
5.721875 -0.028529272479466 -0.096310623061016 3.37585
5.725000 -0.029365347615718 -0.096110973120266 3.27294
5.728125 -0.030200582129440 -0.095894305565070 3.17525
5.731250 -0.031034946478001 -0.095660691043711 3.08235
5.734375 -0.031868411343796 -0.095410206277463 2.99388
5.737500 -0.032700947634171 -0.095142933894116 2.90949
5.740625 -0.033532526481333 -0.094858962146681 2.82886
5.743750 -0.034363119242244 -0.094558384863449 2.75174
5.746875 -0.035192697498495 -0.094241301228834 2.67787
5.750000 -0.036021233056178 -0.093907815840757 2.60701
5.753125 -0.036848697945733 -0.093558038038766 2.53898
5.756250 -0.037675064421784 -0.093192082410313 2.47357
5.759375 -0.038500304962961 -0.092810067983437 2.41063
5.762500 -0.039324392271711 -0.092412118598026 2.34999
5.765625 -0.040147299274090 -0.091998362424110 2.29152
5.768750 -0.040968999119546 -0.091568931696063 2.23508
5.771875 -0.041789465180688 -0.091123962876140 2.18055
5.775000 -0.042608671053040 -0.090663596685271 2.12782
5.778125 -0.043426590554783 -0.090187976396120 2.07679
5.781250 -0.044243197726486 -0.089697248750379 2.02737
5.784375 -0.045058466830821 -0.089191563825821 1.97946
5.787500 -0.045872372352271 -0.088671075124274 1.933
5.790625 -0.046684888996819 -0.088135938804400 1.88789
5.793750 -0.047495991691628 -0.087586313563325 1.84408
5.796875 -0.048305655584713 -0.087022360288467 1.80149
5.800000 -0.049113856044595 -0.086444242166006 1.76008
5.803125 -0.049920568659946 -0.085852124527318 1.71977
5.806250 -0.050725769239225 -0.085246175093724 1.68053
5.809375 -0.051529433810297 -0.084626563857286 1.6423
5.812500 -0.052331538620046 -0.083993462708787 1.60503
5.815625 -0.053132060133979 -0.083347046300324 1.56868
5.818750 -0.053930975035808 -0.082687493597090 1.53321
5.821875 -0.054728260227035 -0.082014980213572 1.49859
5.825000 -0.055523892826519 -0.081329685873830 1.46477
5.828125 -0.056317850170035 -0.080631794356324 1.43173
5.831250 -0.057110109809819 -0.079921495444137 1.39943
5.834375 -0.057900649514109 -0.079198982654326 1.36784
5.837500 -0.058689447266674 -0.078464452513551 1.33694
5.840625 -0.059476481266330 -0.077718103738894 1.3067
5.843750 -0.060261729926449 -0.076960137135289 1.2771
5.846875 -0.061045171874461 -0.076190755160734 1.2481
5.850000 -0.061826785951342 -0.075410161904415 1.2197
5.853125 -0.062606551211096 -0.074618562457244 1.19187
5.856250 -0.063384446920227 -0.073816163313981 1.16458
5.859375 -0.064160452557203 -0.073003171966665 1.13782
5.862500 -0.064934547811911 -0.072179796755297 1.11158
5.865625 -0.065706712585099 -0.071346245734693 1.08583
5.868750 -0.066476926987821 -0.070502727846508 1.06056
5.871875 -0.067245171340858 -0.069649452661859 1.03575
5.875000 -0.068011426174148 -0.068786630250679 1.0114
5.878125 -0.068775672226192 -0.067914470378801 0.987478
5.881250 -0.069537890443462 -0.067033182987204 0.963981
5.884375 -0.070298061979801 -0.066142977528057 0.940893
5.887500 -0.071056168195808 -0.065244063206724 0.918204
5.890625 -0.071812190658226 -0.064336648684543 0.895901
5.893750 -0.072566111139313 -0.063420942497506 0.873975
5.896875 -0.073317911616213 -0.062497151259286 0.852413
5.900000 -0.074067574270315 -0.061565481868687 0.831207
5.903125 -0.074815081486606 -0.060626140070603 0.810347
5.906250 -0.075560415853022 -0.059679330997114 0.789823
5.909375 -0.076303560159786 -0.058725258502293 0.769627
5.912500 -0.077044497398741 -0.057764124993641 0.74975
5.915625 -0.077783210762678 -0.056796132370043 0.730185
5.918750 -0.078519683644659 -0.055821482074844 0.710923
5.921875 -0.079253899637330 -0.054840373339791 0.691958
5.925000 -0.079985842532228 -0.053853005064567 0.673282
5.928125 -0.080715496319089 -0.052859575712351 0.654888
5.931250 -0.081442845185140 -0.051860283769962 0.636769
5.934375 -0.082167873514391 -0.050855327627344 0.61892
5.937500 -0.082890565886923 -0.049844905263298 0.601334
5.940625 -0.083610907078166 -0.048829214012722 0.584005
5.943750 -0.084328882058174 -0.047808450732603 0.566929
5.946875 -0.085044475990894 -0.046782811369425 0.550098
5.950000 -0.085757674233433 -0.045752491502284 0.533509
5.953125 -0.086468462335310 -0.044717684570969 0.517156
5.956250 -0.087176826037720 -0.043678584093056 0.501034
5.959375 -0.087882751272775 -0.042635382144970 0.485139
5.962500 -0.088586224162753 -0.041588271580976 0.469467
5.965625 -0.089287231019335 -0.040537441597350 0.454012
5.968750 -0.089985758342846 -0.039483081225029 0.43877
5.971875 -0.090681792821477 -0.038425377678435 0.423739
5.975000 -0.091375321330521 -0.037364517765625 0.408913
5.978125 -0.092066330931589 -0.036300686923493 0.394288
5.981250 -0.092754808871832 -0.035234069328123 0.379862
5.984375 -0.093440742583153 -0.034164847925752 0.365631
5.987500 -0.094124119681419 -0.033093204374478 0.351591
5.990625 -0.094804927965665 -0.032019319179619 0.337739
5.993750 -0.095483155417304 -0.030943371673970 0.324072
5.996875 -0.096158790199316 -0.029865539510836 0.310586
6.000000 -0.096831805456155 -0.028785999530290 0.297278
6.003125 -0.097501828123033 -0.027704927117766 0.284148
6.006250 -0.098168152421221 -0.026622496602069 0.271193
6.009375 -0.098830079684292 -0.025538880620242 0.258412
6.012500 -0.099486933259003 -0.024454250607096 0.245804
6.015625 -0.100138058093737 -0.023368776505922 0.233366
6.018750 -0.100782820332918 -0.022282627213489 0.221095
6.021875 -0.101420606917360 -0.021195970044341 0.208991
6.025000 -0.102050825190436 -0.020108971231260 0.197049
6.028125 -0.102672902510020 -0.019021795451621 0.185266
6.031250 -0.103286285866127 -0.017934606234918 0.17364
6.034375 -0.103890441504166 -0.016847565731646 0.162167
6.037500 -0.104484854553752 -0.015760834851974 0.150843
6.040625 -0.105069028662995 -0.014674572846106 0.139666
6.043750 -0.105642485638202 -0.013588937929157 0.128631
6.046875 -0.106204765088930 -0.012504086955230 0.117736
6.050000 -0.106755424078304 -0.011420175521571 0.106975
6.053125 -0.107294036778558 -0.010337357372746 0.0963461
6.056250 -0.107820194131713 -0.009255785117458 0.0858446
6.059375 -0.108333503515332 -0.008175609746612 0.075467
6.062500 -0.108833588413298 -0.007096981578494 0.0652095
6.065625 -0.109320088091539 -0.006020048457574 0.0550681
6.068750 -0.109792657278637 -0.004944957408766 0.0450391
6.071875 -0.110250965851269 -0.003871853498049 0.0351185
6.075000 -0.110694698524408 -0.002800880932095 0.0253028
6.078125 -0.111123554546230 -0.001732182399456 0.0155879
6.081250 -0.111537247397665 -0.000665898548206 0.00597019
6.084375 -0.111935504496526  0.000397830855122 -0.00355411
6.087500 -0.112318066906170  0.001458867345943 -0.0129887
6.090625 -0.112684689048620  0.002517073674984 -0.0223373
6.093750 -0.113035138422101  0.003572313813854 -0.0316036
6.096875 -0.113369195322927  0.004624453633717 -0.0407911
6.100000 -0.113686652571679  0.005673359965693 -0.0499035
6.103125 -0.113987315243634  0.006718901406923 -0.0589443
6.106250 -0.114271000403372  0.007760947610791 -0.067917
6.109375 -0.114537536843518  0.008799370232683 -0.0768252
6.112500 -0.114786764827558  0.009834042124739 -0.0856723
6.115625 -0.115018535836689  0.010864838142691 -0.0944616
6.118750 -0.115232712320633  0.011891634388094 -0.103197
6.121875 -0.115429167452374  0.012914308735879 -0.111881
6.125000 -0.115607784886770  0.013932740648837 -0.120517
6.128125 -0.115768458522974  0.014946811242636 -0.12911
6.131250 -0.115911092270637  0.015956403275593 -0.137661
6.134375 -0.116035599819817  0.016961401289064 -0.146174
6.137500 -0.116141904414571  0.017961691409757 -0.154653
6.140625 -0.116229938630164  0.018957161733027 -0.163101
6.143750 -0.116299644153850  0.019947701889935 -0.17152
6.146875 -0.116350971569186  0.020933203385260 -0.179914
6.150000 -0.116383880143826  0.021913559294879 -0.188287
6.153125 -0.116398337620748  0.022888664722372 -0.196641
6.156250 -0.116394320012869  0.023858416427906 -0.204979
6.159375 -0.116371811401014  0.024822713007029 -0.213305
6.162500 -0.116330803735170  0.025781454704640 -0.221622
6.165625 -0.116271296639010  0.026734543713942 -0.229932
6.168750 -0.116193297217619  0.027681884091613 -0.23824
6.171875 -0.116096819868398  0.028623381656515 -0.246548
6.175000 -0.115981886095089  0.029558944045476 -0.254858
6.178125 -0.115848524324891  0.030488480699036 -0.263175
6.181250 -0.115696769728610  0.031411902867332 -0.271502
6.184375 -0.115526664043826  0.032329123687322 -0.279841
6.187500 -0.115338255401012  0.033240057992700 -0.288196
6.190625 -0.115131598152575  0.034144622605844 -0.29657
6.193750 -0.114906752704790  0.035042735828621 -0.304967
6.196875 -0.114663785352564  0.035934318177424 -0.313389
6.200000 -0.114402768117018  0.036819291623448 -0.321839
6.203125 -0.114123778585828  0.037697580145528 -0.330322
6.206250 -0.113826899756298  0.038569109021761 -0.33884
6.209375 -0.113512219881126  0.039433805580566 -0.347397
6.212500 -0.113179832316824  0.040291598498398 -0.355996
6.215625 -0.112829835374760  0.041142418433220 -0.364641
6.218750 -0.112462332174776  0.041986197770214 -0.373336
6.221875 -0.112077430501367  0.042822869888629 -0.382083
6.225000 -0.111675242662353  0.043652370055658 -0.390887
6.228125 -0.111255885350053  0.044474634122294 -0.399751
6.231250 -0.110819479504880  0.045289599565820 -0.408679
6.234375 -0.110366150181360  0.046097205012646 -0.417675
6.237500 -0.109896026416525  0.046897390356928 -0.426743
6.240625 -0.109409241100644  0.047690097326759 -0.435887
6.243750 -0.108905930850275  0.048475268753762 -0.445111
6.246875 -0.108386235883582  0.049252848711720 -0.45442
6.250000 -0.107850299897912  0.050022782165131 -0.463817
6.253125 -0.107298269949581  0.050785015418555 -0.473307
6.256250 -0.106730296335841  0.051539495762534 -0.482895
6.259375 -0.106146532479011  0.052286171995763 -0.492585
6.262500 -0.105547134812721  0.053024993985642 -0.502382
6.265625 -0.104932262670254  0.053755912890452 -0.512292
6.268750 -0.104302078174949  0.054478881158867 -0.522318
6.271875 -0.103656746132645  0.055193852312809 -0.532468
6.275000 -0.102996433926123  0.055900781081545 -0.542745
6.278125 -0.102321311411529  0.056599623837191 -0.553156
6.281250 -0.101631550816744  0.057290337848315 -0.563706
6.284375 -0.100927326641679  0.057972881606113 -0.574402
6.287500 -0.100208815560456  0.058647214678016 -0.58525
6.290625 -0.099476196325465  0.059313298021534 -0.596256
6.293750 -0.098729649673253  0.059971093722914 -0.607427
6.296875 -0.097969358232230  0.060620565022952 -0.618771
6.300000 -0.097195506432160  0.061261676318350 -0.630293
6.303125 -0.096408280415414  0.061894393098569 -0.642003
6.306250 -0.095607867949959  0.062518681877940 -0.653907
6.309375 -0.094794458344054  0.063134510350760 -0.666015
6.312500 -0.093968242362639  0.063741847234427 -0.678334
6.315625 -0.093129412145375  0.064340662292519 -0.690874
6.318750 -0.092278161126328  0.064930925700300 -0.703643
6.321875 -0.091414683955262  0.065512610900432 -0.716653
6.325000 -0.090539176420522  0.066085690217425 -0.729913
6.328125 -0.089651835373485  0.066650136990337 -0.743433
6.331250 -0.088752858654543  0.067205925082483 -0.757225
6.334375 -0.087842445020620  0.067753030064187 -0.771302
6.337500 -0.086920794074178  0.068291428805437 -0.785674
6.340625 -0.085988106193697  0.068821099228691 -0.800356
6.343750 -0.085044582465606  0.069342020443941 -0.815361
6.346875 -0.084090424617658  0.069854172525761 -0.830703
6.350000 -0.083125834953694  0.070357536539173 -0.846398
6.353125 -0.082151016289814  0.070852094496179 -0.862462
6.356250 -0.081166171891906  0.071337829087723 -0.878911
6.359375 -0.080171505414522  0.071814724067042 -0.895764
6.362500 -0.079167220841084  0.072282764173172 -0.913039
6.365625 -0.078153522425395  0.072741935304817 -0.930757
6.368750 -0.077130614634435  0.073192223829871 -0.948939
6.371875 -0.076098702092427  0.073633617280651 -0.967607
6.375000 -0.075057989526147  0.074066103253882 -0.986785
6.378125 -0.074008681711466  0.074489671067713 -1.0065
6.381250 -0.072950983421100  0.074904310428404 -1.02678
6.384375 -0.071885099373547  0.075310012425925 -1.04764
6.387500 -0.070811234183208  0.075706768683989 -1.06913
6.390625 -0.069729592311646  0.076094571709374 -1.09128
6.393750 -0.068640378019998  0.076473414584930 -1.11412
6.396875 -0.067543795322492  0.076843291659476 -1.13768
6.400000 -0.066440047941075  0.077204197379293 -1.16201
6.403125 -0.065329339261123  0.077556127336968 -1.18716
6.406250 -0.064211872288210  0.077899077711058 -1.21316
6.409375 -0.063087849605940  0.078233045592735 -1.24007
6.412500 -0.061957473334804  0.078558028798816 -1.26793
6.415625 -0.060820945092055  0.078874025612029 -1.29682
6.418750 -0.059678465952590  0.079181034782322 -1.32679
6.421875 -0.058530236410808  0.079479056981807 -1.35791
6.425000 -0.057376456343445  0.079768092360300 -1.39026
6.428125 -0.056217324973361  0.080048142006395 -1.42391
6.431250 -0.055053040834259  0.080319207226903 -1.45894
6.434375 -0.053883801736342  0.080581290331295 -1.49546
6.437500 -0.052709804732862  0.080834394454238 -1.53357
6.440625 -0.051531246087571  0.081078523607890 -1.57339
6.443750 -0.050348321243055  0.081313682478621 -1.61502
6.446875 -0.049161224789922  0.081539876650044 -1.65862
6.450000 -0.047970150436852  0.081757112156275 -1.70433
6.453125 -0.046775290981473  0.081965396443126 -1.75232
6.456250 -0.045576838282069  0.082164736839863 -1.80277
6.459375 -0.044374983230091  0.082355141954071 -1.85589
6.462500 -0.043169915723466  0.082536620524910 -1.9119
6.465625 -0.041961824640691  0.082709183202075 -1.97106
6.468750 -0.040750897815690  0.082872840422411 -2.03364
6.471875 -0.039537322013434  0.083027603891999 -2.09998
6.475000 -0.038321282906300  0.083173485456878 -2.17043
6.478125 -0.037102965051165  0.083310498091484 -2.24539
6.481250 -0.035882551867216  0.083438655563563 -2.32533
6.484375 -0.034660225614468  0.083557972704683 -2.41077
6.487500 -0.033436167372975  0.083668465176895 -2.50233
6.490625 -0.032210557022725  0.083770149530272 -2.6007
6.493750 -0.030983573224205  0.083863043069659 -2.70669
6.496875 -0.029755393399627  0.083947164219086 -2.82124
6.500000 -0.028526193714799  0.084022531748245 -2.94545
6.503125 -0.027296149061632  0.084089165598815 -3.08062
6.506250 -0.026065433041276  0.084147086216681 -3.2283
6.509375 -0.024834217947871  0.084196315212423 -3.39033
6.512500 -0.023602674752894  0.084236874748327 -3.56895
6.515625 -0.022370973090106  0.084268787931569 -3.76688
6.518750 -0.021139281241080  0.084292078325503 -3.98746
6.521875 -0.019907766121301  0.084306770639138 -4.23487
6.525000 -0.018676593266823  0.084312890022210 -4.51436
6.528125 -0.017445926821487  0.084310462637348 -4.83267
6.531250 -0.016215929524670  0.084299515148841 -5.19856
6.534375 -0.014986762699573  0.084280075079575 -5.62363
6.537500 -0.013758586242031  0.084252170735150 -6.12361
6.540625 -0.012531558609831  0.084215831179098 -6.7203
6.543750 -0.011305836812535  0.084171086075191 -7.44492
6.546875 -0.010081576401801  0.084117965950354 -8.34373
6.550000 -0.008858931462182  0.084056501917607 -9.48833
6.553125 -0.007638054602404  0.083986726162271 -10.9958
6.556250 -0.006419096947114  0.083908671151241 -13.0717
6.559375 -0.005202208129077  0.083822370332572 -16.1128
6.562500 -0.003987536281832  0.083727857401599 -20.9974
6.565625 -0.002775228032781  0.083625167458576 -30.1327
6.568750 -0.001565428496718  0.083514335584507 -53.3492
6.571875 -0.000358281269771  0.083395397964575 -232.765
6.575000  0.000846071576226  0.083268390968810 98.4177
6.578125  0.002047489498968  0.083133351806687 40.6026
6.581250  0.003245833490501  0.082990318940962 25.5683
6.584375  0.004440966081664  0.082839330492683 18.6534
6.587500  0.005632751346137  0.082680425593198 14.6785
6.590625  0.006821054904118  0.082513643816809 12.0969
6.593750  0.008005743925629  0.082339025468746 10.285
6.596875  0.009186687133461  0.082156611685621 8.94301
6.600000  0.010363754805766  0.081966443921516 7.90895
6.603125  0.011536818778298  0.081768564515614 7.08762
6.606250  0.012705752446316  0.081563016147328 6.41938
6.609375  0.013870430766156  0.081349842399474 5.86498
6.612500  0.015030730256476  0.081129087187561 5.39755
6.615625  0.016186528999175  0.080900795309875 4.99803
6.618750  0.017337706640013  0.080665011748619 4.65258
6.621875  0.018484144388908  0.080421782276949 4.35085
6.625000  0.019625725019948  0.080171153115533 4.085
6.628125  0.020762332871102  0.079913171023629 3.84895
6.631250  0.021893853843644  0.079647883288390 3.63791
6.634375  0.023020175401302  0.079375337746253 3.44808
6.637500  0.024141186569121  0.079095582750121 3.27638
6.640625  0.025256777932074  0.078808667222230 3.1203
6.643750  0.026366841633394  0.078514640472571 2.97778
6.646875  0.027471271372659  0.078213552379787 2.8471
6.650000  0.028569962403623  0.077905453255730 2.72683
6.653125  0.029662811531800  0.077590394035077 2.61575
6.656250  0.030749717111811  0.077268426106798 2.51282
6.659375  0.031830579044496  0.076939601158374 2.41716
6.662500  0.032905298773796  0.076603971329280 2.32801
6.665625  0.033973779283412  0.076261589335329 2.24472
6.668750  0.035035925093245  0.075912508246674 2.1667
6.671875  0.036091642255624  0.075556781634028 2.09347
6.675000  0.037140838351328  0.075194463314678 2.02458
6.678125  0.038183422485397  0.074825607421068 1.95964
6.681250  0.039219305282757  0.074450268617191 1.89831
6.684375  0.040248398883637  0.074068501467798 1.84028
6.687500  0.041270616938816  0.073680360476049 1.7853
6.690625  0.042285874604666  0.073285900516929 1.73311
6.693750  0.043294088538034  0.072885176362138 1.68349
6.696875  0.044295176890936  0.072478242936098 1.63626
6.700000  0.045289059305090  0.072065155034293 1.59123
6.703125  0.046275656906276  0.071645967372697 1.54824
6.706250  0.047254892298544  0.071220734557547 1.50716
6.709375  0.048226689558255  0.070789511395587 1.46785
6.712500  0.049190974227978  0.070352352627690 1.43019
6.715625  0.050147673310230  0.069909313248226 1.39407
6.718750  0.051096715261080  0.069460448165760 1.35939
6.721875  0.052038029983608  0.069005811763049 1.32607
6.725000  0.052971548821226  0.068545458700014 1.29401
6.728125  0.053897204550872  0.068079442940198 1.26313
6.731250  0.054814931376067  0.067607817971885 1.23338
6.734375  0.055724664919857  0.067130638966719 1.20468
6.737500  0.056626342217627  0.066647960322318 1.17698
6.740625  0.057519901709796  0.066159836080531 1.15021
6.743750  0.058405283234405  0.065666318532153 1.12432
6.746875  0.059282428019589  0.065167459403589 1.09927
6.750000  0.060151278675942  0.064663310040155 1.07501
6.753125  0.061011779188783  0.064153921948765 1.0515
6.756250  0.061863874910314  0.063639346694176 1.0287
6.759375  0.062707512551691  0.063119636097098 1.00657
6.762500  0.063542640174992  0.062594842109025 0.985084
6.765625  0.064369207185099  0.062065017055803 0.964204
6.768750  0.065187164321494  0.061530213637424 0.943901
6.771875  0.065996463649967  0.060990484891437 0.924148
6.775000  0.066797058554245  0.060445884281244 0.904918
6.778125  0.067588903727542  0.059896466106249 0.886188
6.781250  0.068371955164035  0.059342284808187 0.867933
6.784375  0.069146170150264  0.058783395420301 0.850132
6.787500  0.069911507256468  0.058219853334116 0.832765
6.790625  0.070667926327850  0.057651714638545 0.815812
6.793750  0.071415388475777  0.057079035866901 0.799254
6.796875  0.072153856068921  0.056501874165618 0.783075
6.800000  0.072883292724345  0.055920287204506 0.767258
6.803125  0.073603663298521  0.055334333157905 0.751788
6.806250  0.074314933878310  0.054744070525475 0.73665
6.809375  0.075017071771875  0.054149558763537 0.72183
6.812500  0.075710045499559  0.053550857364002 0.707315
6.815625  0.076393824784710  0.052948026418403 0.693093
6.818750  0.077068380544458  0.052341126091059 0.679152
6.821875  0.077733684880461  0.051730217645795 0.66548
6.825000  0.078389711069605  0.051115361782323 0.652067
6.828125  0.079036433554666  0.050496619813178 0.638903
6.831250  0.079673827934941  0.049874053270568 0.625978
6.834375  0.080301870956842  0.049247723948508 0.613282
6.837500  0.080920540504467  0.048617693639177 0.600808
6.840625  0.081529815590133  0.047984024020854 0.588546
6.843750  0.082129676344889  0.047346776659038 0.576488
6.846875  0.082720104009003  0.046706012824508 0.564627
6.850000  0.083301080922427  0.046061793452376 0.552956
6.853125  0.083872590515237  0.045414179130682 0.541466
6.856250  0.084434617298064  0.044763229905513 0.530153
6.859375  0.084987146852498  0.044109005491708 0.519008
6.862500  0.085530165821484  0.043451564850669 0.508026
6.865625  0.086063661899702  0.042790966751677 0.497201
6.868750  0.086587623823935  0.042127268702072 0.486528
6.871875  0.087102041363428  0.041460527743619 0.475999
6.875000  0.087606905310245  0.040790799307029 0.465612
6.878125  0.088102207469604  0.040118138923159 0.455359
6.881250  0.088587940650227  0.039442600576814 0.445237
6.884375  0.089064098654674  0.038764237682566 0.43524
6.887500  0.089530676269674  0.038083102110374 0.425364
6.890625  0.089987669256469  0.037399244741514 0.415604
6.893750  0.090435074341146  0.036712715129046 0.405957
6.896875  0.090872889204977  0.036023561677166 0.396417
6.900000  0.091301112474767  0.035331831198243 0.386981
6.903125  0.091719743713198  0.034637569358773 0.377646
6.906250  0.092128783409193  0.033940820283175 0.368406
6.909375  0.092528232968279  0.033241626777264 0.359259
6.912500  0.092918094702961  0.032540030046045 0.350201
6.915625  0.093298371823111  0.031836069791984 0.341229
6.918750  0.093669068426366  0.031129784076310 0.332338
6.921875  0.094030189488540  0.030421210065042 0.323526
6.925000  0.094381740854053  0.029710382487065 0.31479
6.928125  0.094723729226373  0.028997335138807 0.306125
6.931250  0.095056162158476  0.028282099983546 0.29753
6.934375  0.095379048043326  0.027564707900131 0.289002
6.937500  0.095692396104372  0.026845188254451 0.280536
6.940625  0.095996216386068  0.026123568777515 0.272131
6.943750  0.096290519744409  0.025399875753465 0.263784
6.946875  0.096575317837498  0.024674134242412 0.255491
6.950000  0.096850623116129  0.023946367933433 0.247251
6.953125  0.097116448814400  0.023216599650719 0.239059
6.956250  0.097372808940344  0.022484850551524 0.230915
6.959375  0.097619718266596  0.021751140883419 0.222815
6.962500  0.097857192321083  0.021015489437539 0.214757
6.965625  0.098085247377735  0.020277914254185 0.206738
6.968750  0.098303900447241  0.019538431837585 0.198755
6.971875  0.098513169267816  0.018797058094396 0.190808
6.975000  0.098713072296019  0.018053807454404 0.182892
6.978125  0.098903628697583  0.017308694066275 0.175006
6.981250  0.099084858338289  0.016561731049921 0.167147
6.984375  0.099256781774875  0.015812931095753 0.159313
6.987500  0.099419420245967  0.015062306082181 0.151503
6.990625  0.099572795663055  0.014309867534418 0.143713
6.993750  0.099716930601505  0.013555626492413 0.135941
6.996875  0.099851848291597  0.012799593943944 0.128186
7.000000  0.099977572609606  0.012041780471468 0.120445
7.003125  0.100094128068927  0.011282196911902 0.112716
7.006250  0.100201539811223  0.010520853918545 0.104997
7.009375  0.100299833597623  0.009757762586311 0.0972859
7.012500  0.100389035799955  0.008992934065095 0.0895808
7.015625  0.100469173392020  0.008226379958386 0.0818796
7.018750  0.100540273940906  0.007458112072481 0.0741803
7.021875  0.100602365598339  0.006688142921286 0.066481
7.025000  0.100655477092084  0.005916484975945 0.0587796
7.028125  0.100699637717379  0.005143151227531 0.0510742
7.031250  0.100734877328415  0.004368154518694 0.0433629
7.034375  0.100761226329862  0.003591507818743 0.0356437
7.037500  0.100778715668431  0.002813223753813 0.0279149
7.040625  0.100787376824490  0.002033314332990 0.0201743
7.043750  0.100787241803709  0.001251790647729 0.0124201
7.046875  0.100778343128769  0.000468662827132 0.00465043
7.050000  0.100760713831100 -0.000316061390708 -0.00313675
7.053125  0.100734387442670 -0.001102376558182 -0.0109434
7.056250  0.100699397987824 -0.001890280130990 -0.0187715
7.059375  0.100655779975162 -0.002679771992920 -0.0266231
7.062500  0.100603568389469 -0.003470855392382 -0.0345003
7.065625  0.100542798683687 -0.004263536664508 -0.0424052
7.068750  0.100473506770942 -0.005057826170690 -0.0503399
7.071875  0.100395729016608 -0.005853737412250 -0.0583066
7.075000  0.100309502230427 -0.006651287247125 -0.0663076
7.078125  0.100214863658676 -0.007450494748293 -0.0743452
7.081250  0.100111850976378 -0.008251380362519 -0.0824216
7.084375  0.100000502279566 -0.009053965743958 -0.0905392
7.087500  0.099880856077594 -0.009858271382616 -0.0987003
7.090625  0.099752951285499 -0.010664315017535 -0.106907
7.093750  0.099616827216407 -0.011472112934705 -0.115162
7.096875  0.099472523573999 -0.012281676856716 -0.123468
7.100000  0.099320080445014 -0.013093011285364 -0.131826
7.103125  0.099159538291812 -0.013906110090527 -0.14024
7.106250  0.098990937944983 -0.014720955710935 -0.14871
7.109375  0.098814320596008 -0.015537518248452 -0.15724
7.112500  0.098629727789964 -0.016355755850689 -0.16583
7.115625  0.098437201418295 -0.017175614358445 -0.174483
7.118750  0.098236783711614 -0.017997028019001 -0.183201
7.121875  0.098028517232573 -0.018819919288083 -0.191984
7.125000  0.097812444868773 -0.019644199876886 -0.200835
7.128125  0.097588609825732 -0.020469770986326 -0.209756
7.131250  0.097357055619900 -0.021296524053640 -0.218747
7.134375  0.097117826071727 -0.022124341325982 -0.227809
7.137500  0.096870965298786 -0.022953097218000 -0.236945
7.140625  0.096616517708938 -0.023782658835067 -0.246155
7.143750  0.096354527993560 -0.024612886656230 -0.255441
7.146875  0.096085041120817 -0.025443635443523 -0.264803
7.150000  0.095808102328991 -0.026274755418592 -0.274244
7.153125  0.095523757119855 -0.027106093365686 -0.283763
7.156250  0.095232051252109 -0.027937493901782 -0.293362
7.159375  0.094933030734854 -0.028768800606575 -0.303043
7.162500  0.094626741821136 -0.029599857027851 -0.312806
7.165625  0.094313231001523 -0.030430507544651 -0.322654
7.168750  0.093992544997747 -0.031260599471966 -0.332586
7.171875  0.093664730756394 -0.032089983071937 -0.342605
7.175000  0.093329835442647 -0.032918513009270 -0.352712
7.178125  0.092987906434074 -0.033746048944617 -0.362908
7.181250  0.092638991314480 -0.034572456713434 -0.373196
7.184375  0.092283137867805 -0.035397609598448 -0.383576
7.187500  0.091920394072066 -0.036221388224463 -0.394052
7.190625  0.091550808093367 -0.037043680922870 -0.404624
7.193750  0.091174428279948 -0.037864384379429 -0.415296
7.196875  0.090791303156289 -0.038683403639280 -0.426069
7.200000  0.090401481417271 -0.039500652115745 -0.436947
7.203125  0.090005011922379 -0.040316051652857 -0.447931
7.206250  0.089601943689966 -0.041129532174013 -0.459025
7.209375  0.089192325891561 -0.041941031493817 -0.470231
7.212500  0.088776207846237 -0.042750495283167 -0.481554
7.215625  0.088353639015020 -0.043557876526227 -0.492995
7.218750  0.087924668995354 -0.044363135430605 -0.504558
7.221875  0.087489347515624 -0.045166238828760 -0.516248
7.225000  0.087047724429716 -0.045967160248505 -0.528068
7.228125  0.086599849711641 -0.046765879091800 -0.540023
7.231250  0.086145773450201 -0.047562380126710 -0.552115
7.234375  0.085685545843713 -0.048356651139826 -0.56435
7.237500  0.085219217194775 -0.049148685849110 -0.576732
7.240625  0.084746837905090 -0.049938481613981 -0.589267
7.243750  0.084268458470338 -0.050726039663377 -0.601958
7.246875  0.083784129475097 -0.051511363032247 -0.614811
7.250000  0.083293901587815 -0.052294456303606 -0.627831
7.253125  0.082797825555834 -0.053075324782132 -0.641023
7.256250  0.082295952200456 -0.053853973960222 -0.654394
7.259375  0.081788332412071 -0.054630408715362 -0.667949
7.262500  0.081275017145327 -0.055404632452461 -0.681693
7.265625  0.080756057414344 -0.056176646284023 -0.695634
7.268750  0.080231504287992 -0.056946448481473 -0.709777
7.271875  0.079701408885205 -0.057714033517340 -0.724128
7.275000  0.079165822370348 -0.058479391404398 -0.738695
7.278125  0.078624795948635 -0.059242506798905 -0.753484
7.281250  0.078078380861594 -0.060003358905993 -0.768502
7.284375  0.077526628382579 -0.060761920473788 -0.783755
7.287500  0.076969589812331 -0.061518157347039 -0.799253
7.290625  0.076407316474587 -0.062272027614596 -0.815001
7.293750  0.075839859711739 -0.063023481490585 -0.831007
7.296875  0.075267270880538 -0.063772460517753 -0.84728
7.300000  0.074689601347844 -0.064518897500071 -0.863827
7.303125  0.074106902486429 -0.065262715857500 -0.880656
7.306250  0.073519225670822 -0.066003829515742 -0.897776
7.309375  0.072926622273199 -0.066742142150651 -0.915196
7.312500  0.072329143659329 -0.067477547903944 -0.932923
7.315625  0.071726841184557 -0.068209930415633 -0.950968
7.318750  0.071119766189835 -0.068939163078264 -0.969339
7.321875  0.070507969997805 -0.069665108623243 -0.988046
7.325000  0.069891503908921 -0.070387619722295 -1.0071
7.328125  0.069270419197619 -0.071106538673664 -1.02651
7.331250  0.068644767108534 -0.071821697652540 -1.04628
7.334375  0.068014598852760 -0.072532918489494 -1.06643
7.337500  0.067379965604154 -0.073240013557629 -1.08697
7.340625  0.066740918495691 -0.073942785553231 -1.10791
7.343750  0.066097508615853 -0.074641028103516 -1.12926
7.346875  0.065449787005075 -0.075334525659203 -1.15103
7.350000  0.064797804652222 -0.076023054074991 -1.17324
7.353125  0.064141612491122 -0.076706380826538 -1.19589
7.356250  0.063481261397132 -0.077384265687017 -1.21901
7.359375  0.062816802183755 -0.078056460896092 -1.2426
7.362500  0.062148285599298 -0.078722711934480 -1.26669
7.365625  0.061475762323570 -0.079382757483774 -1.29129
7.368750  0.060799282964626 -0.080036330922806 -1.3164
7.371875  0.060118898055556 -0.080683159864540 -1.34206
7.375000  0.059434658051306 -0.081322967497321 -1.36828
7.378125  0.058746613325554 -0.081955471972820 -1.39507
7.381250  0.058054814167618 -0.082580388331642 -1.42246
7.384375  0.057359310779409 -0.083197428088853 -1.45046
7.387500  0.056660153272428 -0.083806300494100 -1.4791
7.390625  0.055957391664800 -0.084406712500760 -1.50841
7.393750  0.055251075878349 -0.084998369684304 -1.5384
7.396875  0.054541255735714 -0.085580976643136 -1.56911
7.400000  0.053827980957509 -0.086154237684665 -1.60055
7.403125  0.053111301159518 -0.086717857174154 -1.63276
7.406250  0.052391265849933 -0.087271540277744 -1.66577
7.409375  0.051667924426626 -0.087814993228000 -1.6996
7.412500  0.050941326174473 -0.088347924226719 -1.73431
7.415625  0.050211520262699 -0.088870043554130 -1.76991
7.418750  0.049478555742280 -0.089381064334021 -1.80646
7.421875  0.048742481543370 -0.089880702548749 -1.84399
7.425000  0.048003346472771 -0.090368678289047 -1.88255
7.428125  0.047261199211447 -0.090844715259740 -1.92218
7.431250  0.046516088312062 -0.091308541920814 -1.96295
7.434375  0.045768062196572 -0.091759891347077 -2.00489
7.437500  0.045017169153840 -0.092198501980040 -2.04807
7.440625  0.044263457337298 -0.092624117955468 -2.09256
7.443750  0.043506974762640 -0.093036489241623 -2.13843
7.446875  0.042747769305553 -0.093435371928539 -2.18574
7.450000  0.041985888699488 -0.093820528619138 -2.23457
7.453125  0.041221380533460 -0.094191728612353 -2.28502
7.456250  0.040454292249889 -0.094548748491664 -2.33717
7.459375  0.039684671142478 -0.094891371945266 -2.39113
7.462500  0.038912564354118 -0.095219390282089 -2.44701
7.465625  0.038138018874840 -0.095532602201438 -2.50492
7.468750  0.037361081539787 -0.095830814524630 -2.56499
7.471875  0.036581799027239 -0.096113841739144 -2.62737
7.475000  0.035800217856653 -0.096381506795465 -2.6922
7.478125  0.035016384386750 -0.096633640330050 -2.75967
7.481250  0.034230344813635 -0.096870081696126 -2.82995
7.484375  0.033442145168940 -0.097090678334607 -2.90324
7.487500  0.032651831318013 -0.097295286390418 -2.97978
7.490625  0.031859448958134 -0.097483770291813 -3.05981
7.493750  0.031065043616764 -0.097656002904671 -3.1436
7.496875  0.030268660649825 -0.097811865813746 -3.23146
7.500000  0.029470345240017 -0.097951249099114 -3.32372
7.503125  0.028670142395162 -0.098074051295279 -3.42077
7.506250  0.027868096946584 -0.098180179489684 -3.52303
7.509375  0.027064253547516 -0.098269549087707 -3.63097
7.512500  0.026258656671542 -0.098342084078609 -3.74513
7.515625  0.025451350611070 -0.098397716728321 -3.86611
7.518750  0.024642379475831 -0.098436387721912 -3.9946
7.521875  0.023831787191414 -0.098458045843218 -4.13137
7.525000  0.023019617497830 -0.098462648380615 -4.27734
7.528125  0.022205913948102 -0.098450160495712 -4.43351
7.531250  0.021390719906892 -0.098420555684322 -4.60109
7.534375  0.020574078549149 -0.098373815230810 -4.78144
7.537500  0.019756032858797 -0.098309928437943 -4.9762
7.540625  0.018936625627436 -0.098228892488359 -5.18724
7.543750  0.018115899453091 -0.098130712206013 -5.41683
7.546875  0.017293896738976 -0.098015399871902 -5.66763
7.550000  0.016470659692287 -0.097882975826675 -5.94287
7.553125  0.015646230323033 -0.097733467542724 -6.24645
7.556250  0.014820650442883 -0.097566909657307 -6.58317
7.559375  0.013993961664047 -0.097383343513621 -6.95895
7.562500  0.013166205398184 -0.097182817504511 -7.38123
7.565625  0.012337422855334 -0.096965386581537 -7.85945
7.568750  0.011507655042880 -0.096731112295675 -8.40581
7.571875  0.010676942764535 -0.096480062199831 -9.0363
7.575000  0.009845326619359 -0.096212309752537 -9.77238
7.578125  0.009012847000791 -0.095927933788321 -10.6435
7.581250  0.008179544095724 -0.095627018423586 -11.691
7.584375  0.007345457883588 -0.095309653001451 -12.9753
7.587500  0.006510628135475 -0.094975931324334 -14.5878
7.590625  0.005675094413273 -0.094625951335837 -16.6739
7.593750  0.004838896068839 -0.094259817254674 -19.4796
7.596875  0.004002072243186 -0.093877636409665 -23.4573
7.600000  0.003164661865703 -0.093479519456298 -29.5385
7.603125  0.002326703653392 -0.093065579989036 -39.9989
7.606250  0.001488236110135 -0.092635935893547 -62.2455
7.609375  0.000649297525980 -0.092190709347142 -141.985
7.612500 -0.000190074023549 -0.091730027286923 482.602
7.615625 -0.001029840678110 -0.091254021040002 88.6098
7.618750 -0.001869964793194 -0.090762826520780 48.5372
7.621875 -0.002710408940738 -0.090256583859419 33.3
7.625000 -0.003551135909725 -0.089735437718026 25.2695
7.628125 -0.004392108706754 -0.089199536742851 20.309
7.631250 -0.005233290556598 -0.088649033688377 16.9394
7.634375 -0.006074644902727 -0.088084085318392 14.5003
7.637500 -0.006916135407821 -0.087504852599098 12.6523
7.640625 -0.007757725954255 -0.086911500046642 11.2032
7.643750 -0.008599380644567 -0.086304195572096 10.0361
7.646875 -0.009441063801895 -0.085683110557055 9.07558
7.650000 -0.010282739970409 -0.085048419983826 8.27099
7.653125 -0.011124373915709 -0.084400301988066 7.58697
7.656250 -0.011965930625207 -0.083738938015812 6.99811
7.659375 -0.012807375308491 -0.083064512425851 6.48568
7.662500 -0.013648673397667 -0.082377212440372 6.03555
7.665625 -0.014489790547680 -0.081677227743249 5.63688
7.668750 -0.015330692636616 -0.080964751101477 5.28122
7.671875 -0.016171345765987 -0.080239976951265 4.96186
7.675000 -0.017011716260996 -0.079503102052129 4.67343
7.678125 -0.017851770670777 -0.078754324916657 4.41157
7.681250 -0.018691475768629 -0.077993845975803 4.1727
7.684375 -0.019530798552216 -0.077221867335809 3.95385
7.687500 -0.020369706243763 -0.076438592019820 3.75256
7.690625 -0.021208166290223 -0.075644223979023 3.56675
7.693750 -0.022046146363432 -0.074838968563834 3.39465
7.696875 -0.022883614360244 -0.074023031506699 3.23476
7.700000 -0.023720538402650 -0.073196618940523 3.08579
7.703125 -0.024556886837879 -0.072359937187999 2.94663
7.706250 -0.025392628238478 -0.071513192856177 2.8163
7.709375 -0.026227731402386 -0.070656592901050 2.69397
7.712500 -0.027062165352975 -0.069790344719347 2.57889
7.715625 -0.027895899339090 -0.068914655899608 2.47042
7.718750 -0.028728902835063 -0.068029734390056 2.36799
7.721875 -0.029561145540714 -0.067135788163723 2.27108
7.725000 -0.030392597381338 -0.066233025855618 2.17925
7.728125 -0.031223228507670 -0.065321655656263 2.09209
7.731250 -0.032053009295843 -0.064401885912240 2.00923
7.734375 -0.032881910347321 -0.063473924144986 1.93036
7.737500 -0.033709902488828 -0.062537979189387 1.85518
7.740625 -0.034536956772250 -0.061594259018308 1.78343
7.743750 -0.035363044474529 -0.060642971585011 1.71487
7.746875 -0.036188137097546 -0.059684323976820 1.64928
7.750000 -0.037012206367977 -0.058718523016433 1.58646
7.753125 -0.037835224237151 -0.057745775054767 1.52624
7.756250 -0.038657162880877 -0.056766285921607 1.46845
7.759375 -0.039477994699271 -0.055780260854118 1.41295
7.762500 -0.040297692316561 -0.054787904357233 1.35958
7.765625 -0.041116228580883 -0.053789420207541 1.30823
7.768750 -0.041933576564058 -0.052785011638857 1.25878
7.771875 -0.042749709561364 -0.051774880786548 1.21112
7.775000 -0.043564601091285 -0.050759229041050 1.16515
7.778125 -0.044378224895258 -0.049738256794405 1.12078
7.781250 -0.045190554937397 -0.048712163788186 1.07793
7.784375 -0.046001565404211 -0.047681148655435 1.03651
7.787500 -0.046811230704307 -0.046645409100276 0.996458
7.790625 -0.047619525468082 -0.045605141549177 0.957698
7.793750 -0.048426424547402 -0.044560541559367 0.92017
7.796875 -0.049231903015269 -0.043511803365228 0.883813
7.800000 -0.050035936165479 -0.042459120252948 0.848573
7.803125 -0.050838499512262 -0.041402684164630 0.814396
7.806250 -0.051639568789919 -0.040342685934672 0.781236
7.809375 -0.052439119952439 -0.039279315069657 0.749046
7.812500 -0.053237129173115 -0.038212760144199 0.717784
7.815625 -0.054033572844140 -0.037143208189764 0.68741
7.818750 -0.054828427576193 -0.036070845074340 0.657886
7.821875 -0.055621670198025 -0.034995855336056 0.629177
7.825000 -0.056413277756017 -0.033918422504659 0.601249
7.828125 -0.057203227513746 -0.032838728671455 0.574071
7.831250 -0.057991496951526 -0.031756954667133 0.547614
7.834375 -0.058778063765949 -0.030673279684951 0.521849
7.837500 -0.059562905869410 -0.029587882169714 0.49675
7.840625 -0.060346001389625 -0.028500938842822 0.472292
7.843750 -0.061127328669140 -0.027412625337598 0.448451
7.846875 -0.061906866264828 -0.026323115546960 0.425205
7.850000 -0.062684592947381 -0.025232582117559 0.402532
7.853125 -0.063460487700788 -0.024141196436586 0.380413
7.856250 -0.064234529721805 -0.023049128332940 0.358828
7.859375 -0.065006698419422 -0.021956546125194 0.337758
7.862500 -0.065776973414313 -0.020863616777003 0.317187
7.865625 -0.066545334538281 -0.019770505732135 0.297098
7.868750 -0.067311761833699 -0.018677377486489 0.277476
7.871875 -0.068076235552931 -0.017584394787169 0.258304
7.875000 -0.068838736157760 -0.016491719320327 0.23957
7.878125 -0.069599244318797 -0.015399511093992 0.22126
7.881250 -0.070357740914885 -0.014307929248986 0.20336
7.884375 -0.071114207032496 -0.013217131304619 0.185858
7.887500 -0.071868623965121 -0.012127273746280 0.168742
7.890625 -0.072620973212651 -0.011038511468204 0.152002
7.893750 -0.073371236480753 -0.009950998183038 0.135625
7.896875 -0.074119395680232 -0.008864886223559 0.119603
7.900000 -0.074865432926400 -0.007780326627427 0.103924
7.903125 -0.075609330538419 -0.006697469040709 0.0885799
7.906250 -0.076351071038654 -0.005616461850366 0.073561
7.909375 -0.077090637152011 -0.004537451978349 0.0588587
7.912500 -0.077828011805270 -0.003460585199224 0.0444645
7.915625 -0.078563178126410 -0.002386005692440 0.0303705
7.918750 -0.079296119443930 -0.001313856395538 0.016569
7.921875 -0.080026819286164 -0.000244278664153 0.00305246
7.925000 -0.080755261380589  0.000822587305648 -0.0101862
7.928125 -0.081481429653125  0.001886602931749 -0.0231538
7.931250 -0.082205308227433  0.002947630966465 -0.0358569
7.934375 -0.082926881424202  0.004005535762917 -0.048302
7.937500 -0.083646133760440  0.005060183001969 -0.0604951
7.940625 -0.084363049948746  0.006111439886106 -0.0724421
7.943750 -0.085077614896589  0.007159175133561 -0.0841488
7.946875 -0.085789813705573  0.008203259058045 -0.0956204
7.950000 -0.086499631670704  0.009243563503642 -0.106862
7.953125 -0.087207054279645  0.010279961914956 -0.11788
7.956250 -0.087912067211969  0.011312329263429 -0.128678
7.959375 -0.088614656338412  0.012340542276551 -0.139261
7.962500 -0.089314807720112  0.013364479202235 -0.149633
7.965625 -0.090012507607850  0.014384020197028 -0.1598
7.968750 -0.090707742441283  0.015399046810887 -0.169766
7.971875 -0.091400498848178  0.016409442618092 -0.179533
7.975000 -0.092090763643634  0.017415092745383 -0.189108
7.978125 -0.092778523829306  0.018415884454267 -0.198493
7.981250 -0.093463766592620  0.019411706480966 -0.207692
7.984375 -0.094146479305990  0.020402449671325 -0.21671
7.987500 -0.094826649526024  0.021388006498824 -0.225548
7.990625 -0.095504264992733  0.022368271430739 -0.234212
7.993750 -0.096179313628731  0.023343141035041 -0.242704
7.996875 -0.096851783538435  0.024312513543126 -0.251028
8.000000 -0.097521647807961  0.025276289464158 -0.259186
8.003125 -0.098188533314413  0.026234371041764 -0.267184
8.006250 -0.098851734221179  0.027186662415571 -0.275025
8.009375 -0.099510551804180  0.028133069597557 -0.282714
8.012500 -0.100164309352744  0.029073500159939 -0.290258
8.015625 -0.100812351758050  0.030007863673298 -0.297661
8.018750 -0.101454045107544  0.030936071458354 -0.304927
8.021875 -0.102088776285284  0.031858036798815 -0.312062
8.025000 -0.102715952578108  0.032773674528316 -0.319071
8.028125 -0.103335001287581  0.033682901358899 -0.325958
8.031250 -0.103945369347628  0.034585635425117 -0.332729
8.034375 -0.104546522947788  0.035481796666014 -0.339388
8.037500 -0.105137947162026  0.036371306534167 -0.345939
8.040625 -0.105719145583020  0.037254088067963 -0.352387
8.043750 -0.106289639961864  0.038130065945380 -0.358737
8.046875 -0.106848969853120  0.038999166394864 -0.364993
8.050000 -0.107396692265133  0.039861316938088 -0.37116
8.053125 -0.107932381315572  0.040716446865189 -0.37724
8.056250 -0.108455627892109  0.041564486909567 -0.38324
8.059375 -0.108966039318173  0.042405369385963 -0.389161
8.062500 -0.109463239023727  0.043239027915273 -0.39501
8.065625 -0.109946866220988  0.044065397667118 -0.400788
8.068750 -0.110416575585040  0.044884415227053 -0.406501
8.071875 -0.110872036939276  0.045696018644737 -0.412151
8.075000 -0.111312934945593  0.046500147411535 -0.417743
8.078125 -0.111738968799302  0.047296742489480 -0.423279
8.081250 -0.112149851928674  0.048085746154477 -0.428763
8.084375 -0.112545311699075  0.048867102085400 -0.434199
8.087500 -0.112925089121619  0.049640755346743 -0.43959
8.090625 -0.113288938566295  0.050406652516564 -0.444939
8.093750 -0.113636627479500  0.051164740644018 -0.450249
8.096875 -0.113967936105920  0.051914969097468 -0.455523
8.100000 -0.114282657214721  0.052657288403127 -0.460764
8.103125 -0.114580595829962  0.053391650414554 -0.465975
8.106250 -0.114861568965210  0.054118007712106 -0.471159
8.109375 -0.115125405362279  0.054836314047491 -0.476318
8.112500 -0.115371945234048  0.055546524293503 -0.481456
8.115625 -0.115601040011303  0.056248594550303 -0.486575
8.118750 -0.115812552093559  0.056942482123957 -0.491678
8.121875 -0.116006354603792  0.057628145586316 -0.496767
8.125000 -0.116182331147046  0.058305544654804 -0.501845
8.128125 -0.116340375572865  0.058974640392694 -0.506915
8.131250 -0.116480391741482  0.059635394915210 -0.511978
8.134375 -0.116602293293737  0.060287771438562 -0.517038
8.137500 -0.116706003424665  0.060931734261383 -0.522096
8.140625 -0.116791454660702  0.061567249005372 -0.527155
8.143750 -0.116858588640467  0.062194282358587 -0.532218
8.146875 -0.116907355899078  0.062812802378040 -0.537287
8.150000 -0.116937715655941  0.063422777766092 -0.542364
8.153125 -0.116949635605978  0.064024178565954 -0.547451
8.156250 -0.116943091714246  0.064616975623744 -0.552551
8.159375 -0.116918068013894  0.065201141086306 -0.557665
8.162500 -0.116874556407428  0.065776648122238 -0.562797
8.165625 -0.116812556471227  0.066343471098332 -0.567948
8.168750 -0.116732075263272  0.066901585157768 -0.573121
8.171875 -0.116633127134048  0.067450966900468 -0.578317
8.175000 -0.116515733540569  0.067991593675928 -0.58354
8.178125 -0.116379922863489  0.068523443958485 -0.588791
8.181250 -0.116225730227261  0.069046497106507 -0.594072
8.184375 -0.116053197323293  0.069560733499314 -0.599387
8.187500 -0.115862372236071  0.070066134653642 -0.604736
8.190625 -0.115653309272202  0.070562683045447 -0.610122
8.193750 -0.115426068792340  0.071050361574531 -0.615549
8.196875 -0.115180717045957  0.071529154659255 -0.621017
8.200000 -0.114917326008921  0.071999047439575 -0.626529
8.203125 -0.114635973223833  0.072460026066728 -0.632088
8.206250 -0.114336741643107  0.072912077290883 -0.637696
8.209375 -0.114019719474727  0.073355188618767 -0.643355
8.212500 -0.113685000030675  0.073789348254381 -0.649068
8.215625 -0.113332681577962  0.074214545268413 -0.654838
8.218750 -0.112962867192256  0.074630769406491 -0.660666
8.221875 -0.112575664614051  0.075038011362274 -0.666556
8.225000 -0.112171186107349  0.075436262215220 -0.67251
8.228125 -0.111749548320820  0.075825514305529 -0.678531
8.231250 -0.111310872151407  0.076205760378048 -0.684621
8.234375 -0.110855282610341  0.076576994222603 -0.690783
8.237500 -0.110382908691533  0.076939209675025 -0.697021
8.240625 -0.109893883242304  0.077292401929595 -0.703337
8.243750 -0.109388342836436  0.077636566609258 -0.709733
8.246875 -0.108866427649490  0.077971700308872 -0.716214
8.250000 -0.108328281336383  0.078297800065586 -0.722783
8.253125 -0.107774050911170  0.078614863611848 -0.729441
8.256250 -0.107203886629014  0.078922889280702 -0.736194
8.259375 -0.106617941870312  0.079221876137179 -0.743045
8.262500 -0.106016373026944  0.079511823957518 -0.749996
8.265625 -0.105399339390609  0.079792733277641 -0.757052
8.268750 -0.104767003043233  0.080064605219939 -0.764216
8.271875 -0.104119528749406  0.080327441963246 -0.771493
8.275000 -0.103457083850829  0.080581246185211 -0.778886
8.278125 -0.102779838162731  0.080826021512782 -0.7864
8.281250 -0.102087963872245  0.081061772082829 -0.794038
8.284375 -0.101381635438695  0.081288503025646 -0.801807
8.287500 -0.100661029495784  0.081506220132118 -0.80971
8.290625 -0.099926324755644  0.081714930200733 -0.817752
8.293750 -0.099177701914728  0.081914640545204 -0.825938
8.296875 -0.098415343561513  0.082105359512045 -0.834274
8.300000 -0.097639434085992  0.082287096036152 -0.842765
8.303125 -0.096850159590928  0.082459860054621 -0.851417
8.306250 -0.096047707804837  0.082623662177985 -0.860236
8.309375 -0.095232267996692  0.082778513846169 -0.869228
8.312500 -0.094404030892301  0.082924427245111 -0.878399
8.315625 -0.093563188592355  0.083061415528612 -0.887757
8.318750 -0.092709934492108  0.083189492531445 -0.897309
8.321875 -0.091844463202667  0.083308672999583 -0.907063
8.325000 -0.090966970473880  0.083418972303476 -0.917025
8.328125 -0.090077653118780  0.083520406907651 -0.927205
8.331250 -0.089176708939575  0.083612993949259 -0.93761
8.334375 -0.088264336655159  0.083696751624591 -0.948251
8.337500 -0.087340735830114  0.083771698514151 -0.959137
8.340625 -0.086406106805200  0.083837854495573 -0.970277
8.343750 -0.085460650629277  0.083895239965916 -0.981683
8.346875 -0.084504568992680  0.083943876453610 -0.993365
8.350000 -0.083538064161989  0.083983786082988 -1.00534
8.353125 -0.082561338916191  0.084014991629874 -1.01761
8.356250 -0.081574596484214  0.084037517067776 -1.03019
8.359375 -0.080578040483797  0.084051387020103 -1.04311
8.362500 -0.079571874861705  0.084056626898356 -1.05636
8.365625 -0.078556303835229  0.084053262894608 -1.06997
8.368750 -0.077531531834987  0.084041321783913 -1.08396
8.371875 -0.076497763448989  0.084020831396189 -1.09834
8.375000 -0.075455203367945  0.083991820097296 -1.11313
8.378125 -0.074404056331808  0.083954317237521 -1.12836
8.381250 -0.073344527077522  0.083908352674009 -1.14403
8.384375 -0.072276820287960  0.083853957265562 -1.16018
8.387500 -0.071201140542043  0.083791162420354 -1.17682
8.390625 -0.070117692265998  0.083720000572001 -1.19399
8.393750 -0.069026679685771  0.083640504701214 -1.21171
8.396875 -0.067928306780546  0.083552708630392 -1.23001
8.400000 -0.066822777237366  0.083456646872697 -1.24893
8.403125 -0.065710294406845  0.083352354712323 -1.26848
8.406250 -0.064591061259941  0.083239868088365 -1.28872
8.409375 -0.063465280345780  0.083119223709242 -1.30968
8.412500 -0.062333153750519  0.082990458894439 -1.3314
8.415625 -0.061194883057217  0.082853611823937 -1.35393
8.418750 -0.060050669306717  0.082708721247755 -1.37732
8.421875 -0.058900712959503  0.082555826717533 -1.40161
8.425000 -0.057745213858535  0.082394968335941 -1.42687
8.428125 -0.056584371193037  0.082226187002454 -1.45316
8.431250 -0.055418383463214  0.082049524348930 -1.48055
8.434375 -0.054247448445907  0.081865022733013 -1.5091
8.437500 -0.053071763161142  0.081672725090865 -1.53891
8.440625 -0.051891523839586  0.081472675163722 -1.57006
8.443750 -0.050706925890874  0.081264917338988 -1.60264
8.446875 -0.049518163872795  0.081049496844549 -1.63676
8.450000 -0.048325431461349  0.080826459596575 -1.67255
8.453125 -0.047128921421616  0.080595852196631 -1.71011
8.456250 -0.045928825579468  0.080357722106245 -1.74961
8.459375 -0.044725334794076  0.080112117622778 -1.7912
8.462500 -0.043518638931222  0.079859087542735 -1.83505
8.465625 -0.042308926837386  0.079598681515155 -1.88137
8.468750 -0.041096386314611  0.079330949700781 -1.93036
8.471875 -0.039881204096116  0.079055943118899 -1.98229
8.475000 -0.038663565822660  0.078773713296005 -2.03741
8.478125 -0.037443656019627  0.078484312454654 -2.09606
8.481250 -0.036221658074847  0.078187793136530 -2.15859
8.484375 -0.034997754217102  0.077884208550612 -2.22541
8.487500 -0.033772125495345  0.077573612271820 -2.29697
8.490625 -0.032544951758593  0.077256058489355 -2.37383
8.493750 -0.031316411636484  0.076931602036341 -2.45659
8.496875 -0.030086682520516  0.076600297943731 -2.54599
8.500000 -0.028855940545901  0.076262201974219 -2.64286
8.503125 -0.027624360574088  0.075917370180804 -2.7482
8.506250 -0.026392116175891  0.075565858357126 -2.8632
8.509375 -0.025159379615232  0.075207722940474 -2.98925
8.512500 -0.023926321833503  0.074843020689622 -3.12806
8.515625 -0.022693112434499  0.074471809089935 -3.28169
8.518750 -0.021459919669955  0.074094145541633 -3.45268
8.521875 -0.020226910425639  0.073710087346047 -3.64416
8.525000 -0.018994250208013  0.073319691320979 -3.8601
8.528125 -0.017762103131446  0.072923014029421 -4.10554
8.531250 -0.016530631905967  0.072520111560279 -4.38701
8.534375 -0.015299997825551  0.072111039736941 -4.71314
8.537500 -0.014070360756928  0.071695853879286 -5.09552
8.540625 -0.012841879128898  0.071274608929305 -5.55017
8.543750 -0.011614709922161  0.070847359453911 -6.0998
8.546875 -0.010389008659627  0.070414159619623 -6.77776
8.550000 -0.009164929397227  0.069975063047368 -7.63509
8.553125 -0.007942624715179  0.069530123221201 -8.75405
8.556250 -0.006722245709742  0.069079393232810 -10.2762
8.559375 -0.005503941985411  0.068622925943550 -12.468
8.562500 -0.004287861647571  0.068160773821129 -15.8962
8.565625 -0.003074151295589  0.067692989160493 -22.0201
8.568750 -0.001862956016341  0.067219623984568 -36.0822
8.571875 -0.000654419378152  0.066740730166895 -101.985
8.575000  0.000551316574832  0.066256359476296 120.178
8.578125  0.001754111327879  0.065766563672289 37.4928
8.581250  0.002953825900491  0.065271394247209 22.0972
8.584375  0.004150322850850  0.064770902962020 15.6062
8.587500  0.005343466279865  0.064265141543843 12.0269
8.590625  0.006533121834848  0.063754161981976 9.75861
8.593750  0.007719156712827  0.063238016079631 8.19235
8.596875  0.008901439663481  0.062716756307863 7.04569
8.600000  0.010079840991739  0.062190435212993 6.16978
8.603125  0.011254232560021  0.061659105665316 5.47875
8.606250  0.012424487790142  0.061122820826178 4.91954
8.609375  0.013590481664883  0.060581634381309 4.45765
8.612500  0.014752090729232  0.060035600499736 4.06963
8.615625  0.015909193091315  0.059484773878802 3.73902
8.618750  0.017061668423005  0.058929209768907 3.45389
8.621875  0.018209397960223  0.058368963982945 3.20543
8.625000  0.019352264502957  0.057804092829060 2.98694
8.628125  0.020490152414960  0.057234653228823 2.79328
8.631250  0.021622947623188  0.056660702524918 2.6204
8.634375  0.022750537616941  0.056082298675105 2.4651
8.637500  0.023872811446731  0.055499499993585 2.3248
8.640625  0.024989659722889  0.054912365571334 2.1974
8.643750  0.026100974613902  0.054320954854312 2.08118
8.646875  0.027206649844493  0.053725328059815 1.97471
8.650000  0.028306580693459  0.053125545276290 1.87679
8.653125  0.029400663991250  0.052521667369356 1.78641
8.656250  0.030488798117321  0.051913755319463 1.70272
8.659375  0.031570882997239  0.051301870742314 1.62497
8.662500  0.032646820099569  0.050686075407653 1.55256
8.665625  0.033716512432535  0.050066431404425 1.48492
8.668750  0.034779864540455  0.049443000900526 1.4216
8.671875  0.035836782499975  0.048815846360618 1.36217
8.675000  0.036887173916085  0.048185030141820 1.30628
8.678125  0.037930947917940  0.047550614679701 1.25361
8.681250  0.038968015154475  0.046912662242160 1.20388
8.684375  0.039998287789830  0.046271235028461 1.15683
8.687500  0.041021679498592  0.045626394997089 1.11225
8.690625  0.042038105460844  0.044978203804404 1.06994
8.693750  0.043047482357041  0.044326722409789 1.02972
8.696875  0.044049728362711  0.043672011769373 0.991425
8.700000  0.045044763142980  0.043014131923235 0.95492
8.703125  0.046032507846945  0.042353142432446 0.92007
8.706250  0.047012885101869  0.041689101898087 0.886759
8.709375  0.047985819007229  0.041022068215516 0.854879
8.712500  0.048951235128614  0.040352098426644 0.824333
8.715625  0.049909060491463  0.039679248675409 0.795031
8.718750  0.050859223574673  0.039003573958084 0.766893
8.721875  0.051801654304053  0.038325128262742 0.739844
8.725000  0.052736284045647  0.037643964170602 0.713815
8.728125  0.053663045598933  0.036960133386116 0.688745
8.731250  0.054581873189875  0.036273686114628 0.664574
8.734375  0.055492702463868  0.035584671436486 0.64125
8.737500  0.056395470478551  0.034893136808345 0.618722
8.740625  0.057290115696503  0.034199128578656 0.596946
8.743750  0.058176577977833  0.033502691368710 0.575879
8.746875  0.059054798572648  0.032803868516320 0.555482
8.750000  0.059924720113424  0.032102701483120 0.535717
8.753125  0.060786286607266  0.031399230293112 0.516551
8.756250  0.061639443428074  0.030693493220902 0.497952
8.759375  0.062484137308609  0.029985527037209 0.47989
8.762500  0.063320316332459  0.029275366763463 0.462338
8.765625  0.064147929925931  0.028563045829699 0.445268
8.768750  0.064966928849837  0.027848595887068 0.428658
8.771875  0.065777265191207  0.027132047166803 0.412484
8.775000  0.066578892354921  0.026413428098771 0.396724
8.778125  0.067371765055253  0.025692765806377 0.381358
8.781250  0.068155839307353  0.024970085764734 0.366368
8.784375  0.068931072418644  0.024245412330755 0.351734
8.787500  0.069697422980159  0.023518768532427 0.337441
8.790625  0.070454850857809  0.022790176492224 0.323472
8.793750  0.071203317183578  0.022059657209670 0.309812
8.796875  0.071942784346672  0.021327231261404 0.296447
8.800000  0.072673215984595  0.020592918522407 0.283363
8.803125  0.073394576974179  0.019856738772883 0.270548
8.806250  0.074106833422555  0.019118711537731 0.257989
8.809375  0.074809952658072  0.018378856504303 0.245674
8.812500  0.075503903221171  0.017637193632235 0.233593
8.815625  0.076188654855214  0.016893743340187 0.221736
8.818750  0.076864178497260  0.016148526424312 0.210092
8.821875  0.077530446268812  0.015401564564748 0.198652
8.825000  0.078187431466514  0.014652879906635 0.187407
8.828125  0.078835108552818  0.013902495208191 0.176349
8.831250  0.079473453146613  0.013150433162499 0.16547
8.834375  0.080102442013821  0.012396716609007 0.154761
8.837500  0.080722053057964  0.011641367793871 0.144215
8.840625  0.081332265310702  0.010884408540682 0.133826
8.843750  0.081933058922345  0.010125859106365 0.123587
8.846875  0.082524415152340  0.009365738033714 0.113491
8.850000  0.083106316359733  0.008604061086042 0.103531
8.853125  0.083678745993619  0.007840840765431 0.0937017
8.856250  0.084241688583560  0.007076086001720 0.0839974
8.859375  0.084795129730003  0.006309801045061 0.0744123
8.862500  0.085339056094663  0.005541985111947 0.0649408
8.865625  0.085873455390915  0.004772632716728 0.0555775
8.868750  0.086398316374154  0.004001732749338 0.0463173
8.871875  0.086913628832160  0.003229268242948 0.0371549
8.875000  0.087419383575451  0.002455215947067 0.0280855
8.878125  0.087915572427622  0.001679547347481 0.0191041
8.881250  0.088402188215691  0.000902229183607 0.010206
8.884375  0.088879224760437  0.000123224816913 0.00138643
8.887500  0.089346676866733 -0.000657505171715 -0.00735903
8.890625  0.089804540313883 -0.001440001636750 -0.0160348
8.893750  0.090252811845960 -0.002224306324727 -0.0246453
8.896875  0.090691489162147 -0.003010460477477 -0.0331945
8.900000  0.091120570907081 -0.003798504179794 -0.0416866
8.903125  0.091540056661202 -0.004588475285015 -0.0501253
8.906250  0.091949946931114 -0.005380408637776 -0.0585145
8.909375  0.092350243139949 -0.006174334964415 -0.0668578
8.912500  0.092740947617740 -0.006970280221798 -0.0751586
8.915625  0.093122063591816 -0.007768264841373 -0.0834202
8.918750  0.093493595177192 -0.008568303061629 -0.0916459
8.921875  0.093855547366990 -0.009370402052788 -0.0998386
8.925000  0.094207926022859 -0.010174561393152 -0.108001
8.928125  0.094550737865424 -0.010980772353752 -0.116136
8.931250  0.094883990464747 -0.011789017538944 -0.124247
8.934375  0.095207692230801 -0.012599270556087 -0.132335
8.937500  0.095521852403974 -0.013411495869849 -0.140402
8.940625  0.095826481045582 -0.014225648202038 -0.148452
8.943750  0.096121589028416 -0.015041673023306 -0.156486
8.946875  0.096407188027298 -0.015859506306104 -0.164505
8.950000  0.096683290509671 -0.016679074927532 -0.172512
8.953125  0.096949909726208 -0.017500296725599 -0.180509
8.956250  0.097207059701451 -0.018323080759995 -0.188495
8.959375  0.097454755224469 -0.019147328138749 -0.196474
8.962500  0.097693011839552 -0.019972932662679 -0.204446
8.965625  0.097921845836925 -0.020799781147323 -0.212412
8.968750  0.098141274243501 -0.021627754348347 -0.220374
8.971875  0.098351314813650 -0.022456727542953 -0.228332
8.975000  0.098551986020013 -0.023286571414828 -0.236287
8.978125  0.098743307044340 -0.024117152723563 -0.244241
8.981250  0.098925297768360 -0.024948335141484 -0.252194
8.984375  0.099097978764686 -0.025779979749532 -0.260146
8.987500  0.099261371287754 -0.026611945951225 -0.2681
8.990625  0.099415497264798 -0.027444092014565 -0.276054
8.993750  0.099560379286855 -0.028276275858170 -0.284011
8.996875  0.099696040599810 -0.029108355624829 -0.291971
9.000000  0.099822505095480 -0.029940190326468 -0.299934
9.003125  0.099939797302729 -0.030771640654453 -0.307902
9.006250  0.100047942378626 -0.031602570029951 -0.315874
9.009375  0.100146966099638 -0.032432843742951 -0.323852
9.012500  0.100236894852866 -0.033262330400831 -0.331837
9.015625  0.100317755627318 -0.034090902104265 -0.339829
9.018750  0.100389576005221 -0.034918435618267 -0.347829
9.021875  0.100452384153378 -0.035744812396950 -0.355838
9.025000  0.100506208814564 -0.036569919077691 -0.363857
9.028125  0.100551079298961 -0.037393647564040 -0.371887
9.031250  0.100587025475643 -0.038215895419739 -0.379929
9.034375  0.100614077764095 -0.039036566048275 -0.387983
9.037500  0.100632267125783 -0.039855568926469 -0.396052
9.040625  0.100641625055760 -0.040672819522104 -0.404135
9.043750  0.100642183574325 -0.041488239474042 -0.412235
9.046875  0.100633975218719 -0.042301756526764 -0.420353
9.050000  0.100617033034870 -0.043113304514096 -0.428489
9.053125  0.100591390569185 -0.043922822921589 -0.436646
9.056250  0.100557081860381 -0.044730256944784 -0.444825
9.059375  0.100514141431369 -0.045535557177260 -0.453026
9.062500  0.100462604281184 -0.046338679465508 -0.461253
9.065625  0.100402505876957 -0.047139584331310 -0.469506
9.068750  0.100333882145939 -0.047938236805106 -0.477787
9.071875  0.100256769467570 -0.048734605790443 -0.486098
9.075000  0.100171204665596 -0.049528663786698 -0.49444
9.078125  0.100077225000237 -0.050320386281001 -0.502816
9.081250  0.099974868160398 -0.051109751484384 -0.511226
9.084375  0.099864172255937 -0.051896739247411 -0.519673
9.087500  0.099745175809970 -0.052681331036259 -0.528159
9.090625  0.099617917751236 -0.053463509069407 -0.536686
9.093750  0.099482437406507 -0.054243255952827 -0.545255
9.096875  0.099338774493045 -0.055020553716732 -0.553868
9.100000  0.099186969111117 -0.055795383449101 -0.562527
9.103125  0.099027061736548 -0.056567724656701 -0.571235
9.106250  0.098859093213338 -0.057337554770602 -0.579993
9.109375  0.098683104746316 -0.058104848265611 -0.588802
9.112500  0.098499137893852 -0.058869576337059 -0.597666
9.115625  0.098307234560623 -0.059631706200434 -0.606585
9.118750  0.098107436990420 -0.060391200774621 -0.615562
9.121875  0.097899787759013 -0.061148018032377 -0.624598
9.125000  0.097684329767065 -0.061902110611188 -0.633695
9.128125  0.097461106233100 -0.062653425188575 -0.642856
9.131250  0.097230160686518 -0.063401902245705 -0.652081
9.134375  0.096991536960659 -0.064147475483634 -0.661372
9.137500  0.096745279185933 -0.064890071746906 -0.670731
9.140625  0.096491431782981 -0.065629610185409 -0.68016
9.143750  0.096230039455905 -0.066366002550888 -0.68966
9.146875  0.095961147185539 -0.067099152512939 -0.699232
9.150000  0.095684800222779 -0.067828956092408 -0.708879
9.153125  0.095401044081959 -0.068555300638620 -0.718601
9.156250  0.095109924534279 -0.069278065373965 -0.7284
9.159375  0.094811487601293 -0.069997120849995 -0.738277
9.162500  0.094505779548442 -0.070712329326076 -0.748233
9.165625  0.094192846878634 -0.071423544491280 -0.758269
9.168750  0.093872736325890 -0.072130611628850 -0.768387
9.171875  0.093545494849029 -0.072833367580776 -0.778588
9.175000  0.093211169625414 -0.073531640998303 -0.788872
9.178125  0.092869808044742 -0.074225252349316 -0.79924
9.181250  0.092521457702892 -0.074914014244386 -0.809693
9.184375  0.092166166395823 -0.075597731406419 -0.820233
9.187500  0.091803982113523 -0.076276201178730 -0.830859
9.190625  0.091434953034013 -0.076949213612368 -0.841573
9.193750  0.091059127517397 -0.077616552008940 -0.852375
9.196875  0.090676554099968 -0.078277992764110 -0.863266
9.200000  0.090287281488367 -0.078933306290910 -0.874246
9.203125  0.089891358553790 -0.079582256912913 -0.885316
9.206250  0.089488834326248 -0.080224603604836 -0.896476
9.209375  0.089079757988879 -0.080860100101884 -0.907727
9.212500  0.088664178872310 -0.081488495462514 -0.919069
9.215625  0.088242146449074 -0.082109534481269 -0.930502
9.218750  0.087813710328071 -0.082722958229652 -0.942028
9.221875  0.087378920249090 -0.083328504353970 -0.953645
9.225000  0.086937826077375 -0.083925907670345 -0.965355
9.228125  0.086490477798241 -0.084514900349456 -0.977158
9.231250  0.086036925511747 -0.085095212743858 -0.989055
9.234375  0.085577219427415 -0.085666573592105 -1.00104
9.237500  0.085111409859003 -0.086228710762116 -1.01313
9.240625  0.084639547219322 -0.086781351350488 -1.02531
9.243750  0.084161682015112 -0.087324222536960 -1.03758
9.246875  0.083677864841963 -0.087857051658494 -1.04994
9.250000  0.083188146379286 -0.088379567149299 -1.06241
9.253125  0.082692577385337 -0.088891498417377 -1.07496
9.256250  0.082191208692286 -0.089392576737555 -1.08762
9.259375  0.081684091201344 -0.089882535309813 -1.10037
9.262500  0.081171275877928 -0.090361110011284 -1.11322
9.265625  0.080652813746884 -0.090828039600840 -1.12616
9.268750  0.080128755887761 -0.091283066097045 -1.1392
9.271875  0.079599153430121 -0.091725935152458 -1.15235
9.275000  0.079064057548915 -0.092156396557809 -1.16559
9.278125  0.078523519459893 -0.092574204372609 -1.17894
9.281250  0.077977590415075 -0.092979117491424 -1.19238
9.284375  0.077426321698259 -0.093370899637791 -1.20593
9.287500  0.076869764620585 -0.093749319944373 -1.21959
9.290625  0.076307970516144 -0.094114153006493 -1.23335
9.293750  0.075740990737635 -0.094465179384098 -1.24721
9.296875  0.075168876652071 -0.094802185482395 -1.26119
9.300000  0.074591679636529 -0.095124964203179 -1.27528
9.303125  0.074009451073955 -0.095433314776067 -1.28947
9.306250  0.073422242349002 -0.095727043316373 -1.30379
9.309375  0.072830104843931 -0.096005962756665 -1.31822
9.312500  0.072233089934548 -0.096269893134161 -1.33277
9.315625  0.071631248986192 -0.096518661787057 -1.34744
9.318750  0.071024633349766 -0.096752103581087 -1.36223
9.321875  0.070413294357817 -0.096970060725293 -1.37716
9.325000  0.069797283320663 -0.097172383405528 -1.39221
9.328125  0.069176651522557 -0.097358929670696 -1.4074
9.331250  0.068551450217910 -0.097529565818316 -1.42272
9.334375  0.067921730627548 -0.097684166105481 -1.43819
9.337500  0.067287543935018 -0.097822613158904 -1.4538
9.340625  0.066648941282942 -0.097944797785949 -1.46956
9.343750  0.066005973769406 -0.098050619371541 -1.48548
9.346875  0.065358692444406 -0.098139985697096 -1.50156
9.350000  0.064707148306328 -0.098212813165283 -1.5178
9.353125  0.064051392298475 -0.098269026580632 -1.53422
9.356250  0.063391475305640 -0.098308559053845 -1.55082
9.359375  0.062727448150722 -0.098331352166393 -1.5676
9.362500  0.062059361591377 -0.098337355744593 -1.58457
9.365625  0.061387266316728 -0.098326527058516 -1.60174
9.368750  0.060711212944099 -0.098298831783699 -1.61912
9.371875  0.060031252015807 -0.098254243470815 -1.63672
9.375000  0.059347433995987 -0.098192743385539 -1.65454
9.378125  0.058659809267464 -0.098114319598393 -1.6726
9.381250  0.057968428128663 -0.098018967058680 -1.6909
9.384375  0.057273340790562 -0.097906687125885 -1.70946
9.387500  0.056574597373688 -0.097777487814802 -1.72829
9.390625  0.055872247905151 -0.097631383459441 -1.7474
9.393750  0.055166342315723 -0.097468394905916 -1.76681
9.396875  0.054456930436949 -0.097288549092707 -1.78652
9.400000  0.053744061998312 -0.097091879312966 -1.80656
9.403125  0.053027786624422 -0.096878424917604 -1.82694
9.406250  0.052308153832260 -0.096648231291838 -1.84767
9.409375  0.051585213028450 -0.096401349659258 -1.86878
9.412500  0.050859013506578 -0.096137837218962 -1.89028
9.415625  0.050129604444542 -0.095857757086483 -1.9122
9.418750  0.049397034901951 -0.095561178080710 -1.93455
9.421875  0.048661353817555 -0.095248174542831 -1.95737
9.425000  0.047922610006714 -0.094918826468579 -1.98067
9.428125  0.047180852158912 -0.094573219252855 -2.00448
9.431250  0.046436128835295 -0.094211443823080 -2.02884
9.434375  0.045688488466262 -0.093833596483171 -2.05377
9.437500  0.044937979349083 -0.093439778981316 -2.07931
9.440625  0.044184649645560 -0.093030098072033 -2.10548
9.443750  0.043428547379718 -0.092604666081713 -2.13235
9.446875  0.042669720435539 -0.092163600330695 -2.15993
9.450000  0.041908216554734 -0.091707023313340 -2.18828
9.453125  0.041144083334537 -0.091235062382839 -2.21745
9.456250  0.040377368225555 -0.090747849755012 -2.24749
9.459375  0.039608118529638 -0.090245522638505 -2.27846
9.462500  0.038836381397790 -0.089728222938420 -2.31042
9.465625  0.038062203828117 -0.089196096837833 -2.34343
9.468750  0.037285632663805 -0.088649295068427 -2.37757
9.471875  0.036506714591134 -0.088087972556336 -2.41293
9.475000  0.035725496137534 -0.087512288315316 -2.44958
9.478125  0.034942023669658 -0.086922405078520 -2.48762
9.481250  0.034156343391507 -0.086318489130737 -2.52716
9.484375  0.033368501342578 -0.085700710018290 -2.56831
9.487500  0.032578543396046 -0.085069240543661 -2.6112
9.490625  0.031786515256984 -0.084424256476984 -2.65598
9.493750  0.030992462460611 -0.083765936534582 -2.70278
9.496875  0.030196430370572 -0.083094461974312 -2.7518
9.500000  0.029398464177257 -0.082410016871113 -2.80321
9.503125  0.028598608896142 -0.081712787721974 -2.85723
9.506250  0.027796909366172 -0.081002963608213 -2.9141
9.509375  0.026993410248167 -0.080280735120236 -2.97409
9.512500  0.026188156023264 -0.079546295341034 -3.03749
9.515625  0.025381190991389 -0.078799839210562 -3.10465
9.518750  0.024572559269758 -0.078041563784458 -3.17596
9.521875  0.023762304791415 -0.077271667666719 -3.25186
9.525000  0.022950471303786 -0.076490351057720 -3.33284
9.528125  0.022137102367283 -0.075697815559698 -3.4195
9.531250  0.021322241353918 -0.074894264137334 -3.51249
9.534375  0.020505931445962 -0.074079901003492 -3.61261
9.537500  0.019688215634625 -0.073254931482688 -3.72075
9.540625  0.018869136718762 -0.072419561781422 -3.83799
9.543750  0.018048737303620 -0.071573999155913 -3.9656
9.546875  0.017227059799601 -0.070718451575900 -4.10508
9.550000  0.016404146421062 -0.069853127718522 -4.25826
9.553125  0.015580039185136 -0.068978236681166 -4.42735
9.556250  0.014754779910585 -0.068093988146262 -4.61505
9.559375  0.013928410216682 -0.067200592154565 -4.82471
9.562500  0.013100971522116 -0.066298259162206 -5.06056
9.565625  0.012272505043925 -0.065387199671719 -5.32794
9.568750  0.011443051796462 -0.064467624425055 -5.63378
9.571875  0.010612652590375 -0.063539744041672 -5.98717
9.575000  0.009781348031628 -0.062603769195050 -6.40032
9.578125  0.008949178520537 -0.061659910327401 -6.89001
9.581250  0.008116184250836 -0.060708377728365 -7.47992
9.584375  0.007282405208770 -0.059749381167422 -8.20462
9.587500  0.006447881172212 -0.058783130248475 -9.11666
9.590625  0.005612651709803 -0.057809834017262 -10.2999
9.593750  0.004776756180120 -0.056829701034305 -11.8971
9.596875  0.003940233730870 -0.055842939127136 -14.1725
9.600000  0.003103123298102 -0.054849755561587 -17.6757
9.603125  0.002265463605449 -0.053850356915044 -23.7701
9.606250  0.001427293163396 -0.052844949114469 -37.0246
9.609375  0.000588650268562 -0.051833736998300 -88.0552
9.612500 -0.000250426996984 -0.050816924764348 202.921
9.615625 -0.001089900766389 -0.049794715577609 45.6874
9.618750 -0.001929733388658 -0.048767311857237 25.2715
9.621875 -0.002769887429276 -0.047734914909117 17.2335
9.625000 -0.003610325670795 -0.046697724990193 12.9345
9.628125 -0.004451011113422 -0.045655941283172 10.2574
9.631250 -0.005291906975558 -0.044609761918749 8.42981
9.634375 -0.006132976694336 -0.043559383776067 7.10249
9.637500 -0.006974183926124 -0.042505002609675 6.09462
9.640625 -0.007815492547013 -0.041446812661099 5.30316
9.643750 -0.008656866653286 -0.040385007165356 4.66508
9.646875 -0.009498270561857 -0.039319777865443 4.13968
9.650000 -0.010339668810696 -0.038251315397360 3.69947
9.653125 -0.011181026159233 -0.037179808734782 3.32526
9.656250 -0.012022307588736 -0.036105445723994 3.0032
9.659375 -0.012863478302679 -0.035028412677867 2.72309
9.662500 -0.013704503727080 -0.033948894716264 2.47721
9.665625 -0.014545349510824 -0.032867075467367 2.25963
9.668750 -0.015385981525964 -0.031783137216968 2.06572
9.671875 -0.016226365868006 -0.030697260823799 1.89181
9.675000 -0.017066468856174 -0.029609625803536 1.73496
9.678125 -0.017906257033652 -0.028520410222234 1.59276
9.681250 -0.018745697167812 -0.027429790826661 1.46326
9.684375 -0.019584756250422 -0.026337942831691 1.34482
9.687500 -0.020423401497833 -0.025245040239257 1.23608
9.690625 -0.021261600351155 -0.024151255553102 1.13591
9.693750 -0.022099320476403 -0.023056760028697 1.04332
9.696875 -0.022936529764640 -0.021961723358654 0.9575
9.700000 -0.023773196332091 -0.020866314034108 0.877724
9.703125 -0.024609288520243 -0.019770699079561 0.803384
9.706250 -0.025444774895932 -0.018675044277895 0.733944
9.709375 -0.026279624251403 -0.017579513942880 0.668941
9.712500 -0.027113805604369 -0.016484271109803 0.607966
9.715625 -0.027947288198037 -0.015389477447542 0.550661
9.718750 -0.028780041501126 -0.014295293371706 0.496709
9.721875 -0.029612035207870 -0.013201877919837 0.445828
9.725000 -0.030443239238003 -0.012109388843088 0.397769
9.728125 -0.031273623736723 -0.011017982504931 0.352309
9.731250 -0.032103159074653 -0.009927814069574 0.309247
9.734375 -0.032931815847770 -0.008839037289815 0.268404
9.737500 -0.033759564877335 -0.007751804741673 0.229618
9.740625 -0.034586377209799 -0.006666267484870 0.192743
9.743750 -0.035412224116693 -0.005582575456280 0.157645
9.746875 -0.036237077094507 -0.004500877117004 0.124206
9.750000 -0.037060907864557 -0.003421319798592 0.0923161
9.753125 -0.037883688372831 -0.002344049222501 0.0618749
9.756250 -0.038705390789823 -0.001269209936220 0.0327916
9.759375 -0.039525987510359 -0.000196944926917 0.00498267
9.762500 -0.040345451153401  0.000872604098854 -0.0216283
9.765625 -0.041163754561839  0.001939296870856 -0.0471118
9.768750 -0.041980870802277  0.003002994704082 -0.0715325
9.771875 -0.042796773164797  0.004063560296618 -0.0949502
9.775000 -0.043611435162711  0.005120857956183 -0.11742
9.778125 -0.044424830532307  0.006174753620971 -0.138993
9.781250 -0.045236933232574  0.007225114808203 -0.159717
9.784375 -0.046047717444918  0.008271810849775 -0.179636
9.787500 -0.046857157572868  0.009314712602043 -0.19879
9.790625 -0.047665228241765  0.010353692700966 -0.217217
9.793750 -0.048471904298441  0.011388625394312 -0.234953
9.796875 -0.049277160810890  0.012419386849591 -0.252031
9.800000 -0.050080973067918  0.013445854872600 -0.268482
9.803125 -0.050883316578791  0.014467909235502 -0.284335
9.806250 -0.051684167072869  0.015485431373809 -0.299617
9.809375 -0.052483500499220  0.016498304634537 -0.314352
9.812500 -0.053281293026240  0.017506414150593 -0.328566
9.815625 -0.054077521041246  0.018509646858359 -0.34228
9.818750 -0.054872161150064  0.019507891499056 -0.355515
9.821875 -0.055665190176614  0.020501038762895 -0.368292
9.825000 -0.056456585162470  0.021488980977153 -0.380628
9.828125 -0.057246323366418  0.022471612364374 -0.392542
9.831250 -0.058034382264009  0.023448828865103 -0.404051
9.834375 -0.058820739547091  0.024420528354230 -0.415169
9.837500 -0.059605373123335  0.025386610397875 -0.425911
9.840625 -0.060388261115758  0.026346976410416 -0.436293
9.843750 -0.061169381862225  0.027301529530112 -0.446327
9.846875 -0.061948713914952  0.028250174681998 -0.456025
9.850000 -0.062726236039994  0.029192818509238 -0.4654
9.853125 -0.063501927216723  0.030129369488658 -0.474464
9.856250 -0.064275766637302  0.031059737821273 -0.483226
9.859375 -0.065047733706146  0.031983835439296 -0.491698
9.862500 -0.065817808039375  0.032901575964689 -0.499889
9.865625 -0.066585969464261  0.033812875045696 -0.507808
9.868750 -0.067352198018664  0.034717649592313 -0.515464
9.871875 -0.068116473950458  0.035615818341956 -0.522866
9.875000 -0.068878777716954  0.036507301705959 -0.530022
9.878125 -0.069639089984314  0.037392022036665 -0.53694
9.881250 -0.070397391626950  0.038269903224839 -0.543627
9.884375 -0.071153663726924  0.039140870840248 -0.550089
9.887500 -0.071907887573338  0.040004851912888 -0.556335
9.890625 -0.072660044661712  0.040861775046454 -0.562369
9.893750 -0.073410116693363  0.041711570283170 -0.568199
9.896875 -0.074158085574768  0.042554169249375 -0.57383
9.900000 -0.074903933416926  0.043389504946450 -0.579269
9.903125 -0.075647642534711  0.044217511944105 -0.584519
9.906250 -0.076389195446215  0.045038126278070 -0.589588
9.909375 -0.077128574872094  0.045851285428450 -0.594479
9.912500 -0.077865763734893  0.046656928224728 -0.599197
9.915625 -0.078600745158381  0.047454994899458 -0.603747
9.918750 -0.079333502466863  0.048245427027027 -0.608134
9.921875 -0.080064019184498  0.049028167760225 -0.612362
9.925000 -0.080792279034608  0.049803161459933 -0.616435
9.928125 -0.081518265938975  0.050570353962557 -0.620356
9.931250 -0.082241964017144  0.051329692269402 -0.62413
9.934375 -0.082963357585705  0.052081124741111 -0.627761
9.937500 -0.083682431157586  0.052824600953361 -0.631251
9.940625 -0.084399169441325  0.053560071930693 -0.634604
9.943750 -0.085113557340348  0.054287489741073 -0.637824
9.946875 -0.085825579952235  0.055006807915915 -0.640914
9.950000 -0.086535222567986  0.055717981170218 -0.643876
9.953125 -0.087242470671275  0.056420965558985 -0.646714
9.956250 -0.087947309937708  0.057115718345866 -0.649431
9.959375 -0.088649726234069  0.057802197962699 -0.652029
9.962500 -0.089349705617562  0.058480364130600 -0.654511
9.965625 -0.090047234335053  0.059150178013973 -0.656879
9.968750 -0.090742298822304  0.059811601718658 -0.659137
9.971875 -0.091434885703202  0.060464598691531 -0.661286
9.975000 -0.092124981788982  0.061109133544061 -0.663329
9.978125 -0.092812574077458  0.061745172237220 -0.665267
9.981250 -0.093497649752229  0.062372681911272 -0.667104
9.984375 -0.094180196181899  0.062991630922099 -0.668842
9.987500 -0.094860200919287  0.063601988692422 -0.670481
9.990625 -0.095537651700627  0.064203725821177 -0.672025
9.993750 -0.096212536444780  0.064796813912505 -0.673476
9.996875 -0.096884843252421  0.065381225836364 -0.674834
10.000000 -0.097554545205944  0.065956935263243 -0.676103
10.003125 -0.098221269178749  0.066523917096461 -0.677286
10.006250 -0.098884309330536  0.067082147127480 -0.67839
10.009375 -0.099542966933554  0.067631602493422 -0.679421
10.012500 -0.100196565273478  0.068172260943634 -0.680385
10.015625 -0.100844449237846  0.068704101360312 -0.681288
10.018750 -0.101485984910486  0.069227103460571 -0.682135
10.021875 -0.102120559171849  0.069741248052176 -0.682931
10.025000 -0.102747579305189  0.070246516814060 -0.683681
10.028125 -0.103366472608498  0.070742892346058 -0.684389
10.031250 -0.103976686012145  0.071230358061371 -0.685061
10.034375 -0.104577685702132  0.071708898206674 -0.6857
10.037500 -0.105168956748900  0.072178497827566 -0.68631
10.040625 -0.105750002741622  0.072639142836984 -0.686895
10.043750 -0.106320345427903  0.073090819755976 -0.687458
10.046875 -0.106879524358827  0.073533516034149 -0.688004
10.050000 -0.107427096539286  0.073967219782564 -0.688534
10.053125 -0.107962636083504  0.074391920002901 -0.689052
10.056250 -0.108485733875728  0.074807606289701 -0.689562
10.059375 -0.108995997235976  0.075214269046594 -0.690065
10.062500 -0.109493049590814  0.075611899290013 -0.690563
10.065625 -0.109976530149083  0.076000488939994 -0.691061
10.068750 -0.110446093582502  0.076380030483638 -0.691559
10.071875 -0.110901409711116  0.076750517274333 -0.692061
10.075000 -0.111342163193489  0.077111943241439 -0.692567
10.078125 -0.111768053221614  0.077464303139055 -0.693081
10.081250 -0.112178793220461  0.077807592392583 -0.693603
10.084375 -0.112574110552108  0.078141807205013 -0.694137
10.087500 -0.112953746224397  0.078466944367658 -0.694682
10.090625 -0.113317454604061  0.078783001497472 -0.695242
10.093750 -0.113665003134255  0.079089976869974 -0.695816
10.096875 -0.113996172056438  0.079387869580288 -0.696408
10.100000 -0.114310754136564  0.079676679299600 -0.697018
10.103125 -0.114608554395495  0.079956406505403 -0.697648
10.106250 -0.114889389843616  0.080227052318645 -0.698298
10.109375 -0.115153089219572  0.080488618833218 -0.698971
10.112500 -0.115399492733089  0.080741108617899 -0.699666
10.115625 -0.115628451811817  0.080984525186950 -0.700386
10.118750 -0.115839828852143  0.081218872640389 -0.701131
10.121875 -0.116033496973935  0.081444156022088 -0.701902
10.125000 -0.116209339779142  0.081660381156807 -0.702701
10.128125 -0.116367251114226  0.081867554533850 -0.703527
10.131250 -0.116507134836354  0.082065683474795 -0.704383
10.134375 -0.116628904583314  0.082254776153714 -0.705269
10.137500 -0.116732483547100  0.082434841512560 -0.706186
10.140625 -0.116817804251124  0.082605889436027 -0.707134
10.143750 -0.116884808330996  0.082767930408080 -0.708115
10.146875 -0.116933446318835  0.082920975896000 -0.70913
10.150000 -0.116963677431067  0.083065038033366 -0.710178
10.153125 -0.116975469359643  0.083200129948631 -0.711261
10.156250 -0.116968798066664  0.083326265406702 -0.71238
10.159375 -0.116943647582338  0.083443459127094 -0.713536
10.162500 -0.116900009806243  0.083551726492536 -0.714728
10.165625 -0.116837884311843  0.083651083855780 -0.715959
10.168750 -0.116757278154218  0.083741548318990 -0.717228
10.171875 -0.116658205680966  0.083823137858714 -0.718536
10.175000 -0.116540688346225  0.083895871230249 -0.719885
10.178125 -0.116404754527790  0.083959768076678 -0.721274
10.181250 -0.116250439347264  0.084014848805841 -0.722706
10.184375 -0.116077784493222  0.084061134728949 -0.724179
10.187500 -0.115886838047328  0.084098647835662 -0.725696
10.190625 -0.115677654313380  0.084127411049293 -0.727257
10.193750 -0.115450293649237  0.084147447993912 -0.728863
10.196875 -0.115204822301588  0.084158783211072 -0.730514
10.200000 -0.114941312243532  0.084161441918004 -0.732212
10.203125 -0.114659841014913  0.084155450144235 -0.733957
10.206250 -0.114360491565399  0.084140834657637 -0.735751
10.209375 -0.114043352100247  0.084117623095516 -0.737593
10.212500 -0.113708515928715  0.084085843770485 -0.739486
10.215625 -0.113356081315111  0.084045525818610 -0.741429
10.218750 -0.112986151332410  0.083996699046162 -0.743425
10.221875 -0.112598833718424  0.083939394089111 -0.745473
10.225000 -0.112194240734485  0.083873642338883 -0.747575
10.228125 -0.111772489026607  0.083799475937627 -0.749733
10.231250 -0.111333699489091  0.083716927753618 -0.751946
10.234375 -0.110877997130536  0.083626031593596 -0.754217
10.237500 -0.110405510942231  0.083526821953100 -0.756546
10.240625 -0.109916373768893  0.083419334274295 -0.758935
10.243750 -0.109410722181705  0.083303604655650 -0.761384
10.246875 -0.108888696353649  0.083179670166687 -0.763896
10.250000 -0.108350439937067  0.083047568625125 -0.766472
10.253125 -0.107796099943456  0.082907338882271 -0.769113
10.256250 -0.107225826625433  0.082759020497319 -0.77182
10.259375 -0.106639773360858  0.082602653995820 -0.774595
10.262500 -0.106038096539086  0.082438280658562 -0.77744
10.265625 -0.105420955449307  0.082265942632442 -0.780357
10.268750 -0.104788512170944  0.082085683069962 -0.783346
10.271875 -0.104140931466100  0.081897545876800 -0.786411
10.275000 -0.103478380673997  0.081701575967813 -0.789552
10.278125 -0.102801029607399  0.081497819364473 -0.792772
10.281250 -0.102109050450986  0.081286322840438 -0.796074
10.284375 -0.101402617661637  0.081067134123067 -0.799458
10.287500 -0.100681907870625  0.080840301690995 -0.802928
10.290625 -0.099947099787661  0.080605875190235 -0.806485
10.293750 -0.099198374106789  0.080363905256220 -0.810133
10.296875 -0.098435913414089  0.080114443685073 -0.813874
10.300000 -0.097659902097167  0.079857543117245 -0.817711
10.303125 -0.096870526256410  0.079593257159500 -0.821646
10.306250 -0.096067973617970  0.079321640110114 -0.825682
10.309375 -0.095252433448467  0.079042747091538 -0.829824
10.312500 -0.094424096471367  0.078756633825235 -0.834073
10.315625 -0.093583154785027  0.078463356612615 -0.838435
10.318750 -0.092729801782382  0.078162972247833 -0.842911
10.321875 -0.091864232072229  0.077855538032165 -0.847507
10.325000 -0.090986641402117  0.077541111482902 -0.852225
10.328125 -0.090097226582791  0.077219750455307 -0.857071
10.331250 -0.089196185414180  0.076891512961319 -0.862049
10.334375 -0.088283716612911  0.076556457239235 -0.867164
10.337500 -0.087360019741310  0.076214641533012 -0.87242
10.340625 -0.086425295137890  0.075866124154251 -0.877823
10.343750 -0.085479743849277  0.075510963325156 -0.883378
10.346875 -0.084523567563579  0.075149217151909 -0.889092
10.350000 -0.083556968545163  0.074780943542043 -0.89497
10.353125 -0.082580149570810  0.074406200301219 -0.901018
10.356250 -0.081593313867252  0.074025044826910 -0.907244
10.359375 -0.080596665050050  0.073637534279365 -0.913655
10.362500 -0.079590407063789  0.073243725409538 -0.920258
10.365625 -0.078574744123599  0.072843674762188 -0.927062
10.368750 -0.077549880657944  0.072437438265739 -0.934075
10.371875 -0.076516021252690  0.072025071550975 -0.941307
10.375000 -0.075473370596416  0.071606629806687 -0.948767
10.378125 -0.074422133426949  0.071182167858065 -0.956465
10.381250 -0.073362514479120  0.070751740002585 -0.964413
10.384375 -0.072294718433698  0.070315400162005 -0.972622
10.387500 -0.071218949867509  0.069873201812476 -0.981104
10.390625 -0.070135413204699  0.069425198089677 -0.989874
10.393750 -0.069044312669137  0.068971441772739 -0.998945
10.396875 -0.067945852237943  0.068511985404865 -1.00833
10.400000 -0.066840235596104  0.068046881215276 -1.01805
10.403125 -0.065727666092189  0.067576181292691 -1.02812
10.406250 -0.064608346695121  0.067099937500850 -1.03856
10.409375 -0.063482479952000  0.066618201620545 -1.0494
10.412500 -0.062350267946964  0.066131025232210 -1.06064
10.415625 -0.061211912261066  0.065638459920664 -1.07232
10.418750 -0.060067613933149  0.065140557179205 -1.08445
10.421875 -0.058917573421711  0.064637368809180 -1.09708
10.425000 -0.057761990567731  0.064128946481298 -1.11023
10.428125 -0.056601064558463  0.063615342137362 -1.12392
10.431250 -0.055434993892151  0.063096607719654 -1.13821
10.434375 -0.054263976343683  0.062572795508806 -1.15312
10.437500 -0.053088208931145  0.062043958001122 -1.1687
10.440625 -0.051907887883269  0.061510148097019 -1.18499
10.443750 -0.050723208607764  0.060971418945986 -1.20204
10.446875 -0.049534365660505  0.060427824213473 -1.21992
10.450000 -0.048341552715585  0.059879417936402 -1.23867
10.453125 -0.047144962536189  0.059326254677252 -1.25838
10.456250 -0.045944786946296  0.058768389433727 -1.27911
10.459375 -0.044741216803200  0.058205877735073 -1.30095
10.462500 -0.043534441970809  0.057638775663669 -1.32398
10.465625 -0.042324651293744  0.057067139973238 -1.34832
10.468750 -0.041112032572194  0.056491027736269 -1.37408
10.471875 -0.039896772537531  0.055910496771216 -1.40138
10.475000 -0.038679056828678  0.055325605354594 -1.43038
10.478125 -0.037459069969194  0.054736412420772 -1.46123
10.481250 -0.036236995345087  0.054142977333486 -1.49414
10.484375 -0.035013015183331  0.053545359972667 -1.5293
10.487500 -0.033787310531075  0.052943620633057 -1.56697
10.490625 -0.032560061235543  0.052337820125713 -1.60742
10.493750 -0.031331445924588  0.051728019590744 -1.65099
10.496875 -0.030101641987930  0.051114280663514 -1.69806
10.500000 -0.028870825559015  0.050496665075323 -1.74906
10.503125 -0.027639171497531  0.049875234973796 -1.80451
10.506250 -0.026406853372538  0.049250052594107 -1.86505
10.509375 -0.025174043446216  0.048621180462200 -1.9314
10.512500 -0.023940912658221  0.047988680997759 -2.00446
10.515625 -0.022707630610623  0.047352616785034 -2.08532
10.518750 -0.021474365553434  0.046713050251267 -2.17529
10.521875 -0.020241284370714  0.046070043838786 -2.27604
10.525000 -0.019008552567220  0.045423659667784 -2.38964
10.528125 -0.017776334255626  0.044773959609211 -2.51874
10.531250 -0.016544792144276  0.044121005045423 -2.66676
10.534375 -0.015314087525463  0.043464856915093 -2.83823
10.537500 -0.014084380264246  0.042805575506180 -3.03922
10.540625 -0.012855828787763  0.042143220455817 -3.27814
10.543750 -0.011628590075057  0.041477850437624 -3.56689
10.546875 -0.010402819647394  0.040809523316267 -3.92293
10.550000 -0.009178671559058  0.040138295745383 -4.373
10.553125 -0.007956298388641  0.039464223318764 -4.96012
10.556250 -0.006735851230773  0.038787360165298 -5.75835
10.559375 -0.005517479688333  0.038107759086877 -6.90673
10.562500 -0.004301331865099  0.037425471262393 -8.7009
10.565625 -0.003087554358835  0.036740546406845 -11.8996
10.568750 -0.001876292254820  0.036053032371638 -19.215
10.571875 -0.000667689119795  0.035362975414617 -52.9632
10.575000  0.000538113003676  0.034670419904545 64.4296
10.578125  0.001740973602429  0.033975408589091 19.5152
10.581250  0.002940753697534  0.033277982456588 11.3161
10.584375  0.004137315848728  0.032578180898155 7.87423
10.587500  0.005330524158471  0.031876041764900 5.97991
10.590625  0.006520244275620  0.031171601654404 4.78074
10.593750  0.007706343398732  0.030464895884836 3.95322
10.596875  0.008888690279018  0.029755958960293 3.34762
10.600000  0.010067155222928  0.029044824640823 2.88511
10.603125  0.011241610094396  0.028331526492599 2.52024
10.606250  0.012411928316742  0.027616097885431 2.22496
10.609375  0.013577984874245  0.026898572518668 1.98104
10.612500  0.014739656313390  0.026178984319118 1.77609
10.615625  0.015896820743784  0.025457368091697 1.60141
10.618750  0.017049357838780  0.024733759399464 1.45072
10.621875  0.018197148835772  0.024008194985200 1.31934
10.625000  0.019340076536208  0.023280712633460 1.20375
10.628125  0.020478025305303  0.022551351091882 1.10125
10.631250  0.021610881071461  0.021820150141545 1.00968
10.634375  0.022738531325427  0.021087150313261 0.927375
10.637500  0.023860865119149  0.020352392366738 0.852961
10.640625  0.024977773064388  0.019615917195525 0.785335
10.643750  0.026089147331055  0.018877765257659 0.723587
10.646875  0.027194881645290  0.018137976272916 0.666963
10.650000  0.028294871287300  0.017396588209678 0.614832
10.653125  0.029389013088938  0.016653636827802 0.566662
10.656250  0.030477205431055  0.015909154751471 0.522002
10.659375  0.031559348240609  0.015163171179545 0.480465
10.662500  0.032635342987549  0.014415711159133 0.441721
10.665625  0.033705092681475  0.013666795456295 0.405482
10.668750  0.034768501868076  0.012916439932343 0.371498
10.671875  0.035825476625360  0.012164655501479 0.339553
10.675000  0.036875924559679  0.011411447801534 0.309455
10.678125  0.037919754801535  0.010656817195248 0.281036
10.681250  0.038956878001209  0.009900758580116 0.254147
10.684375  0.039987206324181  0.009143261545754 0.228655
10.687500  0.041010653446368  0.008384310418516 0.204442
10.690625  0.042027134549180  0.007623884543934 0.181404
10.693750  0.043036566314391  0.006861958361248 0.159445
10.696875  0.044038866918841  0.006098501871785 0.13848
10.700000  0.045033956028967  0.005333480878874 0.118432
10.703125  0.046021754795162  0.004566857592814 0.0992326
10.706250  0.047002185845985  0.003798591131270 0.0808173
10.709375  0.047975173282204  0.003028638196043 0.0631293
10.712500  0.048940642670689  0.002256953491954 0.0461161
10.715625  0.049898521038156  0.001483490710217 0.0297302
10.718750  0.050848736864770  0.000708203038498 0.0139276
10.721875  0.051791220077606 -0.000068955922359 -0.00133142
10.725000  0.052725902043967 -0.000848031565687 -0.0160838
10.728125  0.053652715564582 -0.001629067500789 -0.0303632
10.731250  0.054571594866664 -0.002412104693166 -0.0442007
10.734375  0.055482475596845 -0.003197180693544 -0.0576251
10.737500  0.056385294814001 -0.003984329188568 -0.0706626
10.740625  0.057279990981939 -0.004773579156360 -0.0833376
10.743750  0.058166503961990 -0.005564954459494 -0.0956728
10.746875  0.059044775005481 -0.006358473129971 -0.107689
10.750000  0.059914746746096 -0.007154147074129 -0.119405
10.753125  0.060776363192149 -0.007951981539644 -0.13084
10.756250  0.061629569718738 -0.008751974981092 -0.142009
10.759375  0.062474313059818 -0.009554118600086 -0.152929
10.762500  0.063310541300167 -0.010358396249385 -0.163613
10.765625  0.064138203867274 -0.011164784176042 -0.174074
10.768750  0.064957251523128 -0.011973250951200 -0.184325
10.771875  0.065767636355932 -0.012783757458901 -0.194378
10.775000  0.066569311771731 -0.013596256751931 -0.204242
10.778125  0.067362232485961 -0.014410694038839 -0.213928
10.781250  0.068146354514924 -0.015227007319966 -0.223446
10.784375  0.068921635167196 -0.016045127072802 -0.232802
10.787500  0.069688033034954 -0.016864976623696 -0.242007
10.790625  0.070445507985246 -0.017686472062369 -0.251066
10.793750  0.071194021151191 -0.018509522857624 -0.259987
10.796875  0.071933534923122 -0.019334032072779 -0.268776
10.800000  0.072664012939666 -0.020159896962870 -0.27744
10.803125  0.073385420078772 -0.020987009245500 -0.285983
10.806250  0.074097722448683 -0.021815255647621 -0.294412
10.809375  0.074800887378855 -0.022644518297036 -0.302731
10.812500  0.075494883410830 -0.023474675384284 -0.310944
10.815625  0.076179680289066 -0.024305601576199 -0.319056
10.818750  0.076855248951714 -0.025137168613386 -0.327072
10.821875  0.077521561521362 -0.025969245832235 -0.334994
10.825000  0.078178591295735 -0.026801700881029 -0.342827
10.828125  0.078826312738361 -0.027634400124326 -0.350573
10.831250  0.079464701469198 -0.028467209254558 -0.358237
10.834375  0.080093734255233 -0.029299993769657 -0.365821
10.837500  0.080713389001050 -0.030132619660756 -0.373329
10.840625  0.081323644739364 -0.030964953793596 -0.380762
10.843750  0.081924481621534 -0.031796864551766 -0.388124
10.846875  0.082515880908053 -0.032628222195361 -0.395417
10.850000  0.083097824959007 -0.033458899387410 -0.402645
10.853125  0.083670297224525 -0.034288771486706 -0.409808
10.856250  0.084233282235202 -0.035117717222872 -0.41691
10.859375  0.084786765592507 -0.035945618717888 -0.423953
10.862500  0.085330733959179 -0.036772361993629 -0.430939
10.865625  0.085865175049605 -0.037597837095684 -0.437871
10.868750  0.086390077620194 -0.038421938529424 -0.444749
10.871875  0.086905431459731 -0.039244565280233 -0.451578
10.875000  0.087411227379733 -0.040065620971296 -0.458358
10.878125  0.087907457204795 -0.040885013918227 -0.465092
10.881250  0.088394113762925 -0.041702657313117 -0.471781
10.884375  0.088871190875888 -0.042518469062336 -0.478428
10.887500  0.089338683349541 -0.043332371839439 -0.485035
10.890625  0.089796586964164 -0.044144292861379 -0.491603
10.893750  0.090244898464805 -0.044954163861751 -0.498135
10.896875  0.090683615551613 -0.045761920847807 -0.504633
10.900000  0.091112736870189 -0.046567504000063 -0.511098
10.903125  0.091532262001934 -0.047370857295446 -0.517532
10.906250  0.091942191454404 -0.048171928338060 -0.523937
10.909375  0.092342526651682 -0.048970667904989 -0.530315
10.912500  0.092733269924748 -0.049767029837547 -0.536669
10.915625  0.093114424501868 -0.050560970378620 -0.542998
10.918750  0.093485994498998 -0.051352447988933 -0.549306
10.921875  0.093847984910187 -0.052141422639433 -0.555594
10.925000  0.094200401598015 -0.052927855839397 -0.561864
10.928125  0.094543251284030 -0.053711709783967 -0.568118
10.931250  0.094876541539211 -0.054492947175600 -0.574356
10.934375  0.095200280774447 -0.055271530488699 -0.580582
10.937500  0.095514478231033 -0.056047421702331 -0.586795
10.940625  0.095819143971194 -0.056820581719293 -0.592998
10.943750  0.096114288868620 -0.057590969990052 -0.599193
10.946875  0.096399924599030 -0.058358543941195 -0.60538
10.950000  0.096676063630760 -0.059123258612176 -0.61156
10.953125  0.096942719215373 -0.059885066123714 -0.617737
10.956250  0.097199905378292 -0.060643915377949 -0.623909
10.959375  0.097447636909468 -0.061399751477077 -0.630079
10.962500  0.097685929354066 -0.062152515431015 -0.636248
10.965625  0.097914799003183 -0.062902143661286 -0.642417
10.968750  0.098134262884598 -0.063648567891076 -0.648587
10.971875  0.098344338753545 -0.064391714483501 -0.654758
10.975000  0.098545045083526 -0.065131504405832 -0.660931
10.978125  0.098736401057142 -0.065867852731378 -0.667108
10.981250  0.098918426556976 -0.066600668577345 -0.673289
10.984375  0.099091142156486 -0.067329854734234 -0.679474
10.987500  0.099254569110952 -0.068055307547841 -0.685664
10.990625  0.099408729348446 -0.068776916645360 -0.69186
10.993750  0.099553645460839 -0.069494564931732 -0.698061
10.996875  0.099689340694849 -0.070208128359697 -0.704269
11.000000  0.099815838943117 -0.070917476050554 -0.710483
11.003125  0.099933164735331 -0.071622469988981 -0.716704
11.006250  0.100041343229379 -0.072322965210617 -0.722931
11.009375  0.100140400202542 -0.073018809651197 -0.729164
11.012500  0.100230362042733 -0.073709844409982 -0.735404
11.015625  0.100311255739767 -0.074395903598196 -0.741651
11.018750  0.100383108876673 -0.075076814647653 -0.747903
11.021875  0.100445949621055 -0.075752398210644 -0.754161
11.025000  0.100499806716482 -0.076422468619956 -0.760424
11.028125  0.100544709473929 -0.077086833809560 -0.766692
11.031250  0.100580687763258 -0.077745295741656 -0.772964
11.034375  0.100607772004738 -0.078397650425038 -0.77924
11.037500  0.100625993160614 -0.079043688333721 -0.78552
11.040625  0.100635382726718 -0.079683194619381 -0.791801
11.043750  0.100635972724119 -0.080315949464325 -0.798084
11.046875  0.100627795690830 -0.080941728250059 -0.804367
11.050000  0.100610884673544 -0.081560302066121 -0.810651
11.053125  0.100585273219428 -0.082171437855797 -0.816933
11.056250  0.100550995367959 -0.082774899001019 -0.823213
11.059375  0.100508085642803 -0.083370445447755 -0.82949
11.062500  0.100456579043745 -0.083957834252233 -0.835762
11.065625  0.100396511038664 -0.084536819771816 -0.842029
11.068750  0.100327917555553 -0.085107154286322 -0.84829
11.071875  0.100250834974594 -0.085668588090915 -0.854542
11.075000  0.100165300120269 -0.086220870129962 -0.860786
11.078125  0.100071350253531 -0.086763748134901 -0.867019
11.081250  0.099969023064017 -0.087296969195453 -0.87324
11.084375  0.099858356662307 -0.087820280029834 -0.879448
11.087500  0.099739389572242 -0.088333427384587 -0.885642
11.090625  0.099612160723279 -0.088836158348544 -0.89182
11.093750  0.099476709442906 -0.089328220893580 -0.897981
11.096875  0.099333075449099 -0.089809363976708 -0.904123
11.100000  0.099181298842832 -0.090279338114144 -0.910246
11.103125  0.099021420100637 -0.090737895554211 -0.916346
11.106250  0.098853480067213 -0.091184790911935 -0.922424
11.109375  0.098677519948090 -0.091619781298839 -0.928477
11.112500  0.098493581302333 -0.092042626908610 -0.934504
11.115625  0.098301706035311 -0.092453091132452 -0.940503
11.118750  0.098101936391503 -0.092850941130077 -0.946474
11.121875  0.097894314947365 -0.093235948031775 -0.952414
11.125000  0.097678884604243 -0.093607887474736 -0.958323
11.128125  0.097455688581337 -0.093966539914483 -0.964198
11.131250  0.097224770408723 -0.094311690892066 -0.970038
11.134375  0.096986173920416 -0.094643131429991 -0.975841
11.137500  0.096739943247492 -0.094960658543380 -0.981608
11.140625  0.096486122811260 -0.095264075111414 -0.987334
11.143750  0.096224757316483 -0.095553190382738 -0.993021
11.146875  0.095955891744655 -0.095827820155193 -0.998665
11.150000  0.095679571347328 -0.096087787312255 -1.00427
11.153125  0.095395841639488 -0.096332921716905 -1.00982
11.156250  0.095104748392987 -0.096563060538045 -1.01533
11.159375  0.094806337630026 -0.096778048056426 -1.0208
11.162500  0.094500655616687 -0.096977735915625 -1.02621
11.165625  0.094187748856520 -0.097161982961022 -1.03158
11.168750  0.093867664084184 -0.097330655517351 -1.03689
11.171875  0.093540448259132 -0.097483627164115 -1.04215
11.175000  0.093206148559358 -0.097620778926046 -1.04736
11.178125  0.092864812375187 -0.097741999179868 -1.05252
11.181250  0.092516487303124 -0.097847183729662 -1.05762
11.184375  0.092161221139751 -0.097936235676131 -1.06266
11.187500  0.091799061875674 -0.098009065411084 -1.06765
11.190625  0.091430057689531 -0.098065590623739 -1.07257
11.193750  0.091054256942038 -0.098105736329424 -1.07744
11.196875  0.090671708170100 -0.098129434672614 -1.08225
11.200000  0.090282460080965 -0.098136625014882 -1.087
11.203125  0.089886561546433 -0.098127253723631 -1.09168
11.206250  0.089484061597117 -0.098101274209855 -1.0963
11.209375  0.089075009416753 -0.098058646783537 -1.10085
11.212500  0.088659454336564 -0.097999338793486 -1.10535
11.215625  0.088237445829675 -0.097923324248271 -1.10977
11.218750  0.087809033505579 -0.097830584069115 -1.11413
11.221875  0.087374267104651 -0.097721105860397 -1.11842
11.225000  0.086933196492717 -0.097594884026048 -1.12264
11.228125  0.086485871655676 -0.097451919626366 -1.1268
11.231250  0.086032342694165 -0.097292220280980 -1.13088
11.234375  0.085572659818283 -0.097115800220295 -1.13489
11.237500  0.085106873342359 -0.096922680393612 -1.13883
11.240625  0.084635033679776 -0.096712888192283 -1.14271
11.243750  0.084157191337841 -0.096486457576318 -1.1465
11.246875  0.083673396912709 -0.096243428929425 -1.15023
11.250000  0.083183701084353 -0.095983849159293 -1.15388
11.253125  0.082688154611589 -0.095707771538061 -1.15745
11.256250  0.082186808327144 -0.095415255717257 -1.16096
11.259375  0.081679713132781 -0.095106367499631 -1.16438
11.262500  0.081166919994471 -0.094781178828466 -1.16773
11.265625  0.080648479937608 -0.094439767602232 -1.171
11.268750  0.080124444042286 -0.094082217668331 -1.1742
11.271875  0.079594863438612 -0.093708618542450 -1.17732
11.275000  0.079059789302076 -0.093319065382539 -1.18036
11.278125  0.078519272848968 -0.092913658785934 -1.18332
11.281250  0.077973365331842 -0.092492505028763 -1.18621
11.284375  0.077422118035030 -0.092055715396863 -1.18901
11.287500  0.076865582270202 -0.091603406351840 -1.19174
11.290625  0.076303809371976 -0.091135699205676 -1.19438
11.293750  0.075736850693579 -0.090652720269272 -1.19694
11.296875  0.075164757602544 -0.090154600548645 -1.19943
11.300000  0.074587581476471 -0.089641475712119 -1.20183
11.303125  0.074005373698820 -0.089113485843382 -1.20415
11.306250  0.073418185654762 -0.088570775356251 -1.20639
11.309375  0.072826068727069 -0.088013492836078 -1.20854
11.312500  0.072229074292060 -0.087441790979434 -1.21062
11.315625  0.071627253715579 -0.086855826294150 -1.21261
11.318750  0.071020658349036 -0.086255759097728 -1.21452
11.321875  0.070409339525479 -0.085641753321236 -1.21634
11.325000  0.069793348555727 -0.085013976453862 -1.21808
11.328125  0.069172736724533 -0.084372599256372 -1.21974
11.331250  0.068547555286801 -0.083717795702370 -1.22131
11.334375  0.067917855463853 -0.083049742778068 -1.2228
11.337500  0.067283688439724 -0.082368620497111 -1.2242
11.340625  0.066645105357525 -0.081674611588923 -1.22552
11.343750  0.066002157315830 -0.080967901535389 -1.22675
11.346875  0.065354895365116 -0.080248678263972 -1.22789
11.350000  0.064703370504252 -0.079517132154354 -1.22895
11.353125  0.064047633677019 -0.078773455793787 -1.22992
11.356250  0.063387735768689 -0.078017844022716 -1.2308
11.359375  0.062723727602633 -0.077250493530352 -1.2316
11.362500  0.062055659936981 -0.076471602951064 -1.23231
11.365625  0.061383583461323 -0.075681372621293 -1.23293
11.368750  0.060707548793452 -0.074880004561329 -1.23345
11.371875  0.060027606476151 -0.074067702214427 -1.23389
11.375000  0.059343806974018 -0.073244670361027 -1.23424
11.378125  0.058656200670338 -0.072411114989470 -1.2345
11.381250  0.057964837863995 -0.071567243330637 -1.23467
11.384375  0.057269768766422 -0.070713263495090 -1.23474
11.387500  0.056571043498602 -0.069849384548289 -1.23472
11.390625  0.055868712088097 -0.068975816227671 -1.23461
11.393750  0.055162824466125 -0.068092769029398 -1.2344
11.396875  0.054453430464684 -0.067200453998968 -1.23409
11.400000  0.053740579813697 -0.066299082675841 -1.23369
11.403125  0.053024322138221 -0.065388866913205 -1.23319
11.406250  0.052304706955677 -0.064470018893771 -1.23259
11.409375  0.051581783673127 -0.063542750919073 -1.23188
11.412500  0.050855601584594 -0.062607275505677 -1.23108
11.415625  0.050126209868411 -0.061663804986733 -1.23017
11.418750  0.049393657584620 -0.060712551691324 -1.22916
11.421875  0.048657993672401 -0.059753727627093 -1.22804
11.425000  0.047919266947543 -0.058787544698265 -1.2268
11.428125  0.047177526099954 -0.057814214275561 -1.22546
11.431250  0.046432819691206 -0.056833947365332 -1.224
11.434375  0.045685196152119 -0.055846954323866 -1.22243
11.437500  0.044934703780385 -0.054853444975443 -1.22074
11.440625  0.044181390738222 -0.053853628422302 -1.21892
11.443750  0.043425305050072 -0.052847713043882 -1.21698
11.446875  0.042666494600332 -0.051835906362076 -1.21491
11.450000  0.041905007131121 -0.050818415053773 -1.21271
11.453125  0.041140890240088 -0.049795444816834 -1.21036
11.456250  0.040374191378244 -0.048767200435115 -1.20788
11.459375  0.039604957847847 -0.047733885533971 -1.20525
11.462500  0.038833236800305 -0.046695702723150 -1.20247
11.465625  0.038059075234125 -0.045652853397748 -1.19953
11.468750  0.037282519992894 -0.044605537891152 -1.19642
11.471875  0.036503617763290 -0.043553955200167 -1.19314
11.475000  0.035722415073139 -0.042498303144903 -1.18968
11.478125  0.034938958289487 -0.041438778181803 -1.18603
11.481250  0.034153293616729 -0.040375575538246 -1.18219
11.484375  0.033365467094753 -0.039308889038869 -1.17813
11.487500  0.032575524597120 -0.038238911187944 -1.17385
11.490625  0.031783511829292 -0.037165833044306 -1.16934
11.493750  0.030989474326872 -0.036089844328897 -1.16458
11.496875  0.030193457453887 -0.035011133320564 -1.15956
11.500000  0.029395506401109 -0.033929886939195 -1.15425
11.503125  0.028595666184394 -0.032846290595865 -1.14865
11.506250  0.027793981643063 -0.031760528348706 -1.14271
11.509375  0.026990497438311 -0.030672782756497 -1.13643
11.512500  0.026185258051649 -0.029583235070103 -1.12977
11.515625  0.025378307783376 -0.028492065004915 -1.12269
11.518750  0.024569690751078 -0.027399450954472 -1.11517
11.521875  0.023759450888165 -0.026305569801950 -1.10716
11.525000  0.022947631942431 -0.025210597198301 -1.09861
11.528125  0.022134277474653 -0.024114707286535 -1.08947
11.531250  0.021319430857206 -0.023018072954580 -1.07968
11.534375  0.020503135272721 -0.021920865633685 -1.06915
11.537500  0.019685433712767 -0.020823255467796 -1.0578
11.540625  0.018866368976558 -0.019725411299717 -1.04553
11.543750  0.018045983669696 -0.018627500624556 -1.03222
11.546875  0.017224320202938 -0.017529689629817 -1.01773
11.550000  0.016401420790992 -0.016432143250297 -1.00187
11.553125  0.015577327451342 -0.015335025067179 -0.984445
11.556250  0.014752082003100 -0.014238497457016 -0.965186
11.559375  0.013925726065884 -0.013142721369927 -0.943773
11.562500  0.013098301058731 -0.012047856506601 -0.919803
11.565625  0.012269848199022 -0.010954061161517 -0.892763
11.568750  0.011440408501452 -0.009861492401857 -0.861988
11.571875  0.010610022777010 -0.008770305834861 -0.826606
11.575000  0.009778731631997 -0.007680655802098 -0.785445
11.578125  0.008946575467069 -0.006592695147754 -0.736896
11.581250  0.008113594476293 -0.005506575380228 -0.678685
11.584375  0.007279828646250 -0.004422446530895 -0.607493
11.587500  0.006445317755144 -0.003340457181929 -0.518277
11.590625  0.005610101371946 -0.002260754413309 -0.402979
11.593750  0.004774218855565 -0.001183483879187 -0.247891
11.596875  0.003937709354032 -0.000108789601327 -0.0276276
11.600000  0.003100611803723  0.000963185859048 0.310644
11.603125  0.002262964928596  0.002032301575147 0.89807
11.606250  0.001424807239458  0.003098418098252 2.17462
11.609375  0.000586177033249  0.004161397663637 7.09922
11.612500 -0.000252887607642  0.005221104052035 -20.6459
11.615625 -0.001092348816044  0.006277402732751 -5.7467
11.618750 -0.001932168940647  0.007330160785189 -3.79375
11.621875 -0.002772310546618  0.008379246985377 -3.02248
11.625000 -0.003612736416200  0.009424531718861 -2.6087
11.628125 -0.004453409549285  0.010465887090562 -2.35008
11.631250 -0.005294293163965  0.011503186901716 -2.17275
11.634375 -0.006135350697064  0.012536306687388 -2.04329
11.637500 -0.006976545804642  0.013565123599067 -1.94439
11.640625 -0.007817842362486  0.014589516722732 -1.86618
11.643750 -0.008659204466574  0.015609366803223 -1.80263
11.646875 -0.009500596433517  0.016624556372531 -1.74984
11.650000 -0.010341982800984  0.017634969605793 -1.70518
11.653125 -0.011183328328104  0.018640492590932 -1.66681
11.656250 -0.012024597995848  0.019641013159838 -1.6334
11.659375 -0.012865757007394  0.020636421071029 -1.60398
11.662500 -0.013706770788463  0.021626607854726 -1.5778
11.665625 -0.014547604987646  0.022611466927980 -1.55431
11.668750 -0.015388225476705  0.023590893440397 -1.53305
11.671875 -0.016228598350853  0.024564784433162 -1.51367
11.675000 -0.017068689929026  0.025533038673481 -1.4959
11.678125 -0.017908466754119  0.026495556743975 -1.4795
11.681250 -0.018747895593217  0.027452241006441 -1.46428
11.684375 -0.019586943437803  0.028402995630711 -1.4501
11.687500 -0.020425577503944  0.029347726555196 -1.43681
11.690625 -0.021263765232466  0.030286341470803 -1.42432
11.693750 -0.022101474289105  0.031218749722352 -1.41252
11.696875 -0.022938672564643  0.032144862474352 -1.40134
11.700000 -0.023775328175026  0.033064592528337 -1.39071
11.703125 -0.024611409461465  0.033977854484190 -1.38057
11.706250 -0.025446884990518  0.034884564565593 -1.37088
11.709375 -0.026281723554159  0.035784640704679 -1.36158
11.712500 -0.027115894169826  0.036678002371104 -1.35264
11.715625 -0.027949366080453  0.037564570783166 -1.34402
11.718750 -0.028782108754491  0.038444268629987 -1.3357
11.721875 -0.029614091885904  0.039317020242105 -1.32765
11.725000 -0.030445285394158  0.040182751448590 -1.31983
11.728125 -0.031275659424185  0.041041389662304 -1.31225
11.731250 -0.032105184346341  0.041892863841254 -1.30486
11.734375 -0.032933830756342  0.042737104416951 -1.29767
11.737500 -0.033761569475185  0.043574043228269 -1.29064
11.740625 -0.034588371549060  0.044403613739099 -1.28377
11.743750 -0.035414208249237  0.045225750803028 -1.27705
11.746875 -0.036239051071949  0.046040390769581 -1.27046
11.750000 -0.037062871738254  0.046847471358747 -1.264
11.753125 -0.037885642193883  0.047646931779514 -1.25765
11.756250 -0.038707334609076  0.048438712657360 -1.25141
11.759375 -0.039527921378404  0.049222756118682 -1.24527
11.762500 -0.040347375120578  0.049999005690445 -1.23921
11.765625 -0.041165668678237  0.050767406373689 -1.23325
11.768750 -0.041982775117735  0.051527904497328 -1.22736
11.771875 -0.042798667728903  0.052280447923197 -1.22154
11.775000 -0.043613320024809  0.053024985809572 -1.2158
11.778125 -0.044426705741493  0.053761468760404 -1.21012
11.781250 -0.045238798837697  0.054489848600716 -1.20449
11.784375 -0.046049573494587  0.055210078723364 -1.19893
11.787500 -0.046859004115446  0.055922113771209 -1.19341
11.790625 -0.047667065325376  0.056625909783042 -1.18795
11.793750 -0.048473731970968  0.057321424026366 -1.18253
11.796875 -0.049278979119975  0.058008615137117 -1.17715
11.800000 -0.050082782060967  0.058687443024909 -1.17181
11.803125 -0.050885116302974  0.059357868934514 -1.16651
11.806250 -0.051685957575118  0.060019855370696 -1.16124
11.809375 -0.052485281826234  0.060673366103249 -1.15601
11.812500 -0.053283065224485  0.061318366097544 -1.1508
11.815625 -0.054079284156954  0.061954821622380 -1.14563
11.818750 -0.054873915229240  0.062582700042229 -1.14048
11.821875 -0.055666935265029  0.063201969937628 -1.13536
11.825000 -0.056458321305667  0.063812600965999 -1.13026
11.828125 -0.057248050609714  0.064414563991657 -1.12518
11.831250 -0.058036100652494  0.065007830932114 -1.12013
11.834375 -0.058822449125628  0.065592374830239 -1.11509
11.837500 -0.059607073936565  0.066168169678130 -1.11007
11.840625 -0.060389953208098  0.066735190593620 -1.10507
11.843750 -0.061171065277869  0.067293413609881 -1.10009
11.846875 -0.061950388697876  0.067842815841529 -1.09512
11.850000 -0.062727902233950  0.068383375291536 -1.09016
11.853125 -0.063503584865246  0.068915070953609 -1.08522
11.856250 -0.064277415783711  0.069437882699432 -1.08028
11.859375 -0.065049374393540  0.069951791397621 -1.07536
11.862500 -0.065819440310640  0.070456778725909 -1.07046
11.865625 -0.066587593362068  0.070952827273533 -1.06556
11.868750 -0.067353813585470  0.071439920433609 -1.06067
11.871875 -0.068118081228507  0.071918042513547 -1.05578
11.875000 -0.068880376748281  0.072387178601014 -1.05091
11.878125 -0.069640680810742  0.072847314615737 -1.04605
11.881250 -0.070398974290091  0.073298437160487 -1.04119
11.884375 -0.071155238268185  0.073740533761498 -1.03633
11.887500 -0.071909454033917  0.074173592600603 -1.03149
11.890625 -0.072661603082602  0.074597602711442 -1.02664
11.893750 -0.073411667115350  0.075012553761825 -1.02181
11.896875 -0.074159628038435  0.075418436197651 -1.01697
11.900000 -0.074905467962653  0.075815241219067 -1.01215
11.903125 -0.075649169202674  0.076202960760462 -1.00732
11.906250 -0.076390714276391  0.076581587432119 -1.0025
11.909375 -0.077130085904259  0.076951114608415 -0.99768
11.912500 -0.077867267008625  0.077311536306558 -0.992863
11.915625 -0.078602240713058  0.077662847402124 -0.988049
11.918750 -0.079334990341665  0.078005043381857 -0.983236
11.921875 -0.080065499418411  0.078338120546752 -0.978425
11.925000 -0.080793751666422  0.078662075815158 -0.973616
11.928125 -0.081519731007285  0.078976906953716 -0.968807
11.931250 -0.082243421560353  0.079282612374878 -0.963999
11.934375 -0.082964807642022  0.079579191309824 -0.959192
11.937500 -0.083683873765029  0.079866643634058 -0.954385
11.940625 -0.084400604637723  0.080144970020298 -0.949578
11.943750 -0.085114985163337  0.080414171852384 -0.944771
11.946875 -0.085827000439266  0.080674251306929 -0.939964
11.950000 -0.086536635756319  0.080925211274463 -0.935156
11.953125 -0.087243876597987  0.081167055454785 -0.930347
11.956250 -0.087948708639687  0.081399788264468 -0.925537
11.959375 -0.088651117748019  0.081623414993416 -0.920726
11.962500 -0.089351089980004  0.081837941623232 -0.915914
11.965625 -0.090048611582323  0.082043375001902 -0.911101
11.968750 -0.090743668990557  0.082239722686952 -0.906286
11.971875 -0.091436248828411  0.082426993124975 -0.90147
11.975000 -0.092126337906941  0.082605195517156 -0.896651
11.978125 -0.092813923223779  0.082774339901884 -0.891831
11.981250 -0.093498991962347  0.082934437049644 -0.887009
11.984375 -0.094181531491071  0.083085498601838 -0.882185
11.987500 -0.094861529362593  0.083227536945558 -0.877358
11.990625 -0.095538973312972  0.083360565325800 -0.872529
11.993750 -0.096213851260892  0.083484597710988 -0.867698
11.996875 -0.096886151306854  0.083599648878706 -0.862865
12.000000 -0.097555846533081  0.083705734369627 -0.858029
12.003125 -0.098222563812798  0.083802870531859 -0.853194
12.006250 -0.098885597305534  0.083891074389429 -0.848365
12.009375 -0.099544248283366  0.083970363800504 -0.843548
12.012500 -0.100197840031800  0.084040757292157 -0.838748
12.015625 -0.100845717438206  0.084102274252369 -0.83397
12.018750 -0.101487246586242  0.084154934714956 -0.829217
12.021875 -0.102121814356193  0.084198759529564 -0.824493
12.025000 -0.102748828031144  0.084233770175009 -0.819803
12.028125 -0.103367714908923  0.084259988991469 -0.815148
12.031250 -0.103977921919733  0.084277438981037 -0.810532
12.034375 -0.104578915249413  0.084286143970245 -0.805957
12.037500 -0.105170179968239  0.084286128481695 -0.801426
12.040625 -0.105751219665223  0.084277417748029 -0.79694
12.043750 -0.106321556087807  0.084260037803067 -0.792502
12.046875 -0.106880728786916  0.084234015388449 -0.788112
12.050000 -0.107428294767278  0.084199377945795 -0.783773
12.053125 -0.107963828142961  0.084156153785521 -0.779485
12.056250 -0.108486919798052  0.084104371971182 -0.775249
12.059375 -0.108997177052411  0.084044062470587 -0.771066
12.062500 -0.109494223332449  0.083975255952971 -0.766938
12.065625 -0.109977697846848  0.083897983984513 -0.762864
12.068750 -0.110447255267173  0.083812278935510 -0.758844
12.071875 -0.110902565413313  0.083718174223606 -0.75488
12.075000 -0.111343312943679  0.083615704207482 -0.750972
12.078125 -0.111769197050112  0.083504904381530 -0.747119
12.081250 -0.112179931157428  0.083385811255776 -0.743322
12.084375 -0.112575242627553  0.083258462517983 -0.739581
12.087500 -0.112954872468180  0.083122896985227 -0.735895
12.090625 -0.113318575045890  0.082979154662276 -0.732264
12.093750 -0.113666117803688  0.082827276687455 -0.728689
12.096875 -0.113997280982887  0.082667305472174 -0.725169
12.100000 -0.114311857349290  0.082499284565760 -0.721704
12.103125 -0.114609651923614  0.082323258751517 -0.718293
12.106250 -0.114890481716097  0.082139273927317 -0.714935
12.109375 -0.115154175465237  0.081947377217112 -0.711632
12.112500 -0.115400573380617  0.081747616838411 -0.708381
12.115625 -0.115629526889741  0.081540042172147 -0.705184
12.118750 -0.115840898388853  0.081324703676301 -0.702038
12.121875 -0.116034560997678  0.081101652882042 -0.698944
12.125000 -0.116210398318024  0.080870942268700 -0.695901
12.128125 -0.116368304196210  0.080632625362295 -0.692909
12.131250 -0.116508182489262  0.080386756549888 -0.689967
12.134375 -0.116629946834829  0.080133391111254 -0.687074
12.137500 -0.116733520424765  0.079872585036364 -0.68423
12.140625 -0.116818835782344  0.079604395151893 -0.681435
12.143750 -0.116885834543037  0.079328878869903 -0.678687
12.146875 -0.116934467238827  0.079046094212003 -0.675986
12.150000 -0.116964693086001  0.078756099658583 -0.673332
12.153125 -0.116976479776377  0.078458954205277 -0.670724
12.156250 -0.116969803271918  0.078154717146615 -0.668161
12.159375 -0.116944647602700  0.077843448111407 -0.665644
12.162500 -0.116901004668165  0.077525206881973 -0.66317
12.165625 -0.116838874041644  0.077200053397143 -0.660739
12.168750 -0.116758262778086  0.076868047599181 -0.658352
12.171875 -0.116659185224955  0.076529249474516 -0.656007
12.175000 -0.116541662836259  0.076183718887540 -0.653704
12.178125 -0.116405723989661  0.075831515613414 -0.651441
12.181250 -0.116251403806636  0.075472699225119 -0.64922
12.184375 -0.116078743975628  0.075107329108207 -0.647038
12.187500 -0.115887792578173  0.074735464351951 -0.644895
12.190625 -0.115678603917941  0.074357163748538 -0.642791
12.193750 -0.115451238352663  0.073972485630045 -0.640725
12.196875 -0.115205762128902  0.073581488069055 -0.638696
12.200000 -0.114942247219629  0.073184228650776 -0.636704
12.203125 -0.114660771164564  0.072780764630545 -0.634749
12.206250 -0.114361416913251  0.072371152727739 -0.632828
12.209375 -0.114044272670820  0.071955449245958 -0.630943
12.212500 -0.113709431746409  0.071533709955923 -0.629092
12.215625 -0.113356992404199  0.071105990236570 -0.627275
12.218750 -0.112987057717045  0.070672344925936 -0.625491
12.221875 -0.112599735422636  0.070232828461789 -0.623739
12.225000 -0.112195137782184  0.069787494805562 -0.622019
12.228125 -0.111773381441581  0.069336397550336 -0.62033
12.231250 -0.111334587295009  0.068879589885390 -0.618672
12.234375 -0.110878880350947  0.068417124634851 -0.617044
12.237500 -0.110406389600565  0.067949054258129 -0.615445
12.240625 -0.109917247888462  0.067475431051787 -0.613875
12.243750 -0.109411591785704  0.066996306975080 -0.612333
12.246875 -0.108889561465154  0.066511733851291 -0.610818
12.250000 -0.108351300579040  0.066021763297221 -0.609331
12.253125 -0.107796956138741  0.065526446901174 -0.607869
12.256250 -0.107226678396759  0.065025836176204 -0.606433
12.259375 -0.106640620730840  0.064519982681634 -0.605023
12.262500 -0.106038939530226  0.064008937979469 -0.603636
12.265625 -0.105421794083990  0.063492753780300 -0.602274
12.268750 -0.104789346471445  0.062971481872891 -0.600934
12.271875 -0.104141761454580  0.062445174367682 -0.599617
12.275000 -0.103479206372505  0.061913883524192 -0.598322
12.278125 -0.102801851037874  0.061377661964014 -0.597048
12.281250 -0.102109867635254  0.060836562569957 -0.595795
12.284375 -0.101403430621416  0.060290638715649 -0.594562
12.287500 -0.100682716627521  0.059739944113241 -0.593349
12.290625 -0.099947904363173  0.059184532988978 -0.592154
12.293750 -0.099199174522305  0.058624460002915 -0.590977
12.296875 -0.098436709690891  0.058059780421359 -0.589818
12.300000 -0.097660694256429  0.057490550042191 -0.588676
12.303125 -0.096871314319199  0.056916825309465 -0.587551
12.306250 -0.096068757605246  0.056338663238684 -0.586441
12.309375 -0.095253213381084  0.055756121501142 -0.585346
12.312500 -0.094424872370073  0.055169258367177 -0.584266
12.315625 -0.093583926670467  0.054578132814245 -0.5832
12.318750 -0.092730569675095  0.053982804356297 -0.582147
12.321875 -0.091864995992651  0.053383333187609 -0.581106
12.325000 -0.090987401370581  0.052779779994114 -0.580078
12.328125 -0.090097982619525  0.052172206070222 -0.579061
12.331250 -0.089196937539312  0.051560673098726 -0.578054
12.334375 -0.088284464846466  0.050945243189218 -0.577058
12.337500 -0.087360764103213  0.050325978642263 -0.576071
12.340625 -0.086426035647963  0.049702942029538 -0.575092
12.343750 -0.085480480527244  0.049076195867495 -0.574122
12.346875 -0.084524300429063  0.048445802650166 -0.573158
12.350000 -0.083557697617687  0.047811824521401 -0.572201
12.353125 -0.082580874869800  0.047174323243914 -0.57125
12.356250 -0.081594035412036  0.046533359950422 -0.570303
12.359375 -0.080597382859855  0.045888995029234 -0.569361
12.362500 -0.079591121157747  0.045241287861513 -0.568421
12.365625 -0.078575454520746  0.044590296778823 -0.567484
12.368750 -0.077550587377218  0.043936078790477 -0.566547
12.371875 -0.076516724312934  0.043278689575778 -0.565611
12.375000 -0.075474070016377  0.042618183241727 -0.564673
12.378125 -0.074422829225279  0.041954612413518 -0.563733
12.381250 -0.073363206674377  0.041288028077612 -0.562789
12.384375 -0.072295407044346  0.040618479801051 -0.56184
12.387500 -0.071219634911919  0.039946015553089 -0.560885
12.390625 -0.070136094701148  0.039270682016795 -0.559921
12.393750 -0.069044990635810  0.038592524568075 -0.558947
12.396875 -0.067946526692932  0.037911587632681 -0.557962
12.400000 -0.066840906557411  0.037227914881076 -0.556963
12.403125 -0.065728333577724  0.036541549459090 -0.555948
12.406250 -0.064609010722703  0.035852534277019 -0.554915
12.409375 -0.063483140539357  0.035160912400592 -0.553862
12.412500 -0.062350925111736  0.034466727198642 -0.552786
12.415625 -0.061212566020802  0.033770022733757 -0.551684
12.418750 -0.060068264305311  0.033070843862785 -0.550554
12.421875 -0.058918220423670  0.032369236673255 -0.549393
12.425000 -0.057762634216772  0.031665248491929 -0.548196
12.428125 -0.056601704871782  0.030958928146635 -0.546961
12.431250 -0.055435630886858  0.030250325800549 -0.545684
12.434375 -0.054264610036800  0.029539493041346 -0.54436
12.437500 -0.053088839339609  0.028826482601909 -0.542986
12.440625 -0.051908515023931  0.028111348364373 -0.541556
12.443750 -0.050723832497388  0.027394144994618 -0.540065
12.446875 -0.049534986315772  0.026674927784426 -0.538507
12.450000 -0.048342170153091  0.025953752252503 -0.536876
12.453125 -0.047145576772443  0.025230673909301 -0.535165
12.456250 -0.045945397997728  0.024505747796774 -0.533367
12.459375 -0.044741824686153  0.023779028170619 -0.531472
12.462500 -0.043535046701546  0.023050567987892 -0.529472
12.465625 -0.042325252888443  0.022320418619317 -0.527355
12.468750 -0.041112631046951  0.021588629288271 -0.525109
12.471875 -0.039897367908362  0.020855246763562 -0.522722
12.475000 -0.038679649111518  0.020120314809278 -0.520178
12.478125 -0.037459659179894  0.019383873831137 -0.51746
12.481250 -0.036237581499421  0.018645960419835 -0.514548
12.484375 -0.035013598296991  0.017906607120520 -0.511419
12.487500 -0.033787890619674  0.017165841938893 -0.508047
12.490625 -0.032560638314614  0.016423688202127 -0.504403
12.493750 -0.031332020009588  0.015680164203544 -0.500452
12.496875 -0.030102213094233  0.014935283147711 -0.496152
12.500000 -0.028871393701921  0.014189052976477 -0.491457
12.503125 -0.027639736692260  0.013441476302108 -0.48631
12.506250 -0.026407415634234  0.012692550376319 -0.480643
12.509375 -0.025174602789946  0.011942267313587 -0.474378
12.512500 -0.023941469098973  0.011190614078176 -0.467416
12.515625 -0.022708184163312  0.010437572823169 -0.459639
12.518750 -0.021474916232899  0.009683120986860 -0.450904
12.521875 -0.020241832191717  0.008927231750635 -0.441029
12.525000 -0.019009097544448  0.008169874267707 -0.429788
12.528125 -0.017776876403694  0.007411014206626 -0.416891
12.531250 -0.016545331477721  0.006650614027816 -0.401963
12.534375 -0.015314624058751  0.005888633545398 -0.38451
12.537500 -0.014084914011770  0.005125030324531 -0.363867
12.540625 -0.012856359763840  0.004359760238231 -0.339113
12.543750 -0.011629118293933  0.003592778000465 -0.308947
12.546875 -0.010403345123242  0.002824037635469 -0.271455
12.550000 -0.009179194305980  0.002053493030534 -0.223712
12.553125 -0.007956818420667  0.001281098683118 -0.161006
12.556250 -0.006736368561860  0.000506810021694 -0.0752349
12.559375 -0.005517994332370 -0.000269415929839 0.048825
12.562500 -0.004301843835902 -0.001047620174770 0.243528
12.565625 -0.003088063670150 -0.001827840993344 0.591905
12.568750 -0.001876798920325 -0.002610113543497 1.39073
12.571875 -0.000668193153095 -0.003394469208341 5.08007
12.575000  0.000537611589041 -0.004180935260914 -7.77687
12.578125  0.001740474792990 -0.004969534324455 -2.85528
12.581250  0.002940257479891 -0.005760284047795 -1.95911
12.584375  0.004136822209548 -0.006553196607485 -1.58411
12.587500  0.005330033084490 -0.007348278464439 -1.37866
12.590625  0.006519755753640 -0.008145530003810 -1.24936
12.593750  0.007705857415623 -0.008944945311624 -1.1608
12.596875  0.008888206821718 -0.009746511866976 -1.09657
12.600000  0.010066674278439 -0.010550210473144 -1.04803
12.603125  0.011241131649787 -0.011356015076445 -1.01022
12.606250  0.012411452359149 -0.012163892734349 -0.980054
12.609375  0.013577511390868 -0.012973803480224 -0.955536
12.612500  0.014739185291495 -0.013785700432942 -0.93531
12.615625  0.015896352170701 -0.014599529751933 -0.91842
12.618750  0.017048891701904 -0.015415230823682 -0.904178
12.621875  0.018196685122563 -0.016232736347102 -0.892071
12.625000  0.019339615234188 -0.017051972587654 -0.881712
12.628125  0.020477566402058 -0.017872859448880 -0.872802
12.631250  0.021610424554642 -0.018695310925965 -0.865106
12.634375  0.022738077182745 -0.019519235269481 -0.858438
12.637500  0.023860413338381 -0.020344535412701 -0.852648
12.640625  0.024977323633370 -0.021171109205017 -0.847613
12.643750  0.026088700237686 -0.021998849909665 -0.843233
12.646875  0.027194436877532 -0.022827646580445 -0.839423
12.650000  0.028294428833174 -0.023657384516831 -0.836115
12.653125  0.029388572936528 -0.024487945622654 -0.833247
12.656250  0.030476767568504 -0.025319208974469 -0.830771
12.659375  0.031558912656123 -0.026151051196787 -0.828642
12.662500  0.032634909669391 -0.026983347027030 -0.826825
12.665625  0.033704661617969 -0.027815969693065 -0.825286
12.668750  0.034768073047606 -0.028648791439318 -0.823997
12.671875  0.035825050036369 -0.029481683904459 -0.822935
12.675000  0.036875500190669 -0.030314518660441 -0.822077
12.678125  0.037919332641066 -0.031147167573073 -0.821406
12.681250  0.038956458037899 -0.031979503293773 -0.820904
12.684375  0.039986788546707 -0.032811399552463 -0.820556
12.687500  0.041010237843464 -0.033642731670516 -0.82035
12.690625  0.042026721109638 -0.034473376814724 -0.820273
12.693750  0.043036155027060 -0.035303214442906 -0.820315
12.696875  0.044038457772627 -0.036132126375172 -0.820468
12.700000  0.045033549012832 -0.036959997289579 -0.820721
12.703125  0.046021349898124 -0.037786714787943 -0.821069
12.706250  0.047001783057120 -0.038612169761150 -0.821504
12.709375  0.047974772590641 -0.039436256407744 -0.822021
12.712500  0.048940244065613 -0.040258872456431 -0.822613
12.715625  0.049898124508809 -0.041079919178962 -0.823276
12.718750  0.050848342400447 -0.041899301534565 -0.824005
12.721875  0.051790827667658 -0.042716928121757 -0.824797
12.725000  0.052725511677798 -0.043532711223518 -0.825648
12.728125  0.053652327231651 -0.044346566683443 -0.826554
12.731250  0.054571208556483 -0.045158413924050 -0.827514
12.734375  0.055482091298980 -0.045968175767225 -0.828523
12.737500  0.056384912518071 -0.046775778344683 -0.82958
12.740625  0.057279610677616 -0.047581150804330 -0.830682
12.743750  0.058166125639001 -0.048384225283461 -0.831828
12.746875  0.059044398653600 -0.049184936529165 -0.833016
12.750000  0.059914372355155 -0.049983221768886 -0.834244
12.753125  0.060775990752028 -0.050779020316266 -0.835511
12.756250  0.061629199219370 -0.051572273383620 -0.836816
12.759375  0.062473944491187 -0.052362923688882 -0.838156
12.762500  0.063310174652310 -0.053150915213801 -0.839532
12.765625  0.064137839130275 -0.053936192764232 -0.840942
12.768750  0.064956888687126 -0.054718701707944 -0.842385
12.771875  0.065767275411114 -0.055498387487307 -0.84386
12.775000  0.066568952708333 -0.056275195420257 -0.845367
12.778125  0.067361875294271 -0.057049070188787 -0.846904
12.781250  0.068145999185280 -0.057819955568803 -0.848472
12.784375  0.068921281689983 -0.058587793935626 -0.850068
12.787500  0.069687681400608 -0.059352526025124 -0.851693
12.790625  0.070445158184251 -0.060114090463031 -0.853346
12.793750  0.071193673174079 -0.060872423515764 -0.855026
12.796875  0.071933188760474 -0.061627458596675 -0.856732
12.800000  0.072663668582112 -0.062379126078640 -0.858464
12.803125  0.073385077516989 -0.063127352848645 -0.860221
12.806250  0.074097381673396 -0.063872062131321 -0.862002
12.809375  0.074800548380835 -0.064613173086168 -0.863806
12.812500  0.075494546180898 -0.065350600603506 -0.865633
12.815625  0.076179344818087 -0.066084254995441 -0.867483
12.818750  0.076854915230601 -0.066814041869993 -0.869353
12.821875  0.077521229541074 -0.067539861797513 -0.871243
12.825000  0.078178261047279 -0.068261610256448 -0.873153
12.828125  0.078825984212786 -0.068979177325790 -0.875082
12.831250  0.079464374657603 -0.069692447708219 -0.877028
12.834375  0.080093409148761 -0.070401300496340 -0.87899
12.837500  0.080713065590888 -0.071105609204217 -0.880968
12.840625  0.081323323016746 -0.071805241555858 -0.88296
12.843750  0.081924161577737 -0.072500059626892 -0.884966
12.846875  0.082515562534399 -0.073189919670494 -0.886983
12.850000  0.083097508246864 -0.073874672280304 -0.889012
12.853125  0.083669982165304 -0.074554162287573 -0.89105
12.856250  0.084232968820358 -0.075228228899040 -0.893097
12.859375  0.084786453813538 -0.075896705728604 -0.895151
12.862500  0.085330423807627 -0.076559420935102 -0.897211
12.865625  0.085864866517056 -0.077216197235699 -0.899276
12.868750  0.086389770698276 -0.077866852166375 -0.901343
12.871875  0.086905126140116 -0.078511198086735 -0.903413
12.875000  0.087410923654135 -0.079149042462441 -0.905482
12.878125  0.087907155064969 -0.079780187873528 -0.907551
12.881250  0.088393813200670 -0.080404432349998 -0.909616
12.884375  0.088870891883045 -0.081021569422743 -0.911677
12.887500  0.089338385917991 -0.081631388503830 -0.913733
12.890625  0.089796291085832 -0.082233674963894 -0.91578
12.893750  0.090244604131655 -0.082828210495267 -0.917819
12.896875  0.090683322755652 -0.083414773246702 -0.919847
12.900000  0.091112445603464 -0.083993138174730 -0.921862
12.903125  0.091531972256532 -0.084563077340574 -0.923864
12.906250  0.091941903222454 -0.085124360219360 -0.925849
12.909375  0.092342239925353 -0.085676753956180 -0.927818
12.912500  0.092732984696247 -0.086220023888971 -0.929767
12.915625  0.093114140763446 -0.086753933775296 -0.931695
12.918750  0.093485712242941 -0.087278246249130 -0.9336
12.921875  0.093847704128824 -0.087792723054940 -0.935481
12.925000  0.094200122283713 -0.088297125641807 -0.937336
12.928125  0.094542973429195 -0.088791215441635 -0.939163
12.931250  0.094876265136289 -0.089274754459171 -0.94096
12.934375  0.095200005815920 -0.089747505544889 -0.942726
12.937500  0.095514204709424 -0.090209232921716 -0.944459
12.940625  0.095818871879064 -0.090659702411922 -0.946157
12.943750  0.096114018198567 -0.091098681972647 -0.947819
12.946875  0.096399655343691 -0.091525941925112 -0.949443
12.950000  0.096675795782810 -0.091941255393641 -0.951027
12.953125  0.096942452767523 -0.092344398562982 -0.952569
12.956250  0.097199640323291 -0.092735151074908 -0.954069
12.959375  0.097447373240103 -0.093113296291199 -0.955524
12.962500  0.097685667063160 -0.093478621595563 -0.956933
12.965625  0.097914538083596 -0.093830918604439 -0.958294
12.968750  0.098134003329227 -0.094169983529645 -0.959606
12.971875  0.098344080555324 -0.094495617307777 -0.960867
12.975000  0.098544788235422 -0.094807625933273 -0.962077
12.978125  0.098736145552163 -0.095105820572914 -0.963232
12.981250  0.098918172388161 -0.095390017812622 -0.964333
12.984375  0.099090889316914 -0.095660039709987 -0.965377
12.987500  0.099254317593734 -0.095915714116505 -0.966363
12.990625  0.099408479146730 -0.096156874631141 -0.96729
12.993750  0.099553396567808 -0.096383360846019 -0.968157
12.996875  0.099689093103720 -0.096595018339336 -0.968963
13.000000  0.099815592647144 -0.096791698857790 -0.969705
13.003125  0.099932919727801 -0.096973260389266 -0.970384
13.006250  0.100041099503613 -0.097139567218749 -0.970997
13.009375  0.100140157751897 -0.097290489918306 -0.971543
13.012500  0.100230120860599 -0.097425905561160 -0.972022
13.015625  0.100311015819566 -0.097545697658158 -0.972433
13.018750  0.100382870211865 -0.097649756316792 -0.972773
13.021875  0.100445712205130 -0.097737978177331 -0.973043
13.025000  0.100499570542964 -0.097810266570537 -0.973241
13.028125  0.100544474536378 -0.097866531485826 -0.973366
13.031250  0.100580454055263 -0.097906689724684 -0.973417
13.034375  0.100607539519923 -0.097930664865932 -0.973393
13.037500  0.100625761892636 -0.097938387355522 -0.973293
13.040625  0.100635152669266 -0.097929794469702 -0.973117
13.043750  0.100635743870915 -0.097904830408052 -0.972863
13.046875  0.100627568035627 -0.097863446260076 -0.972531
13.050000  0.100610658210128 -0.097805600029927 -0.97212
13.053125  0.100585047941617 -0.097731256493184 -0.971628
13.056250  0.100550771269602 -0.097640387437194 -0.971056
13.059375  0.100507862717781 -0.097532971467584 -0.970401
13.062500  0.100456357285971 -0.097408994093560 -0.969665
13.065625  0.100396290442081 -0.097268447526288 -0.968845
13.068750  0.100327698114136 -0.097111330783576 -0.967941
13.071875  0.100250616682349 -0.096937649547963 -0.966953
13.075000  0.100165082971232 -0.096747416224102 -0.96588
13.078125  0.100071134241770 -0.096540649813183 -0.96472
13.081250  0.099968808183628 -0.096317375895207 -0.963474
13.084375  0.099858142907420 -0.096077626499824 -0.962141
13.087500  0.099739176937014 -0.095821440139195 -0.96072
13.090625  0.099611949201898 -0.095548861640518 -0.959211
13.093750  0.099476499029591 -0.095259942111406 -0.957613
13.096875  0.099332866138097 -0.094954738807651 -0.955925
13.100000  0.099181090628420 -0.094633315128342 -0.954147
13.103125  0.099021212977122 -0.094295740467082 -0.952278
13.106250  0.098853274028931 -0.093942090147042 -0.950318
13.109375  0.098677314989406 -0.093572445239520 -0.948267
13.112500  0.098493377417641 -0.093186892569437 -0.946123
13.115625  0.098301503219034 -0.092785524501316 -0.943887
13.118750  0.098101734638092 -0.092368438942731 -0.941558
13.121875  0.097894114251300 -0.091935739136948 -0.939134
13.125000  0.097678684960033 -0.091487533625962 -0.936617
13.128125  0.097455489983518 -0.091023936028104 -0.934005
13.131250  0.097224572851861 -0.090545065083874 -0.931298
13.134375  0.096985977399102 -0.090051044384613 -0.928496
13.137500  0.096739747756347 -0.089542002337754 -0.925597
13.140625  0.096485928344932 -0.089018071968005 -0.922602
13.143750  0.096224563869648 -0.088479390877025 -0.919509
13.146875  0.095955699312017 -0.087926101078774 -0.91632
13.150000  0.095679379923616 -0.087358348868521 -0.913032
13.153125  0.095395651219460 -0.086776284625817 -0.909646
13.156250  0.095104558971427 -0.086180062808668 -0.906161
13.159375  0.094806149201745 -0.085569841707479 -0.902577
13.162500  0.094500468176523 -0.084945783409493 -0.898893
13.165625  0.094187562399338 -0.084308053545576 -0.895108
13.168750  0.093867478604874 -0.083656821238326 -0.891223
13.171875  0.093540263752612 -0.082992258914833 -0.887236
13.175000  0.093205965020571 -0.082314542239494 -0.883147
13.178125  0.092864629799103 -0.081623849903479 -0.878955
13.181250  0.092516305684737 -0.080920363561979 -0.874661
13.184375  0.092161040474082 -0.080204267602326 -0.870262
13.187500  0.091798882157771 -0.079475749169420 -0.865759
13.190625  0.091429878914464 -0.078734997883620 -0.861152
13.193750  0.091054079104906 -0.077982205827243 -0.856438
13.196875  0.090671531266026 -0.077217567254071 -0.851619
13.200000  0.090282284105096 -0.076441278657245 -0.846692
13.203125  0.089886386493942 -0.075653538482490 -0.841657
13.206250  0.089483887463202 -0.074854547121585 -0.836514
13.209375  0.089074836196636 -0.074044506657581 -0.831262
13.212500  0.088659282025492 -0.073223620827528 -0.825899
13.215625  0.088237274422920 -0.072392094837166 -0.820425
13.218750  0.087808862998437 -0.071550135292197 -0.81484
13.221875  0.087374097492441 -0.070697950018494 -0.809141
13.225000  0.086933027770784 -0.069835747985936 -0.803328
13.228125  0.086485703819388 -0.068963739122075 -0.7974
13.231250  0.086032175738914 -0.068082134300982 -0.791357
13.234375  0.085572493739484 -0.067191145109302 -0.785196
13.237500  0.085106708135452 -0.066290983819944 -0.778916
13.240625  0.084634869340224 -0.065381863171571 -0.772517
13.243750  0.084157027861130 -0.064463996396542 -0.765997
13.246875  0.083673234294348 -0.063537596986883 -0.759354
13.250000  0.083183539319875 -0.062602878684844 -0.752587
13.253125  0.082687993696550 -0.061660055273780 -0.745695
13.256250  0.082186648257122 -0.060709340579579 -0.738676
13.259375  0.081679553903378 -0.059750948283732 -0.731529
13.262500  0.081166761601311 -0.058785091911645 -0.724251
13.265625  0.080648322376338 -0.057811984641884 -0.716841
13.268750  0.080124287308573 -0.056831839291910 -0.709296
13.271875  0.079594707528149 -0.055844868158047 -0.701615
13.275000  0.079059634210576 -0.054851283030544 -0.693796
13.278125  0.078519118572167 -0.053851295001025 -0.685837
13.281250  0.077973211865498 -0.052845114475211 -0.677734
13.284375  0.077421965374922 -0.051832950996612 -0.669486
13.287500  0.076865430412131 -0.050815013303320 -0.661091
13.290625  0.076303658311766 -0.049791509146703 -0.652544
13.293750  0.075736700427073 -0.048762645330440 -0.643844
13.296875  0.075164608125609 -0.047728627515810 -0.634988
13.300000  0.074587432784994 -0.046689660333465 -0.625972
13.303125  0.074005225788709 -0.045645947189745 -0.616794
13.306250  0.073418038521947 -0.044597690359621 -0.607449
13.309375  0.072825922367501 -0.043545090826305 -0.597934
13.312500  0.072228928701709 -0.042488348311682 -0.588246
13.315625  0.071627108890438 -0.041427661236840 -0.57838
13.318750  0.071020514285118 -0.040363226721022 -0.568332
13.321875  0.070409196218818 -0.039295240502783 -0.558098
13.325000  0.069793206002377 -0.038223897009874 -0.547674
13.328125  0.069172594920567 -0.037149389244968 -0.537054
13.331250  0.068547414228315 -0.036071908916730 -0.526233
13.334375  0.067917715146960 -0.034991646305197 -0.515206
13.337500  0.067283548860560 -0.033908790360622 -0.503969
13.340625  0.066644966512245 -0.032823528583137 -0.492513
13.343750  0.066002019200608 -0.031736047164564 -0.480834
13.346875  0.065354757976146 -0.030646530853859 -0.468926
13.350000  0.064703233837749 -0.029555163091505 -0.45678
13.353125  0.064047497729216 -0.028462125887638 -0.444391
13.356250  0.063387600535839 -0.027367599915923 -0.43175
13.359375  0.062723593081008 -0.026271764462880 -0.41885
13.362500  0.062055526122872 -0.025174797466041 -0.405682
13.365625  0.061383450351042 -0.024076875447431 -0.392237
13.368750  0.060707416383329 -0.022978173620891 -0.378507
13.371875  0.060027474762534 -0.021878865767047 -0.364481
13.375000  0.059343675953274 -0.020779124345855 -0.350149
13.378125  0.058656070338854 -0.019679120369829 -0.3355
13.381250  0.057964708218176 -0.018579023532065 -0.320523
13.384375  0.057269639802692 -0.017479002082941 -0.305205
13.387500  0.056570915213402 -0.016379222931249 -0.289534
13.390625  0.055868584477888 -0.015279851552495 -0.273496
13.393750  0.055162697527386 -0.014181052049891 -0.257077
13.396875  0.054453304193911 -0.013082987070862 -0.240261
13.400000  0.053740454207406 -0.011985817880576 -0.223032
13.403125  0.053024197192945 -0.010889704309009 -0.205372
13.406250  0.052304582667966 -0.009794804774114 -0.187265
13.409375  0.051581660039551 -0.008701276207320 -0.168689
13.412500  0.050855478601739 -0.007609274178473 -0.149625
13.415625  0.050126087532881 -0.006518952740300 -0.130051
13.418750  0.049393535893037 -0.005430464504954 -0.109943
13.421875  0.048657872621404 -0.004343960536725 -0.0892756
13.425000  0.047919146533788 -0.003259590494611 -0.0680227
13.428125  0.047177406320115 -0.002177502478407 -0.0461556
13.431250  0.046432700541974 -0.001097843140975 -0.0236437
13.434375  0.045685077630203 -0.000020757543385 -0.000454362
13.437500  0.044934585882510  0.001053610770235 0.0234477
13.440625  0.044181273461129  0.002125119903173 0.0481
13.443750  0.043425188390521  0.003193629500535 0.0735433
13.446875  0.042666378555098  0.004259000884383 0.099821
13.450000  0.041904891696997  0.005321096984611 0.12698
13.453125  0.041140775413882  0.006379782404752 0.155072
13.456250  0.040374077156783  0.007434923401321 0.184151
13.459375  0.039604844227972  0.008486387927203 0.214277
13.462500  0.038833123778874  0.009534045642521 0.245513
13.465625  0.038058962808013  0.010577767968049 0.277931
13.468750  0.037282408158991  0.011617428001856 0.311606
13.471875  0.036503506518503  0.012652900638394 0.346622
13.475000  0.035722304414390  0.013684062468522 0.383068
13.478125  0.034938848213716  0.014710791901168 0.421044
13.481250  0.034153184120890  0.015732969091360 0.460659
13.484375  0.033365358175816  0.016750476042871 0.502032
13.487500  0.032575416252072  0.017763196475005 0.545295
13.490625  0.031783404055133  0.018771015979699 0.590592
13.493750  0.030989367120619  0.019773821893564 0.638084
13.496875  0.030193350812574  0.020771503389691 0.68795
13.500000  0.029395400321783  0.021763951392006 0.740386
13.503125  0.028595560664118  0.022751058612246 0.795615
13.506250  0.027793876678916  0.023732719548550 0.853883
13.509375  0.026990393027386  0.024708830504246 0.915468
13.512500  0.026185154191055  0.025679289459339 0.980681
13.515625  0.025378204470236  0.026643996190842 1.04988
13.518750  0.024569587982530  0.027602852172388 1.12346
13.521875  0.023759348661363  0.028555760644662 1.20187
13.525000  0.022947530254543  0.029502626507244 1.28566
13.528125  0.022134176322860  0.030443356373419 1.3754
13.531250  0.021319330238707  0.031377858490501 1.4718
13.534375  0.020503035184727  0.032306042797802 1.57567
13.537500  0.019685334152505  0.033227820864517 1.68795
13.540625  0.018866269941267  0.034143105950907 1.80974
13.543750  0.018045885156632  0.035051812891239 1.94237
13.546875  0.017224222209370  0.035953858198871 2.0874
13.550000  0.016401323314203  0.036849159973499 2.24672
13.553125  0.015577230488629  0.037737637989940 2.42262
13.556250  0.014751985551774  0.038619213514309 2.6179
13.559375  0.013925630123272  0.039493809467210 2.83605
13.562500  0.013098205622170  0.040361350315426 3.08144
13.565625  0.012269753265866  0.041221762158753 3.35962
13.568750  0.011440314069067  0.042074972610073 3.67778
13.571875  0.010609928842776  0.042920910869080 4.04535
13.575000  0.009778638193309  0.043759507644837 4.47501
13.578125  0.008946482521333  0.044590695213052 4.98416
13.581250  0.008113502020931  0.045414407375541 5.59739
13.584375  0.007279736678696  0.046230579492826 6.35058
13.587500  0.006445226272844  0.047039148402243 7.29829
13.590625  0.005610010372362  0.047840052516879 8.52762
13.593750  0.004774128336170  0.048633231733661 10.1868
13.596875  0.003937619312313  0.049418627485473 12.5504
13.600000  0.003100522237181  0.050196182653204 16.1896
13.603125  0.002262875834744  0.050965841631019 22.5226
13.606250  0.001424718615820  0.051727550266067 36.3072
13.609375  0.000586088877366  0.052481255922208 89.5449
13.612500 -0.000252975298220  0.053226907353707 -210.404
13.615625 -0.001092436043753  0.053964454807013 -49.3983
13.618750 -0.001932255707910  0.054693849888740 -28.3057
13.621875 -0.002772396855846  0.055415045665511 -19.9881
13.625000 -0.003612822269791  0.056127996558197 -15.5358
13.628125 -0.004453494949624  0.056832658398338 -12.7614
13.631250 -0.005294378113426  0.057528988316777 -10.8661
13.634375 -0.006135435198007  0.058216944840711 -9.48864
13.637500 -0.006976629859417  0.058896487789695 -8.44197
13.640625 -0.007817925973430  0.059567578315135 -7.61936
13.643750 -0.008659287636010  0.060230178810165 -6.95556
13.646875 -0.009500679163758  0.060884252956597 -6.40841
13.650000 -0.010342065094330  0.061529765672713 -5.94947
13.653125 -0.011183410186844  0.062166683145752 -5.55883
13.656250 -0.012024679422259  0.062794972687181 -5.22217
13.659375 -0.012865838003741  0.063414602848585 -4.92891
13.662500 -0.013706851356998  0.064025543282775 -4.67106
13.665625 -0.014547685130611  0.064627764840494 -4.44248
13.668750 -0.015388305196328  0.065221239439458 -4.23836
13.671875 -0.016228677649354  0.065805940090259 -4.05492
13.675000 -0.017068768808611  0.066381840845221 -3.88908
13.678125 -0.017908545216983  0.066948916829425 -3.73838
13.681250 -0.018747973641544  0.067507144150764 -3.60077
13.684375 -0.019587021073765  0.068056499954187 -3.47457
13.687500 -0.020425654729702  0.068596962277431 -3.35837
13.690625 -0.021263842050171  0.069128510178332 -3.25099
13.693750 -0.022101550700895  0.069651123594103 -3.15141
13.696875 -0.022938748572645  0.070164783435355 -3.05879
13.700000 -0.023775403781358  0.070669471432936 -2.97238
13.703125 -0.024611484668231  0.071165170247998 -2.89154
13.706250 -0.025446959799814  0.071651863355817 -2.81573
13.709375 -0.026281797968068  0.072129535131614 -2.74447
13.712500 -0.027115968190420  0.072598170739806 -2.67732
13.715625 -0.027949439709796  0.073057756185813 -2.61393
13.718750 -0.028782181994633  0.073508278247823 -2.55395
13.721875 -0.029614164738887  0.073949724526193 -2.49711
13.725000 -0.030445357862011  0.074382083373951 -2.44313
13.728125 -0.031275731508928  0.074805343949663 -2.3918
13.731250 -0.032105256049984  0.075219496120238 -2.3429
13.734375 -0.032933902080882  0.075624530573877 -2.29625
13.737500 -0.033761640422612  0.076020438705568 -2.25168
13.740625 -0.034588442121350  0.076407212716657 -2.20904
13.743750 -0.035414278448360  0.076784845499614 -2.16819
13.746875 -0.036239120899861  0.077153330739382 -2.12901
13.750000 -0.037062941196902  0.077512662846830 -2.09138
13.753125 -0.037885711285205  0.077862837032857 -2.0552
13.756250 -0.038707403334999  0.078203849216545 -2.02038
13.759375 -0.039527989740845  0.078535696117910 -1.98684
13.762500 -0.040347443121444  0.078858375177101 -1.95448
13.765625 -0.041165736319425  0.079171884652200 -1.92325
13.768750 -0.041982842401132  0.079476223543987 -1.89306
13.771875 -0.042798734656387  0.079771391645845 -1.86387
13.775000 -0.043613386598248  0.080057389498570 -1.83562
13.778125 -0.044426771962744  0.080334218471439 -1.80824
13.781250 -0.045238864708610  0.080601880665753 -1.7817
13.784375 -0.046049639016999  0.080860379010155 -1.75594
13.787500 -0.046859069291187  0.081109717146517 -1.73093
13.790625 -0.047667130156265  0.081349899556555 -1.70662
13.793750 -0.048473796458816  0.081580931451482 -1.68299
13.796875 -0.049279043266582  0.081802818878712 -1.65999
13.800000 -0.050082845868126  0.082015568575543 -1.6376
13.803125 -0.050885179772465  0.082219188100598 -1.61578
13.806250 -0.051686020708715  0.082413685715265 -1.59451
13.809375 -0.052485344625701  0.082599070480832 -1.57375
13.812500 -0.053283127691575  0.082775352192848 -1.5535
13.815625 -0.054079346293414  0.082942541364909 -1.53372
13.818750 -0.054873977036804  0.083100649238541 -1.51439
13.821875 -0.055666996745425  0.083249687788974 -1.49549
13.825000 -0.056458382460614  0.083389669630542 -1.47701
13.828125 -0.057248111440921  0.083520608088076 -1.45892
13.831250 -0.058036161161661  0.083642517092997 -1.44121
13.834375 -0.058822509314446  0.083755411298077 -1.42387
13.837500 -0.059607133806718  0.083859305945409 -1.40687
13.840625 -0.060390012761258  0.083954216944070 -1.3902
13.843750 -0.061171124515703  0.084040160735396 -1.37385
13.846875 -0.061950447622039  0.084117154399985 -1.35781
13.850000 -0.062727960846091  0.084185215559295 -1.34207
13.853125 -0.063503643167004  0.084244362491176 -1.32661
13.856250 -0.064277473776716  0.084294614047503 -1.31142
13.859375 -0.065049432079415  0.084335989739747 -1.29649
13.862500 -0.065819497691000  0.084368509718711 -1.28182
13.865625 -0.066587650438516  0.084392194855635 -1.26739
13.868750 -0.067353870359604  0.084407066688449 -1.25319
13.871875 -0.068118137701917  0.084413147547925 -1.23922
13.875000 -0.068880432922546  0.084410460512701 -1.22546
13.878125 -0.069640736687434  0.084399029531725 -1.21192
13.881250 -0.070399029870776  0.084378879367495 -1.19858
13.884375 -0.071155293554417  0.084350035725673 -1.18544
13.887500 -0.071909509027245  0.084312525214960 -1.17248
13.890625 -0.072661657784564  0.084266375447280 -1.15971
13.893750 -0.073411721527479  0.084211615042162 -1.14711
13.896875 -0.074159682162255  0.084148273721207 -1.13469
13.900000 -0.074905521799679  0.084076382260442 -1.12243
13.903125 -0.075649222754414  0.083995972614660 -1.11033
13.906250 -0.076390767544345  0.083907077889799 -1.09839
13.909375 -0.077130138889920  0.083809732448215 -1.0866
13.912500 -0.077867319713476  0.083703971834887 -1.07496
13.915625 -0.078602293138576  0.083589832906668 -1.06345
13.918750 -0.079335042489320  0.083467353784687 -1.05209
13.921875 -0.080065551289664  0.083336573932671 -1.04085
13.925000 -0.080793803262726  0.083197534073747 -1.02975
13.928125 -0.081519782330087  0.083050276304167 -1.01877
13.931250 -0.082243472611090  0.082894843993928 -1.00792
13.934375 -0.082964858422127  0.082731281873878 -0.997185
13.937500 -0.083683924275924  0.082559635945933 -0.986565
13.940625 -0.084400654880824  0.082379953533271 -0.976058
13.943750 -0.085115035140055  0.082192283167589 -0.965661
13.946875 -0.085827050151001  0.081996674639830 -0.955371
13.950000 -0.086536685204466  0.081793178893298 -0.945185
13.953125 -0.087243925783931  0.081581848030811 -0.935101
13.956250 -0.087948757564809  0.081362735228885 -0.925115
13.959375 -0.088651166413691  0.081135894720652 -0.915226
13.962500 -0.089351138387591  0.080901381723866 -0.905432
13.965625 -0.090048659733185  0.080659252429035 -0.89573
13.968750 -0.090743716886043  0.080409563827898 -0.886117
13.971875 -0.091436296469866  0.080152373763695 -0.876593
13.975000 -0.092126385295702  0.079887740757488 -0.867154
13.978125 -0.092813970361176  0.079615724057538 -0.857799
13.981250 -0.093499038849703  0.079336383468462 -0.848526
13.984375 -0.094181578129702  0.079049779359853 -0.839334
13.987500 -0.094861575753808  0.078755972491953 -0.83022
13.990625 -0.095539019458074  0.078455024045710 -0.821183
13.993750 -0.096213897161177  0.078146995454990 -0.812221
13.996875 -0.096886196963611  0.077831948403060 -0.803334
14.000000 -0.097555891947591  0.077509944682784 -0.794518
14.003125 -0.098222608986337  0.077181046177968 -0.785777
14.006250 -0.098885642239371  0.076845314772730 -0.777113
14.009375 -0.099544292978764  0.076502812304456 -0.76853
14.012500 -0.100197884490014  0.076153600420802 -0.760032
14.015625 -0.100845761660484  0.075797740634714 -0.75162
14.018750 -0.101487290573828  0.075435294175898 -0.743298
14.021875 -0.102121858110322  0.075066322011939 -0.735066
14.025000 -0.102748871553047  0.074690884719280 -0.726927
14.028125 -0.103367758199822  0.074309042514882 -0.71888
14.031250 -0.103977964980846  0.073920855159549 -0.710928
14.034375 -0.104578958081949  0.073526381990478 -0.703071
14.037500 -0.105170222573403  0.073125681832170 -0.695308
14.040625 -0.105751262044212  0.072718813042419 -0.68764
14.043750 -0.106321598241813  0.072305833389641 -0.680067
14.046875 -0.106880770717124  0.071886800166350 -0.672589
14.050000 -0.107428336474868  0.071461770081754 -0.665204
14.053125 -0.107963869629106  0.071030799343523 -0.657913
14.056250 -0.108486961063918  0.070593943557870 -0.650714
14.059375 -0.108997218099160  0.070151257851264 -0.643606
14.062500 -0.109494264161235  0.069702796802904 -0.636589
14.065625 -0.109977738458819  0.069248614529881 -0.62966
14.068750 -0.110447295663472  0.068788764631964 -0.62282
14.071875 -0.110902605595078  0.068323300299051 -0.616066
14.075000 -0.111343352912040  0.067852274285624 -0.609397
14.078125 -0.111769236806193  0.067375739023075 -0.602811
14.081250 -0.112179970702348  0.066893746616600 -0.596307
14.084375 -0.112575281962426  0.066406348944523 -0.589884
14.087500 -0.112954911594113  0.065913597658223 -0.583539
14.090625 -0.113318613963984  0.065415544341546 -0.577271
14.093750 -0.113666156515039  0.064912240488908 -0.571078
14.096875 -0.113997319488586  0.064403737667810 -0.564958
14.100000 -0.114311895650421  0.063890087511605 -0.55891
14.103125 -0.114609690021255  0.063371341893889 -0.552932
14.106250 -0.114890519611321  0.062847552944606 -0.547021
14.109375 -0.115154213159112  0.062318773207995 -0.541177
14.112500 -0.115400610874204  0.061785055616101 -0.535396
14.115625 -0.115629564184096  0.061246453682442 -0.529678
14.118750 -0.115840935485029  0.060703021459123 -0.52402
14.121875 -0.116034597896718  0.060154813704193 -0.518421
14.125000 -0.116210435020969  0.059601885829410 -0.512879
14.128125 -0.116368340704093  0.059044293991155 -0.507391
14.131250 -0.116508218803113  0.058482095047807 -0.501957
14.134375 -0.116629982955671  0.057915346612945 -0.496573
14.137500 -0.116733556353617  0.057344106948182 -0.491239
14.140625 -0.116818871520218  0.056768434973501 -0.485953
14.143750 -0.116885870090941  0.056188390117215 -0.480712
14.146875 -0.116934502597764  0.055604032289398 -0.475514
14.150000 -0.116964728256967  0.055015421676083 -0.470359
14.153125 -0.116976514760364  0.054422618661571 -0.465244
14.156250 -0.116969838069913  0.053825683564607 -0.460167
14.159375 -0.116944682215684  0.053224676599133 -0.455127
14.162500 -0.116901039097115  0.052619657575096 -0.450121
14.165625 -0.116838908287531  0.052010685824649 -0.445149
14.168750 -0.116758296841876  0.051397819921854 -0.440207
14.171875 -0.116659219107609  0.050781117580742 -0.435295
14.175000 -0.116541696538733  0.050160635494382 -0.430409
14.178125 -0.116405757512906  0.049536429241771 -0.42555
14.181250 -0.116251437151598  0.048908553140298 -0.420714
14.184375 -0.116078777143249  0.048277060270267 -0.415899
14.187500 -0.115887825569388  0.047642002377238 -0.411104
14.190625 -0.115678636733682  0.047003429993585 -0.406328
14.193750 -0.115451270993856  0.046361392379452 -0.401567
14.196875 -0.115205794596469  0.045715937726436 -0.39682
14.200000 -0.114942279514486  0.045067113203047 -0.392085
14.203125 -0.114660803287625  0.044414965239399 -0.38736
14.206250 -0.114361448865421  0.043759539641429 -0.382642
14.209375 -0.114044304453003  0.043100881895617 -0.377931
14.212500 -0.113709463359501  0.042439037293152 -0.373223
14.215625 -0.113357023849094  0.041774051249594 -0.368518
14.218750 -0.112987088994631  0.041105969460310 -0.363811
14.221875 -0.112599766533797  0.040434838191008 -0.359102
14.225000 -0.112195168727798  0.039760704417829 -0.354389
14.228125 -0.111773412222525  0.039083616087504 -0.349668
14.231250 -0.111334617912150  0.038403622234198 -0.344939
14.234375 -0.110878910805151  0.037720773209178 -0.340198
14.237500 -0.110406419892694  0.037035120711306 -0.335444
14.240625 -0.109917278019371  0.036346717974078 -0.330673
14.243750 -0.109411621756245  0.035655619736156 -0.325885
14.246875 -0.108889591276174  0.034961882354556 -0.321076
14.250000 -0.108351330231383  0.034265563730013 -0.316245
14.253125 -0.107796985633245  0.033566723297997 -0.311388
14.256250 -0.107226707734257  0.032865421849034 -0.306504
14.259375 -0.106640649912163  0.032161721487454 -0.30159
14.262500 -0.106038968556199  0.031455685356718 -0.296643
14.265625 -0.105421822955434  0.030747377503859 -0.29166
14.268750 -0.104789375189176  0.030036862536259 -0.28664
14.271875 -0.104141790019411  0.029324205387332 -0.28158
14.275000 -0.103479234785244  0.028609470977778 -0.276475
14.278125 -0.102801879299325  0.027892723908695 -0.271325
14.281250 -0.102109895746216  0.027174028014828 -0.266125
14.284375 -0.101403458582685  0.026453446089524 -0.260873
14.287500 -0.100682744439889  0.025731039412707 -0.255566
14.290625 -0.099947932027426  0.025006867479458 -0.250199
14.293750 -0.099199202039227  0.024280987518325 -0.24477
14.296875 -0.098436737061261  0.023553454219073 -0.239275
14.300000 -0.097660721481022  0.022824319282624 -0.23371
14.303125 -0.096871341398785  0.022093631200329 -0.228072
14.306250 -0.096068784540592  0.021361434863940 -0.222356
14.309375 -0.095253240172952  0.020627771353304 -0.216557
14.312500 -0.094424899019223  0.019892677625918 -0.210672
14.315625 -0.093583953177653  0.019156186311340 -0.204695
14.318750 -0.092730596041069  0.018418325536617 -0.198622
14.321875 -0.091865022218159  0.017679118768436 -0.192447
14.325000 -0.090987427456365  0.016938584614471 -0.186164
14.328125 -0.090098008566325  0.016196736857912 -0.179768
14.331250 -0.089196963347863  0.015453584336842 -0.173252
14.334375 -0.088284490517500  0.014709131033578 -0.166611
14.337500 -0.087360789637456  0.013963375981485 -0.159836
14.340625 -0.086426061046140  0.013216313439311 -0.15292
14.343750 -0.085480505790074  0.012467932912411 -0.145857
14.346875 -0.084524325557263  0.011718219419883 -0.138637
14.350000 -0.083557722611969  0.010967153620892 -0.131252
14.353125 -0.082580899730872  0.010214712125385 -0.123693
14.356250 -0.081594060140603  0.009460867685709 -0.11595
14.359375 -0.080597407456618  0.008705589584199 -0.108013
14.362500 -0.079591145623404  0.007948843921920 -0.099871
14.365625 -0.078575478855990  0.007190594029090 -0.0915119
14.368750 -0.077550611582740  0.006430800801278 -0.0829239
14.371875 -0.076516748389421  0.005669423190541 -0.0740939
14.375000 -0.075474093964511  0.004906418595456 -0.065008
14.378125 -0.074422853045740  0.004141743359655 -0.0556515
14.381250 -0.073363230367840  0.003375353172299 -0.0460088
14.384375 -0.072295430611484  0.002607203619703 -0.0360632
14.387500 -0.071219658353400  0.001837250598081 -0.025797
14.390625 -0.070136118017637  0.001065450866260 -0.0151912
14.393750 -0.069045013827970  0.000291762485319 -0.00422569
14.396875 -0.067946549761421 -0.000483854656378 0.00712111
14.400000 -0.066840929502883 -0.001261438454355 0.0188722
14.403125 -0.065728356400831 -0.002041024016798 0.0310524
14.406250 -0.064609033424092 -0.002822643308721 0.0436881
14.409375 -0.063483163119673 -0.003606324658610 0.0568076
14.412500 -0.062350947571620 -0.004392092434256 0.0704415
14.415625 -0.061212588360893 -0.005179966586629 0.0846226
14.418750 -0.060068286526241 -0.005969962335878 0.0993863
14.421875 -0.058918242526072 -0.006762089822493 0.114771
14.425000 -0.057762656201273 -0.007556353877704 0.130817
14.428125 -0.056601726739007 -0.008352753688404 0.147571
14.431250 -0.055435652637427 -0.009151282652102 0.165079
14.434375 -0.054264631671332 -0.009951928119431 0.183396
14.437500 -0.053088860858719 -0.010754671323505 0.202579
14.440625 -0.051908536428229 -0.011559487219096 0.22269
14.443750 -0.050723853787483 -0.012366344475024 0.243797
14.446875 -0.049535007492270 -0.013175205377879 0.265978
14.450000 -0.048342191216592 -0.013986025894977 0.289313
14.453125 -0.047145597723548 -0.014798755675263 0.313895
14.456250 -0.045945418837030 -0.015613338187578 0.339824
14.459375 -0.044741845414246 -0.016429710774213 0.367211
14.462500 -0.043535067319019 -0.017247804854361 0.396182
14.465625 -0.042325273395881 -0.018067546060238 0.426874
14.468750 -0.041112651444939 -0.018888854560024 0.459441
14.471875 -0.039897388197479 -0.019711645177132 0.494059
14.475000 -0.038679669292341 -0.020535827764290 0.53092
14.478125 -0.037459679252997 -0.021361307398632 0.570248
14.481250 -0.036237601465375 -0.022187984801469 0.612292
14.484375 -0.035013618156364 -0.023015756600015 0.657337
14.487500 -0.033787910373031 -0.023844515746551 0.705711
14.490625 -0.032560657962517 -0.024674151814902 0.75779
14.493750 -0.031332039552596 -0.025504551432763 0.814009
14.496875 -0.030102232532902 -0.026335598619892 0.874872
14.500000 -0.028871413036804 -0.027167175225328 0.940971
14.503125 -0.027639755923907 -0.027999161252792 1.013
14.506250 -0.026407434763193 -0.028831435293658 1.09179
14.509375 -0.025174621816761 -0.029663874877698 1.17832
14.512500 -0.023941488024186 -0.030496356907818 1.27379
14.515625 -0.022708202987462 -0.031328757932352 1.37962
14.518750 -0.021474934956521 -0.032160954584112 1.4976
14.521875 -0.020241850815345 -0.032992823849059 1.62993
14.525000 -0.019009116068612 -0.033824243462431 1.77937
14.528125 -0.017776894828921 -0.034655092140271 1.94945
14.531250 -0.016545349804536 -0.035485249927223 2.14473
14.534375 -0.015314642287677 -0.036314598394979 2.37123
14.537500 -0.014084932143324 -0.037143020948480 2.63707
14.540625 -0.012856377798540 -0.037970402978866 2.95343
14.543750 -0.011629136232293 -0.038796632129391 3.33616
14.546875 -0.010403362965773 -0.039621598353899 3.80854
14.550000 -0.009179212053190 -0.040445194143893 4.40617
14.553125 -0.007956836073061 -0.041267314568915 5.1864
14.556250 -0.006736386119942 -0.042087857425759 6.24784
14.559375 -0.005518011796640 -0.042906723211623 7.77576
14.562500 -0.004301861206858 -0.043723815207172 10.1639
14.565625 -0.003088080948287 -0.044539039417243 14.4229
14.568750 -0.001876816106136 -0.045352304610529 24.1645
14.571875 -0.000668210247070 -0.046163522175889 69.0853
14.575000  0.000537594586416 -0.046972606110069 -87.3755
14.578125  0.001740457881229 -0.047779472827885 -27.4522
14.581250  0.002940240658512 -0.048584041102607 -16.5238
14.584375  0.004136805478072 -0.049386231855595 -11.9383
14.587500  0.005330016442439 -0.050185968022612 -9.41572
14.590625  0.006519739200539 -0.050983174288487 -7.81982
14.593750  0.007705840951001 -0.051777776951148 -6.71929
14.596875  0.008888190445104 -0.052569703610577 -5.91456
14.600000  0.010066657989367 -0.053358883008851 -5.30056
14.603125  0.011241115447792 -0.054145244676468 -4.81671
14.606250  0.012411436243768 -0.054928718743303 -4.42565
14.609375  0.013577495361642 -0.055709235593391 -4.10306
14.612500  0.014739169347966 -0.056486725671553 -3.83242
14.615625  0.015896336312415 -0.057261119092534 -3.60216
14.618750  0.017048875928407 -0.058032345454557 -3.40388
14.621875  0.018196669433405 -0.058800333458421 -3.23138
14.625000  0.019339599628922 -0.059565010713699 -3.07995
14.628125  0.020477550880238 -0.060326303394361 -2.94597
14.631250  0.021610409115825 -0.061084136003235 -2.82661
14.634375  0.022738061826490 -0.061838431066099 -2.7196
14.637500  0.023860398064249 -0.062589108927484 -2.62314
14.640625  0.024977308440926 -0.063336087428121 -2.53575
14.643750  0.026088685126496 -0.064079281739496 -2.45621
14.646875  0.027194421847163 -0.064818604052464 -2.38353
14.650000  0.028294413883198 -0.065553963445015 -2.31685
14.653125  0.029388558066517 -0.066285265580852 -2.25548
14.656250  0.030476752778035 -0.067012412595660 -2.1988
14.659375  0.031558897944771 -0.067735302803181 -2.14631
14.662500  0.032634895036737 -0.068453830613051 -2.09757
14.665625  0.033704647063595 -0.069167886280522 -2.05218
14.668750  0.034768058571096 -0.069877355832394 -2.00981
14.671875  0.035825035637309 -0.070582120855061 -1.97019
14.675000  0.036875485868647 -0.071282058390295 -1.93305
14.678125  0.037919318395673 -0.071977040797359 -1.89816
14.681250  0.038956443868729 -0.072666935697124 -1.86534
14.684375  0.039986774453353 -0.073351605805840 -1.8344
14.687500  0.041010223825525 -0.074030908949020 -1.80518
14.690625  0.042026707166712 -0.074704697952283 -1.77755
14.693750  0.043036141158748 -0.075372820703856 -1.75138
14.696875  0.044038443978533 -0.076035120043355 -1.72656
14.700000  0.045033535292560 -0.076691433872709 -1.70298
14.703125  0.046021336251284 -0.077341595106629 -1.68056
14.706250  0.047001769483320 -0.077985431838414 -1.6592
14.709375  0.047974759089494 -0.078622767370787 -1.63884
14.712500  0.048940230636732 -0.079253420441405 -1.61939
14.715625  0.049898111151810 -0.079877205278483 -1.60081
14.718750  0.050848329114948 -0.080493931866509 -1.58302
14.721875  0.051790814453278 -0.081103406074330 -1.56598
14.725000  0.052725498534160 -0.081705429936932 -1.54964
14.728125  0.053652314158378 -0.082299801834900 -1.53395
14.731250  0.054571195553201 -0.082886316790435 -1.51887
14.734375  0.055482078365317 -0.083464766706185 -1.50436
14.737500  0.056384899653657 -0.084034940699982 -1.49038
14.740625  0.057279597882082 -0.084596625326943 -1.47691
14.743750  0.058166112911981 -0.085149604963521 -1.4639
14.746875  0.059044385994730 -0.085693662044777 -1.45134
14.750000  0.059914359764072 -0.086228577454833 -1.4392
14.753125  0.060775978228372 -0.086754130807170 -1.42744
14.756250  0.061629186762782 -0.087270100843047 -1.41605
14.759375  0.062473932101310 -0.087776265666546 -1.40501
14.762500  0.063310162328789 -0.088272403180094 -1.39428
14.765625  0.064137826872758 -0.088758291327432 -1.38387
14.768750  0.064956876495261 -0.089233708494274 -1.37374
14.771875  0.065767263284552 -0.089698433758415 -1.36388
14.775000  0.066568940646727 -0.090152247230692 -1.35427
14.778125  0.067361863297275 -0.090594930346529 -1.3449
14.781250  0.068145987252549 -0.091026266207001 -1.33575
14.784375  0.068921269821177 -0.091446039770245 -1.32682
14.787500  0.069687669595386 -0.091854038209412 -1.31808
14.790625  0.070445146442274 -0.092250051096471 -1.30953
14.793750  0.071193661495012 -0.092633870742070 -1.30115
14.796875  0.071933177143981 -0.093005292356687 -1.29294
14.800000  0.072663657027860 -0.093364114354416 -1.28488
14.803125  0.073385066024647 -0.093710138504549 -1.27696
14.806250  0.074097370242634 -0.094043170215488 -1.26918
14.809375  0.074800537011326 -0.094363018704851 -1.26153
14.812500  0.075494534872316 -0.094669497253303 -1.25399
14.815625  0.076179333570107 -0.094962423358551 -1.24656
14.818750  0.076854904042901 -0.095241618957662 -1.23924
14.821875  0.077521218413333 -0.095506910597831 -1.23201
14.825000  0.078178249979177 -0.095758129671044 -1.22487
14.828125  0.078825973204007 -0.095995112464586 -1.21781
14.831250  0.079464363707830 -0.096217700423332 -1.21083
14.834375  0.080093398257680 -0.096425740231913 -1.20392
14.837500  0.080713054758187 -0.096619084057952 -1.19707
14.840625  0.081323312242113 -0.096797589584322 -1.19028
14.843750  0.081924150860864 -0.096961120214805 -1.18355
14.846875  0.082515551874978 -0.097109545109394 -1.17686
14.850000  0.083097497644589 -0.097242739360759 -1.17022
14.853125  0.083669971619870 -0.097360584052315 -1.16363
14.856250  0.084232958331463 -0.097462966404491 -1.15706
14.859375  0.084786443380881 -0.097549779790899 -1.15054
14.862500  0.085330413430908 -0.097620923882428 -1.14403
14.865625  0.085864856195977 -0.097676304677558 -1.13756
14.868750  0.086389760432541 -0.097715834601336 -1.1311
14.871875  0.086905115929430 -0.097739432507498 -1.12467
14.875000  0.087410913498205 -0.097747023768672 -1.11825
14.878125  0.087907144963503 -0.097738540291485 -1.11184
14.881250  0.088393803153378 -0.097713920595788 -1.10544
14.884375  0.088870881889638 -0.097673109770711 -1.09905
14.887500  0.089338375978183 -0.097616059561823 -1.09266
14.890625  0.089796281199336 -0.097542728308331 -1.08627
14.893750  0.090244594298188 -0.097453081012829 -1.07988
14.896875  0.090683312974930 -0.097347089285567 -1.07348
14.900000  0.091112435875208 -0.097224731400236 -1.06709
14.903125  0.091531962580461 -0.097085992182218 -1.06068
14.906250  0.091941893598291 -0.096930863084917 -1.05426
14.909375  0.092342230352820 -0.096759342098016 -1.04783
14.912500  0.092732975175070 -0.096571433769407 -1.04139
14.915625  0.093114131293350 -0.096367149108215 -1.03494
14.918750  0.093485702823655 -0.096146505578180 -1.02846
14.921875  0.093847694760077 -0.095909527041230 -1.02197
14.925000  0.094200112965235 -0.095656243739655 -1.01546
14.928125  0.094542964160718 -0.095386692166270 -1.00892
14.931250  0.094876255917546 -0.095100915073413 -1.00237
14.934375  0.095199996646647 -0.094798961340550 -0.995787
14.937500  0.095514195589358 -0.094480885976913 -0.989182
14.940625  0.095818862807941 -0.094146749981653 -0.982549
14.943750  0.096114009176126 -0.093796620307319 -0.975889
14.946875  0.096399646369674 -0.093430569723473 -0.9692
14.950000  0.096675786856957 -0.093048676780056 -0.962482
14.953125  0.096942443889578 -0.092651025670212 -0.955732
14.956250  0.097199631492999 -0.092237706187619 -0.948951
14.959375  0.097447364457209 -0.091808813547314 -0.942137
14.962500  0.097685658327412 -0.091364448365753 -0.93529
14.965625  0.097914529394742 -0.090904716494264 -0.928409
14.968750  0.098133994687017 -0.090429728992946 -0.921492
14.971875  0.098344071959509 -0.089939601911596 -0.91454
14.975000  0.098544779685756 -0.089434456274860 -0.907551
14.978125  0.098736137048398 -0.088914417892148 -0.900526
14.981250  0.098918163930053 -0.088379617323541 -0.893462
14.984375  0.099090880904219 -0.087830189693080 -0.88636
14.987500  0.099254309226211 -0.087266274618853 -0.879219
14.990625  0.099408470824136 -0.086688016044419 -0.872039
14.993750  0.099553388289905 -0.086095562159993 -0.864818
14.996875  0.099689084870269 -0.085489065244348 -0.857557
15.000000  0.099815584457908 -0.084868681577400 -0.850255
15.003125  0.099932911582544 -0.084234571252108 -0.842911
15.006250  0.100041091402100 -0.083586898115620 -0.835526
15.009375  0.100140149693895 -0.082925829587253 -0.828098
15.012500  0.100230112845875 -0.082251536585519 -0.820627
15.015625  0.100311007847890 -0.081564193319021 -0.813113
15.018750  0.100382862283007 -0.080863977230445 -0.805556
15.021875  0.100445704318861 -0.080151068805026 -0.797954
15.025000  0.100499562699058 -0.079425651501503 -0.790308
15.028125  0.100544466734607 -0.078687911550893 -0.782618
15.031250  0.100580446295404 -0.077938037886613 -0.774883
15.034375  0.100607531801752 -0.077176221948079 -0.767102
15.037500  0.100625754215930 -0.076402657615358 -0.759275
15.040625  0.100635145033803 -0.075617541016815 -0.751403
15.043750  0.100635736276475 -0.074821070446838 -0.743484
15.046875  0.100627560481992 -0.074013446165091 -0.735519
15.050000  0.100610650697080 -0.073194870336604 -0.727506
15.053125  0.100585040468939 -0.072365546839083 -0.719446
15.056250  0.100550763837078 -0.071525681185968 -0.711339
15.059375  0.100507855325197 -0.070675480323648 -0.703184
15.062500  0.100456349933114 -0.069815152563052 -0.69498
15.065625  0.100396283128738 -0.068944907395813 -0.686728
15.068750  0.100327690840097 -0.068064955430804 -0.678426
15.071875  0.100250609447403 -0.067175508175014 -0.670076
15.075000  0.100165075775172 -0.066276777990286 -0.661676
15.078125  0.100071127084387 -0.065368977884370 -0.653225
15.081250  0.099968801064716 -0.064452321468134 -0.644724
15.084375  0.099858135826773 -0.063527022773814 -0.636173
15.087500  0.099739169894428 -0.062593296164138 -0.62757
15.090625  0.099611942197170 -0.061651356183002 -0.618915
15.093750  0.099476492062518 -0.060701417491383 -0.610209
15.096875  0.099332859208479 -0.059743694697645 -0.601449
15.100000  0.099181083736056 -0.058778402317527 -0.592637
15.103125  0.099021206121813 -0.057805754588385 -0.583771
15.106250  0.098853267210479 -0.056825965455436 -0.574852
15.109375  0.098677308207614 -0.055839248413111 -0.565877
15.112500  0.098493370672315 -0.054845816488653 -0.556848
15.115625  0.098301496509977 -0.053845882073184 -0.547763
15.118750  0.098101727965111 -0.052839656928743 -0.538621
15.121875  0.097894107614202 -0.051827352035550 -0.529423
15.125000  0.097678678358626 -0.050809177603641 -0.520167
15.128125  0.097455483417612 -0.049785342945043 -0.510852
15.131250  0.097224566321265 -0.048756056458765 -0.501479
15.134375  0.096985970903629 -0.047721525544325 -0.492046
15.137500  0.096739741295809 -0.046681956597200 -0.482552
15.140625  0.096485921919142 -0.045637554901200 -0.472997
15.143750  0.096224557478420 -0.044588524659736 -0.46338
15.146875  0.095955692955166 -0.043535068882989 -0.4537
15.150000  0.095679373600959 -0.042477389433594 -0.443956
15.153125  0.095395644930813 -0.041415686911201 -0.434147
15.156250  0.095104552716610 -0.040350160703816 -0.424272
15.159375  0.094806142980576 -0.039281008886388 -0.41433
15.162500  0.094500461988822 -0.038208428263953 -0.40432
15.165625  0.094187556244927 -0.037132614298043 -0.394241
15.168750  0.093867472483574 -0.036053761143710 -0.384092
15.171875  0.093540257664247 -0.034972061573515 -0.373872
15.175000  0.093205958964964 -0.033887707006965 -0.363579
15.178125  0.092864623776079 -0.032800887466641 -0.353212
15.181250  0.092516299694123 -0.031711791612151 -0.34277
15.184375  0.092161034515703 -0.030620606664050 -0.332251
15.187500  0.091798876231455 -0.029527518473879 -0.321654
15.190625  0.091429873020041 -0.028432711459462 -0.310978
15.193750  0.091054073242204 -0.027336368662078 -0.300221
15.196875  0.090671525434875 -0.026238671655113 -0.289382
15.200000  0.090282278305328 -0.025139800633560 -0.278458
15.203125  0.089886380725390 -0.024039934328649 -0.267448
15.206250  0.089483881725697 -0.022939250092140 -0.256351
15.209375  0.089074830490013 -0.021837923828576 -0.245164
15.212500  0.088659276349587 -0.020736130065501 -0.233886
15.215625  0.088237268777567 -0.019634041866208 -0.222514
15.218750  0.087808857383473 -0.018531830906947 -0.211047
15.221875  0.087374091907704 -0.017429667405613 -0.199483
15.225000  0.086933022216112 -0.016327720166308 -0.18782
15.228125  0.086485698294619 -0.015226156535401 -0.176054
15.231250  0.086032170243889 -0.014125142423750 -0.164184
15.234375  0.085572488274045 -0.013024842283289 -0.152208
15.237500  0.085106702699439 -0.011925419125691 -0.140123
15.240625  0.084634863933480 -0.010827034455803 -0.127926
15.243750  0.084157022483499 -0.009729848329295 -0.115615
15.246875  0.083673228945673 -0.008634019269480 -0.103187
15.250000  0.083183534000003 -0.007539704328983 -0.0906394
15.253125  0.082687988405325 -0.006447059016564 -0.0779685
15.256250  0.082186642994392 -0.005356237342883 -0.0651716
15.259375  0.081679548668990 -0.004267391721843 -0.0522455
15.262500  0.081166756395112 -0.003180673046297 -0.0391869
15.265625  0.080648317198178 -0.002096230588020 -0.0259922
15.268750  0.080124282158303 -0.001014212047525 -0.012658
15.271875  0.079594702405619  0.000065236523995 0.000819609
15.275000  0.079059629115637  0.001141970698615 0.0144444
15.278125  0.078519113504672  0.002215847704028 0.0282205
15.281250  0.077973206825300  0.003286726415115 0.042152
15.284375  0.077421960361874  0.004354467434736 0.0562433
15.287500  0.076865425426089  0.005418933026037 0.070499
15.290625  0.076303653352584  0.006479987188996 0.0849237
15.293750  0.075736695494608  0.007537495609037 0.0995224
15.296875  0.075164603219718  0.008591325734272 0.1143
15.300000  0.074587427905534  0.009641346724804 0.129262
15.303125  0.074005220935540  0.010687429509670 0.144415
15.306250  0.073418033694927  0.011729446739168 0.159762
15.309375  0.072825917566490  0.012767272824960 0.175312
15.312500  0.072228923926569  0.013800783899508 0.19107
15.315625  0.071627104141029  0.014829857875200 0.207043
15.318750  0.071020509561303  0.015854374381168 0.223237
15.321875  0.070409191520459  0.016874214810085 0.239659
15.325000  0.069793201329338  0.017889262265195 0.256318
15.328125  0.069172590272713  0.018899401644231 0.273221
15.331250  0.068547409605510  0.019904519538705 0.290376
15.334375  0.067917710549071  0.020904504295157 0.307792
15.337500  0.067283544287454  0.021899245948155 0.325477
15.340625  0.066644961963787  0.022888636291961 0.343441
15.343750  0.066002014676667  0.023872568806129 0.361695
15.346875  0.065354753476592  0.024850938708273 0.380247
15.350000  0.064703229362449  0.025823642890705 0.399109
15.353125  0.064047493278042  0.026790579950973 0.418292
15.356250  0.063387596108661  0.027751650151862 0.437809
15.359375  0.062723588677697  0.028706755464800 0.457671
15.362500  0.062055521743301  0.029655799499306 0.477891
15.365625  0.061383445995084  0.030598687551546 0.498484
15.368750  0.060707412050856  0.031535326561036 0.519464
15.371875  0.060027470453421  0.032465625149794 0.540846
15.375000  0.059343671667397  0.033389493571490 0.562646
15.378125  0.058656066076087  0.034306843737197 0.584881
15.381250  0.057964703978395  0.035217589171657 0.60757
15.384375  0.057269635585774  0.036121645073252 0.630729
15.387500  0.056570911019225  0.037018928238661 0.654381
15.390625  0.055868580306329  0.037909357131649 0.678545
15.393750  0.055162693378325  0.038792851803149 0.703244
15.396875  0.054453300067227  0.039669333949809 0.728502
15.400000  0.053740450102979  0.040538726855512 0.754343
15.403125  0.053024193110655  0.041400955449580 0.780794
15.406250  0.052304578607696  0.042255946225807 0.807882
15.409375  0.051581656001182  0.043103627298104 0.835639
15.412500  0.050855474585153  0.043943928352599 0.864094
15.415625  0.050126083537962  0.044776780686489 0.893283
15.418750  0.049393531919668  0.045602117158205 0.923241
15.421875  0.048657868669470  0.046419872202956 0.954005
15.425000  0.047919142603174  0.047229981800252 0.985618
15.428125  0.047177402410707  0.048032383527898 1.01812
15.431250  0.046432696653658  0.048827016477164 1.05157
15.434375  0.045685073762866  0.049613821311809 1.086
15.437500  0.044934582036039  0.050392740188235 1.12147
15.440625  0.044181269635413  0.051163716815819 1.15804
15.443750  0.043425184585448  0.051926696398939 1.19577
15.446875  0.042666374770557  0.052681625658372 1.23473
15.450000  0.041904887932879  0.053428452775148 1.27499
15.453125  0.041140771670077  0.054167127422293 1.31663
15.456250  0.040374073433181  0.054897600702607 1.35972
15.459375  0.039604840524466  0.055619825200523 1.40437
15.462500  0.038833120095355  0.056333754880365 1.45066
15.465625  0.038058959144374  0.057039345140035 1.49871
15.468750  0.037282404515126  0.057736552728539 1.54863
15.471875  0.036503502894306  0.058425335804123 1.60054
15.475000  0.035722300809756  0.059105653836000 1.65459
15.478125  0.034938844628539  0.059777467645350 1.71092
15.481250  0.034153180555066  0.060440739324049 1.7697
15.484375  0.033365354629240  0.061095432275197 1.8311
15.487500  0.032575412724642  0.061741511142574 1.89534
15.490625  0.031783400546746  0.062378941828759 1.96263
15.493750  0.030989363631173  0.063007691428239 2.0332
15.496875  0.030193347341967  0.063627728243908 2.10734
15.500000  0.029395396869914  0.064239021725201 2.18534
15.503125  0.028595557230886  0.064841542495688 2.26754
15.506250  0.027793873264221  0.065435262258781 2.35431
15.509375  0.026990389631129  0.066020153841413 2.44606
15.512500  0.026185150813137  0.066596191109659 2.54328
15.515625  0.025378201110559  0.067163349013735 2.6465
15.518750  0.024569584640995  0.067721603498891 2.75632
15.521875  0.023759345337873  0.068270931532420 2.87343
15.525000  0.022947526949002  0.068811311036159 2.99864
15.528125  0.022134173035171  0.069342720927373 3.13284
15.531250  0.021319326968774  0.069865141039134 3.27708
15.534375  0.020503031932455  0.070378552162172 3.43259
15.537500  0.019685330917799  0.070882935964651 3.6008
15.540625  0.018866266724033  0.071378275037423 3.78338
15.543750  0.018045881956775  0.071864552840843 3.98232
15.546875  0.017224219026798  0.072341753731591 4.2
15.550000  0.016401320148823  0.072809862901593 4.43927
15.553125  0.015577227340348  0.073268866427929 4.70359
15.556250  0.014751982420501  0.073718751211209 4.99721
15.559375  0.013925627008915  0.074159505032667 5.3254
15.562500  0.013098202524639  0.074591116477453 5.69476
15.565625  0.012269750185070  0.075013574994228 6.1137
15.568750  0.011440311004916  0.075426870832044 6.59308
15.571875  0.010609925795180  0.075830995119313 7.14717
15.575000  0.009778635162180  0.076225939778555 7.79515
15.578125  0.008946479506583  0.076611697599975 8.56333
15.581250  0.008113499022471  0.076988262170357 9.48891
15.584375  0.007279733696439  0.077355627930848 10.6262
15.587500  0.006445223306703  0.077713790155486 12.0576
15.590625  0.005610007422250  0.078062744961263 13.9149
15.593750  0.004774125402001  0.078402489284704 16.4224
15.596875  0.003937616394002  0.078733020929198 19.9951
15.600000  0.003100519334642  0.079054338507790 25.4971
15.603125  0.002262872947892  0.079366441497271 35.0733
15.606250  0.001424715744572  0.079669330156179 55.9195
15.609375  0.000586086021637  0.079963005590922 136.436
15.612500 -0.000252978138513  0.080247469684494 -317.211
15.615625 -0.001092438868692  0.080522725155630 -73.7091
15.618750 -0.001932258517579  0.080788775467082 -41.8105
15.621875 -0.002772399650326  0.081045624868157 -29.233
15.625000 -0.003612825049164  0.081293278304434 -22.5013
15.628125 -0.004453497713972  0.081531741458592 -18.3074
15.631250 -0.005294380862829  0.081761020675287 -15.443
15.634375 -0.006135437932546  0.081981122973817 -13.3619
15.637500 -0.006976632579171  0.082192055983806 -11.781
15.640625 -0.007817928678478  0.082393827976695 -10.5391
15.643750 -0.008659290326433  0.082586447784542 -9.53732
15.646875 -0.009500681839633  0.082769924837941 -8.712
15.650000 -0.010342067755735  0.082944269088098 -8.02009
15.653125 -0.011183412833858  0.083109491058635 -7.4315
15.656250 -0.012024682054959  0.083265601769131 -6.92456
15.659375 -0.012865840622203  0.083412612786239 -6.48326
15.662500 -0.013706853961299  0.083550536167614 -6.09553
15.665625 -0.014547687720827  0.083679384493458 -5.75207
15.668750 -0.015388307772536  0.083799170830077 -5.44564
15.671875 -0.016228680211629  0.083909908789010 -5.17047
15.675000 -0.017068771357027  0.084011612478996 -4.92195
15.678125 -0.017908547751615  0.084104296564497 -4.69632
15.681250 -0.018747976162466  0.084187976235180 -4.49051
15.684375 -0.019587023581051  0.084262667287663 -4.30196
15.687500 -0.020425657223425  0.084328386089406 -4.12855
15.690625 -0.021263844530404  0.084385149655341 -3.96848
15.693750 -0.022101553167710  0.084432975635576 -3.82023
15.696875 -0.022938751026115  0.084471882413631 -3.6825
15.700000 -0.023775406221554  0.084501889072578 -3.55417
15.703125 -0.024611487095225  0.084523015508791 -3.43429
15.706250 -0.025446962213677  0.084535282406149 -3.32202
15.709375 -0.026281800368871  0.084538711342297 -3.21663
15.712500 -0.027115970578233  0.084533324782463 -3.11747
15.715625 -0.027949442084689  0.084519146189132 -3.024
15.718750 -0.028782184356675  0.084496200006785 -2.93571
15.721875 -0.029614167088147  0.084464511760791 -2.85217
15.725000 -0.030445360198558  0.084424108060320 -2.77297
15.728125 -0.031275733832831  0.084375016674348 -2.69778
15.731250 -0.032105258361310  0.084317266546830 -2.62628
15.734375 -0.032933904379700  0.084250887850772 -2.55818
15.737500 -0.033761642708988  0.084175912000984 -2.49324
15.740625 -0.034588444395352  0.084092371741355 -2.43123
15.743750 -0.035414280710053  0.084000301107259 -2.37193
15.746875 -0.036239123149313  0.083899735515810 -2.31517
15.750000 -0.037062943434179  0.083790711713436 -2.26077
15.753125 -0.037885713510371  0.083673267861765 -2.20857
15.756250 -0.038707405548119  0.083547443491628 -2.15844
15.759375 -0.039527991941986  0.083413279576971 -2.11023
15.762500 -0.040347445310669  0.083270818465853 -2.06384
15.765625 -0.041165738496798  0.083120103940433 -2.01916
15.768750 -0.041982844566717  0.082961181154769 -1.97607
15.771875 -0.042798736810248  0.082794096669471 -1.9345
15.775000 -0.043613388740447  0.082618898387404 -1.89435
15.778125 -0.044426774093345  0.082435635553282 -1.85554
15.781250 -0.045238866827675  0.082244358702279 -1.818
15.784375 -0.046049641124590  0.082045119666923 -1.78167
15.787500 -0.046859071387366  0.081837971468786 -1.74647
15.790625 -0.047667132241093  0.081622968329175 -1.71235
15.793750 -0.048473798532354  0.081400165567707 -1.67926
15.796875 -0.049279045328892  0.081169619599821 -1.64714
15.800000 -0.050082847919267  0.080931387822592 -1.61595
15.803125 -0.050885181812498  0.080685528596628 -1.58564
15.806250 -0.051686022737699  0.080432101133148 -1.55617
15.809375 -0.052485346643696  0.080171165465272 -1.5275
15.812500 -0.053283129698641  0.079902782334648 -1.49959
15.815625 -0.054079348289609  0.079627013175124 -1.47241
15.818750 -0.054873979022187  0.079343919964672 -1.44593
15.821875 -0.055666998720054  0.079053565208990 -1.42012
15.825000 -0.056458384424546  0.078756011811655 -1.39494
15.828125 -0.057248113394214  0.078451323054096 -1.37037
15.831250 -0.058036163104373  0.078139562447813 -1.34639
15.834375 -0.058822511246634  0.077820793707388 -1.32298
15.837500 -0.059607135728438  0.077495080627865 -1.3001
15.840625 -0.060390014672567  0.077162487056973 -1.27774
15.843750 -0.061171126416657  0.076823076761685 -1.25587
15.846875 -0.061950449512694  0.076476913400287 -1.23449
15.850000 -0.062727962726501  0.076124060397474 -1.21356
15.853125 -0.063503645037227  0.075764580915168 -1.19307
15.856250 -0.064277475636805  0.075398537751864 -1.17302
15.859375 -0.065049433929425  0.075025993318041 -1.15337
15.862500 -0.065819499530984  0.074647009523183 -1.13412
15.865625 -0.066587652268530  0.074261647779137 -1.11525
15.868750 -0.067353872179701  0.073869968905524 -1.09674
15.871875 -0.068118139512150  0.073472033140078 -1.0786
15.875000 -0.068880434722969  0.073067900057688 -1.06079
15.878125 -0.069640738478099  0.072657628592219 -1.04332
15.881250 -0.070399031651735  0.072241276987920 -1.02617
15.884375 -0.071155295325724  0.071818902861406 -1.00933
15.887500 -0.071909510788950  0.071390563146995 -0.992783
15.890625 -0.072661659536721  0.070956314193175 -0.97653
15.893750 -0.073411723270139  0.070516211732736 -0.960558
15.896875 -0.074159683895468  0.070070311001589 -0.944857
15.900000 -0.074905523523496  0.069618666754565 -0.92942
15.903125 -0.075649224468887  0.069161333382760 -0.914237
15.906250 -0.076390769249524  0.068698364952411 -0.899302
15.909375 -0.077130140585854  0.068229815346383 -0.884606
15.912500 -0.077867321400216  0.067755738321544 -0.870143
15.915625 -0.078602294816171  0.067276187650705 -0.855906
15.918750 -0.079335044157819  0.066791217178195 -0.841888
15.921875 -0.080065552949116  0.066300880960429 -0.828082
15.925000 -0.080793804913180  0.065805233319884 -0.814484
15.928125 -0.081519783971592  0.065304328977022 -0.801086
15.931250 -0.082243474243694  0.064798223044146 -0.787883
15.934375 -0.082964860045878  0.064286971144875 -0.77487
15.937500 -0.083683925890871  0.063770629381648 -0.762042
15.940625 -0.084400656487013  0.063249254411787 -0.749393
15.943750 -0.085115036737533  0.062722903383511 -0.736919
15.946875 -0.085827051739815  0.062191633929350 -0.724616
15.950000 -0.086536686784663  0.061655504077397 -0.712478
15.953125 -0.087243927355558  0.061114572211677 -0.700502
15.956250 -0.087948759127912  0.060568896925093 -0.688684
15.959375 -0.088651167968316  0.060018536953188 -0.677019
15.962500 -0.089351139933784  0.059463550980353 -0.665504
15.965625 -0.090048661270990  0.058903997567834 -0.654135
15.968750 -0.090743718415507  0.058339934945500 -0.642909
15.971875 -0.091436297991033  0.057771420919896 -0.631822
15.975000 -0.092126386808617  0.057198512665994 -0.62087
15.978125 -0.092813971865883  0.056621266644745 -0.610051
15.981250 -0.093499040346247  0.056039738432877 -0.599362
15.984375 -0.094181579618127  0.055453982676643 -0.588799
15.987500 -0.094861577234158  0.054864052951253 -0.578359
15.990625 -0.095539020930393  0.054270001745025 -0.56804
15.993750 -0.096213898625506  0.053671880372049 -0.557839
15.996875 -0.096886198419995  0.053069739003339 -0.547753
16.000000 -0.097555893396073  0.052463626632200 -0.53778
16.003125 -0.098222610426959  0.051853591148604 -0.527919
16.006250 -0.098885643672176  0.051239679346473 -0.518171
16.009375 -0.099544294403793  0.050621937068100 -0.508537
16.012500 -0.100197885907310  0.050000409251355 -0.499017
16.015625 -0.100845763070089  0.049375140117310 -0.48961
16.018750 -0.101487291975783  0.048746173260257 -0.480318
16.021875 -0.102121859504669  0.048113551860744 -0.471139
16.025000 -0.102748872939825  0.047477318833304 -0.462071
16.028125 -0.103367759579074  0.046837517070040 -0.453115
16.031250 -0.103977966352611  0.046194189582307 -0.444269
16.034375 -0.104578959446268  0.045547379766161 -0.435531
16.037500 -0.105170223930317  0.044897131551400 -0.4269
16.040625 -0.105751263393761  0.044243489661711 -0.418373
16.043750 -0.106321599584036  0.043586499763389 -0.40995
16.046875 -0.106880772052061  0.042926208670931 -0.401627
16.050000 -0.107428337802557  0.042262664482184 -0.393403
16.053125 -0.107963870949588  0.041595916771487 -0.385276
16.056250 -0.108486962377231  0.040926016651507 -0.377244
16.059375 -0.108997219405343  0.040253016923682 -0.369303
16.062500 -0.109494265460326  0.039576972078393 -0.361452
16.065625 -0.109977739750856  0.038897938399040 -0.353689
16.068750 -0.110447296948495  0.038215973908211 -0.346011
16.071875 -0.110902606873122  0.037531138405817 -0.338415
16.075000 -0.111343354183145  0.036843493342130 -0.3309
16.078125 -0.111769238070396  0.036153101791644 -0.323462
16.081250 -0.112179971959686  0.035460028286545 -0.316099
16.084375 -0.112575283212936  0.034764338721177 -0.30881
16.087500 -0.112954912837831  0.034066100153011 -0.30159
16.090625 -0.113318615200948  0.033365380614338 -0.294439
16.093750 -0.113666157745286  0.032662248883381 -0.287352
16.096875 -0.113997320712150  0.031956774282356 -0.280329
16.100000 -0.114311896867340  0.031249026355749 -0.273366
16.103125 -0.114609691231565  0.030539074643146 -0.266462
16.106250 -0.114890520815056  0.029826988331859 -0.259612
16.109375 -0.115154214356310  0.029112836027708 -0.252816
16.112500 -0.115400612064899  0.028396685375796 -0.24607
16.115625 -0.115629565368323  0.027678602802513 -0.239373
16.118750 -0.115840936662822  0.026958653123398 -0.232721
16.121875 -0.116034599068114  0.026236899275276 -0.226113
16.125000 -0.116210436186000  0.025513401949353 -0.219545
16.128125 -0.116368341862796  0.024788219337085 -0.213015
16.131250 -0.116508219955521  0.024061406774978 -0.206521
16.134375 -0.116629984101817  0.023333016500456 -0.20006
16.137500 -0.116733557493536  0.022603097346862 -0.19363
16.140625 -0.116818872653944  0.021871694535377 -0.187227
16.143750 -0.116885871218506  0.021138849396791 -0.18085
16.146875 -0.116934503719202  0.020404599206421 -0.174496
16.150000 -0.116964729372312  0.019668976969836 -0.168162
16.153125 -0.116976515869647  0.018932011319516 -0.161845
16.156250 -0.116969839173169  0.018193726342110 -0.155542
16.159375 -0.116944683312944  0.017454141539423 -0.149251
16.162500 -0.116901040188412  0.016713271723399 -0.142969
16.165625 -0.116838909372897  0.015971127029059 -0.136694
16.168750 -0.116758297921343  0.015227712894653 -0.130421
16.171875 -0.116659220181210  0.014483030155136 -0.124148
16.175000 -0.116541697606499  0.013737075057782 -0.117873
16.178125 -0.116405758574868  0.012989839435037 -0.111591
16.181250 -0.116251438207788  0.012241310806981 -0.1053
16.184375 -0.116078778193698  0.011491472615749 -0.0989972
16.187500 -0.115887826614127  0.010740304388073 -0.0926785
16.190625 -0.115678637772742  0.009987782014959 -0.0863408
16.193750 -0.115451272027267  0.009233878001132 -0.0799807
16.196875 -0.115205795624262  0.008478561809234 -0.0735949
16.200000 -0.114942280536692  0.007721800132444 -0.0671798
16.203125 -0.114660804304273  0.006963557300542 -0.0607318
16.206250 -0.114361449876543  0.006203795595135 -0.0542473
16.209375 -0.114044305458627  0.005442475693765 -0.0477225
16.212500 -0.113709464359657  0.004679557028781 -0.0411536
16.215625 -0.113357024843813  0.003914998246991 -0.0345369
16.218750 -0.112987089983941  0.003148757585003 -0.0278683
16.221875 -0.112599767517728  0.002380793340450 -0.0211439
16.225000 -0.112195169706379  0.001611064272395 -0.0143595
16.228125 -0.111773413195783  0.000839530068920 -0.007511
16.231250 -0.111334618880117  0.000066151740458 -0.00059417
16.234375 -0.110878911767853 -0.000709107926535 0.00639534
16.237500 -0.110406420850161 -0.001486283979921 0.0134619
16.240625 -0.109917278971631 -0.002265408847727 0.0206101
16.243750 -0.109411622703326 -0.003046512018873 0.0278445
16.246875 -0.108889592218104 -0.003829619609450 0.0351697
16.250000 -0.108351331168189 -0.004614754073129 0.0425907
16.253125 -0.107796986564956 -0.005401933803508 0.0501121
16.256250 -0.107226708660901 -0.006191172884152 0.0577391
16.259375 -0.106640650833766 -0.006982480757641 0.0654767
16.262500 -0.106038969472789 -0.007775862024922 0.0733302
16.265625 -0.105421823867038 -0.008571316176656 0.081305
16.268750 -0.104789376095821 -0.009368837434165 0.0894064
16.271875 -0.104141790921124 -0.010168414549894 0.0976401
16.275000 -0.103479235682051 -0.010970030717900 0.106012
16.278125 -0.102801880191253 -0.011773663439127 0.114528
16.281250 -0.102109896633292 -0.012579284477188 0.123194
16.284375 -0.101403459464935 -0.013386859789070 0.132016
16.287500 -0.100682745317339 -0.014196349573475 0.141001
16.290625 -0.099947932900101 -0.015007708247508 0.150155
16.293750 -0.099199202907154 -0.015820884547678 0.159486
16.296875 -0.098436737924465 -0.016635821571831 0.169
16.300000 -0.097660722339529 -0.017452456943774 0.178705
16.303125 -0.096871342252620 -0.018270722911055 0.188608
16.306250 -0.096068785389781 -0.019090546559497 0.198717
16.309375 -0.095253241017520 -0.019911849961492 0.209041
16.312500 -0.094424899859194 -0.020734550432696 0.219588
16.315625 -0.093583954013054 -0.021558560721363 0.230366
16.318750 -0.092730596871922 -0.022383789325719 0.241385
16.321875 -0.091865023044490 -0.023210140705819 0.252655
16.325000 -0.090987428278199 -0.024037515614039 0.264185
16.328125 -0.090098009383686 -0.024865811349305 0.275986
16.331250 -0.089196964160776 -0.025694922112946 0.288069
16.334375 -0.088284491325987 -0.026524739284521 0.300446
16.337500 -0.087360790441543 -0.027355151773792 0.313128
16.340625 -0.086426061845849 -0.028186046303590 0.326129
16.343750 -0.085480506585429 -0.029017307782923 0.339461
16.346875 -0.084524326348290 -0.029848819581329 0.353139
16.350000 -0.083557723398689 -0.030680463896007 0.367177
16.353125 -0.082580900513309 -0.031512122012898 0.381591
16.356250 -0.081594060918780 -0.032343674648428 0.396397
16.359375 -0.080597408230558 -0.033175002209375 0.411614
16.362500 -0.079591146393132 -0.034005985115640 0.427258
16.365625 -0.078575479621526 -0.034836504017131 0.443351
16.368750 -0.077550612344108 -0.035666440091648 0.459912
16.371875 -0.076516749146643 -0.036495675229294 0.476963
16.375000 -0.075474094717609 -0.037324092302692 0.494529
16.378125 -0.074422853794738 -0.038151575313588 0.512633
16.381250 -0.073363231112759 -0.038978009608796 0.531302
16.384375 -0.072295431352347 -0.039803281983517 0.550564
16.387500 -0.071219659090228 -0.040627280875380 0.57045
16.390625 -0.070136118750452 -0.041449896412666 0.590992
16.393750 -0.069045014556795 -0.042271020561320 0.612224
16.396875 -0.067946550486276 -0.043090547131673 0.634183
16.400000 -0.066840930223790 -0.043908371869848 0.656908
16.403125 -0.065728357117811 -0.044724392447948 0.680443
16.406250 -0.064609034137166 -0.045538508496890 0.704832
16.409375 -0.063483163828865 -0.046350621553289 0.730125
16.412500 -0.062350948276948 -0.047160635063365 0.756374
16.415625 -0.061212589062378 -0.047968454286743 0.783637
16.418750 -0.060068287223906 -0.048773986272699 0.811976
16.421875 -0.058918243219936 -0.049577139723202 0.841457
16.425000 -0.057762656891358 -0.050377824941949 0.872152
16.428125 -0.056601727425332 -0.051175953668923 0.904141
16.431250 -0.055435653320013 -0.051971439012145 0.937509
16.434375 -0.054264632350199 -0.052764195246776 0.97235
16.437500 -0.053088861533886 -0.053554137715169 1.00876
16.440625 -0.051908537099719 -0.054341182610285 1.04686
16.443750 -0.050723854455314 -0.055125246851310 1.08677
16.446875 -0.049535008156462 -0.055906247867385 1.12862
16.450000 -0.048342191877165 -0.056684103428902 1.17256
16.453125 -0.047145598380520 -0.057458731409896 1.21875
16.456250 -0.045945419490424 -0.058230049620433 1.26737
16.459375 -0.044741846064079 -0.058997975539188 1.31863
16.462500 -0.043535067965310 -0.059762426129821 1.37274
16.465625 -0.042325274038651 -0.060523317555084 1.42996
16.468750 -0.041112652084204 -0.061280564998140 1.49055
16.471875 -0.039897388833262 -0.062034082364868 1.55484
16.475000 -0.038679669924658 -0.062783782093244 1.62317
16.478125 -0.037459679881868 -0.063529574852841 1.69595
16.481250 -0.036237602090818 -0.064271369342352 1.77361
16.484375 -0.035013618778397 -0.065009071995209 1.85668
16.487500 -0.033787910991675 -0.065742586803507 1.94574
16.490625 -0.032560658577788 -0.066471815035654 2.04148
16.493750 -0.031332040164513 -0.067196655068342 2.14466
16.496875 -0.030102233141484 -0.067917002134510 2.25621
16.500000 -0.028871413642068 -0.068632748172838 2.37719
16.503125 -0.027639756525872 -0.069343781615717 2.50884
16.506250 -0.026407435361876 -0.070049987256669 2.65266
16.509375 -0.025174622412179 -0.070751246066544 2.81042
16.512500 -0.023941488616359 -0.071447435115059 2.98425
16.515625 -0.022708203576405 -0.072138427411668 3.17676
16.518750 -0.021474935542255 -0.072824091869478 3.39112
16.521875 -0.020241851397884 -0.073504293190874 3.6313
16.525000 -0.019009116647975 -0.074178891856847 3.90228
16.528125 -0.017776895405124 -0.074847744062522 4.21039
16.531250 -0.016545350377597 -0.075510701771627 4.56386
16.534375 -0.015314642857614 -0.076167612675962 4.97352
16.537500 -0.014084932710153 -0.076818320292388 5.45394
16.540625 -0.012856378362278 -0.077462663975006 6.02523
16.543750 -0.011629136792957 -0.078100479046640 6.71593
16.546875 -0.010403363523378 -0.078731596872310 7.5679
16.550000 -0.009179212607755 -0.079355844999436 8.64517
16.553125 -0.007956836624601 -0.079973047265503 10.0509
16.556250 -0.006736386668474 -0.080583024006987 11.9624
16.559375 -0.005518012342180 -0.081185592174654 14.7128
16.562500 -0.004301861749422 -0.081780565569672 19.0105
16.565625 -0.003088081487893 -0.082367754979898 26.6728
16.568750 -0.001876816642797 -0.082946968441541 44.1956
16.571875 -0.000668210780804 -0.083518011402635 124.988
16.575000  0.000537594055593 -0.084080686996175 -156.402
16.578125  0.001740457353303 -0.084634796220348 -48.6279
16.581250  0.002940240133465 -0.085180138206934 -28.9705
16.584375  0.004136804955890 -0.085716510425041 -20.7205
16.587500  0.005330015923106 -0.086243708958617 -16.1808
16.590625  0.006519738684039 -0.086761528729391 -13.3075
16.593750  0.007705840437320 -0.087269763762526 -11.3251
16.596875  0.008888189934224 -0.087768207409795 -9.8747
16.600000  0.010066657481275 -0.088256652662842 -8.76723
16.603125  0.011241114942472 -0.088734892350752 -7.89378
16.606250  0.012411435741206 -0.089202719441925 -7.18714
16.609375  0.013577494861823 -0.089659927242594 -6.60357
16.612500  0.014739168850873 -0.090106309718979 -6.11339
16.615625  0.015896335818035 -0.090541661695209 -5.69576
16.618750  0.017048875436725 -0.090965779162526 -5.33559
16.621875  0.018196668944406 -0.091378459477671 -5.02171
16.625000  0.019339599142592 -0.091779501645626 -4.74568
16.628125  0.020477550396562 -0.092168706523449 -4.50096
16.631250  0.021610408634789 -0.092545877106843 -4.28247
16.634375  0.022738061348080 -0.092910818718105 -4.08614
16.637500  0.023860397588450 -0.093263339269664 -3.90871
16.640625  0.024977307967724 -0.093603249459070 -3.74753
16.643750  0.026088684655876 -0.093930363024970 -3.60043
16.646875  0.027194421379113 -0.094244496927949 -3.46558
16.650000  0.028294413417702 -0.094545471580565 -3.34149
16.653125  0.029388557603563 -0.094833111018712 -3.22687
16.656250  0.030476752317608 -0.095107243140855 -3.12065
16.659375  0.031558897486857 -0.095367699850853 -3.0219
16.662500  0.032634894581323 -0.095614317287250 -2.92982
16.665625  0.033704646610667 -0.095846935952670 -2.84373
16.668750  0.034768058120641 -0.096065400917374 -2.76304
16.671875  0.035825035189314 -0.096269561938424 -2.68721
16.675000  0.036875485423097 -0.096459273668635 -2.61581
16.678125  0.037919317952556 -0.096634395739861 -2.54842
16.681250  0.038956443428031 -0.096794792946197 -2.48469
16.684375  0.039986774015063 -0.096940335333879 -2.42431
16.687500  0.041010223389628 -0.097070898365030 -2.36699
16.690625  0.042026706733194 -0.097186363000083 -2.31249
16.693750  0.043036140727598 -0.097286615819654 -2.26058
16.696875  0.044038443549737 -0.097371549100001 -2.21106
16.700000  0.045033534866107 -0.097441060949248 -2.16374
16.703125  0.046021335827160 -0.097495055344524 -2.11848
16.706250  0.047001769061511 -0.097533442254333 -2.0751
16.709375  0.047974758669989 -0.097556137659561 -2.03349
16.712500  0.048940230219518 -0.097563063662467 -1.99351
16.715625  0.049898110736875 -0.097554148507496 -1.95507
16.718750  0.050848328702280 -0.097529326667515 -1.91804
16.721875  0.051790814042863 -0.097488538848692 -1.88235
16.725000  0.052725498125987 -0.097431732055550 -1.84791
16.728125  0.053652313752435 -0.097358859587646 -1.81463
16.731250  0.054571195149475 -0.097269881104009 -1.78244
16.734375  0.055482077963798 -0.097164762592260 -1.75128
16.737500  0.056384899254329 -0.097043476412520 -1.72109
16.740625  0.057279597484937 -0.096906001257402 -1.69181
16.743750  0.058166112517005 -0.096752322208613 -1.66338
16.746875  0.059044385601913 -0.096582430667999 -1.63576
16.750000  0.059914359373401 -0.096396324391281 -1.6089
16.753125  0.060775977839834 -0.096194007414276 -1.58276
16.756250  0.061629186376368 -0.095975490076922 -1.55731
16.759375  0.062473931717008 -0.095740788951710 -1.53249
16.762500  0.063310161946586 -0.095489926844755 -1.50829
16.765625  0.064137826492644 -0.095222932718903 -1.48466
16.768750  0.064956876117223 -0.094939841674015 -1.46158
16.771875  0.065767262908580 -0.094640694869995 -1.43902
16.775000  0.066568940272810 -0.094325539507870 -1.41696
16.778125  0.067361862925401 -0.093994428727384 -1.39537
16.781250  0.068145986882708 -0.093647421576500 -1.37422
16.784375  0.068921269453356 -0.093284582910884 -1.35349
16.787500  0.069687669229576 -0.092905983366186 -1.33318
16.790625  0.070445146078463 -0.092511699236838 -1.31324
16.793750  0.071193661133189 -0.092101812433820 -1.29368
16.796875  0.071933176784137 -0.091676410363654 -1.27447
16.800000  0.072663656669982 -0.091235585886499 -1.25559
16.803125  0.073385065668726 -0.090779437184095 -1.23703
16.806250  0.074097369888658 -0.090308067711928 -1.21878
16.809375  0.074800536659285 -0.089821586058289 -1.20081
16.812500  0.075494534522199 -0.089320105888762 -1.18313
16.815625  0.076179333221904 -0.088803745810277 -1.16572
16.818750  0.076854903696602 -0.088272629312528 -1.14856
16.821875  0.077521218068927 -0.087726884614709 -1.13165
16.825000  0.078178249636654 -0.087166644598320 -1.11497
16.828125  0.078825972863356 -0.086592046663606 -1.09852
16.831250  0.079464363369041 -0.086003232658311 -1.08229
16.834375  0.080093397920744 -0.085400348725783 -1.06626
16.837500  0.080713054423093 -0.084783545218557 -1.05043
16.840625  0.081323311908851 -0.084152976545482 -1.0348
16.843750  0.081924150529425 -0.083508801099741 -1.01934
16.846875  0.082515551545351 -0.082851181086233 -1.00407
16.850000  0.083097497316764 -0.082180282446069 -0.988962
16.853125  0.083669971293838 -0.081496274677412 -0.974021
16.856250  0.084232958007214 -0.080799330750519 -0.959237
16.859375  0.084786443058405 -0.080089626947978 -0.944604
16.862500  0.085330413110195 -0.079367342759221 -0.930118
16.865625  0.085864855877019 -0.078632660709231 -0.915772
16.868750  0.086389760115327 -0.077885766260819 -0.901562
16.871875  0.086905115613951 -0.077126847635155 -0.887483
16.875000  0.087410913184451 -0.076356095721048 -0.87353
16.878125  0.087907144651465 -0.075573703882365 -0.859699
16.881250  0.088393802843047 -0.074779867857993 -0.845985
16.884375  0.088870881581005 -0.073974785577115 -0.832385
16.887500  0.089338375671238 -0.073158657067803 -0.818894
16.890625  0.089796280894070 -0.072331684262149 -0.805509
16.893750  0.090244593994591 -0.071494070902976 -0.792226
16.896875  0.090683312672995 -0.070646022352888 -0.779041
16.900000  0.091112435574924 -0.069787745498587 -0.765952
16.903125  0.091531962281821 -0.068919448579575 -0.752955
16.906250  0.091941893301284 -0.068041341077590 -0.740047
16.909375  0.092342230057437 -0.067153633551765 -0.727226
16.912500  0.092732974881304 -0.066256537543395 -0.714487
16.915625  0.093114131001191 -0.065350265405197 -0.70183
16.918750  0.093485702533094 -0.064435030220082 -0.68925
16.921875  0.093847694471106 -0.063511045628555 -0.676746
16.925000  0.094200112677845 -0.062578525759400 -0.664315
16.928125  0.094542963874902 -0.061637685063463 -0.651954
16.931250  0.094876255633293 -0.060688738249731 -0.639662
16.934375  0.095199996363950 -0.059731900129906 -0.627436
16.937500  0.095514195308207 -0.058767385550590 -0.615274
16.940625  0.095818862528329 -0.057795409253257 -0.603174
16.943750  0.096114008898045 -0.056816185817516 -0.591133
16.946875  0.096399646093114 -0.055829929531475 -0.579151
16.950000  0.096675786581911 -0.054836854329061 -0.567224
16.953125  0.096942443616037 -0.053837173671298 -0.555352
16.956250  0.097199631220955 -0.052831100503461 -0.543532
16.959375  0.097447364186654 -0.051818847133626 -0.531762
16.962500  0.097685658058338 -0.050800625196723 -0.520042
16.965625  0.097914529127141 -0.049776645545118 -0.508368
16.968750  0.098133994420881 -0.048747118232560 -0.49674
16.971875  0.098344071694829 -0.047712252398014 -0.485156
16.975000  0.098544779422525 -0.046672256259917 -0.473615
16.978125  0.098736136786608 -0.045627337010880 -0.462114
16.981250  0.098918163669697 -0.044577700812266 -0.450652
16.984375  0.099090880645288 -0.043523552706075 -0.439229
16.987500  0.099254308968697 -0.042465096627303 -0.427841
16.990625  0.099408470568032 -0.041402535314407 -0.416489
16.993750  0.099553388035203 -0.040336070322753 -0.40517
16.996875  0.099689084616962 -0.039265901954249 -0.393884
17.000000  0.099815584205988 -0.038192229263714 -0.382628
17.003125  0.099932911332003 -0.037115250008289 -0.371402
17.006250  0.100041091152931 -0.036035160645109 -0.360204
17.009375  0.100140149446090 -0.034952156289950 -0.349032
17.012500  0.100230112599427 -0.033866430736217 -0.337887
17.015625  0.100311007602792 -0.032778176397094 -0.326765
17.018750  0.100382862039250 -0.031687584338215 -0.315667
17.021875  0.100445704076440 -0.030594844218710 -0.304591
17.025000  0.100499562457964 -0.029500144322148 -0.293535
17.028125  0.100544466494834 -0.028403671509229 -0.282499
17.031250  0.100580446056943 -0.027305611258928 -0.27148
17.034375  0.100607531564597 -0.026206147605678 -0.260479
17.037500  0.100625753980074 -0.025105463183541 -0.249493
17.040625  0.100635144799239 -0.024003739173055 -0.238522
17.043750  0.100635736043196 -0.022901155335906 -0.227565
17.046875  0.100627560249991 -0.021797889971849 -0.216619
17.050000  0.100610650466349 -0.020694119930573 -0.205685
17.053125  0.100585040239472 -0.019590020580950 -0.194761
17.056250  0.100550763608868 -0.018485765840307 -0.183845
17.059375  0.100507855098238 -0.017381528113570 -0.172937
17.062500  0.100456349707397 -0.016277478326254 -0.162035
17.065625  0.100396282904258 -0.015173785868407 -0.151139
17.068750  0.100327690616847 -0.014070618628945 -0.140247
17.071875  0.100250609225376 -0.012968142939189 -0.129357
17.075000  0.100165075554361 -0.011866523597875 -0.11847
17.078125  0.100071126864786 -0.010765923820473 -0.107583
17.081250  0.099968800846319 -0.009666505254635 -0.0966952
17.084375  0.099858135609572 -0.008568427939574 -0.085806
17.087500  0.099739169678417 -0.007471850328866 -0.0749139
17.090625  0.099611941982343 -0.006376929240572 -0.0640177
17.093750  0.099476491848868 -0.005283819876103 -0.0531163
17.096875  0.099332858995999 -0.004192675778493 -0.0422083
17.100000  0.099181083524741 -0.003103648867489 -0.0312928
17.103125  0.099021205911655 -0.002016889374353 -0.0203683
17.106250  0.098853267001474 -0.000932545875390 -0.00943364
17.109375  0.098677307999754  0.000149234757452 0.00151235
17.112500  0.098493370465594  0.001228307314142 0.012471
17.115625  0.098301496304389  0.002304528303739 0.0234435
17.118750  0.098101727760650  0.003377755915793 0.0344312
17.121875  0.097894107410861  0.004447850069289 0.0454353
17.125000  0.097678678156399  0.005514672384060 0.0564573
17.128125  0.097455483216494  0.006578086211473 0.0674984
17.131250  0.097224566121250  0.007637956602071 0.0785599
17.134375  0.096985970704710  0.008694150348705 0.0896434
17.137500  0.096739741097980  0.009746535950125 0.10075
17.140625  0.096485921722397  0.010794983638391 0.111881
17.143750  0.096224557282754  0.011839365349549 0.123039
17.146875  0.095955692760572  0.012879554752664 0.134224
17.150000  0.095679373407432  0.013915427225999 0.145438
17.153125  0.095395644738348  0.014946859878160 0.156683
17.156250  0.095104552525199  0.015973731508164 0.16796
17.159375  0.094806142790215  0.016995922646498 0.17927
17.162500  0.094500461799505  0.018013315506309 0.190616
17.165625  0.094187556056647  0.019025794028585 0.201999
17.168750  0.093867472296327  0.020033243835514 0.213421
17.171875  0.093540257478026  0.021035552264456 0.224882
17.175000  0.093205958779765  0.022032608322239 0.236386
17.178125  0.092864623591895  0.023024302730446 0.247934
17.181250  0.092516299510949  0.024010527878675 0.259528
17.184375  0.092161034333534  0.024991177852209 0.271169
17.187500  0.091798876050284  0.025966148396833 0.282859
17.190625  0.091429872839864  0.026935336945959 0.294601
17.193750  0.091054073063015  0.027898642597480 0.306396
17.196875  0.090671525256669  0.028855966126928 0.318247
17.200000  0.090282278128099  0.029807209950157 0.330156
17.203125  0.089886380549133  0.030752278164878 0.342124
17.206250  0.089483881550407  0.031691076505801 0.354154
17.209375  0.089074830315685  0.032623512384895 0.366248
17.212500  0.088659276176214  0.033549494843277 0.378409
17.215625  0.088237268605146  0.034468934585002 0.390639
17.218750  0.087808857211997  0.035381743946205 0.40294
17.221875  0.087374091737168  0.036287836924503 0.415316
17.225000  0.086933022046512  0.037187129145785 0.427768
17.228125  0.086485698125950  0.038079537891507 0.440299
17.231250  0.086032170076145  0.038964982058017 0.452912
17.234375  0.085572488107220  0.039843382202313 0.46561
17.237500  0.085106702533530  0.040714660496288 0.478395
17.240625  0.084634863768481  0.041578740761049 0.491272
17.243750  0.084157022319405  0.042435548418616 0.504243
17.246875  0.083673228782480  0.043285010536310 0.51731
17.250000  0.083183533837705  0.044127055782367 0.530478
17.253125  0.082687988243918  0.044961614458856 0.54375
17.256250  0.082186642833870  0.045788618455169 0.55713
17.259375  0.081679548509349  0.046608001277616 0.57062
17.262500  0.081166756236347  0.047419698011973 0.584226
17.265625  0.080648317040284  0.048223645347731 0.59795
17.268750  0.080124282001276  0.049019781541295 0.611797
17.271875  0.079594702249453  0.049808046431591 0.625771
17.275000  0.079059628960328  0.050588381399397 0.639876
17.278125  0.078519113350215  0.051360729397204 0.654118
17.281250  0.077973206671690  0.052125034895871 0.668499
17.284375  0.077421960209108  0.052881243907155 0.683026
17.287500  0.076865425274161  0.053629303929351 0.697704
17.290625  0.076303653201491  0.054369163973090 0.712537
17.293750  0.075736695344344  0.055100774511335 0.727531
17.296875  0.075164603070278  0.055824087491363 0.742691
17.300000  0.074587427756915  0.056539056277874 0.758024
17.303125  0.074005220787736  0.057245635673335 0.773535
17.306250  0.073418033547935  0.057943781857054 0.789231
17.309375  0.072825917420305  0.058633452406512 0.805118
17.312500  0.072228923781186  0.059314606232980 0.821203
17.315625  0.071627103996445  0.059987203590021 0.837493
17.318750  0.071020509417511  0.060651206021707 0.853996
17.321875  0.070409191377457  0.061306576373024 0.870718
17.325000  0.069793201187121  0.061953278729834 0.887669
17.328125  0.069172590131276  0.062591278427507 0.904857
17.331250  0.068547409464851  0.063220541992083 0.922289
17.334375  0.067917710409184  0.063841037157534 0.939976
17.337500  0.067283544148334  0.064452732806581 0.957927
17.340625  0.066644961825432  0.065055598982085 0.976152
17.343750  0.066002014539071  0.065649606821726 0.994661
17.346875  0.065354753339752  0.066234728587713 1.01346
17.350000  0.064703229226360  0.066810937601552 1.03258
17.353125  0.064047493142701  0.067378208272253 1.052
17.356250  0.063387595974063  0.067936516036907 1.07176
17.359375  0.062723588543838  0.068485837372791 1.09187
17.362500  0.062055521610178  0.069026149767133 1.11233
17.365625  0.061383445862690  0.069557431728304 1.13316
17.368750  0.060707411919190  0.070079662745171 1.15438
17.371875  0.060027470322478  0.070592823314393 1.17601
17.375000  0.059343671537172  0.071096894898136 1.19805
17.378125  0.058656065946578  0.071591859965181 1.22054
17.381250  0.057964703849597  0.072077701943147 1.24348
17.384375  0.057269635457684  0.072554405255675 1.26689
17.387500  0.056570910891838  0.073021955279469 1.2908
17.390625  0.055868580179642  0.073480338390973 1.31524
17.393750  0.055162693252335  0.073929541927133 1.34021
17.396875  0.054453299941928  0.074369554226150 1.36575
17.400000  0.053740449978368  0.074800364584442 1.39188
17.403125  0.053024192986729  0.075221963289200 1.41863
17.406250  0.052304578484450  0.075634341585933 1.44604
17.409375  0.051581655878614  0.076037491700852 1.47412
17.412500  0.050855474463258  0.076431406797729 1.50291
17.415625  0.050126083416737  0.076816081004841 1.53246
17.418750  0.049393531799109  0.077191509365025 1.56279
17.421875  0.048657868549573  0.077557687861267 1.59394
17.425000  0.047919142483937  0.077914613356433 1.62596
17.428125  0.047177402292124  0.078262283617244 1.65889
17.431250  0.046432696535727  0.078600697252410 1.69279
17.434375  0.045685073645583  0.078929853727232 1.72769
17.437500  0.044934581919400  0.079249753311593 1.76367
17.440625  0.044181269519416  0.079560397080579 1.80077
17.443750  0.043425184470088  0.079861786852824 1.83907
17.446875  0.042666374655831  0.080153925199694 1.87862
17.450000  0.041904887818783  0.080436815383999 1.91951
17.453125  0.041140771556607  0.080710461362895 1.96181
17.456250  0.040374073320336  0.080974867720466 2.00562
17.459375  0.039604840412240  0.081230039676070 2.05101
17.462500  0.038833119983747  0.081475983024023 2.09811
17.465625  0.038058959033379  0.081712704136776 2.147
17.468750  0.037282404404741  0.081940209900066 2.19783
17.471875  0.036503502784528  0.082158507734189 2.2507
17.475000  0.035722300700581  0.082367605525589 2.30578
17.478125  0.034938844519964  0.082567511654291 2.3632
17.481250  0.034153180447088  0.082758234935870 2.42315
17.484375  0.033365354521855  0.082939784645611 2.48581
17.487500  0.032575412617848  0.083112170468194 2.55138
17.490625  0.031783400440539  0.083275402536310 2.62009
17.493750  0.030989363525550  0.083429491391623 2.6922
17.496875  0.030193347236924  0.083574448020786 2.76798
17.500000  0.029395396765448  0.083710283834774 2.84773
17.503125  0.028595557126996  0.083837010702330 2.93182
17.506250  0.027793873160901  0.083954640949531 3.02062
17.509375  0.026990389528378  0.084063187395278 3.11456
17.512500  0.026185150710951  0.084162663344132 3.21414
17.515625  0.025378201008933  0.084253082652177 3.3199
17.518750  0.024569584539930  0.084334459717155 3.43247
17.521875  0.023759345237363  0.084406809556855 3.55257
17.525000  0.022947526849044  0.084470147800631 3.68101
17.528125  0.022134172935763  0.084524490768245 3.81873
17.531250  0.021319326869912  0.084569855469384 3.96682
17.534375  0.020503031834138  0.084606259694421 4.12652
17.537500  0.019685330820021  0.084633722018841 4.29933
17.540625  0.018866266626793  0.084652261888546 4.48696
17.543750  0.018045881860071  0.084661899633702 4.69148
17.546875  0.017224218930625  0.084662656551874 4.91533
17.550000  0.016401320053179  0.084654554934179 5.16145
17.553125  0.015577227245230  0.084637618134041 5.43342
17.556250  0.014751982325906  0.084611870588333 5.73563
17.559375  0.013925626914840  0.084577337905150 6.0735
17.562500  0.013098202431081  0.084534046872314 6.45387
17.565625  0.012269750092028  0.084482025535714 6.88539
17.568750  0.011440310912385  0.084421303204708 7.37928
17.571875  0.010609925703159  0.084351910528363 7.95028
17.575000  0.009778635070665  0.084273879497232 8.61816
17.578125  0.008946479415570  0.084187243507486 9.4101
17.581250  0.008113498931960  0.084092037360403 10.3645
17.584375  0.007279733606425  0.083988297312367 11.5373
17.587500  0.006445223217185  0.083876061060691 13.0137
17.590625  0.005610007333224  0.083755367800404 14.9296
17.593750  0.004774125313465  0.083626258196129 17.5166
17.596875  0.003937616305953  0.083488774419954 21.2029
17.600000  0.003100519247077  0.083342960115253 26.8803
17.603125  0.002262872860809  0.083188860432938 36.7625
17.606250  0.001424715657968  0.083026521985096 58.2759
17.609375  0.000586085935509  0.082855992858456 141.372
17.612500 -0.000252978224166  0.082677322558086 -326.816
17.615625 -0.001092438953875  0.082490562018291 -75.5105
17.618750 -0.001932258602292  0.082295763532123 -42.5905
17.621875 -0.002772399734574  0.082092980747963 -29.6108
17.625000 -0.003612825132948  0.081882268590340 -22.6643
17.628125 -0.004453497797294  0.081663683232593 -18.337
17.631250 -0.005294380945693  0.081437282010915 -15.3818
17.634375 -0.006135438014954  0.081203123392923 -13.2351
17.637500 -0.006976632661125  0.080961266870899 -11.6046
17.640625 -0.007817928759982  0.080711772914225 -10.3239
17.643750 -0.008659290407487  0.080454702857054 -9.29114
17.646875 -0.009500681920241  0.080190118840112 -8.44046
17.650000 -0.010342067835900  0.079918083690494 -7.72748
17.653125 -0.011183412913582  0.079638660847065 -7.12114
17.656250 -0.012024682134244  0.079351914225775 -6.59909
17.659375 -0.012865840701051  0.079057908157182 -6.14479
17.662500 -0.013706854039714  0.078756707238691 -5.74579
17.665625 -0.014547687798810  0.078448376274217 -5.3925
17.668750 -0.015388307850090  0.078132980126928 -5.07743
17.671875 -0.016228680288756  0.077810583655323 -4.79463
17.675000 -0.017068771433729  0.077481251586822 -4.53936
17.678125 -0.017908547827895  0.077145048462770 -4.30772
17.681250 -0.018747976238326  0.076802038525172 -4.09655
17.684375 -0.019587023656493  0.076452285674626 -3.90321
17.687500 -0.020425657298452  0.076095853385898 -3.7255
17.690625 -0.021263844605017  0.075732804691198 -3.56158
17.693750 -0.022101553241913  0.075363202122091 -3.40986
17.696875 -0.022938751099910  0.074987107714556 -3.26901
17.700000 -0.023775406294942  0.074604582978746 -3.13789
17.703125 -0.024611487168210  0.074215688951995 -3.01549
17.706250 -0.025446962286259  0.073820486184849 -2.90095
17.709375 -0.026281800441053  0.073419034819451 -2.79353
17.712500 -0.027115970650018  0.073011394600440 -2.69256
17.715625 -0.027949442156078  0.072597624973420 -2.59746
17.718750 -0.028782184427672  0.072177785127298 -2.50772
17.721875 -0.029614167158752  0.071751934093706 -2.42289
17.725000 -0.030445360268775  0.071320130794291 -2.34256
17.728125 -0.031275733902661  0.070882434145422 -2.26637
17.731250 -0.032105258430756  0.070438903098216 -2.194
17.734375 -0.032933904448763  0.069989596742238 -2.12515
17.737500 -0.033761642777670  0.069534574320455 -2.05957
17.740625 -0.034588444463656  0.069073895310876 -1.99702
17.743750 -0.035414280777982  0.068607619423484 -1.93729
17.746875 -0.036239123216867  0.068135806654464 -1.88017
17.750000 -0.037062943501361  0.067658517252648 -1.8255
17.753125 -0.037885713577182  0.067175811732098 -1.77312
17.756250 -0.038707405614563  0.066687750804874 -1.72287
17.759375 -0.039527992008064  0.066194395367331 -1.67462
17.762500 -0.040347445376383  0.065695806405062 -1.62825
17.765625 -0.041165738562150  0.065192044947238 -1.58365
17.768750 -0.041982844631709  0.064683171945742 -1.5407
17.771875 -0.042798736874882  0.064169248204450 -1.49933
17.775000 -0.043613388804725  0.063650334245082 -1.45942
17.778125 -0.044426774157269  0.063126490226182 -1.42091
17.781250 -0.045238866891246  0.062597775788118 -1.38372
17.784375 -0.046049641187811  0.062064249971786 -1.34777
17.787500 -0.046859071450239  0.061525971065730 -1.313
17.790625 -0.047667132303620  0.060982996531117 -1.27935
17.793750 -0.048473798594536  0.060435382864091 -1.24676
17.796875 -0.049279045390732  0.059883185524177 -1.21519
17.800000 -0.050082847980765  0.059326458819620 -1.18457
17.803125 -0.050885181873658  0.058765255874857 -1.15486
17.806250 -0.051686022798522  0.058199628539317 -1.12602
17.809375 -0.052485346704184  0.057629627389500 -1.09801
17.812500 -0.053283129758795  0.057055301674195 -1.07079
17.815625 -0.054079348349431  0.056476699351559 -1.04433
17.818750 -0.054873979081679  0.055893867092717 -1.01859
17.821875 -0.055666998779219  0.055306850350355 -0.99353
17.825000 -0.056458384483385  0.054715693396694 -0.969133
17.828125 -0.057248113452729  0.054120439445240 -0.945366
17.831250 -0.058036163162565  0.053521130724607 -0.922203
17.834375 -0.058822511304505  0.052917808641005 -0.899618
17.837500 -0.059607135785990  0.052310513878042 -0.877588
17.840625 -0.060390014729802  0.051699286586899 -0.85609
17.843750 -0.061171126473577  0.051084166513683 -0.835103
17.846875 -0.061950449569299  0.050465193217136 -0.814606
17.850000 -0.062727962782795  0.049842406208969 -0.79458
17.853125 -0.063503645093210  0.049215845173652 -0.775008
17.856250 -0.064277475692479  0.048585550118967 -0.755872
17.859375 -0.065049433984793  0.047951561588177 -0.737156
17.862500 -0.065819499586046  0.047313920826286 -0.718844
17.865625 -0.066587652323289  0.046672669969169 -0.700921
17.868750 -0.067353872234158  0.046027852186452 -0.683374
17.871875 -0.068118139566307  0.045379511872156 -0.666188
17.875000 -0.068880434776827  0.044727694756481 -0.649353
17.878125 -0.069640738531660  0.044072448068382 -0.632854
17.881250 -0.070399031705001  0.043413820604886 -0.616682
17.884375 -0.071155295378696  0.042751862866049 -0.600825
17.887500 -0.071909510841631  0.042086627090605 -0.585272
17.890625 -0.072661659589111  0.041418167350227 -0.570014
17.893750 -0.073411723322239  0.040746539542043 -0.555041
17.896875 -0.074159683947281  0.040071801425322 -0.540345
17.900000 -0.074905523575024  0.039394012566113 -0.525916
17.903125 -0.075649224520131  0.038713234329740 -0.511747
17.906250 -0.076390769300486  0.038029529781008 -0.497829
17.909375 -0.077130140636534  0.037342963617467 -0.484155
17.912500 -0.077867321450616  0.036653602021678 -0.470719
17.915625 -0.078602294866293  0.035961512553059 -0.457512
17.918750 -0.079335044207666  0.035266763955028 -0.444529
17.921875 -0.080065552998688  0.034569425996963 -0.431764
17.925000 -0.080793804962478  0.033869569237190 -0.41921
17.928125 -0.081519784020618  0.033167264834856 -0.406862
17.931250 -0.082243474292450  0.032462584275693 -0.394713
17.934375 -0.082964860094365  0.031755599150764 -0.38276
17.937500 -0.083683925939090  0.031046380861836 -0.370996
17.940625 -0.084400656534966  0.030335000365511 -0.359417
17.943750 -0.085115036785221  0.029621527858438 -0.348018
17.946875 -0.085827051787241  0.028906032523966 -0.336794
17.950000 -0.086536686831827  0.028188582200420 -0.325741
17.953125 -0.087243927402462  0.027469243117547 -0.314856
17.956250 -0.087948759174557  0.026748079569445 -0.304133
17.959375 -0.088651168014704  0.026025153660988 -0.293568
17.962500 -0.089351139979916  0.025300525000533 -0.283158
17.965625 -0.090048661316868  0.024574250450029 -0.2729
17.968750 -0.090743718461132  0.023846383838557 -0.262788
17.971875 -0.091436298036405  0.023116975755219 -0.252821
17.975000 -0.092126386853739  0.022386073285683 -0.242993
17.978125 -0.092813971910756  0.021653719844475 -0.233302
17.981250 -0.093499040390872  0.020919954951790 -0.223745
17.984375 -0.094181579662507  0.020184814105419 -0.214318
17.987500 -0.094861577278292  0.019448328613286 -0.205018
17.990625 -0.095539020974283  0.018710525518313 -0.195842
17.993750 -0.096213898669155  0.017971427486108 -0.186786
17.996875 -0.096886198463403  0.017231052776484 -0.177848
18.000000 -0.097555893439242  0.016489415195457 -0.169025
18.003125 -0.098222610469889  0.015746524125791 -0.160315
18.006250 -0.098885643714869  0.015002384543377 -0.151714
18.009375 -0.099544294446251  0.014256997100794 -0.143223
18.012500 -0.100197885949533  0.013510358197690 -0.134837
18.015625 -0.100845763112079  0.012762460146231 -0.126554
18.018750 -0.101487292017541  0.012013291289111 -0.118372
18.021875 -0.102121859546196  0.011262836222036 -0.110288
18.025000 -0.102748872981124  0.010511075962014 -0.102299
18.028125 -0.103367759620145  0.009757988223393 -0.0944007
18.031250 -0.103977966393455  0.009003547643202 -0.0865909
18.034375 -0.104578959486887  0.008247726101671 -0.078866
18.037500 -0.105170223970711  0.007490492993268 -0.0712226
18.040625 -0.105751263433932  0.006731815575875 -0.0636571
18.043750 -0.106321599623986  0.005971659283195 -0.056166
18.046875 -0.106880772091790  0.005209988106900 -0.0487458
18.050000 -0.107428337842067  0.004446764934844 -0.0413928
18.053125 -0.107963870988880  0.003681951944023 -0.0341036
18.056250 -0.108486962416306  0.002915510958934 -0.0268743
18.059375 -0.108997219444202  0.002147403867497 -0.0197015
18.062500 -0.109494265498970  0.001377592975578 -0.0125814
18.065625 -0.109977739789287  0.000606041420356 -0.00551058
18.068750 -0.110447296986713 -0.000167286476711 0.00151463
18.071875 -0.110902606911130 -0.000942424801311 0.00849777
18.075000 -0.111343354220943 -0.001719405709012 0.0154424
18.078125 -0.111769238107985 -0.002498259035757 0.0223519
18.081250 -0.112179971997067 -0.003279011982248 0.0292299
18.084375 -0.112575283250111 -0.004061688755603 0.0360798
18.087500 -0.112954912874801 -0.004846310283736 0.0429048
18.090625 -0.113318615237714 -0.005632893881426 0.0497085
18.093750 -0.113666157781849 -0.006421453011988 0.056494
18.096875 -0.113997320748511 -0.007211997001908 0.0632646
18.100000 -0.114311896903500 -0.008004530837557 0.0700236
18.103125 -0.114609691267525 -0.008799054925944 0.0767741
18.106250 -0.114890520850818 -0.009595564939217 0.0835192
18.109375 -0.115154214391874 -0.010394051635924 0.090262
18.112500 -0.115400612100266 -0.011194500755638 0.0970056
18.115625 -0.115629565403495 -0.011996892884419 0.103753
18.118750 -0.115840936697800 -0.012801203410203 0.110507
18.121875 -0.116034599102899 -0.013607402441255 0.11727
18.125000 -0.116210436220593 -0.014415454817952 0.124046
18.128125 -0.116368341897197 -0.015225320089677 0.130837
18.131250 -0.116508219989732 -0.016036952569366 0.137647
18.134375 -0.116629984135840 -0.016850301362634 0.144477
18.137500 -0.116733557527371 -0.017665310479777 0.15133
18.140625 -0.116818872687592 -0.018481918911431 0.15821
18.143750 -0.116885871251968 -0.019300060784228 0.165119
18.146875 -0.116934503752479 -0.020119665476608 0.172059
18.150000 -0.116964729405405 -0.020940657816247 0.179034
18.153125 -0.116976515902558 -0.021762958239772 0.186046
18.156250 -0.116969839205897 -0.022586483022934 0.193097
18.159375 -0.116944683345492 -0.023411144459028 0.20019
18.162500 -0.116901040220780 -0.024236851124342 0.207328
18.165625 -0.116838909405086 -0.025063508078357 0.214513
18.168750 -0.116758297953355 -0.025891017148235 0.221749
18.171875 -0.116659220213044 -0.026719277147531 0.229037
18.175000 -0.116541697638157 -0.027548184158961 0.23638
18.178125 -0.116405758606352 -0.028377631770383 0.243782
18.181250 -0.116251438239098 -0.029207511360131 0.251244
18.184375 -0.116078778224834 -0.030037712331983 0.25877
18.187500 -0.115887826645091 -0.030868122397268 0.266362
18.190625 -0.115678637803535 -0.031698627800525 0.274023
18.193750 -0.115451272057890 -0.032529113597692 0.281756
18.196875 -0.115205795654716 -0.033359463869617 0.289564
18.200000 -0.114942280566978 -0.034189561986074 0.29745
18.203125 -0.114660804334391 -0.035019290797997 0.305416
18.206250 -0.114361449906495 -0.035848532891761 0.313467
18.209375 -0.114044305488413 -0.036677170764391 0.321605
18.212500 -0.113709464389279 -0.037505087054720 0.329833
18.215625 -0.113357024873271 -0.038332164696412 0.338154
18.218750 -0.112987090013236 -0.039158287119912 0.346573
18.221875 -0.112599767546861 -0.039983338393052 0.355093
18.225000 -0.112195169735351 -0.040807203396809 0.363716
18.228125 -0.111773413224595 -0.041629767934498 0.372448
18.231250 -0.111334618908769 -0.042450918883295 0.381291
18.234375 -0.110878911796348 -0.043270544273530 0.39025
18.237500 -0.110406420878498 -0.044088533413960 0.399329
18.240625 -0.109917278999811 -0.044904776934345 0.408532
18.243750 -0.109411622731350 -0.045719166878780 0.417864
18.246875 -0.108889592245974 -0.046531596716921 0.427328
18.250000 -0.108351331195904 -0.047341961401733 0.43693
18.253125 -0.107796986592518 -0.048150157350884 0.446674
18.256250 -0.107226708688311 -0.048956082465115 0.456566
18.259375 -0.106640650861025 -0.049759636063478 0.46661
18.262500 -0.106038969499896 -0.050560718868950 0.476813
18.265625 -0.105421823893995 -0.051359232909668 0.487178
18.268750 -0.104789376122630 -0.052155081466568 0.497713
18.271875 -0.104141790947784 -0.052948168942796 0.508424
18.275000 -0.103479235708564 -0.053738400771026 0.519316
18.278125 -0.102801880217619 -0.054525683257684 0.530396
18.281250 -0.102109896659512 -0.055309923462737 0.541671
18.284375 -0.101403459491011 -0.056091029008060 0.553147
18.287500 -0.100682745343270 -0.056868907937239 0.564833
18.290625 -0.099947932925889 -0.057643468499244 0.576735
18.293750 -0.099199202932799 -0.058414618987128 0.588862
18.296875 -0.098436737949968 -0.059182267512874 0.601221
18.300000 -0.097660722364891 -0.059946321826056 0.613822
18.303125 -0.096871342277842 -0.060706689069480 0.626673
18.306250 -0.096068785414864 -0.061463275601570 0.639784
18.309375 -0.095253241042464 -0.062215986747141 0.653164
18.312500 -0.094424899884000 -0.062964726617109 0.666823
18.315625 -0.093583954037723 -0.063709397865344 0.680773
18.318750 -0.092730596896454 -0.064449901505979 0.695023
18.321875 -0.091865023068887 -0.065186136696043 0.709586
18.325000 -0.090987428302461 -0.065918000564205 0.724474
18.328125 -0.090098009407813 -0.066645387996294 0.739699
18.331250 -0.089196964184770 -0.067368191495519 0.755274
18.334375 -0.088284491349848 -0.068086300987992 0.771215
18.337500 -0.087360790465272 -0.068799603710617 0.787534
18.340625 -0.086426061869447 -0.069507984039427 0.804248
18.343750 -0.085480506608897 -0.070211323401813 0.821372
18.346875 -0.084524326371627 -0.070909500135704 0.838924
18.350000 -0.083557723421897 -0.071602389430617 0.856921
18.353125 -0.082580900536389 -0.072289863224438 0.875382
18.356250 -0.081594060941732 -0.072971790166782 0.894327
18.359375 -0.080597408253383 -0.073648035546331 0.913777
18.362500 -0.079591146415830 -0.074318461278948 0.933753
18.365625 -0.078575479644100 -0.074982925875942 0.954279
18.368750 -0.077550612366556 -0.075641284461260 0.97538
18.371875 -0.076516749168967 -0.076293388752976 0.997081
18.375000 -0.075474094739810 -0.076939087124326 1.01941
18.378125 -0.074422853816816 -0.077578224616369 1.0424
18.381250 -0.073363231134715 -0.078210643027443 1.06607
18.384375 -0.072295431374181 -0.078836180942153 1.09047
18.387500 -0.071219659111941 -0.079454673850607 1.11563
18.390625 -0.070136118772045 -0.080065954207030 1.14158
18.393750 -0.069045014578268 -0.080669851572132 1.16837
18.396875 -0.067946550507630 -0.081266192705396 1.19603
18.400000 -0.066840930245027 -0.081854801722002 1.22462
18.403125 -0.065728357138930 -0.082435500201608 1.25418
18.406250 -0.064609034158169 -0.083008107370533 1.28478
18.409375 -0.063483163849751 -0.083572440235433 1.31645
18.412500 -0.062350948297719 -0.084128313774957 1.34927
18.415625 -0.061212589083034 -0.084675541089995 1.3833
18.418750 -0.060068287244447 -0.085213933611742 1.41862
18.421875 -0.058918243240363 -0.085743301273294 1.45529
18.425000 -0.057762656911672 -0.086263452727098 1.49341
18.428125 -0.056601727445533 -0.086774195518609 1.53307
18.431250 -0.055435653340103 -0.087275336322997 1.57435
18.434375 -0.054264632370178 -0.087766681125342 1.61738
18.437500 -0.053088861553755 -0.088248035465274 1.66227
18.440625 -0.051908537119477 -0.088719204629536 1.70914
18.443750 -0.050723854474963 -0.089179993897350 1.75815
18.446875 -0.049535008176002 -0.089630208728126 1.80943
18.450000 -0.048342191896597 -0.090069655021703 1.86317
18.453125 -0.047145598399844 -0.090498139309723 1.91955
18.456250 -0.045945419509641 -0.090915469006206 1.97877
18.459375 -0.044741846083190 -0.091321452600493 2.04107
18.462500 -0.043535067984315 -0.091715899903132 2.10671
18.465625 -0.042325274057550 -0.092098622249207 2.17597
18.468750 -0.041112652102999 -0.092469432733344 2.24917
18.471875 -0.039897388851953 -0.092828146396088 2.32667
18.475000 -0.038679669943245 -0.093174580467014 2.40888
18.478125 -0.037459679900353 -0.093508554542292 2.49625
18.481250 -0.036237602109200 -0.093829890822123 2.5893
18.484375 -0.035013618796678 -0.094138414279565 2.68862
18.487500 -0.033787911009855 -0.094433952883299 2.7949
18.490625 -0.032560658595867 -0.094716337763110 2.90892
18.493750 -0.031332040182491 -0.094985403423249 3.03157
18.496875 -0.030102233159363 -0.095240987902986 3.16392
18.500000 -0.028871413659847 -0.095482932973670 3.30718
18.503125 -0.027639756543554 -0.095711084284450 3.4628
18.506250 -0.026407435379459 -0.095925291554481 3.63251
18.509375 -0.025174622429666 -0.096125408709933 3.81835
18.512500 -0.023941488633748 -0.096311294060855 4.02278
18.515625 -0.022708203593698 -0.096482810414000 4.24881
18.518750 -0.021474935559452 -0.096639825249133 4.50012
18.521875 -0.020241851414986 -0.096782210820911 4.78129
18.525000 -0.019009116664982 -0.096909844319865 5.09807
18.528125 -0.017776895422037 -0.097022607958058 5.45779
18.531250 -0.016545350394416 -0.097120389112840 5.86995
18.534375 -0.015314642874340 -0.097203080405575 6.34707
18.537500 -0.014084932726786 -0.097270579828983 6.906
18.540625 -0.012856378378819 -0.097322790819559 7.57
18.543750 -0.011629136809406 -0.097359622363421 8.37204
18.546875 -0.010403363539736 -0.097380989052872 9.36053
18.550000 -0.009179212624023 -0.097386811187149 10.6095
18.553125 -0.007956836640779 -0.097377014816520 12.2382
18.556250 -0.006736386684562 -0.097351531823137 14.4516
18.559375 -0.005518012358179 -0.097310299948648 17.635
18.562500 -0.004301861765332 -0.097253262869801 22.6072
18.565625 -0.003088081503715 -0.097180370215643 31.4695
18.568750 -0.001876816658532 -0.097091577626275 51.7321
18.571875 -0.000668210796451 -0.096986846753594 145.144
18.575000  0.000537594040033 -0.096866145312565 -180.185
18.578125  0.001740457337829 -0.096729447068451 -55.577
18.581250  0.002940240118076 -0.096576731878643 -32.8465
18.584375  0.004136804940586 -0.096407985669536 -23.3049
18.587500  0.005330015907887 -0.096223200461455 -18.0531
18.590625  0.006519738668905 -0.096022374335032 -14.7279
18.593750  0.007705840422269 -0.095805511452600 -12.4328
18.596875  0.008888189919258 -0.095572622015548 -10.7528
18.600000  0.010066657466391 -0.095323722267049 -9.46925
18.603125  0.011241114927671 -0.095058834442331 -8.45635
18.606250  0.012411435726486 -0.094777986764158 -7.63634
18.609375  0.013577494847185 -0.094481213390252 -6.95866
18.612500  0.014739168836316 -0.094168554395847 -6.389
18.615625  0.015896335803559 -0.093840055704728 -5.90325
18.618750  0.017048875422330 -0.093495769074033 -5.48398
18.621875  0.018196668930090 -0.093135752014793 -5.11829
18.625000  0.019339599128356 -0.092760067771783 -4.79638
18.628125  0.020477550382404 -0.092368785236550 -4.51073
18.631250  0.021610408620710 -0.091961978909913 -4.25545
18.634375  0.022738061334079 -0.091539728817267 -4.02584
18.637500  0.023860397574527 -0.091102120465987 -3.81813
18.640625  0.024977307953878 -0.090649244748982 -3.62926
18.643750  0.026088684642106 -0.090181197895309 -3.45672
18.646875  0.027194421365420 -0.089698081362938 -3.2984
18.650000  0.028294413404085 -0.089200001788008 -3.15257
18.653125  0.029388557590021 -0.088687070872406 -3.01774
18.656250  0.030476752304141 -0.088159405319829 -2.89268
18.659375  0.031558897473465 -0.087617126711819 -2.77631
18.662500  0.032634894568006 -0.087060361443098 -2.66771
18.665625  0.033704646597424 -0.086489240590168 -2.56609
18.668750  0.034768058107470 -0.085903899838029 -2.47077
18.671875  0.035825035176217 -0.085304479342032 -2.38114
18.675000  0.036875485410072 -0.084691123640157 -2.29668
18.678125  0.037919317939604 -0.084063981517908 -2.21692
18.681250  0.038956443415151 -0.083423205910886 -2.14145
18.684375  0.039986774002253 -0.082768953760338 -2.06991
18.687500  0.041010223376889 -0.082101385912702 -2.00197
18.690625  0.042026706720526 -0.081420666965852 -1.93736
18.693750  0.043036140715000 -0.080726965169074 -1.87579
18.696875  0.044038443537210 -0.080020452260977 -1.81706
18.700000  0.045033534853649 -0.079301303365359 -1.76094
18.703125  0.046021335814771 -0.078569696825015 -1.70725
18.706250  0.047001769049191 -0.077825814094592 -1.65581
18.709375  0.047974758657737 -0.077069839576214 -1.60647
18.712500  0.048940230207335 -0.076301960505274 -1.55908
18.715625  0.049898110724758 -0.075522366782507 -1.51353
18.718750  0.050848328690231 -0.074731250859048 -1.46969
18.721875  0.051790814030880 -0.073928807573347 -1.42745
18.725000  0.052725498114071 -0.073115234033294 -1.38671
18.728125  0.053652313740585 -0.072290729449402 -1.34739
18.731250  0.054571195137691 -0.071455495019807 -1.3094
18.734375  0.055482077952079 -0.070609733765490 -1.27266
18.737500  0.056384899242676 -0.069753650416005 -1.2371
18.740625  0.057279597473348 -0.068887451242044 -1.20265
18.743750  0.058166112505481 -0.068011343949507 -1.16926
18.746875  0.059044385590452 -0.067125537512810 -1.13687
18.750000  0.059914359362004 -0.066230242071694 -1.10542
18.753125  0.060775977828500 -0.065325668771989 -1.07486
18.756250  0.061629186365097 -0.064412029661557 -1.04515
18.759375  0.062473931705799 -0.063489537531415 -1.01626
18.762500  0.063310161935440 -0.062558405824331 -0.988126
18.765625  0.064137826481560 -0.061618848482662 -0.960726
18.768750  0.064956876106200 -0.060671079859184 -0.934021
18.771875  0.065767262897618 -0.059715314576629 -0.907979
18.775000  0.066568940261909 -0.058751767438088 -0.88257
18.778125  0.067361862914560 -0.057780653302689 -0.857765
18.781250  0.068145986871928 -0.056802187000231 -0.833537
18.784375  0.068921269442636 -0.055816583208857 -0.80986
18.787500  0.069687669218915 -0.054824056387159 -0.786711
18.790625  0.070445146067861 -0.053824820654963 -0.764067
18.793750  0.071193661122646 -0.052819089736957 -0.741907
18.796875  0.071933176773652 -0.051807076853854 -0.720211
18.800000  0.072663656659556 -0.050788994669438 -0.69896
18.803125  0.073385065658357 -0.049765055188340 -0.678136
18.806250  0.074097369878347 -0.048735469720588 -0.657722
18.809375  0.074800536649032 -0.047700448785841 -0.637702
18.812500  0.075494534512002 -0.046660202083187 -0.618061
18.815625  0.076179333211764 -0.045614938406918 -0.598784
18.818750  0.076854903686518 -0.044564865619961 -0.579857
18.821875  0.077521218058899 -0.043510190587649 -0.561268
18.825000  0.078178249626681 -0.042451119150264 -0.543004
18.828125  0.078825972853439 -0.041387856057360 -0.525054
18.831250  0.079464363359179 -0.040320604959840 -0.507405
18.834375  0.080093397910937 -0.039249568345341 -0.490047
18.837500  0.080713054413340 -0.038174947534509 -0.472971
18.840625  0.081323311899153 -0.037096942619209 -0.456166
18.843750  0.081924150519780 -0.036015752463504 -0.439623
18.846875  0.082515551535759 -0.034931574649434 -0.423333
18.850000  0.083097497307226 -0.033844605477565 -0.407288
18.853125  0.083669971284353 -0.032755039921328 -0.391479
18.856250  0.084232957997781 -0.031663071623275 -0.375899
18.859375  0.084786443049025 -0.030568892850307 -0.36054
18.862500  0.085330413100868 -0.029472694496899 -0.345395
18.865625  0.085864855867743 -0.028374666044275 -0.330457
18.868750  0.086389760106103 -0.027274995561166 -0.31572
18.871875  0.086905115604778 -0.026173869659026 -0.301178
18.875000  0.087410913175329 -0.025071473505709 -0.286823
18.878125  0.087907144642393 -0.023967990780499 -0.272651
18.881250  0.088393802834026 -0.022863603683429 -0.258656
18.884375  0.088870881572034 -0.021758492887341 -0.244833
18.887500  0.089338375662316 -0.020652837555180 -0.231175
18.890625  0.089796280885198 -0.019546815293378 -0.21768
18.893750  0.090244593985769 -0.018440602167228 -0.20434
18.896875  0.090683312664221 -0.017334372660969 -0.191153
18.900000  0.091112435566199 -0.016228299684417 -0.178113
18.903125  0.091531962273144 -0.015122554535266 -0.165216
18.906250  0.091941893292656 -0.014017306913629 -0.152458
18.909375  0.092342230048857 -0.012912724883998 -0.139836
18.912500  0.092732974872771 -0.011808974884185 -0.127344
18.915625  0.093114130992706 -0.010706221694068 -0.11498
18.918750  0.093485702524656 -0.009604628446330 -0.102739
18.921875  0.093847694462715 -0.008504356600067 -0.0906187
18.925000  0.094200112669501 -0.007405565947838 -0.0786153
18.928125  0.094542963866603 -0.006308414585099 -0.0667254
18.931250  0.094876255625041 -0.005213058930223 -0.0549459
18.934375  0.095199996355743 -0.004119653689443 -0.0432737
18.937500  0.095514195300047 -0.003028351881725 -0.0317058
18.940625  0.095818862520213 -0.001939304805139 -0.0202393
18.943750  0.096114008889974 -0.000852662057958 -0.00887136
18.946875  0.096399646085088  0.000231428492280 0.00240072
18.950000  0.096675786573930  0.001312820680255 0.0135796
18.953125  0.096942443608100  0.002391370074164 0.0246679
18.956250  0.097199631213062  0.003466933954074 0.0356682
18.959375  0.097447364178806  0.004539371335105 0.0465828
18.962500  0.097685658050533  0.005608542945166 0.0574142
18.965625  0.097914529119379  0.006674311241160 0.0681647
18.968750  0.098133994413162  0.007736540394550 0.0788365
18.971875  0.098344071687154  0.008795096310508 0.0894319
18.975000  0.098544779414892  0.009849846598430 0.099953
18.978125  0.098736136779017  0.010900660596221 0.110402
18.981250  0.098918163662148  0.011947409340024 0.120781
18.984375  0.099090880637781  0.012989965590225 0.131091
18.987500  0.099254308961232  0.014028203802121 0.141336
18.990625  0.099408470560609  0.015062000143915 0.151516
18.993750  0.099553388027821  0.016091232470551 0.161634
18.996875  0.099689084609621  0.017115780341116 0.171692
19.000000  0.099815584198687  0.018135524995842 0.18169
19.003125  0.099932911324743  0.019150349375044 0.191632
19.006250  0.100041091145711  0.020160138087368 0.201519
19.009375  0.100140149438911  0.021164777432760 0.211352
19.012500  0.100230112592288  0.022164155376040 0.221133
19.015625  0.100311007595692  0.023158161570465 0.230864
19.018750  0.100382862032190  0.024146687324848 0.240546
19.021875  0.100445704069419  0.025129625627455 0.250181
19.025000  0.100499562450982  0.026106871118766 0.259771
19.028125  0.100544466487891  0.027078320116564 0.269317
19.031250  0.100580446050039  0.028043870588355 0.27882
19.034375  0.100607531557731  0.029003422172639 0.288283
19.037500  0.100625753973246  0.029956876154637 0.297706
19.040625  0.100635144792449  0.030904135486117 0.307091
19.043750  0.100635736036444  0.031845104767367 0.316439
19.046875  0.100627560243276  0.032779690265957 0.325753
19.050000  0.100610650459671  0.033707799891825 0.335032
19.053125  0.100585040232832  0.034629343222630 0.344279
19.056250  0.100550763602265  0.035544231481648 0.353495
19.059375  0.100507855091671  0.036452377561473 0.362682
19.062500  0.100456349700867  0.037353695998300 0.37184
19.065625  0.100396282897765  0.038248102993855 0.380971
19.068750  0.100327690610390  0.039135516395399 0.390077
19.071875  0.100250609218955  0.040015855718501 0.399158
19.075000  0.100165075547975  0.040889042119561 0.408217
19.078125  0.100071126858435  0.041754998420449 0.417253
19.081250  0.099968800840003  0.042613649077557 0.426269
19.084375  0.099858135603292  0.043464920206882 0.435267
19.087500  0.099739169672171  0.044308739556597 0.444246
19.090625  0.099611941976132  0.045145036522343 0.453209
19.093750  0.099476491842692  0.045973742117875 0.462157
19.096875  0.099332858989857  0.046794788991255 0.471091
19.100000  0.099181083518633  0.047608111395646 0.480012
19.103125  0.099021205905582  0.048413645200435 0.488922
19.106250  0.098853266995434  0.049211327856323 0.497822
19.109375  0.098677307993748  0.050001098404793 0.506713
19.112500  0.098493370459621  0.050782897444805 0.515597
19.115625  0.098301496298449  0.051556667142193 0.524475
19.118750  0.098101727754743  0.052322351184023 0.533348
19.121875  0.097894107404988  0.053079894789396 0.542217
19.125000  0.097678678150558  0.053829244661777 0.551085
19.128125  0.097455483210686  0.054570348998322 0.559952
19.131250  0.097224566115474  0.055303157446529 0.568819
19.134375  0.096985970698966  0.056027621098943 0.577688
19.137500  0.096739741092268  0.056743692452875 0.58656
19.140625  0.096485921716717  0.057451325408861 0.595437
19.143750  0.096224557277105  0.058150475225745 0.604321
19.146875  0.095955692754955  0.058841098520820 0.613211
19.150000  0.095679373401846  0.059523153220351 0.622111
19.153125  0.095395644732793  0.060196598565322 0.63102
19.156250  0.095104552519675  0.060861395066300 0.639942
19.159375  0.094806142784722  0.061517504509105 0.648877
19.162500  0.094500461794042  0.062164889908053 0.657826
19.165625  0.094187556051215  0.062803515514439 0.666792
19.168750  0.093867472290925  0.063433346776557 0.675776
19.171875  0.093540257472654  0.064054350353021 0.684778
19.175000  0.093205958774423  0.064666494077610 0.693802
19.178125  0.092864623586582  0.065269746969717 0.702848
19.181250  0.092516299505666  0.065864079206574 0.711919
19.184375  0.092161034328280  0.066449462139222 0.721015
19.187500  0.091798876045060  0.067025868264274 0.730138
19.190625  0.091429872834669  0.067593271243302 0.739291
19.193750  0.091054073057849  0.068151645874387 0.748474
19.196875  0.090671525251531  0.068700968117268 0.757691
19.200000  0.090282278122990  0.069241215064511 0.766941
19.203125  0.089886380544052  0.069772364966703 0.776228
19.206250  0.089483881545354  0.070294397205604 0.785554
19.209375  0.089074830310660  0.070807292313273 0.794919
19.212500  0.088659276171218  0.071311031951551 0.804327
19.215625  0.088237268600177  0.071805598931588 0.813779
19.218750  0.087808857207056  0.072290977185709 0.823277
19.221875  0.087374091732255  0.072767151784958 0.832823
19.225000  0.086933022041626  0.073234108910657 0.84242
19.228125  0.086485698121091  0.073691835870946 0.85207
19.231250  0.086032170071313  0.074140321067031 0.861774
19.234375  0.085572488102416  0.074579554002145 0.871537
19.237500  0.085106702528752  0.075009525247183 0.881359
19.240625  0.084634863763730  0.075430226448240 0.891243
19.243750  0.084157022314680  0.075841650280895 0.901192
19.246875  0.083673228777781  0.076243790457644 0.911209
19.250000  0.083183533833032  0.076636641675644 0.921296
19.253125  0.082687988239270  0.077020199618364 0.931456
19.256250  0.082186642829249  0.077394460904007 0.941691
19.259375  0.081679548504754  0.077759423082156 0.952006
19.262500  0.081166756231778  0.078115084573935 0.962402
19.265625  0.080648317035740  0.078461444665617 0.972884
19.268750  0.080124281996757  0.078798503451065 0.983453
19.271875  0.079594702244959  0.079126261818907 0.994115
19.275000  0.079059628955860  0.079444721399144 1.00487
19.278125  0.078519113345772  0.079753884541862 1.01573
19.281250  0.077973206667271  0.080053754268720 1.02668
19.284375  0.077421960204713  0.080344334256484 1.03775
19.287500  0.076865425269791  0.080625628779255 1.04892
19.290625  0.076303653197145  0.080897642699900 1.06021
19.293750  0.075736695340023  0.081160381410977 1.07161
19.296875  0.075164603065981  0.081413850832725 1.08314
19.300000  0.074587427752641  0.081658057359256 1.0948
19.303125  0.074005220783487  0.081893007859040 1.10658
19.306250  0.073418033543709  0.082118709622324 1.11851
19.309375  0.072825917416103  0.082335170367711 1.13058
19.312500  0.072228923777007  0.082542398199988 1.14279
19.315625  0.071627103992288  0.082740401620325 1.15515
19.318750  0.071020509413379  0.082929189492418 1.16768
19.321875  0.070409191373348  0.083108771055157 1.18037
19.325000  0.069793201183034  0.083279155904241 1.19323
19.328125  0.069172590127213  0.083440354012816 1.20626
19.331250  0.068547409460809  0.083592375712526 1.21948
19.334375  0.067917710405165  0.083735231728133 1.23289
19.337500  0.067283544144338  0.083868933168493 1.2465
19.340625  0.066644961821458  0.083993491569110 1.26031
19.343750  0.066002014535119  0.084108918889250 1.27434
19.346875  0.065354753335821  0.084215227561782 1.28859
19.350000  0.064703229222452  0.084312430500713 1.30306
19.353125  0.064047493138814  0.084400541154543 1.31778
19.356250  0.063387595970198  0.084479573525562 1.33275
19.359375  0.062723588539995  0.084549542230237 1.34797
19.362500  0.062055521606355  0.084610462516847 1.36346
19.365625  0.061383445858890  0.084662350335082 1.37924
19.368750  0.060707411915411  0.084705222362284 1.3953
19.371875  0.060027470318720  0.084739096076126 1.41167
19.375000  0.059343671533435  0.084763989780400 1.42836
19.378125  0.058656065942861  0.084779922681824 1.44537
19.381250  0.057964703845901  0.084786914923628 1.46273
19.384375  0.057269635454009  0.084784987663435 1.48045
19.387500  0.056570910888184  0.084774163102813 1.49855
19.390625  0.055868580176008  0.084754464568793 1.51703
19.393750  0.055162693248720  0.084725916543665 1.53593
19.396875  0.054453299938334  0.084688544743627 1.55525
19.400000  0.053740449974795  0.084642376153142 1.57502
19.403125  0.053024192983175  0.084587439095776 1.59526
19.406250  0.052304578480916  0.084523763261677 1.61599
19.409375  0.051581655875099  0.084451379777425 1.63724
19.412500  0.050855474459763  0.084370321229596 1.65902
19.415625  0.050126083413261  0.084280621723002 1.68137
19.418750  0.049393531795653  0.084182316895989 1.70432
19.421875  0.048657868546136  0.084075443967529 1.72789
19.425000  0.047919142480518  0.083960041745125 1.75212
19.428125  0.047177402288726  0.083836150660662 1.77704
19.431250  0.046432696532347  0.083703812754340 1.80269
19.434375  0.045685073642222  0.083563071701570 1.82911
19.437500  0.044934581916058  0.083413972776591 1.85634
19.440625  0.044181269516091  0.083256562863292 1.88443
19.443750  0.043425184466783  0.083090890402491 1.91343
19.446875  0.042666374652544  0.082917005376915 1.94338
19.450000  0.041904887815514  0.082734959240211 1.97435
19.453125  0.041140771553357  0.082544804882549 2.0064
19.456250  0.040374073317103  0.082346596543882 2.03959
19.459375  0.039604840409026  0.082140389755872 2.074
19.462500  0.038833119980551  0.081926241238462 2.1097
19.465625  0.038058959030201  0.081704208826717 2.14678
19.468750  0.037282404401580  0.081474351358841 2.18533
19.471875  0.036503502781385  0.081236728592018 2.22545
19.475000  0.035722300697455  0.080991401075071 2.26725
19.478125  0.034938844516856  0.080738430068477 2.31085
19.481250  0.034153180443997  0.080477877416804 2.35638
19.484375  0.033365354518782  0.080209805473058 2.40398
19.487500  0.032575412614791  0.079934276977503 2.45382
19.490625  0.031783400437500  0.079651354988190 2.50607
19.493750  0.030989363522527  0.079361102779824 2.56091
19.496875  0.030193347233919  0.079063583791183 2.61858
19.500000  0.029395396762460  0.078758861543746 2.67929
19.503125  0.028595557124023  0.078446999610559 2.74333
19.506250  0.027793873157946  0.078128061553368 2.81098
19.509375  0.026990389525439  0.077802110920603 2.88259
19.512500  0.026185150708028  0.077469211208759 2.95852
19.515625  0.025378201006027  0.077129425879647 3.0392
19.518750  0.024569584537039  0.076782818342699 3.12512
19.521875  0.023759345234489  0.076429451992080 3.21682
19.525000  0.022947526846186  0.076069390210424 3.31493
19.528125  0.022134172932921  0.075702696418851 3.42017
19.531250  0.021319326867086  0.075329434087519 3.53339
19.534375  0.020503031831326  0.074949666792676 3.65554
19.537500  0.019685330817227  0.074563458232128 3.78777
19.540625  0.018866266624014  0.074170872282323 3.9314
19.543750  0.018045881857307  0.073771973012125 4.08802
19.546875  0.017224218927876  0.073366824728877 4.25952
19.550000  0.016401320050445  0.072955491980637 4.44815
19.553125  0.015577227242513  0.072538039594634 4.65667
19.556250  0.014751982323204  0.072114532660858 4.88846
19.559375  0.013925626912153  0.071685036550650 5.14771
19.562500  0.013098202428409  0.071249616879129 5.43965
19.565625  0.012269750089369  0.070808339500859 5.77097
19.568750  0.011440310909742  0.070361270455178 6.15029
19.571875  0.010609925700531  0.069908475936006 6.58897
19.575000  0.009778635068051  0.069450022207541 7.10222
19.578125  0.008946479412971  0.068985975556229 7.71096
19.581250  0.008113498929375  0.068516402183858 8.44474
19.584375  0.007279733603855  0.068041368141426 9.34668
19.587500  0.006445223214629  0.067560939206633 10.4823
19.590625  0.005610007330683  0.067075180795036 11.9563
19.593750  0.004774125310938  0.066584157833224 13.9469
19.596875  0.003937616303439  0.066087934664188 16.7837
19.600000  0.003100519244578  0.065586574912705 21.1534
19.603125  0.002262872858324  0.065080141391715 28.76
19.606250  0.001424715655497  0.064568695970176 45.3204
19.609375  0.000586085933052  0.064052299491775 109.288
19.612500 -0.000252978226610  0.063531011654970 -251.132
19.615625 -0.001092438956305  0.063004890946001 -57.6736
19.618750 -0.001932258604709  0.062473994533861 -32.3321
19.621875 -0.002772399736977  0.061938378228852 -22.3411
19.625000 -0.003612825135338  0.061398096405058 -16.9945
19.628125 -0.004453497799671  0.060853201984421 -13.6641
19.631250 -0.005294380948056  0.060303746390372 -11.3901
19.634375 -0.006135438017303  0.059749779553597 -9.73847
19.637500 -0.006976632663462  0.059191349905948 -8.48423
19.640625 -0.007817928762305  0.058628504420808 -7.49924
19.643750 -0.008659290409798  0.058061288632926 -6.70509
19.646875 -0.009500681922539  0.057489746715330 -6.05112
19.650000 -0.010342067838185  0.056913921531509 -5.50315
19.653125 -0.011183412915854  0.056333854749198 -5.03727
19.656250 -0.012024682136504  0.055749586919180 -4.63626
19.659375 -0.012865840703299  0.055161157616510 -4.28741
19.662500 -0.013706854041948  0.054568605546344 -3.98112
19.665625 -0.014547687801032  0.053971968710382 -3.71
19.668750 -0.015388307852299  0.053371284540017 -3.4683
19.671875 -0.016228680290953  0.052766590080637 -3.25144
19.675000 -0.017068771435915  0.052157922137083 -3.05575
19.678125 -0.017908547830067  0.051545317468840 -2.87825
19.681250 -0.018747976240486  0.050928812948275 -2.7165
19.684375 -0.019587023658642  0.050308445759703 -2.56846
19.687500 -0.020425657300589  0.049684253555524 -2.43244
19.690625 -0.021263844607142  0.049056274651404 -2.30703
19.693750 -0.022101553244026  0.048424548177782 -2.191
19.696875 -0.022938751102011  0.047789114264940 -2.08334
19.700000 -0.023775406297032  0.047150014175304 -1.98314
19.703125 -0.024611487170288  0.046507290470846 -1.88966
19.706250 -0.025446962288326  0.045860987123446 -1.80222
19.709375 -0.026281800443108  0.045211149653229 -1.72025
19.712500 -0.027115970652061  0.044557825216319 -1.64323
19.715625 -0.027949442158110  0.043901062709540 -1.57073
19.718750 -0.028782184429692  0.043240912815907 -1.50235
19.721875 -0.029614167160762  0.042577428077376 -1.43774
19.725000 -0.030445360270772  0.041910662902848 -1.37659
19.728125 -0.031275733904647  0.041240673598493 -1.31862
19.731250 -0.032105258432731  0.040567518331626 -1.26358
19.734375 -0.032933904450728  0.039891257114361 -1.21125
19.737500 -0.033761642779625  0.039211951730679 -1.16143
19.740625 -0.034588444465599  0.038529665675673 -1.11395
19.743750 -0.035414280779913  0.037844464031839 -1.06862
19.746875 -0.036239123218788  0.037156413370824 -1.02531
19.750000 -0.037062943503271  0.036465581585686 -0.983883
19.753125 -0.037885713579083  0.035772037753767 -0.944209
19.756250 -0.038707405616452  0.035075851932990 -0.906179
19.759375 -0.039527992009942  0.034377094984963 -0.86969
19.762500 -0.040347445378250  0.033675838337794 -0.834646
19.765625 -0.041165738564008  0.032972153779594 -0.800961
19.768750 -0.041982844633557  0.032266113199606 -0.768555
19.771875 -0.042798736876719  0.031557788354583 -0.737353
19.775000 -0.043613388806552  0.030847250591661 -0.707289
19.778125 -0.044426774159085  0.030134570596777 -0.678298
19.781250 -0.045238866893053  0.029419818111555 -0.650322
19.784375 -0.046049641189608  0.028703061676218 -0.623307
19.787500 -0.046859071452025  0.027984368334695 -0.597203
19.790625 -0.047667132305396  0.027263803387173 -0.571962
19.793750 -0.048473798596302  0.026541430100750 -0.547542
19.796875 -0.049279045392488  0.025817309476780 -0.5239
19.800000 -0.050082847982512  0.025091499975302 -0.501
19.803125 -0.050885181875394  0.024364057300153 -0.478805
19.806250 -0.051686022800249  0.023635034148864 -0.457281
19.809375 -0.052485346705901  0.022904480025545 -0.436398
19.812500 -0.053283129760503  0.022172441028652 -0.416125
19.815625 -0.054079348351130  0.021438959695455 -0.396435
19.818750 -0.054873979083368  0.020704074828000 -0.377302
19.821875 -0.055666998780898  0.019967821380175 -0.358701
19.825000 -0.056458384485055  0.019230230333380 -0.340609
19.828125 -0.057248113454390  0.018491328627242 -0.323003
19.831250 -0.058036163164217  0.017751139079821 -0.305863
19.834375 -0.058822511306148  0.017009680373911 -0.28917
19.837500 -0.059607135787623  0.016266967030250 -0.272903
19.840625 -0.060390014731426  0.015523009444935 -0.257046
19.843750 -0.061171126475192  0.014777813913184 -0.241582
19.846875 -0.061950449570906  0.014031382721386 -0.226494
19.850000 -0.062727962784392  0.013283714223315 -0.211767
19.853125 -0.063503645094798  0.012534802983093 -0.197387
19.856250 -0.064277475694058  0.011784639904941 -0.18334
19.859375 -0.065049433986363  0.011033212423402 -0.169613
19.862500 -0.065819499587609  0.010280504675542 -0.156192
19.865625 -0.066587652324842  0.009526497741914 -0.143067
19.868750 -0.067353872235702  0.008771169863335 -0.130225
19.871875 -0.068118139567842  0.008014496716780 -0.117656
19.875000 -0.068880434778354  0.007256451668683 -0.105349
19.878125 -0.069640738533179  0.006497006084002 -0.0932932
19.881250 -0.070399031706511  0.005736129614202 -0.0814802
19.884375 -0.071155295380198  0.004973790529902 -0.0699005
19.887500 -0.071909510843124  0.004209956026652 -0.0585452
19.890625 -0.072661659590596  0.003444592580106 -0.0474059
19.893750 -0.073411723323716  0.002677666264081 -0.0364746
19.896875 -0.074159683948749  0.001909143116666 -0.0257437
19.900000 -0.074905523576484  0.001138989465604 -0.0152057
19.903125 -0.075649224521582  0.000367172289689 -0.00485362
19.906250 -0.076390769301929 -0.000406340457485 0.00531924
19.909375 -0.077130140637970 -0.001181579490536 0.0153193
19.912500 -0.077867321452044 -0.001958573880509 0.0251527
19.915625 -0.078602294867713 -0.002737350715635 0.0348253
19.918750 -0.079335044209077 -0.003517934809822 0.0443428
19.921875 -0.080065553000092 -0.004300348385328 0.0537103
19.925000 -0.080793804963875 -0.005084610804936 0.0629332
19.928125 -0.081519784022006 -0.005870738285919 0.0720161
19.931250 -0.082243474293830 -0.006658743670710 0.0809638
19.934375 -0.082964860095738 -0.007448636170316 0.0897806
19.937500 -0.083683925940455 -0.008240421174562 0.0984708
19.940625 -0.084400656536324 -0.009034100034014 0.107038
19.943750 -0.085115036786571 -0.009829669911050 0.115487
19.946875 -0.085827051788583 -0.010627123609928 0.12382
19.950000 -0.086536686833162 -0.011426449465726 0.132042
19.953125 -0.087243927403790 -0.012227631219880 0.140155
19.956250 -0.087948759175878 -0.013030647952120 0.148162
19.959375 -0.088651168016016 -0.013835474001953 0.156066
19.962500 -0.089351139981221 -0.014642078944770 0.163871
19.965625 -0.090048661318165 -0.015450427553287 0.171579
19.968750 -0.090743718462422 -0.016260479815523 0.179191
19.971875 -0.091436298037689 -0.017072190937742 0.186711
19.975000 -0.092126386855015 -0.017885511404462 0.194141
19.978125 -0.092813971912025 -0.018700387014307 0.201482
19.981250 -0.093499040392134 -0.019516758976272 0.208738
19.984375 -0.094181579663762 -0.020334563981029 0.215908
19.987500 -0.094861577279541 -0.021153734331035 0.222996
19.990625 -0.095539020975524 -0.021974198043995 0.230002
19.993750 -0.096213898670389 -0.022795879007299 0.236929
19.996875 -0.096886198464630 -0.023618697110102 0.243778
