0.000000 0.000000 0.000000 1.98698
0.006250 0.000003 0.000004 1.09619
0.012500 0.000015 0.000015 1.02687
0.018750 0.000040 0.000040 1.00787
0.025000 0.000083 0.000083 1.00008
0.031250 0.000149 0.000148 0.996125
0.037500 0.000242 0.000241 0.993838
0.043750 0.000366 0.000364 0.992388
0.050000 0.000525 0.000520 0.991401
0.056250 0.000721 0.000715 0.990692
0.062500 0.000959 0.000949 0.990159
0.068750 0.001240 0.001227 0.989744
0.075000 0.001568 0.001551 0.98941
0.081250 0.001944 0.001923 0.989133
0.087500 0.002371 0.002345 0.988898
0.093750 0.002851 0.002819 0.988694
0.100000 0.003385 0.003346 0.988515
0.106250 0.003975 0.003929 0.988354
0.112500 0.004623 0.004568 0.988208
0.118750 0.005329 0.005265 0.988073
0.125000 0.006094 0.006021 0.987948
0.131250 0.006920 0.006836 0.987831
0.137500 0.007806 0.007710 0.98772
0.143750 0.008754 0.008646 0.987614
0.150000 0.009763 0.009642 0.987513
0.156250 0.010835 0.010699 0.987416
0.162500 0.011968 0.011817 0.987322
0.168750 0.013164 0.012996 0.987231
0.175000 0.014421 0.014236 0.987143
0.181250 0.015740 0.015537 0.987057
0.187500 0.017121 0.016898 0.986973
0.193750 0.018562 0.018319 0.98689
0.200000 0.020063 0.019799 0.98681
0.206250 0.021625 0.021338 0.98673
0.212500 0.023245 0.022934 0.986652
0.218750 0.024923 0.024588 0.986576
0.225000 0.026658 0.026299 0.9865
0.231250 0.028450 0.028064 0.986426
0.237500 0.030297 0.029884 0.986354
0.243750 0.032199 0.031757 0.986284
0.250000 0.034154 0.033683 0.986216
0.256250 0.036160 0.035659 0.98615
0.262500 0.038217 0.037686 0.986085
0.268750 0.040324 0.039760 0.986021
0.275000 0.042479 0.041883 0.985957
0.281250 0.044681 0.044051 0.985894
0.287500 0.046928 0.046263 0.985832
0.293750 0.049219 0.048519 0.98577
0.300000 0.051553 0.050816 0.985708
0.306250 0.053928 0.053154 0.985646
0.312500 0.056342 0.055530 0.985584
0.318750 0.058795 0.057944 0.985523
0.325000 0.061284 0.060393 0.985463
0.331250 0.063808 0.062877 0.985404
0.337500 0.066365 0.065393 0.985345
0.343750 0.068955 0.067940 0.985287
0.350000 0.071574 0.070517 0.985228
0.356250 0.074222 0.073121 0.98517
0.362500 0.076897 0.075752 0.985111
0.368750 0.079598 0.078408 0.985052
0.375000 0.082322 0.081087 0.984994
0.381250 0.085069 0.083788 0.984936
0.387500 0.087836 0.086508 0.984878
0.393750 0.090623 0.089247 0.98482
0.400000 0.093427 0.092003 0.984762
0.406250 0.096246 0.094774 0.984705
0.412500 0.099080 0.097559 0.984648
0.418750 0.101926 0.100356 0.984592
0.425000 0.104784 0.103164 0.984536
0.431250 0.107651 0.105980 0.98448
0.437500 0.110526 0.108805 0.984424
0.443750 0.113408 0.111635 0.984369
0.450000 0.116295 0.114470 0.984314
0.456250 0.119185 0.117309 0.984259
0.462500 0.122077 0.120149 0.984205
0.468750 0.124970 0.122989 0.984151
0.475000 0.127861 0.125828 0.984098
0.481250 0.130751 0.128665 0.984045
0.487500 0.133636 0.131497 0.983992
0.493750 0.136517 0.134324 0.98394
0.500000 0.139391 0.137145 0.983889
0.506250 0.142257 0.139958 0.983837
0.512500 0.145114 0.142761 0.983787
0.518750 0.147960 0.145554 0.983736
0.525000 0.150795 0.148335 0.983687
0.531250 0.153617 0.151103 0.983637
0.537500 0.156424 0.153857 0.983589
0.543750 0.159216 0.156596 0.98354
0.550000 0.161992 0.159318 0.983492
0.556250 0.164749 0.162022 0.983445
0.562500 0.167488 0.164707 0.983398
0.568750 0.170206 0.167372 0.983352
0.575000 0.172903 0.170017 0.983306
0.581250 0.175579 0.172639 0.98326
0.587500 0.178230 0.175239 0.983215
0.593750 0.180858 0.177814 0.98317
0.600000 0.183460 0.180364 0.983126
0.606250 0.186036 0.182889 0.983082
0.612500 0.188585 0.185387 0.983039
0.618750 0.191106 0.187856 0.982996
0.625000 0.193598 0.190298 0.982954
0.631250 0.196060 0.192709 0.982912
0.637500 0.198491 0.195091 0.98287
0.643750 0.200891 0.197442 0.982829
0.650000 0.203259 0.199760 0.982788
0.656250 0.205593 0.202046 0.982748
0.662500 0.207894 0.204299 0.982708
0.668750 0.210161 0.206518 0.982668
0.675000 0.212392 0.208702 0.982629
0.681250 0.214587 0.210851 0.98259
0.687500 0.216746 0.212964 0.982551
0.693750 0.218868 0.215041 0.982513
0.700000 0.220953 0.217080 0.982475
0.706250 0.222999 0.219082 0.982437
0.712500 0.225006 0.221046 0.9824
0.718750 0.226974 0.222971 0.982363
0.725000 0.228903 0.224857 0.982326
0.731250 0.230791 0.226704 0.98229
0.737500 0.232638 0.228510 0.982254
0.743750 0.234445 0.230276 0.982219
0.750000 0.236210 0.232001 0.982183
0.756250 0.237933 0.233685 0.982148
0.762500 0.239614 0.235328 0.982114
0.768750 0.241252 0.236929 0.982079
0.775000 0.242848 0.238487 0.982045
0.781250 0.244400 0.240004 0.982011
0.787500 0.245909 0.241477 0.981977
0.793750 0.247374 0.242908 0.981944
0.800000 0.248796 0.244295 0.981911
0.806250 0.250173 0.245639 0.981878
0.812500 0.251506 0.246940 0.981846
0.818750 0.252794 0.248197 0.981813
0.825000 0.254038 0.249410 0.981781
0.831250 0.255237 0.250579 0.981749
0.837500 0.256391 0.251704 0.981718
0.843750 0.257500 0.252785 0.981687
0.850000 0.258565 0.253821 0.981656
0.856250 0.259584 0.254814 0.981625
0.862500 0.260558 0.255762 0.981594
0.868750 0.261486 0.256665 0.981564
0.875000 0.262370 0.257525 0.981533
0.881250 0.263208 0.258340 0.981503
0.887500 0.264001 0.259110 0.981473
0.893750 0.264749 0.259837 0.981444
0.900000 0.265452 0.260519 0.981414
0.906250 0.266110 0.261156 0.981385
0.912500 0.266723 0.261750 0.981356
0.918750 0.267291 0.262300 0.981327
0.925000 0.267815 0.262806 0.981298
0.931250 0.268294 0.263268 0.981269
0.937500 0.268728 0.263687 0.98124
0.943750 0.269118 0.264062 0.981212
0.950000 0.269464 0.264393 0.981183
0.956250 0.269766 0.264682 0.981155
0.962500 0.270024 0.264928 0.981127
0.968750 0.270239 0.265131 0.981098
0.975000 0.270410 0.265291 0.98107
0.981250 0.270538 0.265409 0.981042
0.987500 0.270623 0.265485 0.981014
0.993750 0.270665 0.265519 0.980987
1.000000 0.270665 0.265512 0.980959
1.006250 0.270623 0.265463 0.980931
1.012500 0.270539 0.265373 0.980904
1.018750 0.270413 0.265242 0.980877
1.025000 0.270247 0.265071 0.98085
1.031250 0.270039 0.264860 0.980823
1.037500 0.269790 0.264609 0.980796
1.043750 0.269501 0.264318 0.980769
1.050000 0.269172 0.263988 0.980743
1.056250 0.268803 0.263620 0.980717
1.062500 0.268395 0.263212 0.98069
1.068750 0.267948 0.262767 0.980664
1.075000 0.267462 0.262283 0.980638
1.081250 0.266938 0.261762 0.980612
1.087500 0.266376 0.261204 0.980586
1.093750 0.265776 0.260609 0.98056
1.100000 0.265139 0.259978 0.980534
1.106250 0.264466 0.259310 0.980507
1.112500 0.263756 0.258607 0.980481
1.118750 0.263010 0.257869 0.980454
1.125000 0.262228 0.257096 0.980428
1.131250 0.261411 0.256288 0.980401
1.137500 0.260560 0.255446 0.980374
1.143750 0.259674 0.254570 0.980347
1.150000 0.258754 0.253662 0.98032
1.156250 0.257801 0.252720 0.980293
1.162500 0.256814 0.251746 0.980265
1.168750 0.255795 0.250740 0.980238
1.175000 0.254744 0.249702 0.98021
1.181250 0.253661 0.248634 0.980183
1.187500 0.252546 0.247534 0.980155
1.193750 0.251401 0.246405 0.980127
1.200000 0.250225 0.245246 0.980099
1.206250 0.249020 0.244057 0.98007
1.212500 0.247785 0.242839 0.980042
1.218750 0.246520 0.241593 0.980013
1.225000 0.245227 0.240319 0.979984
1.231250 0.243906 0.239017 0.979955
1.237500 0.242557 0.237688 0.979925
1.243750 0.241181 0.236333 0.979896
1.250000 0.239779 0.234951 0.979866
1.256250 0.238350 0.233543 0.979836
1.262500 0.236895 0.232111 0.979805
1.268750 0.235414 0.230653 0.979775
1.275000 0.233909 0.229171 0.979744
1.281250 0.232379 0.227665 0.979713
1.287500 0.230825 0.226135 0.979682
1.293750 0.229248 0.224583 0.979651
1.300000 0.227648 0.223008 0.979619
1.306250 0.226025 0.221411 0.979587
1.312500 0.224379 0.219792 0.979555
1.318750 0.222713 0.218152 0.979523
1.325000 0.221025 0.216492 0.979491
1.331250 0.219316 0.214811 0.979458
1.337500 0.217587 0.213110 0.979426
1.343750 0.215838 0.211390 0.979393
1.350000 0.214069 0.209651 0.97936
1.356250 0.212282 0.207894 0.979327
1.362500 0.210477 0.206118 0.979294
1.368750 0.208653 0.204326 0.979261
1.375000 0.206812 0.202516 0.979229
1.381250 0.204953 0.200689 0.979196
1.387500 0.203078 0.198847 0.979164
1.393750 0.201187 0.196988 0.979131
1.400000 0.199280 0.195115 0.979099
1.406250 0.197358 0.193226 0.979067
1.412500 0.195420 0.191324 0.979036
1.418750 0.193469 0.189407 0.979004
1.425000 0.191503 0.187477 0.978973
1.431250 0.189524 0.185533 0.978942
1.437500 0.187532 0.183577 0.978911
1.443750 0.185527 0.181609 0.978881
1.450000 0.183510 0.179628 0.978851
1.456250 0.181480 0.177637 0.978821
1.462500 0.179440 0.175634 0.97879
1.468750 0.177388 0.173621 0.97876
1.475000 0.175326 0.171597 0.97873
1.481250 0.173254 0.169564 0.9787
1.487500 0.171172 0.167521 0.97867
1.493750 0.169080 0.165469 0.978639
1.500000 0.166980 0.163408 0.978609
1.506250 0.164871 0.161339 0.978578
1.512500 0.162754 0.159262 0.978546
1.518750 0.160629 0.157178 0.978514
1.525000 0.158497 0.155086 0.978481
1.531250 0.156358 0.152988 0.978448
1.537500 0.154212 0.150883 0.978414
1.543750 0.152060 0.148772 0.978379
1.550000 0.149902 0.146656 0.978344
1.556250 0.147739 0.144534 0.978307
1.562500 0.145571 0.142407 0.978269
1.568750 0.143397 0.140276 0.978231
1.575000 0.141220 0.138140 0.978191
1.581250 0.139038 0.136001 0.97815
1.587500 0.136853 0.133857 0.978109
1.593750 0.134665 0.131711 0.978066
1.600000 0.132474 0.129562 0.978022
1.606250 0.130280 0.127410 0.977977
1.612500 0.128083 0.125257 0.977931
1.618750 0.125885 0.123101 0.977884
1.625000 0.123686 0.120944 0.977837
1.631250 0.121485 0.118786 0.977788
1.637500 0.119283 0.116627 0.977738
1.643750 0.117080 0.114468 0.977687
1.650000 0.114877 0.112308 0.977635
1.656250 0.112674 0.110148 0.977582
1.662500 0.110472 0.107989 0.977528
1.668750 0.108270 0.105831 0.977472
1.675000 0.106069 0.103674 0.977416
1.681250 0.103870 0.101518 0.977358
1.687500 0.101671 0.099363 0.977299
1.693750 0.099475 0.097211 0.977239
1.700000 0.097281 0.095061 0.977177
1.706250 0.095089 0.092913 0.977112
1.712500 0.092900 0.090768 0.977046
1.718750 0.090714 0.088625 0.976977
1.725000 0.088531 0.086486 0.976905
1.731250 0.086351 0.084351 0.97683
1.737500 0.084176 0.082219 0.976751
1.743750 0.082004 0.080091 0.976668
1.750000 0.079836 0.077967 0.97658
1.756250 0.077673 0.075847 0.976487
1.762500 0.075515 0.073732 0.976388
1.768750 0.073362 0.071622 0.976282
1.775000 0.071214 0.069517 0.97617
1.781250 0.069072 0.067417 0.976049
1.787500 0.066935 0.065323 0.975919
1.793750 0.064804 0.063234 0.97578
1.800000 0.062679 0.061152 0.975629
1.806250 0.060561 0.059075 0.975466
1.812500 0.058449 0.057005 0.975289
1.818750 0.056344 0.054941 0.975097
1.825000 0.054246 0.052884 0.974888
1.831250 0.052156 0.050834 0.97466
1.837500 0.050073 0.048791 0.974411
1.843750 0.047997 0.046756 0.974138
1.850000 0.045929 0.044727 0.973837
1.856250 0.043869 0.042707 0.973503
1.862500 0.041818 0.040694 0.973133
1.868750 0.039774 0.038689 0.972721
1.875000 0.037740 0.036693 0.97226
1.881250 0.035714 0.034705 0.971745
1.887500 0.033697 0.032725 0.971167
1.893750 0.031689 0.030755 0.970518
1.900000 0.029690 0.028793 0.96979
1.906250 0.027701 0.026841 0.968957
1.912500 0.025721 0.024897 0.967978
1.918750 0.023751 0.022962 0.966809
1.925000 0.021790 0.021037 0.965414
1.931250 0.019840 0.019121 0.96377
1.937500 0.017900 0.017217 0.961866
1.943750 0.015970 0.015326 0.959695
1.950000 0.014051 0.013450 0.957239
1.956250 0.012142 0.011590 0.954527
1.962500 0.010244 0.009749 0.95168
1.968750 0.008356 0.007930 0.948995
1.975000 0.006480 0.006138 0.947179
1.981250 0.004614 0.004375 0.948166
1.987500 0.002760 0.002647 0.959112
1.993750 0.000917 0.000958 1.04442
2.000000 -0.000914 -0.000689 0.753573
2.006250 -0.002731 -0.002290 0.83837
2.012500 -0.004528 -0.003841 0.84827
2.018750 -0.006300 -0.005340 0.847621
2.025000 -0.008042 -0.006784 0.843549
2.031250 -0.009749 -0.008169 0.837981
2.037500 -0.011416 -0.009494 0.831641
2.043750 -0.013041 -0.010757 0.824859
2.050000 -0.014619 -0.011956 0.817797
2.056250 -0.016148 -0.013088 0.810542
2.062500 -0.017622 -0.014153 0.803139
2.068750 -0.019041 -0.015149 0.795614
2.075000 -0.020401 -0.016075 0.787975
2.081250 -0.021699 -0.016930 0.780223
2.087500 -0.022934 -0.017713 0.772355
2.093750 -0.024104 -0.018424 0.764361
2.100000 -0.025206 -0.019062 0.75623
2.106250 -0.026240 -0.019626 0.747947
2.112500 -0.027204 -0.020117 0.739496
2.118750 -0.028096 -0.020534 0.730859
2.125000 -0.028916 -0.020877 0.722015
2.131250 -0.029662 -0.021147 0.712941
2.137500 -0.030335 -0.021344 0.703614
2.143750 -0.030933 -0.021468 0.694007
2.150000 -0.031456 -0.021519 0.68409
2.156250 -0.031904 -0.021498 0.673832
2.162500 -0.032277 -0.021406 0.663197
2.168750 -0.032574 -0.021243 0.652147
2.175000 -0.032797 -0.021011 0.640639
2.181250 -0.032944 -0.020709 0.628626
2.187500 -0.033017 -0.020340 0.616055
2.193750 -0.033015 -0.019904 0.602865
2.200000 -0.032940 -0.019401 0.588989
2.206250 -0.032791 -0.018834 0.574353
2.212500 -0.032570 -0.018203 0.55887
2.218750 -0.032278 -0.017509 0.542445
2.225000 -0.031914 -0.016754 0.524968
2.231250 -0.031481 -0.015939 0.50631
2.237500 -0.030979 -0.015066 0.486323
2.243750 -0.030410 -0.014135 0.464835
2.250000 -0.029773 -0.013149 0.441642
2.256250 -0.029071 -0.012108 0.416506
2.262500 -0.028305 -0.011015 0.389142
2.268750 -0.027475 -0.009869 0.359211
2.275000 -0.026584 -0.008674 0.326299
2.281250 -0.025633 -0.007431 0.289904
2.287500 -0.024623 -0.006141 0.249403
2.293750 -0.023555 -0.004806 0.204019
2.300000 -0.022431 -0.003427 0.152768
2.306250 -0.021252 -0.002006 0.0943801
2.312500 -0.020020 -0.000544 0.0271958
2.318750 -0.018737 0.000956 -0.0510016
2.325000 -0.017403 0.002493 -0.143239
2.331250 -0.016022 0.004066 -0.253762
2.337500 -0.014593 0.005672 -0.388712
2.343750 -0.013119 0.007312 -0.557327
2.350000 -0.011601 0.008981 -0.77417
2.356250 -0.010042 0.010680 -1.06361
2.362500 -0.008442 0.012407 -1.46974
2.368750 -0.006803 0.014160 -2.08142
2.375000 -0.005127 0.015936 -3.10845
2.381250 -0.003415 0.017736 -5.19315
2.387500 -0.001670 0.019557 -11.7116
2.393750 0.000108 0.021398 198.604
2.400000 0.001916 0.023257 12.1382
2.406250 0.003753 0.025133 6.69618
2.412500 0.005618 0.027024 4.81024
2.418750 0.007508 0.028928 3.85281
2.425000 0.009423 0.030845 3.27341
2.431250 0.011360 0.032773 2.88491
2.437500 0.013318 0.034710 2.6062
2.443750 0.015296 0.036655 2.39641
2.450000 0.017291 0.038607 2.23273
2.456250 0.019303 0.040564 2.10141
2.462500 0.021330 0.042525 1.99368
2.468750 0.023370 0.044488 1.90367
2.475000 0.025421 0.046453 1.82731
2.481250 0.027484 0.048417 1.76169
2.487500 0.029554 0.050381 1.70467
2.493750 0.031633 0.052341 1.65466
2.500000 0.033717 0.054298 1.61041
2.506250 0.035806 0.056251 1.57097
2.512500 0.037899 0.058196 1.53559
2.518750 0.039993 0.060135 1.50365
2.525000 0.042087 0.062065 1.47468
2.531250 0.044181 0.063986 1.44826
2.537500 0.046273 0.065896 1.42406
2.543750 0.048362 0.067795 1.40182
2.550000 0.050446 0.069680 1.38129
2.556250 0.052524 0.071552 1.36228
2.562500 0.054595 0.073410 1.34462
2.568750 0.056658 0.075252 1.32816
2.575000 0.058712 0.077077 1.31279
2.581250 0.060756 0.078885 1.29839
2.587500 0.062787 0.080674 1.28488
2.593750 0.064807 0.082444 1.27216
2.600000 0.066812 0.084194 1.26016
2.606250 0.068803 0.085924 1.24883
2.612500 0.070778 0.087631 1.2381
2.618750 0.072737 0.089316 1.22793
2.625000 0.074678 0.090978 1.21827
2.631250 0.076601 0.092616 1.20908
2.637500 0.078504 0.094229 1.20032
2.643750 0.080386 0.095817 1.19196
2.650000 0.082248 0.097379 1.18397
2.656250 0.084087 0.098915 1.17633
2.662500 0.085904 0.100423 1.16901
2.668750 0.087697 0.101903 1.16199
2.675000 0.089466 0.103356 1.15525
2.681250 0.091210 0.104779 1.14877
2.687500 0.092928 0.106173 1.14253
2.693750 0.094620 0.107537 1.13652
2.700000 0.096284 0.108871 1.13073
2.706250 0.097921 0.110174 1.12513
2.712500 0.099529 0.111446 1.11973
2.718750 0.101109 0.112686 1.1145
2.725000 0.102659 0.113895 1.10945
2.731250 0.104179 0.115071 1.10455
2.737500 0.105669 0.116214 1.0998
2.743750 0.107127 0.117324 1.09519
2.750000 0.108554 0.118401 1.09071
2.756250 0.109949 0.119445 1.08636
2.762500 0.111312 0.120454 1.08213
2.768750 0.112641 0.121429 1.07802
2.775000 0.113938 0.122370 1.07401
2.781250 0.115201 0.123277 1.0701
2.787500 0.116430 0.124149 1.06629
2.793750 0.117625 0.124985 1.06257
2.800000 0.118786 0.125787 1.05894
2.806250 0.119911 0.126554 1.05539
2.812500 0.121002 0.127285 1.05193
2.818750 0.122057 0.127980 1.04853
2.825000 0.123077 0.128641 1.04521
2.831250 0.124060 0.129265 1.04195
2.837500 0.125008 0.129854 1.03876
2.843750 0.125920 0.130407 1.03563
2.850000 0.126796 0.130925 1.03256
2.856250 0.127635 0.131407 1.02955
2.862500 0.128438 0.131853 1.02659
2.868750 0.129204 0.132263 1.02368
2.875000 0.129933 0.132638 1.02082
2.881250 0.130626 0.132977 1.018
2.887500 0.131282 0.133281 1.01523
2.893750 0.131900 0.133549 1.0125
2.900000 0.132482 0.133782 1.00981
2.906250 0.133028 0.133980 1.00716
2.912500 0.133536 0.134142 1.00454
2.918750 0.134007 0.134269 1.00196
2.925000 0.134442 0.134362 0.999407
2.931250 0.134839 0.134420 0.996887
2.937500 0.135200 0.134443 0.994396
2.943750 0.135525 0.134431 0.991933
2.950000 0.135812 0.134386 0.989495
2.956250 0.136064 0.134306 0.987083
2.962500 0.136279 0.134193 0.984693
2.968750 0.136458 0.134046 0.982326
2.975000 0.136600 0.133865 0.979979
2.981250 0.136707 0.133652 0.97765
2.987500 0.136778 0.133405 0.97534
2.993750 0.136814 0.133126 0.973046
3.000000 0.136814 0.132814 0.970768
3.006250 0.136778 0.132470 0.968503
3.012500 0.136708 0.132094 0.966251
3.018750 0.136603 0.131687 0.964009
3.025000 0.136463 0.131247 0.961778
3.031250 0.136289 0.130777 0.959554
3.037500 0.136081 0.130276 0.957338
3.043750 0.135839 0.129744 0.955128
3.050000 0.135564 0.129182 0.952922
3.056250 0.135255 0.128589 0.95072
3.062500 0.134913 0.127967 0.94852
3.068750 0.134538 0.127316 0.94632
3.075000 0.134130 0.126635 0.94412
3.081250 0.133691 0.125926 0.941918
3.087500 0.133219 0.125188 0.939713
3.093750 0.132716 0.124422 0.937504
3.100000 0.132182 0.123628 0.935289
3.106250 0.131616 0.122807 0.933068
3.112500 0.131020 0.121959 0.930839
3.118750 0.130394 0.121084 0.9286
3.125000 0.129737 0.120182 0.926351
3.131250 0.129051 0.119255 0.92409
3.137500 0.128336 0.118302 0.921816
3.143750 0.127592 0.117324 0.919527
3.150000 0.126819 0.116321 0.917222
3.156250 0.126018 0.115293 0.9149
3.162500 0.125188 0.114242 0.912558
3.168750 0.124332 0.113166 0.910196
3.175000 0.123448 0.112068 0.907811
3.181250 0.122538 0.110946 0.905403
3.187500 0.121601 0.109802 0.902969
3.193750 0.120638 0.108635 0.900507
3.200000 0.119649 0.107447 0.898016
3.206250 0.118636 0.106238 0.895495
3.212500 0.117597 0.105007 0.89294
3.218750 0.116534 0.103756 0.890349
3.225000 0.115447 0.102485 0.887722
3.231250 0.114336 0.101193 0.885055
3.237500 0.113202 0.099883 0.882345
3.243750 0.112045 0.098554 0.879591
3.250000 0.110865 0.097206 0.87679
3.256250 0.109664 0.095839 0.873939
3.262500 0.108440 0.094455 0.871036
3.268750 0.107196 0.093054 0.868076
3.275000 0.105930 0.091636 0.865058
3.281250 0.104645 0.090201 0.861977
3.287500 0.103339 0.088750 0.85883
3.293750 0.102013 0.087284 0.855614
3.300000 0.100668 0.085802 0.852325
3.306250 0.099305 0.084305 0.848957
3.312500 0.097922 0.082794 0.845508
3.318750 0.096522 0.081269 0.841971
3.325000 0.095104 0.079730 0.838342
3.331250 0.093669 0.078178 0.834616
3.337500 0.092218 0.076613 0.830787
3.343750 0.090749 0.075036 0.826847
3.350000 0.089265 0.073447 0.822791
3.356250 0.087765 0.071846 0.818611
3.362500 0.086250 0.070233 0.8143
3.368750 0.084720 0.068610 0.809847
3.375000 0.083176 0.066977 0.805244
3.381250 0.081618 0.065333 0.800481
3.387500 0.080046 0.063680 0.795545
3.393750 0.078460 0.062017 0.790426
3.400000 0.076863 0.060346 0.78511
3.406250 0.075252 0.058665 0.779582
3.412500 0.073630 0.056976 0.773825
3.418750 0.071996 0.055280 0.767824
3.425000 0.070350 0.053576 0.761557
3.431250 0.068694 0.051864 0.755004
3.437500 0.067027 0.050146 0.748141
3.443750 0.065350 0.048421 0.740943
3.450000 0.063664 0.046690 0.733379
3.456250 0.061968 0.044952 0.725418
3.462500 0.060262 0.043210 0.717024
3.468750 0.058549 0.041462 0.708155
3.475000 0.056827 0.039709 0.698766
3.481250 0.055097 0.037951 0.688806
3.487500 0.053360 0.036189 0.678215
3.493750 0.051615 0.034424 0.666928
3.500000 0.049864 0.032654 0.654867
3.506250 0.048106 0.030882 0.641945
3.512500 0.046342 0.029106 0.628061
3.518750 0.044573 0.027327 0.613097
3.525000 0.042798 0.025547 0.596916
3.531250 0.041018 0.023764 0.579355
3.537500 0.039233 0.021979 0.560224
3.543750 0.037444 0.020193 0.539293
3.550000 0.035651 0.018406 0.516288
3.556250 0.033854 0.016618 0.490876
3.562500 0.032053 0.014829 0.462646
3.568750 0.030250 0.013040 0.431091
3.575000 0.028444 0.011252 0.395575
3.581250 0.026635 0.009463 0.355286
3.587500 0.024824 0.007675 0.309178
3.593750 0.023012 0.005888 0.255873
3.600000 0.021198 0.004102 0.193522
3.606250 0.019383 0.002318 0.119582
3.612500 0.017566 0.000535 0.0304606
3.618750 0.015750 -0.001246 -0.0790897
3.625000 0.013933 -0.003024 -0.21705
3.631250 0.012116 -0.004800 -0.396181
3.637500 0.010299 -0.006573 -0.63823
3.643750 0.008483 -0.008343 -0.983531
3.650000 0.006668 -0.010110 -1.51627
3.656250 0.004854 -0.011873 -2.44629
3.662500 0.003041 -0.013633 -4.4832
3.668750 0.001230 -0.015388 -12.5129
3.675000 -0.000579 -0.017140 29.5841
3.681250 -0.002386 -0.018886 7.91454
3.687500 -0.004191 -0.020629 4.92238
3.693750 -0.005993 -0.022366 3.73231
3.700000 -0.007791 -0.024099 3.09298
3.706250 -0.009587 -0.025826 2.69385
3.712500 -0.011379 -0.027548 2.42092
3.718750 -0.013168 -0.029265 2.22248
3.725000 -0.014952 -0.030976 2.07167
3.731250 -0.016732 -0.032681 1.95318
3.737500 -0.018508 -0.034381 1.85762
3.743750 -0.020280 -0.036075 1.77891
3.750000 -0.022046 -0.037764 1.71295
3.756250 -0.023807 -0.039446 1.65688
3.762500 -0.025563 -0.041122 1.60863
3.768750 -0.027314 -0.042792 1.56667
3.775000 -0.029059 -0.044456 1.52984
3.781250 -0.030798 -0.046112 1.49726
3.787500 -0.032531 -0.047763 1.46824
3.793750 -0.034257 -0.049406 1.44222
3.800000 -0.035977 -0.051043 1.41877
3.806250 -0.037690 -0.052673 1.39751
3.812500 -0.039397 -0.054295 1.37816
3.818750 -0.041096 -0.055909 1.36045
3.825000 -0.042788 -0.057515 1.34418
3.831250 -0.044473 -0.059113 1.3292
3.837500 -0.046150 -0.060703 1.31535
3.843750 -0.047819 -0.062286 1.30253
3.850000 -0.049481 -0.063860 1.29062
3.856250 -0.051134 -0.065428 1.27954
3.862500 -0.052779 -0.066987 1.26921
3.868750 -0.054415 -0.068538 1.25953
3.875000 -0.056043 -0.070079 1.25045
3.881250 -0.057662 -0.071610 1.24188
3.887500 -0.059273 -0.073127 1.23374
3.893750 -0.060874 -0.074629 1.22596
3.900000 -0.062466 -0.076114 1.21848
3.906250 -0.064049 -0.077579 1.21125
3.912500 -0.065622 -0.079023 1.20421
3.918750 -0.067186 -0.080443 1.19731
3.925000 -0.068740 -0.081836 1.19051
3.931250 -0.070284 -0.083199 1.18375
3.937500 -0.071819 -0.084530 1.17699
3.943750 -0.073343 -0.085824 1.17017
3.950000 -0.074857 -0.087079 1.16326
3.956250 -0.076361 -0.088290 1.15622
3.962500 -0.077855 -0.089455 1.149
3.968750 -0.079338 -0.090571 1.14158
3.975000 -0.080810 -0.091633 1.13394
3.981250 -0.082272 -0.092641 1.12604
3.987500 -0.083723 -0.093591 1.11787
3.993750 -0.085163 -0.094480 1.10941
4.000000 -0.086591 -0.095308 1.10066
4.006250 -0.088006 -0.096071 1.09164
4.012500 -0.089402 -0.096768 1.0824
4.018750 -0.090772 -0.097399 1.073
4.025000 -0.092113 -0.097960 1.06348
4.031250 -0.093420 -0.098453 1.05387
4.037500 -0.094688 -0.098874 1.04421
4.043750 -0.095914 -0.099225 1.03452
4.050000 -0.097093 -0.099504 1.02482
4.056250 -0.098223 -0.099710 1.01514
4.062500 -0.099301 -0.099844 1.00547
4.068750 -0.100322 -0.099905 0.995837
4.075000 -0.101286 -0.099893 0.986246
4.081250 -0.102189 -0.099808 0.976704
4.087500 -0.103029 -0.099651 0.967214
4.093750 -0.103804 -0.099421 0.957778
4.100000 -0.104513 -0.099120 0.948398
4.106250 -0.105154 -0.098747 0.939073
4.112500 -0.105725 -0.098304 0.929802
4.118750 -0.106226 -0.097790 0.920581
4.125000 -0.106655 -0.097206 0.911408
4.131250 -0.107012 -0.096554 0.902279
4.137500 -0.107295 -0.095835 0.893189
4.143750 -0.107505 -0.095048 0.884132
4.150000 -0.107640 -0.094197 0.875104
4.156250 -0.107702 -0.093280 0.866096
4.162500 -0.107689 -0.092300 0.857103
4.168750 -0.107601 -0.091258 0.848115
4.175000 -0.107439 -0.090155 0.839125
4.181250 -0.107203 -0.088992 0.830125
4.187500 -0.106893 -0.087770 0.821104
4.193750 -0.106509 -0.086491 0.812053
4.200000 -0.106053 -0.085157 0.802963
4.206250 -0.105525 -0.083768 0.793823
4.212500 -0.104925 -0.082326 0.784621
4.218750 -0.104254 -0.080833 0.775348
4.225000 -0.103514 -0.079291 0.76599
4.231250 -0.102705 -0.077700 0.756535
4.237500 -0.101828 -0.076062 0.746969
4.243750 -0.100883 -0.074379 0.737278
4.250000 -0.099874 -0.072653 0.727447
4.256250 -0.098799 -0.070885 0.71746
4.262500 -0.097662 -0.069076 0.7073
4.268750 -0.096462 -0.067229 0.696947
4.275000 -0.095202 -0.065345 0.686383
4.281250 -0.093882 -0.063426 0.675587
4.287500 -0.092505 -0.061473 0.664534
4.293750 -0.091071 -0.059487 0.653199
4.300000 -0.089582 -0.057472 0.641557
4.306250 -0.088039 -0.055427 0.629576
4.312500 -0.086444 -0.053355 0.617225
4.318750 -0.084799 -0.051258 0.604467
4.325000 -0.083105 -0.049137 0.591264
4.331250 -0.081363 -0.046993 0.577572
4.337500 -0.079576 -0.044829 0.563343
4.343750 -0.077744 -0.042645 0.548522
4.350000 -0.075870 -0.040443 0.533052
4.356250 -0.073956 -0.038225 0.516864
4.362500 -0.072001 -0.035992 0.499884
4.368750 -0.070009 -0.033746 0.482027
4.375000 -0.067982 -0.031489 0.463196
4.381250 -0.065919 -0.029221 0.443283
4.387500 -0.063824 -0.026944 0.422161
4.393750 -0.061698 -0.024660 0.399686
4.400000 -0.059543 -0.022370 0.375692
4.406250 -0.057359 -0.020075 0.349984
4.412500 -0.055150 -0.017777 0.322335
4.418750 -0.052916 -0.015477 0.292477
4.425000 -0.050658 -0.013176 0.260093
4.431250 -0.048380 -0.010876 0.224801
4.437500 -0.046082 -0.008578 0.186142
4.443750 -0.043765 -0.006283 0.143557
4.450000 -0.041432 -0.003992 0.0963579
4.456250 -0.039083 -0.001707 0.0436861
4.462500 -0.036721 0.000571 -0.0155406
4.468750 -0.034347 0.002841 -0.0827076
4.475000 -0.031963 0.005102 -0.159618
4.481250 -0.029569 0.007353 -0.248661
4.487500 -0.027168 0.009592 -0.353075
4.493750 -0.024760 0.011819 -0.477359
4.500000 -0.022348 0.014033 -0.627951
4.506250 -0.019932 0.016232 -0.814405
4.512500 -0.017514 0.018416 -1.05153
4.518750 -0.015096 0.020584 -1.36358
4.525000 -0.012678 0.022734 -1.79322
4.531250 -0.010262 0.024866 -2.42309
4.537500 -0.007850 0.026979 -3.43692
4.543750 -0.005442 0.029071 -5.3422
4.550000 -0.003040 0.031143 -10.2451
4.556250 -0.000645 0.033193 -51.4797
4.562500 0.001742 0.035220 20.2183
4.568750 0.004119 0.037224 9.03638
4.575000 0.006486 0.039203 6.04423
4.581250 0.008841 0.041158 4.65529
4.587500 0.011183 0.043087 3.85279
4.593750 0.013512 0.044990 3.32969
4.600000 0.015825 0.046866 2.96147
4.606250 0.018123 0.048715 2.68802
4.612500 0.020403 0.050535 2.47678
4.618750 0.022666 0.052326 2.30857
4.625000 0.024910 0.054088 2.17136
4.631250 0.027134 0.055820 2.05722
4.637500 0.029337 0.057522 1.96072
4.643750 0.031519 0.059192 1.87801
4.650000 0.033678 0.060832 1.80628
4.656250 0.035814 0.062439 1.74344
4.662500 0.037925 0.064014 1.68789
4.668750 0.040012 0.065556 1.6384
4.675000 0.042074 0.067066 1.594
4.681250 0.044109 0.068541 1.55391
4.687500 0.046117 0.069983 1.51752
4.693750 0.048097 0.071391 1.48431
4.700000 0.050049 0.072764 1.45386
4.706250 0.051972 0.074102 1.42582
4.712500 0.053865 0.075406 1.3999
4.718750 0.055728 0.076674 1.37586
4.725000 0.057560 0.077906 1.35347
4.731250 0.059361 0.079103 1.33257
4.737500 0.061130 0.080263 1.31299
4.743750 0.062867 0.081388 1.2946
4.750000 0.064571 0.082476 1.27729
4.756250 0.066242 0.083528 1.26094
4.762500 0.067879 0.084542 1.24549
4.768750 0.069482 0.085521 1.23083
4.775000 0.071051 0.086462 1.21691
4.781250 0.072584 0.087366 1.20365
4.787500 0.074083 0.088234 1.19101
4.793750 0.075546 0.089064 1.17894
4.800000 0.076973 0.089858 1.16739
4.806250 0.078365 0.090614 1.15631
4.812500 0.079719 0.091333 1.14568
4.818750 0.081038 0.092015 1.13546
4.825000 0.082319 0.092660 1.12562
4.831250 0.083563 0.093268 1.11614
4.837500 0.084771 0.093840 1.10698
4.843750 0.085940 0.094374 1.09813
4.850000 0.087073 0.094872 1.08957
4.856250 0.088167 0.095333 1.08127
4.862500 0.089224 0.095758 1.07323
4.868750 0.090243 0.096146 1.06541
4.875000 0.091224 0.096498 1.05781
4.881250 0.092167 0.096814 1.05042
4.887500 0.093072 0.097095 1.04322
4.893750 0.093939 0.097339 1.0362
4.900000 0.094767 0.097548 1.02934
4.906250 0.095558 0.097722 1.02264
4.912500 0.096310 0.097860 1.0161
4.918750 0.097025 0.097964 1.00968
4.925000 0.097701 0.098033 1.0034
4.931250 0.098339 0.098068 0.997246
4.937500 0.098939 0.098069 0.991201
4.943750 0.099501 0.098035 0.985263
4.950000 0.100026 0.097968 0.979425
4.956250 0.100513 0.097867 0.973679
4.962500 0.100962 0.097733 0.96802
4.968750 0.101374 0.097566 0.96244
4.975000 0.101748 0.097367 0.956935
4.981250 0.102086 0.097135 0.951499
4.987500 0.102386 0.096870 0.946125
4.993750 0.102650 0.096574 0.940808
5.000000 0.102877 0.096246 0.935544
5.006250 0.103068 0.095887 0.930328
5.012500 0.103222 0.095496 0.925155
5.018750 0.103340 0.095075 0.92002
5.025000 0.103423 0.094623 0.914919
5.031250 0.103470 0.094142 0.909847
5.037500 0.103482 0.093630 0.904801
5.043750 0.103458 0.093089 0.899776
5.050000 0.103400 0.092519 0.894768
5.056250 0.103307 0.091920 0.889774
5.062500 0.103180 0.091293 0.884788
5.068750 0.103019 0.090637 0.879808
5.075000 0.102825 0.089954 0.87483
5.081250 0.102597 0.089244 0.869849
5.087500 0.102336 0.088506 0.864862
5.093750 0.102042 0.087742 0.859866
5.100000 0.101715 0.086952 0.854855
5.106250 0.101357 0.086136 0.849827
5.112500 0.100967 0.085294 0.844778
5.118750 0.100545 0.084428 0.839703
5.125000 0.100092 0.083537 0.834598
5.131250 0.099608 0.082621 0.829459
5.137500 0.099094 0.081682 0.824283
5.143750 0.098550 0.080719 0.819064
5.150000 0.097976 0.079733 0.813798
5.156250 0.097373 0.078724 0.80848
5.162500 0.096740 0.077693 0.803106
5.168750 0.096079 0.076640 0.797671
5.175000 0.095390 0.075565 0.79217
5.181250 0.094673 0.074470 0.786598
5.187500 0.093929 0.073353 0.780948
5.193750 0.093157 0.072217 0.775216
5.200000 0.092358 0.071060 0.769395
5.206250 0.091534 0.069884 0.763478
5.212500 0.090683 0.068689 0.757461
5.218750 0.089807 0.067475 0.751336
5.225000 0.088905 0.066243 0.745095
5.231250 0.087979 0.064993 0.738732
5.237500 0.087028 0.063726 0.732238
5.243750 0.086054 0.062441 0.725606
5.250000 0.085056 0.061140 0.718826
5.256250 0.084035 0.059823 0.711889
5.262500 0.082991 0.058491 0.704786
5.268750 0.081924 0.057143 0.697506
5.275000 0.080836 0.055780 0.690037
5.281250 0.079727 0.054403 0.682368
5.287500 0.078596 0.053012 0.674485
5.293750 0.077444 0.051607 0.666375
5.300000 0.076272 0.050189 0.658022
5.306250 0.075081 0.048758 0.649411
5.312500 0.073870 0.047315 0.640525
5.318750 0.072639 0.045860 0.631343
5.325000 0.071391 0.044394 0.621846
5.331250 0.070124 0.042916 0.61201
5.337500 0.068839 0.041428 0.601813
5.343750 0.067536 0.039929 0.591226
5.350000 0.066217 0.038420 0.58022
5.356250 0.064881 0.036902 0.568765
5.362500 0.063529 0.035374 0.556823
5.368750 0.062161 0.033838 0.544357
5.375000 0.060777 0.032292 0.531323
5.381250 0.059379 0.030739 0.517674
5.387500 0.057966 0.029178 0.503358
5.393750 0.056539 0.027609 0.488316
5.400000 0.055098 0.026033 0.472482
5.406250 0.053644 0.024450 0.455784
5.412500 0.052176 0.022861 0.43814
5.418750 0.050696 0.021265 0.419456
5.425000 0.049204 0.019663 0.399628
5.431250 0.047700 0.018056 0.378537
5.437500 0.046185 0.016444 0.356048
5.443750 0.044658 0.014827 0.332005
5.450000 0.043121 0.013205 0.306228
5.456250 0.041573 0.011579 0.278512
5.462500 0.040016 0.009949 0.248615
5.468750 0.038449 0.008315 0.216255
5.475000 0.036873 0.006678 0.181099
5.481250 0.035288 0.005037 0.142753
5.487500 0.033694 0.003395 0.100744
5.493750 0.032093 0.001749 0.0545036
5.500000 0.030484 0.000102 0.00333795
5.506250 0.028867 -0.001547 -0.0536059
5.512500 0.027244 -0.003198 -0.11739
5.518750 0.025613 -0.004850 -0.189351
5.525000 0.023977 -0.006503 -0.271202
5.531250 0.022335 -0.008156 -0.365167
5.537500 0.020687 -0.009809 -0.47419
5.543750 0.019033 -0.011463 -0.602251
5.550000 0.017375 -0.013116 -0.754872
5.556250 0.015712 -0.014768 -0.939931
5.562500 0.014045 -0.016420 -1.16908
5.568750 0.012374 -0.018070 -1.46032
5.575000 0.010700 -0.019719 -1.84297
5.581250 0.009022 -0.021366 -2.36829
5.587500 0.007341 -0.023011 -3.13462
5.593750 0.005657 -0.024653 -4.35771
5.600000 0.003972 -0.026293 -6.62027
5.606250 0.002284 -0.027930 -12.2296
5.612500 0.000594 -0.029564 -49.7469
5.618750 -0.001097 -0.031194 28.4447
5.625000 -0.002789 -0.032820 11.769
5.631250 -0.004482 -0.034443 7.6854
5.637500 -0.006175 -0.036061 5.83984
5.643750 -0.007869 -0.037675 4.78797
5.650000 -0.009562 -0.039284 4.10825
5.656250 -0.011255 -0.040889 3.63277
5.662500 -0.012948 -0.042489 3.28143
5.668750 -0.014640 -0.044084 3.0112
5.675000 -0.016331 -0.045674 2.79685
5.681250 -0.018020 -0.047260 2.62266
5.687500 -0.019707 -0.048841 2.4783
5.693750 -0.021393 -0.050417 2.3567
5.700000 -0.023076 -0.051988 2.25287
5.706250 -0.024757 -0.053555 2.16318
5.712500 -0.026436 -0.055117 2.08494
5.718750 -0.028111 -0.056674 2.01608
5.725000 -0.029783 -0.058226 1.95502
5.731250 -0.031452 -0.059774 1.9005
5.737500 -0.033117 -0.061317 1.85152
5.743750 -0.034778 -0.062853 1.80728
5.750000 -0.036435 -0.064384 1.7671
5.756250 -0.038088 -0.065909 1.73046
5.762500 -0.039736 -0.067428 1.69691
5.768750 -0.041379 -0.068942 1.66608
5.775000 -0.043018 -0.070449 1.63767
5.781250 -0.044651 -0.071951 1.61141
5.787500 -0.046279 -0.073448 1.58707
5.793750 -0.047901 -0.074939 1.56446
5.800000 -0.049517 -0.076425 1.5434
5.806250 -0.051128 -0.077905 1.52374
5.812500 -0.052732 -0.079379 1.50533
5.818750 -0.054330 -0.080845 1.48803
5.825000 -0.055921 -0.082302 1.47174
5.831250 -0.057506 -0.083748 1.45635
5.837500 -0.059083 -0.085182 1.44174
5.843750 -0.060654 -0.086602 1.42781
5.850000 -0.062217 -0.088004 1.41447
5.856250 -0.063773 -0.089386 1.40164
5.862500 -0.065321 -0.090746 1.38923
5.868750 -0.066861 -0.092080 1.37718
5.875000 -0.068394 -0.093387 1.36544
5.881250 -0.069918 -0.094665 1.35393
5.887500 -0.071434 -0.095909 1.34262
5.893750 -0.072942 -0.097119 1.33144
5.900000 -0.074442 -0.098290 1.32036
5.906250 -0.075932 -0.099420 1.30932
5.912500 -0.077414 -0.100505 1.29828
5.918750 -0.078887 -0.101543 1.2872
5.925000 -0.080351 -0.102532 1.27605
5.931250 -0.081806 -0.103467 1.2648
5.937500 -0.083251 -0.104348 1.25341
5.943750 -0.084687 -0.105171 1.24188
5.950000 -0.086113 -0.105934 1.23017
5.956250 -0.087530 -0.106635 1.21827
5.962500 -0.088937 -0.107272 1.20616
5.968750 -0.090334 -0.107845 1.19384
5.975000 -0.091721 -0.108350 1.1813
5.981250 -0.093098 -0.108788 1.16853
5.987500 -0.094465 -0.109157 1.15553
5.993750 -0.095821 -0.109456 1.14229
6.000000 -0.097167 -0.109684 1.12882
6.006250 -0.098500 -0.109841 1.11514
6.012500 -0.099813 -0.109927 1.10132
6.018750 -0.101103 -0.109940 1.08741
6.025000 -0.102363 -0.109882 1.07346
6.031250 -0.103590 -0.109752 1.05949
6.037500 -0.104778 -0.109550 1.04554
6.043750 -0.105925 -0.109276 1.03163
6.050000 -0.107026 -0.108930 1.01779
6.056250 -0.108078 -0.108514 1.00403
6.062500 -0.109079 -0.108027 0.990363
6.068750 -0.110024 -0.107471 0.976797
6.075000 -0.110911 -0.106845 0.963339
6.081250 -0.111738 -0.106151 0.949994
6.087500 -0.112503 -0.105389 0.936763
6.093750 -0.113204 -0.104561 0.923647
6.100000 -0.113839 -0.103667 0.910644
6.106250 -0.114406 -0.102708 0.897751
6.112500 -0.114905 -0.101687 0.884964
6.118750 -0.115333 -0.100602 0.872277
6.125000 -0.115690 -0.099457 0.859683
6.131250 -0.115976 -0.098252 0.847176
6.137500 -0.116188 -0.096988 0.834748
6.143750 -0.116328 -0.095667 0.822389
6.150000 -0.116393 -0.094289 0.810091
6.156250 -0.116385 -0.092857 0.797845
6.162500 -0.116303 -0.091373 0.78564
6.168750 -0.116147 -0.089836 0.773465
6.175000 -0.115918 -0.088249 0.76131
6.181250 -0.115614 -0.086614 0.749164
6.187500 -0.115237 -0.084931 0.737014
6.193750 -0.114788 -0.083204 0.724849
6.200000 -0.114266 -0.081432 0.712654
6.206250 -0.113672 -0.079618 0.700417
6.212500 -0.113007 -0.077763 0.688123
6.218750 -0.112272 -0.075869 0.67576
6.225000 -0.111468 -0.073938 0.66331
6.231250 -0.110595 -0.071971 0.650759
6.237500 -0.109655 -0.069970 0.63809
6.243750 -0.108648 -0.067936 0.625286
6.250000 -0.107576 -0.065872 0.612327
6.256250 -0.106440 -0.063778 0.599194
6.262500 -0.105242 -0.061658 0.585866
6.268750 -0.103981 -0.059511 0.572321
6.275000 -0.102661 -0.057340 0.558535
6.281250 -0.101281 -0.055146 0.544481
6.287500 -0.099844 -0.052931 0.530134
6.293750 -0.098351 -0.050696 0.515462
6.300000 -0.096804 -0.048444 0.500434
6.306250 -0.095203 -0.046175 0.485016
6.312500 -0.093550 -0.043891 0.46917
6.318750 -0.091848 -0.041594 0.452855
6.325000 -0.090097 -0.039285 0.436026
6.331250 -0.088299 -0.036965 0.418634
6.337500 -0.086456 -0.034636 0.400625
6.343750 -0.084569 -0.032300 0.381939
6.350000 -0.082640 -0.029958 0.36251
6.356250 -0.080670 -0.027610 0.342264
6.362500 -0.078662 -0.025260 0.32112
6.368750 -0.076616 -0.022907 0.298987
6.375000 -0.074534 -0.020554 0.27576
6.381250 -0.072419 -0.018201 0.251324
6.387500 -0.070271 -0.015850 0.225547
6.393750 -0.068093 -0.013501 0.198279
6.400000 -0.065886 -0.011158 0.169348
6.406250 -0.063651 -0.008819 0.138557
6.412500 -0.061390 -0.006488 0.105678
6.418750 -0.059105 -0.004164 0.0704448
6.425000 -0.056798 -0.001849 0.0325485
6.431250 -0.054469 0.000456 -0.0083764
6.437500 -0.052121 0.002750 -0.0527629
6.443750 -0.049755 0.005032 -0.101128
6.450000 -0.047373 0.007300 -0.154097
6.456250 -0.044976 0.009554 -0.212426
6.462500 -0.042566 0.011793 -0.27705
6.468750 -0.040144 0.014016 -0.349128
6.475000 -0.037712 0.016221 -0.43012
6.481250 -0.035272 0.018408 -0.521893
6.487500 -0.032824 0.020576 -0.626868
6.493750 -0.030370 0.022724 -0.74825
6.500000 -0.027911 0.024851 -0.890365
6.506250 -0.025450 0.026957 -1.0592
6.512500 -0.022987 0.029039 -1.26331
6.518750 -0.020523 0.031099 -1.51528
6.525000 -0.018061 0.033134 -1.83455
6.531250 -0.015601 0.035145 -2.25268
6.537500 -0.013145 0.037129 -2.82462
6.543750 -0.010694 0.039088 -3.65529
6.550000 -0.008248 0.041019 -4.97308
6.556250 -0.005810 0.042923 -7.3873
6.562500 -0.003381 0.044799 -13.2498
6.568750 -0.000962 0.046645 -48.5121
6.575000 0.001447 0.048462 33.4879
6.581250 0.003844 0.050249 13.0728
6.587500 0.006227 0.052006 8.35118
6.593750 0.008597 0.053731 6.25021
6.600000 0.010951 0.055425 5.06127
6.606250 0.013289 0.057087 4.29591
6.612500 0.015609 0.058716 3.76163
6.618750 0.017912 0.060312 3.36724
6.625000 0.020195 0.061876 3.06396
6.631250 0.022458 0.063405 2.82331
6.637500 0.024700 0.064900 2.62758
6.643750 0.026920 0.066361 2.46516
6.650000 0.029117 0.067788 2.32811
6.656250 0.031291 0.069179 2.21083
6.662500 0.033440 0.070535 2.10928
6.668750 0.035565 0.071855 2.02042
6.675000 0.037663 0.073140 1.94196
6.681250 0.039735 0.074389 1.87213
6.687500 0.041779 0.075601 1.80954
6.693750 0.043796 0.076777 1.75308
6.700000 0.045783 0.077916 1.70185
6.706250 0.047742 0.079019 1.65513
6.712500 0.049670 0.080084 1.61232
6.718750 0.051568 0.081113 1.57292
6.725000 0.053435 0.082104 1.53651
6.731250 0.055271 0.083058 1.50275
6.737500 0.057074 0.083975 1.47133
6.743750 0.058845 0.084854 1.44199
6.750000 0.060583 0.085696 1.41453
6.756250 0.062287 0.086500 1.38874
6.762500 0.063957 0.087267 1.36447
6.768750 0.065593 0.087997 1.34156
6.775000 0.067194 0.088689 1.3199
6.781250 0.068760 0.089344 1.29936
6.787500 0.070291 0.089962 1.27985
6.793750 0.071786 0.090542 1.26128
6.800000 0.073245 0.091085 1.24358
6.806250 0.074667 0.091592 1.22666
6.812500 0.076053 0.092061 1.21048
6.818750 0.077402 0.092494 1.19498
6.825000 0.078714 0.092890 1.18009
6.831250 0.079989 0.093250 1.16578
6.837500 0.081226 0.093573 1.152
6.843750 0.082426 0.093861 1.13873
6.850000 0.083588 0.094112 1.12591
6.856250 0.084712 0.094328 1.11352
6.862500 0.085798 0.094509 1.10153
6.868750 0.086846 0.094654 1.08991
6.875000 0.087856 0.094765 1.07864
6.881250 0.088827 0.094840 1.06769
6.887500 0.089760 0.094881 1.05705
6.893750 0.090655 0.094888 1.04669
6.900000 0.091512 0.094861 1.0366
6.906250 0.092330 0.094800 1.02675
6.912500 0.093109 0.094705 1.01714
6.918750 0.093851 0.094577 1.00774
6.925000 0.094554 0.094416 0.998538
6.931250 0.095219 0.094222 0.989528
6.937500 0.095845 0.093995 0.980693
6.943750 0.096434 0.093736 0.972022
6.950000 0.096985 0.093445 0.963504
6.956250 0.097497 0.093122 0.955127
6.962500 0.097972 0.092768 0.946882
6.968750 0.098410 0.092383 0.938759
6.975000 0.098810 0.091967 0.930749
6.981250 0.099172 0.091520 0.922844
6.987500 0.099497 0.091043 0.915035
6.993750 0.099786 0.090537 0.907314
7.000000 0.100037 0.090001 0.899673
7.006250 0.100252 0.089435 0.892106
7.012500 0.100430 0.088841 0.884605
7.018750 0.100572 0.088219 0.877164
7.025000 0.100679 0.087568 0.869776
7.031250 0.100749 0.086890 0.862435
7.037500 0.100784 0.086184 0.855135
7.043750 0.100784 0.085451 0.847868
7.050000 0.100749 0.084692 0.840631
7.056250 0.100679 0.083907 0.833416
7.062500 0.100574 0.083096 0.826218
7.068750 0.100436 0.082260 0.81903
7.075000 0.100263 0.081399 0.811849
7.081250 0.100057 0.080513 0.804666
7.087500 0.099818 0.079603 0.797478
7.093750 0.099546 0.078669 0.790277
7.100000 0.099241 0.077711 0.783059
7.106250 0.098904 0.076731 0.775817
7.112500 0.098534 0.075728 0.768546
7.118750 0.098134 0.074703 0.761239
7.125000 0.097701 0.073656 0.75389
7.131250 0.097238 0.072588 0.746493
7.137500 0.096745 0.071498 0.739041
7.143750 0.096221 0.070388 0.731528
7.150000 0.095667 0.069258 0.723948
7.156250 0.095083 0.068108 0.716293
7.162500 0.094471 0.066938 0.708556
7.168750 0.093830 0.065749 0.700731
7.175000 0.093160 0.064542 0.692809
7.181250 0.092462 0.063316 0.684784
7.187500 0.091736 0.062073 0.676647
7.193750 0.090984 0.060813 0.66839
7.200000 0.090204 0.059535 0.660004
7.206250 0.089398 0.058241 0.651481
7.212500 0.088566 0.056931 0.64281
7.218750 0.087708 0.055605 0.633983
7.225000 0.086825 0.054264 0.624989
7.231250 0.085916 0.052909 0.615817
7.237500 0.084984 0.051539 0.606455
7.243750 0.084027 0.050155 0.596892
7.250000 0.083047 0.048758 0.587113
7.256250 0.082043 0.047347 0.577106
7.262500 0.081016 0.045925 0.566856
7.268750 0.079967 0.044489 0.556346
7.275000 0.078896 0.043043 0.545561
7.281250 0.077803 0.041584 0.534482
7.287500 0.076689 0.040115 0.523089
7.293750 0.075554 0.038636 0.511362
7.300000 0.074399 0.037146 0.499278
7.306250 0.073224 0.035646 0.486812
7.312500 0.072029 0.034137 0.473938
7.318750 0.070814 0.032619 0.460627
7.325000 0.069582 0.031092 0.446848
7.331250 0.068330 0.029557 0.432566
7.337500 0.067061 0.028014 0.417744
7.343750 0.065774 0.026464 0.402342
7.350000 0.064470 0.024906 0.386314
7.356250 0.063150 0.023341 0.369613
7.362500 0.061813 0.021769 0.352183
7.368750 0.060460 0.020191 0.333965
7.375000 0.059091 0.018607 0.314895
7.381250 0.057708 0.017018 0.294897
7.387500 0.056309 0.015423 0.273893
7.393750 0.054897 0.013822 0.251791
7.400000 0.053470 0.012217 0.228491
7.406250 0.052030 0.010608 0.203878
7.412500 0.050577 0.008994 0.177827
7.418750 0.049111 0.007376 0.150193
7.425000 0.047633 0.005755 0.120813
7.431250 0.046142 0.004130 0.0895013
7.437500 0.044641 0.002502 0.0560467
7.443750 0.043128 0.000871 0.020205
7.450000 0.041604 -0.000762 -0.0183054
7.456250 0.040070 -0.002397 -0.0598118
7.462500 0.038526 -0.004033 -0.104697
7.468750 0.036972 -0.005672 -0.153409
7.475000 0.035409 -0.007311 -0.206483
7.481250 0.033837 -0.008952 -0.264554
7.487500 0.032256 -0.010592 -0.328386
7.493750 0.030667 -0.012233 -0.398909
7.500000 0.029070 -0.013874 -0.477263
7.506250 0.027466 -0.015515 -0.564862
7.512500 0.025855 -0.017154 -0.663482
7.518750 0.024237 -0.018793 -0.775384
7.525000 0.022613 -0.020431 -0.903492
7.531250 0.020983 -0.022066 -1.05165
7.537500 0.019346 -0.023700 -1.22504
7.543750 0.017705 -0.025332 -1.43076
7.550000 0.016059 -0.026961 -1.67889
7.556250 0.014407 -0.028586 -1.98414
7.562500 0.012752 -0.030209 -2.36895
7.568750 0.011092 -0.031827 -2.8693
7.575000 0.009429 -0.033442 -3.54666
7.581250 0.007763 -0.035053 -4.51557
7.587500 0.006093 -0.036658 -6.01654
7.593750 0.004421 -0.038260 -8.65494
7.600000 0.002746 -0.039856 -14.5156
7.606250 0.001069 -0.041448 -38.7788
7.612500 -0.000610 -0.043034 70.5582
7.618750 -0.002290 -0.044616 19.4815
7.625000 -0.003972 -0.046192 11.6306
7.631250 -0.005654 -0.047764 8.44783
7.637500 -0.007337 -0.049331 6.72361
7.643750 -0.009020 -0.050893 5.64212
7.650000 -0.010704 -0.052451 4.90037
7.656250 -0.012387 -0.054005 4.35996
7.662500 -0.014069 -0.055555 3.94868
7.668750 -0.015751 -0.057100 3.62516
7.675000 -0.017432 -0.058640 3.364
7.681250 -0.019111 -0.060176 3.14873
7.687500 -0.020789 -0.061706 2.96821
7.693750 -0.022465 -0.063231 2.81466
7.700000 -0.024139 -0.064751 2.68245
7.706250 -0.025810 -0.066266 2.56743
7.712500 -0.027479 -0.067776 2.46647
7.718750 -0.029145 -0.069282 2.37715
7.725000 -0.030808 -0.070784 2.29758
7.731250 -0.032468 -0.072282 2.22627
7.737500 -0.034124 -0.073775 2.162
7.743750 -0.035776 -0.075265 2.1038
7.750000 -0.037424 -0.076750 2.05083
7.756250 -0.039068 -0.078230 2.00243
7.762500 -0.040707 -0.079704 1.958
7.768750 -0.042342 -0.081171 1.91705
7.775000 -0.043972 -0.082630 1.87916
7.781250 -0.045596 -0.084078 1.84396
7.787500 -0.047216 -0.085514 1.81114
7.793750 -0.048829 -0.086936 1.78041
7.800000 -0.050437 -0.088342 1.75151
7.806250 -0.052040 -0.089728 1.72423
7.812500 -0.053636 -0.091092 1.69835
7.818750 -0.055225 -0.092431 1.67371
7.825000 -0.056808 -0.093743 1.65015
7.831250 -0.058385 -0.095024 1.62754
7.837500 -0.059955 -0.096272 1.60574
7.843750 -0.061517 -0.097484 1.58466
7.850000 -0.063073 -0.098658 1.5642
7.856250 -0.064621 -0.099792 1.54427
7.862500 -0.066161 -0.100882 1.52479
7.868750 -0.067694 -0.101926 1.50568
7.875000 -0.069219 -0.102921 1.48689
7.881250 -0.070736 -0.103866 1.46835
7.887500 -0.072245 -0.104756 1.45001
7.893750 -0.073746 -0.105591 1.43182
7.900000 -0.075238 -0.106367 1.41374
7.906250 -0.076721 -0.107083 1.39574
7.912500 -0.078196 -0.107736 1.37778
7.918750 -0.079662 -0.108326 1.35983
7.925000 -0.081119 -0.108851 1.34187
7.931250 -0.082566 -0.109309 1.32389
7.937500 -0.084005 -0.109699 1.30586
7.943750 -0.085434 -0.110020 1.28778
7.950000 -0.086854 -0.110271 1.26962
7.956250 -0.088264 -0.110452 1.25139
7.962500 -0.089664 -0.110562 1.23307
7.968750 -0.091054 -0.110601 1.21467
7.975000 -0.092435 -0.110568 1.19617
7.981250 -0.093805 -0.110463 1.17758
7.987500 -0.095166 -0.110287 1.15889
7.993750 -0.096516 -0.110039 1.14011
8.000000 -0.097856 -0.109720 1.12124
8.006250 -0.099182 -0.109329 1.10231
8.012500 -0.100489 -0.108868 1.08339
8.018750 -0.101772 -0.108338 1.06451
8.025000 -0.103027 -0.107737 1.04573
8.031250 -0.104247 -0.107069 1.02707
8.037500 -0.105430 -0.106332 1.00856
8.043750 -0.106571 -0.105529 0.990222
8.050000 -0.107666 -0.104659 0.972072
8.056250 -0.108712 -0.103725 0.954118
8.062500 -0.109707 -0.102726 0.936369
8.068750 -0.110646 -0.101665 0.918827
8.075000 -0.111528 -0.100542 0.901493
8.081250 -0.112350 -0.099358 0.884365
8.087500 -0.113109 -0.098115 0.867439
8.093750 -0.113804 -0.096815 0.85071
8.100000 -0.114434 -0.095457 0.83417
8.106250 -0.114996 -0.094045 0.817811
8.112500 -0.115489 -0.092578 0.801623
8.118750 -0.115912 -0.091060 0.785595
8.125000 -0.116264 -0.089490 0.769717
8.131250 -0.116544 -0.087871 0.753975
8.137500 -0.116751 -0.086204 0.738359
8.143750 -0.116885 -0.084491 0.722854
8.150000 -0.116946 -0.082733 0.707448
8.156250 -0.116933 -0.080932 0.692125
8.162500 -0.116846 -0.079090 0.676872
8.168750 -0.116685 -0.077207 0.661674
8.175000 -0.116450 -0.075287 0.646516
8.181250 -0.116142 -0.073330 0.631381
8.187500 -0.115760 -0.071338 0.616255
8.193750 -0.115306 -0.069312 0.601119
8.200000 -0.114779 -0.067256 0.585958
8.206250 -0.114180 -0.065169 0.570753
8.212500 -0.113511 -0.063054 0.555486
8.218750 -0.112771 -0.060912 0.540138
8.225000 -0.111963 -0.058745 0.524689
8.231250 -0.111085 -0.056555 0.509118
8.237500 -0.110140 -0.054344 0.493402
8.243750 -0.109129 -0.052112 0.477521
8.250000 -0.108053 -0.049861 0.461448
8.256250 -0.106913 -0.047593 0.445159
8.262500 -0.105710 -0.045310 0.428627
8.268750 -0.104445 -0.043013 0.411822
8.275000 -0.103120 -0.040703 0.394715
8.281250 -0.101737 -0.038382 0.377273
8.287500 -0.100295 -0.036052 0.35946
8.293750 -0.098798 -0.033714 0.34124
8.300000 -0.097246 -0.031369 0.322571
8.306250 -0.095642 -0.029019 0.30341
8.312500 -0.093985 -0.026664 0.283709
8.318750 -0.092279 -0.024308 0.263416
8.325000 -0.090524 -0.021950 0.242476
8.331250 -0.088722 -0.019592 0.220825
8.337500 -0.086875 -0.017236 0.198395
8.343750 -0.084984 -0.014882 0.175112
8.350000 -0.083051 -0.012532 0.150892
8.356250 -0.081078 -0.010187 0.125642
8.362500 -0.079065 -0.007848 0.0992599
8.368750 -0.077016 -0.005517 0.07163
8.375000 -0.074931 -0.003194 0.0426228
8.381250 -0.072812 -0.000880 0.0120926
8.387500 -0.070660 0.001422 -0.0201258
8.393750 -0.068478 0.003713 -0.0542204
8.400000 -0.066267 0.005991 -0.0904057
8.406250 -0.064029 0.008255 -0.128928
8.412500 -0.061765 0.010505 -0.170073
8.418750 -0.059476 0.012738 -0.21417
8.425000 -0.057165 0.014955 -0.261605
8.431250 -0.054834 0.017154 -0.312833
8.437500 -0.052482 0.019334 -0.368392
8.443750 -0.050113 0.021495 -0.428925
8.450000 -0.047728 0.023635 -0.495204
8.456250 -0.045327 0.025754 -0.568171
8.462500 -0.042914 0.027850 -0.64898
8.468750 -0.040489 0.029924 -0.739064
8.475000 -0.038054 0.031974 -0.840226
8.481250 -0.035610 0.033999 -0.954764
8.487500 -0.033159 0.035999 -1.08566
8.493750 -0.030702 0.037973 -1.23683
8.500000 -0.028240 0.039920 -1.41358
8.506250 -0.025776 0.041840 -1.62321
8.512500 -0.023310 0.043731 -1.87609
8.518750 -0.020843 0.045594 -2.18747
8.525000 -0.018378 0.047428 -2.58067
8.531250 -0.015915 0.049232 -3.09338
8.537500 -0.013456 0.051005 -3.79053
8.543750 -0.011002 0.052748 -4.79452
8.550000 -0.008554 0.054459 -6.36681
8.556250 -0.006113 0.056138 -9.18365
8.562500 -0.003681 0.057785 -15.6994
8.568750 -0.001258 0.059399 -47.204
8.575000 0.001153 0.060980 52.8838
8.581250 0.003552 0.062527 17.6009
8.587500 0.005939 0.064040 10.7835
8.593750 0.008311 0.065519 7.88366
8.600000 0.010668 0.066964 6.27732
8.606250 0.013008 0.068373 5.25622
8.612500 0.015331 0.069747 4.54935
8.618750 0.017636 0.071086 4.03068
8.625000 0.019922 0.072388 3.63362
8.631250 0.022187 0.073655 3.31969
8.637500 0.024432 0.074886 3.06508
8.643750 0.026655 0.076080 2.8543
8.650000 0.028854 0.077237 2.6768
8.656250 0.031031 0.078358 2.52519
8.662500 0.033182 0.079442 2.39409
8.668750 0.035309 0.080488 2.27954
8.675000 0.037410 0.081498 2.17851
8.681250 0.039484 0.082470 2.0887
8.687500 0.041531 0.083405 2.00827
8.693750 0.043550 0.084302 1.93578
8.700000 0.045540 0.085162 1.87008
8.706250 0.047500 0.085985 1.8102
8.712500 0.049431 0.086770 1.75537
8.718750 0.051331 0.087517 1.70495
8.725000 0.053201 0.088227 1.65839
8.731250 0.055038 0.088900 1.61524
8.737500 0.056844 0.089535 1.57511
8.743750 0.058617 0.090133 1.53767
8.750000 0.060357 0.090694 1.50264
8.756250 0.062063 0.091218 1.46976
8.762500 0.063735 0.091705 1.43884
8.768750 0.065373 0.092155 1.40967
8.775000 0.066976 0.092568 1.3821
8.781250 0.068545 0.092945 1.35598
8.787500 0.070077 0.093285 1.33118
8.793750 0.071574 0.093590 1.30759
8.800000 0.073035 0.093858 1.28511
8.806250 0.074460 0.094091 1.26366
8.812500 0.075847 0.094289 1.24313
8.818750 0.077198 0.094451 1.22348
8.825000 0.078512 0.094577 1.20462
8.831250 0.079789 0.094669 1.18649
8.837500 0.081028 0.094727 1.16906
8.843750 0.082230 0.094750 1.15225
8.850000 0.083394 0.094738 1.13603
8.856250 0.084520 0.094693 1.12036
8.862500 0.085607 0.094614 1.1052
8.868750 0.086657 0.094501 1.09051
8.875000 0.087669 0.094355 1.07627
8.881250 0.088642 0.094176 1.06243
8.887500 0.089577 0.093964 1.04898
8.893750 0.090473 0.093719 1.03588
8.900000 0.091332 0.093443 1.02312
8.906250 0.092151 0.093134 1.01066
8.912500 0.092933 0.092794 0.998503
8.918750 0.093676 0.092422 0.986613
8.925000 0.094381 0.092019 0.974977
8.931250 0.095047 0.091585 0.963576
8.937500 0.095675 0.091121 0.952396
8.943750 0.096266 0.090626 0.941421
8.950000 0.096818 0.090102 0.930638
8.956250 0.097332 0.089549 0.920033
8.962500 0.097809 0.088966 0.909593
8.968750 0.098247 0.088355 0.899307
8.975000 0.098649 0.087715 0.889163
8.981250 0.099013 0.087047 0.879151
8.987500 0.099340 0.086352 0.86926
8.993750 0.099629 0.085630 0.859481
9.000000 0.099882 0.084880 0.849804
9.006250 0.100099 0.084105 0.84022
9.012500 0.100278 0.083303 0.83072
9.018750 0.100422 0.082476 0.821295
9.025000 0.100530 0.081624 0.811938
9.031250 0.100602 0.080747 0.802641
9.037500 0.100638 0.079846 0.793394
9.043750 0.100639 0.078920 0.784191
9.050000 0.100605 0.077971 0.775024
9.056250 0.100537 0.076999 0.765884
9.062500 0.100434 0.076005 0.756766
9.068750 0.100296 0.074988 0.747659
9.075000 0.100125 0.073948 0.738559
9.081250 0.099921 0.072888 0.729456
9.087500 0.099683 0.071806 0.720343
9.093750 0.099412 0.070703 0.711214
9.100000 0.099108 0.069580 0.70206
9.106250 0.098772 0.068437 0.692873
9.112500 0.098404 0.067274 0.683647
9.118750 0.098005 0.066092 0.674374
9.125000 0.097574 0.064891 0.665046
9.131250 0.097112 0.063672 0.655654
9.137500 0.096619 0.062435 0.646192
9.143750 0.096097 0.061180 0.63665
9.150000 0.095544 0.059908 0.627021
9.156250 0.094962 0.058619 0.617296
9.162500 0.094350 0.057315 0.607467
9.168750 0.093710 0.055994 0.597523
9.175000 0.093041 0.054658 0.587457
9.181250 0.092345 0.053307 0.577258
9.187500 0.091620 0.051941 0.566917
9.193750 0.090869 0.050561 0.556423
9.200000 0.090090 0.049168 0.545765
9.206250 0.089285 0.047761 0.534932
9.212500 0.088454 0.046342 0.523912
9.218750 0.087597 0.044910 0.512693
9.225000 0.086715 0.043467 0.501261
9.231250 0.085808 0.042012 0.489604
9.237500 0.084876 0.040546 0.477705
9.243750 0.083921 0.039069 0.465549
9.250000 0.082941 0.037582 0.45312
9.256250 0.081938 0.036086 0.4404
9.262500 0.080913 0.034580 0.42737
9.268750 0.079865 0.033065 0.41401
9.275000 0.078794 0.031541 0.400297
9.281250 0.077703 0.030009 0.386208
9.287500 0.076590 0.028470 0.371718
9.293750 0.075456 0.026923 0.3568
9.300000 0.074301 0.025368 0.341424
9.306250 0.073127 0.023807 0.325558
9.312500 0.071933 0.022239 0.309167
9.318750 0.070720 0.020665 0.292215
9.325000 0.069488 0.019085 0.274659
9.331250 0.068237 0.017500 0.256457
9.337500 0.066969 0.015909 0.237558
9.343750 0.065683 0.014313 0.21791
9.350000 0.064380 0.012712 0.197455
9.356250 0.063060 0.011107 0.176129
9.362500 0.061724 0.009497 0.153863
9.368750 0.060372 0.007883 0.130579
9.375000 0.059004 0.006266 0.106194
9.381250 0.057621 0.004645 0.0806128
9.387500 0.056224 0.003021 0.0537315
9.393750 0.054812 0.001394 0.0254341
9.400000 0.053386 -0.000235 -0.00440894
9.406250 0.051947 -0.001867 -0.0359425
9.412500 0.050495 -0.003501 -0.0693298
9.418750 0.049030 -0.005136 -0.104755
9.425000 0.047552 -0.006773 -0.142427
9.431250 0.046063 -0.008410 -0.182584
9.437500 0.044562 -0.010049 -0.225499
9.443750 0.043049 -0.011687 -0.271485
9.450000 0.041526 -0.013326 -0.320905
9.456250 0.039993 -0.014965 -0.374182
9.462500 0.038450 -0.016603 -0.431807
9.468750 0.036896 -0.018240 -0.49436
9.475000 0.035334 -0.019876 -0.562526
9.481250 0.033763 -0.021511 -0.637124
9.487500 0.032183 -0.023144 -0.719137
9.493750 0.030595 -0.024774 -0.809762
9.500000 0.028999 -0.026402 -0.910464
9.506250 0.027395 -0.028027 -1.02306
9.512500 0.025785 -0.029649 -1.14985
9.518750 0.024168 -0.031267 -1.29374
9.525000 0.022544 -0.032880 -1.4585
9.531250 0.020914 -0.034490 -1.6491
9.537500 0.019279 -0.036094 -1.87222
9.543750 0.017638 -0.037694 -2.13708
9.550000 0.015992 -0.039288 -2.45672
9.556250 0.014342 -0.040878 -2.85027
9.562500 0.012687 -0.042462 -3.34694
9.568750 0.011028 -0.044042 -3.99362
9.575000 0.009365 -0.045616 -4.87072
9.581250 0.007699 -0.047186 -6.12855
9.587500 0.006030 -0.048752 -8.08438
9.593750 0.004359 -0.050313 -11.5434
9.600000 0.002684 -0.051869 -19.3228
9.606250 0.001008 -0.053421 -52.9959
9.612500 -0.000670 -0.054969 82.0284
9.618750 -0.002350 -0.056511 24.0496
9.625000 -0.004031 -0.058049 14.4019
9.631250 -0.005712 -0.059582 10.4302
9.637500 -0.007395 -0.061110 8.26382
9.643750 -0.009078 -0.062633 6.89976
9.650000 -0.010760 -0.064152 5.96189
9.656250 -0.012443 -0.065667 5.27747
9.662500 -0.014125 -0.067178 4.756
9.668750 -0.015806 -0.068686 4.3455
9.675000 -0.017486 -0.070190 4.01397
9.681250 -0.019165 -0.071691 3.74065
9.687500 -0.020843 -0.073188 3.51147
9.693750 -0.022518 -0.074682 3.31653
9.700000 -0.024191 -0.076171 3.1487
9.706250 -0.025862 -0.077656 3.00267
9.712500 -0.027531 -0.079135 2.87444
9.718750 -0.029196 -0.080607 2.76089
9.725000 -0.030859 -0.082071 2.6596
9.731250 -0.032518 -0.083525 2.56861
9.737500 -0.034173 -0.084967 2.48638
9.743750 -0.035825 -0.086396 2.41162
9.750000 -0.037472 -0.087808 2.34328
9.756250 -0.039116 -0.089203 2.28047
9.762500 -0.040755 -0.090576 2.22246
9.768750 -0.042389 -0.091925 2.16862
9.775000 -0.044018 -0.093248 2.1184
9.781250 -0.045642 -0.094542 2.07135
9.787500 -0.047261 -0.095802 2.02707
9.793750 -0.048875 -0.097028 1.98523
9.800000 -0.050482 -0.098215 1.94554
9.806250 -0.052084 -0.099362 1.90773
9.812500 -0.053680 -0.100466 1.87159
9.818750 -0.055269 -0.101525 1.83692
9.825000 -0.056852 -0.102535 1.80356
9.831250 -0.058428 -0.103495 1.77134
9.837500 -0.059997 -0.104403 1.74014
9.843750 -0.061559 -0.105256 1.70984
9.850000 -0.063114 -0.106052 1.68032
9.856250 -0.064662 -0.106789 1.6515
9.862500 -0.066202 -0.107466 1.6233
9.868750 -0.067735 -0.108079 1.59563
9.875000 -0.069259 -0.108629 1.56844
9.881250 -0.070776 -0.109113 1.54166
9.887500 -0.072284 -0.109530 1.51526
9.893750 -0.073784 -0.109879 1.48919
9.900000 -0.075276 -0.110159 1.4634
9.906250 -0.076759 -0.110369 1.43786
9.912500 -0.078234 -0.110509 1.41256
9.918750 -0.079699 -0.110579 1.38745
9.925000 -0.081156 -0.110577 1.36253
9.931250 -0.082603 -0.110504 1.33777
9.937500 -0.084041 -0.110359 1.31315
9.943750 -0.085470 -0.110143 1.28867
9.950000 -0.086889 -0.109855 1.26431
9.956250 -0.088299 -0.109497 1.24007
9.962500 -0.089699 -0.109068 1.21594
9.968750 -0.091089 -0.108569 1.1919
9.975000 -0.092469 -0.108000 1.16796
9.981250 -0.093839 -0.107363 1.14412
9.987500 -0.095199 -0.106658 1.12036
9.993750 -0.096549 -0.105885 1.0967
10.000000 -0.097888 -0.105046 1.07312
10.006250 -0.099214 -0.104141 1.04966
10.012500 -0.100521 -0.103171 1.02636
10.018750 -0.101804 -0.102139 1.00329
10.025000 -0.103058 -0.101044 0.980455
10.031250 -0.104278 -0.099888 0.957896
10.037500 -0.105461 -0.098672 0.935627
10.043750 -0.106601 -0.097398 0.913661
10.050000 -0.107696 -0.096066 0.892006
10.056250 -0.108742 -0.094678 0.870665
10.062500 -0.109737 -0.093236 0.849637
10.068750 -0.110676 -0.091741 0.828919
10.075000 -0.111557 -0.090194 0.808503
10.081250 -0.112378 -0.088597 0.788383
10.087500 -0.113138 -0.086952 0.768547
10.093750 -0.113833 -0.085259 0.748984
10.100000 -0.114462 -0.083521 0.729681
10.106250 -0.115023 -0.081738 0.710625
10.112500 -0.115516 -0.079914 0.691799
10.118750 -0.115939 -0.078049 0.673189
10.125000 -0.116291 -0.076145 0.654779
10.131250 -0.116570 -0.074203 0.636551
10.137500 -0.116777 -0.072225 0.618488
10.143750 -0.116911 -0.070214 0.600573
10.150000 -0.116972 -0.068170 0.582788
10.156250 -0.116959 -0.066095 0.565115
10.162500 -0.116871 -0.063991 0.547534
10.168750 -0.116710 -0.061860 0.530028
10.175000 -0.116475 -0.059702 0.512576
10.181250 -0.116166 -0.057521 0.49516
10.187500 -0.115785 -0.055317 0.477757
10.193750 -0.115330 -0.053092 0.460349
10.200000 -0.114803 -0.050848 0.442913
10.206250 -0.114204 -0.048585 0.425427
10.212500 -0.113534 -0.046307 0.407869
10.218750 -0.112795 -0.044014 0.390214
10.225000 -0.111986 -0.041708 0.37244
10.231250 -0.111108 -0.039390 0.35452
10.237500 -0.110163 -0.037062 0.336428
10.243750 -0.109152 -0.034725 0.318136
10.250000 -0.108075 -0.032381 0.299616
10.256250 -0.106935 -0.030031 0.280837
10.262500 -0.105731 -0.027677 0.261765
10.268750 -0.104467 -0.025319 0.242368
10.275000 -0.103142 -0.022960 0.222609
10.281250 -0.101758 -0.020601 0.202447
10.287500 -0.100316 -0.018242 0.181843
10.293750 -0.098819 -0.015885 0.16075
10.300000 -0.097267 -0.013532 0.139121
10.306250 -0.095662 -0.011183 0.116902
10.312500 -0.094005 -0.008840 0.0940383
10.318750 -0.092299 -0.006504 0.0704671
10.325000 -0.090543 -0.004176 0.0461213
10.331250 -0.088741 -0.001857 0.0209272
10.337500 -0.086894 0.000452 -0.00519616
10.343750 -0.085003 0.002749 -0.0323378
10.350000 -0.083070 0.005034 -0.0605963
10.356250 -0.081096 0.007305 -0.0900812
10.362500 -0.079084 0.009562 -0.120914
10.368750 -0.077034 0.011804 -0.153231
10.375000 -0.074949 0.014029 -0.187186
10.381250 -0.072830 0.016237 -0.22295
10.387500 -0.070678 0.018427 -0.260718
10.393750 -0.068496 0.020598 -0.300712
10.400000 -0.066285 0.022748 -0.343186
10.406250 -0.064046 0.024878 -0.388431
10.412500 -0.061782 0.026985 -0.436782
10.418750 -0.059493 0.029070 -0.48863
10.425000 -0.057182 0.031132 -0.544432
10.431250 -0.054850 0.033169 -0.604723
10.437500 -0.052499 0.035181 -0.670141
10.443750 -0.050129 0.037168 -0.741445
10.450000 -0.047744 0.039128 -0.819549
10.456250 -0.045343 0.041061 -0.905565
10.462500 -0.042930 0.042967 -1.00086
10.468750 -0.040505 0.044844 -1.10712
10.475000 -0.038069 0.046691 -1.22648
10.481250 -0.035625 0.048510 -1.36167
10.487500 -0.033174 0.050298 -1.51619
10.493750 -0.030717 0.052055 -1.69468
10.500000 -0.028255 0.053781 -1.90342
10.506250 -0.025790 0.055476 -2.15101
10.512500 -0.023324 0.057138 -2.44971
10.518750 -0.020858 0.058767 -2.81751
10.525000 -0.018392 0.060363 -3.28198
10.531250 -0.015929 0.061926 -3.88757
10.537500 -0.013470 0.063455 -4.71087
10.543750 -0.011016 0.064950 -5.89622
10.550000 -0.008567 0.066410 -7.75159
10.556250 -0.006126 0.067835 -11.0726
10.562500 -0.003694 0.069225 -18.7391
10.568750 -0.001272 0.070579 -55.502
10.575000 0.001140 0.071898 63.0725
10.581250 0.003539 0.073180 20.6755
10.587500 0.005926 0.074426 12.5596
10.593750 0.008298 0.075636 9.11494
10.600000 0.010655 0.076809 7.20877
10.606250 0.012995 0.077945 5.99783
10.612500 0.015319 0.079044 5.15993
10.618750 0.017624 0.080106 4.54531
10.625000 0.019910 0.081131 4.07493
10.631250 0.022175 0.082118 3.70312
10.637500 0.024420 0.083068 3.40163
10.643750 0.026643 0.083980 3.15209
10.650000 0.028843 0.084855 2.942
10.656250 0.031019 0.085693 2.76258
10.662500 0.033171 0.086492 2.60747
10.668750 0.035298 0.087255 2.47196
10.675000 0.037399 0.087979 2.35247
10.681250 0.039473 0.088667 2.24627
10.687500 0.041520 0.089317 2.15118
10.693750 0.043539 0.089929 2.0655
10.700000 0.045529 0.090504 1.98785
10.706250 0.047490 0.091043 1.9171
10.712500 0.049421 0.091544 1.85234
10.718750 0.051321 0.092008 1.7928
10.725000 0.053190 0.092436 1.73783
10.731250 0.055028 0.092827 1.68691
10.737500 0.056834 0.093182 1.63956
10.743750 0.058607 0.093501 1.59539
10.750000 0.060347 0.093784 1.55408
10.756250 0.062053 0.094031 1.51533
10.762500 0.063725 0.094242 1.47888
10.768750 0.065364 0.094418 1.44451
10.775000 0.066967 0.094560 1.41203
10.781250 0.068535 0.094666 1.38127
10.787500 0.070068 0.094737 1.35208
10.793750 0.071565 0.094774 1.32431
10.800000 0.073026 0.094777 1.29785
10.806250 0.074450 0.094745 1.27259
10.812500 0.075838 0.094680 1.24844
10.818750 0.077190 0.094581 1.22531
10.825000 0.078504 0.094448 1.20311
10.831250 0.079780 0.094283 1.18178
10.837500 0.081020 0.094084 1.16125
10.843750 0.082221 0.093853 1.14147
10.850000 0.083385 0.093589 1.12237
10.856250 0.084511 0.093293 1.10392
10.862500 0.085599 0.092966 1.08606
10.868750 0.086649 0.092606 1.06875
10.875000 0.087661 0.092216 1.05196
10.881250 0.088634 0.091794 1.03565
10.887500 0.089569 0.091341 1.01979
10.893750 0.090465 0.090859 1.00434
10.900000 0.091324 0.090346 0.98929
10.906250 0.092144 0.089803 0.974599
10.912500 0.092925 0.089231 0.960249
10.918750 0.093668 0.088630 0.946215
10.925000 0.094373 0.088001 0.932478
10.931250 0.095040 0.087343 0.919018
10.937500 0.095668 0.086658 0.905815
10.943750 0.096258 0.085945 0.892854
10.950000 0.096811 0.085205 0.880117
10.956250 0.097325 0.084438 0.867589
10.962500 0.097802 0.083645 0.855256
10.968750 0.098240 0.082827 0.843102
10.975000 0.098642 0.081983 0.831116
10.981250 0.099006 0.081114 0.819284
10.987500 0.099333 0.080221 0.807594
10.993750 0.099623 0.079303 0.796034
11.000000 0.099876 0.078362 0.784593
11.006250 0.100092 0.077397 0.77326
11.012500 0.100272 0.076410 0.762024
11.018750 0.100416 0.075400 0.750874
11.025000 0.100523 0.074367 0.739801
11.031250 0.100595 0.073313 0.728795
11.037500 0.100632 0.072238 0.717845
11.043750 0.100633 0.071142 0.706943
11.050000 0.100599 0.070025 0.69608
11.056250 0.100531 0.068888 0.685245
11.062500 0.100428 0.067731 0.67443
11.068750 0.100290 0.066555 0.663627
11.075000 0.100119 0.065360 0.652825
11.081250 0.099915 0.064147 0.642017
11.087500 0.099677 0.062915 0.631194
11.093750 0.099406 0.061666 0.620345
11.100000 0.099102 0.060399 0.609464
11.106250 0.098766 0.059116 0.59854
11.112500 0.098399 0.057816 0.587566
11.118750 0.097999 0.056500 0.576532
11.125000 0.097568 0.055168 0.565428
11.131250 0.097106 0.053821 0.554247
11.137500 0.096614 0.052459 0.542978
11.143750 0.096091 0.051083 0.531612
11.150000 0.095539 0.049693 0.520139
11.156250 0.094956 0.048290 0.50855
11.162500 0.094345 0.046874 0.496833
11.168750 0.093705 0.045445 0.484979
11.175000 0.093036 0.044004 0.472977
11.181250 0.092340 0.042551 0.460814
11.187500 0.091615 0.041088 0.44848
11.193750 0.090864 0.039613 0.435961
11.200000 0.090085 0.038128 0.423246
11.206250 0.089280 0.036633 0.41032
11.212500 0.088449 0.035129 0.397168
11.218750 0.087592 0.033616 0.383776
11.225000 0.086710 0.032094 0.370129
11.231250 0.085803 0.030564 0.356208
11.237500 0.084872 0.029026 0.341995
11.243750 0.083916 0.027480 0.327473
11.250000 0.082937 0.025928 0.312619
11.256250 0.081934 0.024368 0.297412
11.262500 0.080908 0.022802 0.281828
11.268750 0.079860 0.021230 0.265842
11.275000 0.078790 0.019652 0.249426
11.281250 0.077698 0.018069 0.232551
11.287500 0.076585 0.016480 0.215187
11.293750 0.075451 0.014886 0.197298
11.300000 0.074297 0.013288 0.178849
11.306250 0.073123 0.011685 0.159801
11.312500 0.071929 0.010078 0.14011
11.318750 0.070716 0.008467 0.11973
11.325000 0.069484 0.006852 0.0986125
11.331250 0.068233 0.005234 0.0767029
11.337500 0.066965 0.003612 0.0539428
11.343750 0.065679 0.001988 0.0302686
11.350000 0.064376 0.000361 0.00561074
11.356250 0.063056 -0.001268 -0.0201069
11.362500 0.061720 -0.002899 -0.0469683
11.368750 0.060368 -0.004532 -0.0750658
11.375000 0.059000 -0.006166 -0.104502
11.381250 0.057618 -0.007801 -0.135389
11.387500 0.056220 -0.009437 -0.167854
11.393750 0.054809 -0.011073 -0.202037
11.400000 0.053383 -0.012710 -0.238095
11.406250 0.051944 -0.014347 -0.276202
11.412500 0.050491 -0.015983 -0.316555
11.418750 0.049026 -0.017619 -0.359376
11.425000 0.047549 -0.019253 -0.404918
11.431250 0.046059 -0.020886 -0.453467
11.437500 0.044558 -0.022518 -0.505351
11.443750 0.043046 -0.024147 -0.56095
11.450000 0.041523 -0.025773 -0.620696
11.456250 0.039990 -0.027397 -0.685096
11.462500 0.038446 -0.029017 -0.754739
11.468750 0.036893 -0.030633 -0.830321
11.475000 0.035331 -0.032245 -0.912666
11.481250 0.033760 -0.033853 -1.00276
11.487500 0.032180 -0.035456 -1.1018
11.493750 0.030592 -0.037054 -1.21123
11.500000 0.028996 -0.038647 -1.33284
11.506250 0.027392 -0.040235 -1.46885
11.512500 0.025782 -0.041819 -1.62203
11.518750 0.024165 -0.043398 -1.79593
11.525000 0.022541 -0.044973 -1.99514
11.531250 0.020911 -0.046543 -2.22571
11.537500 0.019276 -0.048108 -2.49575
11.543750 0.017635 -0.049669 -2.81645
11.550000 0.015990 -0.051225 -3.20365
11.556250 0.014339 -0.052776 -3.68059
11.562500 0.012684 -0.054323 -4.28269
11.568750 0.011025 -0.055864 -5.0669
11.575000 0.009363 -0.057401 -6.13083
11.581250 0.007697 -0.058934 -7.65697
11.587500 0.006028 -0.060463 -10.0307
11.593750 0.004356 -0.061987 -14.2302
11.600000 0.002682 -0.063508 -23.6808
11.606250 0.001006 -0.065026 -64.6673
11.612500 -0.000673 -0.066541 98.9348
11.618750 -0.002352 -0.068052 28.9312
11.625000 -0.004033 -0.069561 17.2477
11.631250 -0.005715 -0.071066 12.4355
11.637500 -0.007397 -0.072568 9.81027
11.643750 -0.009080 -0.074067 8.15725
11.650000 -0.010763 -0.075561 7.0207
11.656250 -0.012445 -0.077051 6.19123
11.662500 -0.014127 -0.078535 5.55912
11.668750 -0.015808 -0.080012 5.06134
11.675000 -0.017489 -0.081481 4.65907
11.681250 -0.019167 -0.082940 4.3271
11.687500 -0.020845 -0.084387 4.04835
11.693750 -0.022520 -0.085820 3.81083
11.700000 -0.024193 -0.087238 3.60587
11.706250 -0.025864 -0.088639 3.42705
11.712500 -0.027533 -0.090019 3.26951
11.718750 -0.029198 -0.091376 3.1295
11.725000 -0.030861 -0.092707 3.00407
11.731250 -0.032520 -0.094011 2.8909
11.737500 -0.034175 -0.095283 2.7881
11.743750 -0.035827 -0.096522 2.69413
11.750000 -0.037474 -0.097723 2.60773
11.756250 -0.039118 -0.098885 2.52788
11.762500 -0.040757 -0.100005 2.4537
11.768750 -0.042391 -0.101079 2.38446
11.775000 -0.044020 -0.102106 2.31954
11.781250 -0.045644 -0.103084 2.25842
11.787500 -0.047263 -0.104010 2.20066
11.793750 -0.048877 -0.104882 2.14586
11.800000 -0.050484 -0.105698 2.09369
11.806250 -0.052086 -0.106456 2.04387
11.812500 -0.053681 -0.107155 1.99613
11.818750 -0.055271 -0.107792 1.95026
11.825000 -0.056853 -0.108366 1.90606
11.831250 -0.058429 -0.108875 1.86336
11.837500 -0.059999 -0.109319 1.82202
11.843750 -0.061561 -0.109695 1.78189
11.850000 -0.063116 -0.110003 1.74288
11.856250 -0.064664 -0.110243 1.70486
11.862500 -0.066204 -0.110412 1.66776
11.868750 -0.067736 -0.110511 1.6315
11.875000 -0.069261 -0.110540 1.596
11.881250 -0.070777 -0.110498 1.5612
11.887500 -0.072286 -0.110384 1.52705
11.893750 -0.073786 -0.110199 1.4935
11.900000 -0.075278 -0.109943 1.46051
11.906250 -0.076761 -0.109617 1.42803
11.912500 -0.078235 -0.109219 1.39604
11.918750 -0.079701 -0.108752 1.36451
11.925000 -0.081157 -0.108215 1.3334
11.931250 -0.082604 -0.107608 1.30269
11.937500 -0.084043 -0.106934 1.27237
11.943750 -0.085471 -0.106191 1.24242
11.950000 -0.086891 -0.105382 1.21281
11.956250 -0.088300 -0.104507 1.18354
11.962500 -0.089700 -0.103567 1.15459
11.968750 -0.091090 -0.102563 1.12595
11.975000 -0.092470 -0.101496 1.0976
11.981250 -0.093841 -0.100367 1.06955
11.987500 -0.095201 -0.099178 1.04178
11.993750 -0.096550 -0.097930 1.01429
12.000000 -0.097890 -0.096624 0.987072
12.006250 -0.099216 -0.095261 0.960147
12.012500 -0.100523 -0.093844 0.933558
12.018750 -0.101805 -0.092372 0.907339
12.025000 -0.103059 -0.090848 0.881512
12.031250 -0.104280 -0.089273 0.856095
12.037500 -0.105462 -0.087649 0.831097
12.043750 -0.106603 -0.085977 0.806521
12.050000 -0.107698 -0.084259 0.782367
12.056250 -0.108744 -0.082496 0.75863
12.062500 -0.109738 -0.080690 0.735301
12.068750 -0.110677 -0.078843 0.712371
12.075000 -0.111558 -0.076956 0.689826
12.081250 -0.112380 -0.075030 0.667651
12.087500 -0.113139 -0.073068 0.645829
12.093750 -0.113834 -0.071071 0.624344
12.100000 -0.114463 -0.069041 0.603177
12.106250 -0.115024 -0.066980 0.582308
12.112500 -0.115517 -0.064888 0.561717
12.118750 -0.115940 -0.062768 0.541385
12.125000 -0.116292 -0.060622 0.52129
12.131250 -0.116571 -0.058450 0.501412
12.137500 -0.116778 -0.056255 0.481728
12.143750 -0.116912 -0.054039 0.462217
12.150000 -0.116973 -0.051802 0.442857
12.156250 -0.116960 -0.049547 0.423625
12.162500 -0.116872 -0.047275 0.4045
12.168750 -0.116711 -0.044987 0.385459
12.175000 -0.116476 -0.042686 0.366478
12.181250 -0.116167 -0.040372 0.347534
12.187500 -0.115785 -0.038048 0.328604
12.193750 -0.115331 -0.035714 0.309662
12.200000 -0.114804 -0.033372 0.290685
12.206250 -0.114205 -0.031023 0.271646
12.212500 -0.113535 -0.028670 0.25252
12.218750 -0.112796 -0.026313 0.233279
12.225000 -0.111986 -0.023953 0.213895
12.231250 -0.111109 -0.021593 0.19434
12.237500 -0.110164 -0.019233 0.174583
12.243750 -0.109153 -0.016874 0.154592
12.250000 -0.108076 -0.014518 0.134334
12.256250 -0.106936 -0.012167 0.113775
12.262500 -0.105732 -0.009820 0.0928772
12.268750 -0.104467 -0.007480 0.0716018
12.275000 -0.103142 -0.005148 0.0499075
12.281250 -0.101758 -0.002824 0.02775
12.287500 -0.100317 -0.000510 0.00508203
12.293750 -0.098820 0.001793 -0.018147
12.300000 -0.097268 0.004084 -0.0419916
12.306250 -0.095663 0.006363 -0.0665107
12.312500 -0.094006 0.008627 -0.0917681
12.318750 -0.092299 0.010876 -0.117833
12.325000 -0.090544 0.013109 -0.144781
12.331250 -0.088742 0.015325 -0.172696
12.337500 -0.086895 0.017524 -0.201666
12.343750 -0.085004 0.019703 -0.231794
12.350000 -0.083071 0.021863 -0.263189
12.356250 -0.081097 0.024003 -0.295975
12.362500 -0.079084 0.026121 -0.330287
12.368750 -0.077035 0.028216 -0.36628
12.375000 -0.074950 0.030289 -0.404124
12.381250 -0.072830 0.032338 -0.444014
12.387500 -0.070679 0.034362 -0.486169
12.393750 -0.068497 0.036361 -0.530838
12.400000 -0.066285 0.038333 -0.578307
12.406250 -0.064047 0.040279 -0.628904
12.412500 -0.061783 0.042198 -0.683006
12.418750 -0.059494 0.044088 -0.741054
12.425000 -0.057183 0.045950 -0.803562
12.431250 -0.054851 0.047782 -0.871134
12.437500 -0.052499 0.049585 -0.944486
12.443750 -0.050130 0.051357 -1.02448
12.450000 -0.047744 0.053098 -1.11213
12.456250 -0.045344 0.054807 -1.2087
12.462500 -0.042931 0.056485 -1.31573
12.468750 -0.040505 0.058130 -1.43512
12.475000 -0.038070 0.059742 -1.56927
12.481250 -0.035626 0.061321 -1.72125
12.487500 -0.033174 0.062866 -1.89501
12.493750 -0.030717 0.064377 -2.09579
12.500000 -0.028256 0.065853 -2.33062
12.506250 -0.025791 0.067295 -2.60922
12.512500 -0.023325 0.068701 -2.9454
12.518750 -0.020858 0.070072 -3.35941
12.525000 -0.018393 0.071407 -3.88229
12.531250 -0.015930 0.072706 -4.5641
12.537500 -0.013470 0.073968 -5.49113
12.543750 -0.011016 0.075194 -6.82589
12.550000 -0.008568 0.076384 -8.91522
12.556250 -0.006127 0.077536 -12.655
12.562500 -0.003695 0.078651 -21.2879
12.568750 -0.001272 0.079729 -62.6728
12.575000 0.001139 0.080770 70.8872
12.581250 0.003539 0.081774 23.1067
12.587500 0.005925 0.082739 13.9636
12.593750 0.008298 0.083668 10.0835
12.600000 0.010654 0.084558 7.93644
12.606250 0.012995 0.085411 6.57259
12.612500 0.015318 0.086226 5.62895
12.618750 0.017623 0.087004 4.93683
12.625000 0.019909 0.087744 4.40718
12.631250 0.022175 0.088446 3.98856
12.637500 0.024420 0.089111 3.64915
12.643750 0.026642 0.089738 3.36826
12.650000 0.028842 0.090328 3.1318
12.656250 0.031019 0.090881 2.92989
12.662500 0.033171 0.091397 2.75536
12.668750 0.035297 0.091876 2.6029
12.675000 0.037398 0.092318 2.46851
12.681250 0.039472 0.092723 2.34906
12.687500 0.041519 0.093093 2.24215
12.693750 0.043538 0.093426 2.14583
12.700000 0.045528 0.093723 2.05855
12.706250 0.047489 0.093984 1.97905
12.712500 0.049420 0.094209 1.90629
12.718750 0.051321 0.094399 1.83941
12.725000 0.053190 0.094554 1.77767
12.731250 0.055028 0.094674 1.72049
12.737500 0.056833 0.094759 1.66732
12.743750 0.058606 0.094810 1.61774
12.750000 0.060346 0.094826 1.57137
12.756250 0.062053 0.094808 1.52787
12.762500 0.063725 0.094756 1.48695
12.768750 0.065363 0.094670 1.44838
12.775000 0.066967 0.094551 1.41192
12.781250 0.068535 0.094399 1.37739
12.787500 0.070068 0.094213 1.34461
12.793750 0.071565 0.093995 1.31343
12.800000 0.073026 0.093744 1.28371
12.806250 0.074450 0.093460 1.25534
12.812500 0.075838 0.093145 1.22821
12.818750 0.077189 0.092798 1.20221
12.825000 0.078503 0.092419 1.17727
12.831250 0.079780 0.092009 1.15329
12.837500 0.081019 0.091568 1.1302
12.843750 0.082221 0.091097 1.10795
12.850000 0.083385 0.090595 1.08647
12.856250 0.084511 0.090064 1.06571
12.862500 0.085599 0.089503 1.0456
12.868750 0.086649 0.088912 1.02612
12.875000 0.087660 0.088293 1.00722
12.881250 0.088634 0.087645 0.988848
12.887500 0.089569 0.086969 0.97098
12.893750 0.090465 0.086266 0.95358
12.900000 0.091323 0.085535 0.936617
12.906250 0.092143 0.084777 0.920061
12.912500 0.092925 0.083993 0.903886
12.918750 0.093668 0.083183 0.888066
12.925000 0.094373 0.082348 0.872578
12.931250 0.095039 0.081487 0.8574
12.937500 0.095668 0.080601 0.84251
12.943750 0.096258 0.079691 0.827889
12.950000 0.096810 0.078757 0.813518
12.956250 0.097325 0.077799 0.79938
12.962500 0.097801 0.076819 0.785457
12.968750 0.098240 0.075815 0.771734
12.975000 0.098642 0.074790 0.758195
12.981250 0.099006 0.073742 0.744825
12.987500 0.099333 0.072673 0.731611
12.993750 0.099622 0.071583 0.718539
13.000000 0.099875 0.070472 0.705596
13.006250 0.100092 0.069341 0.692769
13.012500 0.100272 0.068189 0.680047
13.018750 0.100415 0.067019 0.667417
13.025000 0.100523 0.065829 0.654868
13.031250 0.100595 0.064621 0.642388
13.037500 0.100632 0.063395 0.629967
13.043750 0.100633 0.062150 0.617595
13.050000 0.100599 0.060889 0.60526
13.056250 0.100530 0.059610 0.592952
13.062500 0.100427 0.058314 0.580662
13.068750 0.100290 0.057003 0.568379
13.075000 0.100119 0.055675 0.556092
13.081250 0.099915 0.054333 0.543793
13.087500 0.099677 0.052975 0.531472
13.093750 0.099406 0.051603 0.519118
13.100000 0.099102 0.050217 0.506723
13.106250 0.098766 0.048818 0.494275
13.112500 0.098398 0.047405 0.481766
13.118750 0.097999 0.045980 0.469184
13.125000 0.097568 0.044542 0.456521
13.131250 0.097106 0.043092 0.443765
13.137500 0.096614 0.041631 0.430906
13.143750 0.096091 0.040160 0.417933
13.150000 0.095538 0.038677 0.404835
13.156250 0.094956 0.037185 0.3916
13.162500 0.094345 0.035683 0.378217
13.168750 0.093705 0.034172 0.364674
13.175000 0.093036 0.032652 0.350958
13.181250 0.092340 0.031123 0.337055
13.187500 0.091615 0.029587 0.322951
13.193750 0.090864 0.028043 0.308632
13.200000 0.090085 0.026492 0.294082
13.206250 0.089280 0.024935 0.279284
13.212500 0.088449 0.023370 0.264222
13.218750 0.087592 0.021800 0.248876
13.225000 0.086710 0.020223 0.233227
13.231250 0.085803 0.018641 0.217255
13.237500 0.084872 0.017054 0.200938
13.243750 0.083916 0.015462 0.184251
13.250000 0.082936 0.013865 0.167171
13.256250 0.081934 0.012263 0.14967
13.262500 0.080908 0.010657 0.131721
13.268750 0.079860 0.009048 0.113294
13.275000 0.078790 0.007434 0.0943578
13.281250 0.077698 0.005818 0.0748776
13.287500 0.076585 0.004198 0.0548177
13.293750 0.075451 0.002576 0.0341391
13.300000 0.074297 0.000951 0.0127997
13.306250 0.073123 -0.000676 -0.0092458
13.312500 0.071929 -0.002305 -0.0320465
13.318750 0.070715 -0.003936 -0.0556558
13.325000 0.069483 -0.005568 -0.0801311
13.331250 0.068233 -0.007201 -0.105535
13.337500 0.066965 -0.008835 -0.131935
13.343750 0.065679 -0.010470 -0.159404
13.350000 0.064376 -0.012104 -0.188025
13.356250 0.063056 -0.013739 -0.217884
13.362500 0.061720 -0.015373 -0.24908
13.368750 0.060368 -0.017007 -0.281719
13.375000 0.059000 -0.018639 -0.315918
13.381250 0.057618 -0.020270 -0.351807
13.387500 0.056220 -0.021899 -0.389528
13.393750 0.054808 -0.023526 -0.429242
13.400000 0.053383 -0.025150 -0.471124
13.406250 0.051944 -0.026770 -0.515376
13.412500 0.050491 -0.028387 -0.562222
13.418750 0.049026 -0.030000 -0.611922
13.425000 0.047549 -0.031609 -0.664768
13.431250 0.046059 -0.033213 -0.721097
13.437500 0.044558 -0.034813 -0.781294
13.443750 0.043046 -0.036409 -0.845805
13.450000 0.041523 -0.038000 -0.915145
13.456250 0.039990 -0.039586 -0.989911
13.462500 0.038446 -0.041168 -1.0708
13.468750 0.036893 -0.042746 -1.15864
13.475000 0.035331 -0.044319 -1.25441
13.481250 0.033760 -0.045888 -1.35925
13.487500 0.032180 -0.047451 -1.47458
13.493750 0.030592 -0.049011 -1.60209
13.500000 0.028996 -0.050565 -1.74387
13.506250 0.027392 -0.052115 -1.90253
13.512500 0.025782 -0.053660 -2.0813
13.518750 0.024165 -0.055201 -2.28436
13.525000 0.022541 -0.056738 -2.51709
13.531250 0.020911 -0.058271 -2.78656
13.537500 0.019276 -0.059800 -3.10233
13.543750 0.017635 -0.061327 -3.47751
13.550000 0.015989 -0.062850 -3.93072
13.556250 0.014339 -0.064371 -4.48922
13.562500 0.012684 -0.065889 -5.19459
13.568750 0.011025 -0.067404 -6.11365
13.575000 0.009363 -0.068918 -7.36091
13.581250 0.007697 -0.070428 -9.15044
13.587500 0.006028 -0.071936 -11.9342
13.593750 0.004356 -0.073440 -16.8597
13.600000 0.002682 -0.074940 -27.9443
13.606250 0.001005 -0.076435 -76.0202
13.612500 -0.000673 -0.077925 115.846
13.618750 -0.002352 -0.079407 33.7573
13.625000 -0.004033 -0.080881 20.0542
13.631250 -0.005715 -0.082345 14.4089
13.637500 -0.007397 -0.083798 11.3283
13.643750 -0.009080 -0.085237 9.3874
13.650000 -0.010763 -0.086661 8.05196
13.656250 -0.012445 -0.088067 7.07637
13.662500 -0.014127 -0.089453 6.33196
13.668750 -0.015809 -0.090817 5.74484
13.675000 -0.017489 -0.092157 5.2695
13.681250 -0.019168 -0.093469 4.8764
13.687500 -0.020845 -0.094751 4.54553
13.693750 -0.022520 -0.096000 4.26285
13.700000 -0.024194 -0.097214 4.01819
13.706250 -0.025864 -0.098390 3.80406
13.712500 -0.027533 -0.099525 3.61477
13.718750 -0.029198 -0.100616 3.44595
13.725000 -0.030861 -0.101661 3.29419
13.731250 -0.032520 -0.102657 3.15677
13.737500 -0.034175 -0.103603 3.03152
13.743750 -0.035827 -0.104495 2.91667
13.750000 -0.037474 -0.105332 2.81078
13.756250 -0.039118 -0.106113 2.71264
13.762500 -0.040757 -0.106834 2.62126
13.768750 -0.042391 -0.107495 2.5358
13.775000 -0.044020 -0.108094 2.45555
13.781250 -0.045644 -0.108629 2.37989
13.787500 -0.047263 -0.109099 2.30832
13.793750 -0.048877 -0.109503 2.24039
13.800000 -0.050484 -0.109839 2.17571
13.806250 -0.052086 -0.110107 2.11396
13.812500 -0.053681 -0.110307 2.05484
13.818750 -0.055271 -0.110436 1.9981
13.825000 -0.056853 -0.110496 1.94352
13.831250 -0.058430 -0.110484 1.8909
13.837500 -0.059999 -0.110402 1.84008
13.843750 -0.061561 -0.110249 1.7909
13.850000 -0.063116 -0.110025 1.74322
13.856250 -0.064664 -0.109731 1.69694
13.862500 -0.066204 -0.109365 1.65195
13.868750 -0.067736 -0.108930 1.60814
13.875000 -0.069261 -0.108424 1.56545
13.881250 -0.070777 -0.107849 1.52378
13.887500 -0.072286 -0.107206 1.48308
13.893750 -0.073786 -0.106494 1.44329
13.900000 -0.075278 -0.105715 1.40434
13.906250 -0.076761 -0.104870 1.3662
13.912500 -0.078235 -0.103960 1.32881
13.918750 -0.079701 -0.102985 1.29215
13.925000 -0.081157 -0.101946 1.25616
13.931250 -0.082604 -0.100846 1.22083
13.937500 -0.084043 -0.099684 1.18611
13.943750 -0.085471 -0.098462 1.15199
13.950000 -0.086891 -0.097182 1.11844
13.956250 -0.088300 -0.095844 1.08543
13.962500 -0.089700 -0.094450 1.05296
13.968750 -0.091090 -0.093002 1.02099
13.975000 -0.092470 -0.091501 0.989518
13.981250 -0.093841 -0.089949 0.958524
13.987500 -0.095201 -0.088346 0.927995
13.993750 -0.096550 -0.086694 0.897917
14.000000 -0.097890 -0.084996 0.868282
14.006250 -0.099216 -0.083252 0.839102
14.012500 -0.100523 -0.081464 0.810408
14.018750 -0.101805 -0.079634 0.782221
14.025000 -0.103059 -0.077764 0.754554
14.031250 -0.104280 -0.075854 0.727414
14.037500 -0.105462 -0.073908 0.700799
14.043750 -0.106603 -0.071925 0.674705
14.050000 -0.107698 -0.069909 0.649122
14.056250 -0.108744 -0.067860 0.624038
14.062500 -0.109738 -0.065781 0.599436
14.068750 -0.110677 -0.063672 0.5753
14.075000 -0.111558 -0.061537 0.551609
14.081250 -0.112380 -0.059375 0.528343
14.087500 -0.113139 -0.057189 0.505479
14.093750 -0.113834 -0.054981 0.482995
14.100000 -0.114463 -0.052752 0.460867
14.106250 -0.115025 -0.050504 0.439071
14.112500 -0.115517 -0.048238 0.417582
14.118750 -0.115940 -0.045956 0.396377
14.125000 -0.116292 -0.043659 0.37543
14.131250 -0.116571 -0.041350 0.354716
14.137500 -0.116779 -0.039029 0.334211
14.143750 -0.116912 -0.036698 0.313889
14.150000 -0.116973 -0.034358 0.293725
14.156250 -0.116960 -0.032011 0.273693
14.162500 -0.116872 -0.029659 0.253769
14.168750 -0.116711 -0.027302 0.233926
14.175000 -0.116476 -0.024942 0.214138
14.181250 -0.116167 -0.022581 0.19438
14.187500 -0.115786 -0.020219 0.174624
14.193750 -0.115331 -0.017858 0.154844
14.200000 -0.114804 -0.015500 0.135012
14.206250 -0.114205 -0.013145 0.1151
14.212500 -0.113535 -0.010795 0.095079
14.218750 -0.112796 -0.008451 0.0749195
14.225000 -0.111986 -0.006113 0.0545908
14.231250 -0.111109 -0.003784 0.0340611
14.237500 -0.110164 -0.001465 0.0132975
14.243750 -0.109153 0.000844 -0.00773444
14.250000 -0.108076 0.003142 -0.0290707
14.256250 -0.106936 0.005427 -0.0507491
14.262500 -0.105732 0.007698 -0.0728095
14.268750 -0.104467 0.009955 -0.095294
14.275000 -0.103142 0.012196 -0.118247
14.281250 -0.101758 0.014421 -0.141717
14.287500 -0.100317 0.016628 -0.165754
14.293750 -0.098820 0.018817 -0.190414
14.300000 -0.097268 0.020986 -0.215754
14.306250 -0.095663 0.023135 -0.241839
14.312500 -0.094006 0.025263 -0.268738
14.318750 -0.092299 0.027369 -0.296525
14.325000 -0.090544 0.029452 -0.325281
14.331250 -0.088742 0.031512 -0.355097
14.337500 -0.086895 0.033548 -0.386071
14.343750 -0.085004 0.035558 -0.418311
14.350000 -0.083071 0.037543 -0.451937
14.356250 -0.081097 0.039501 -0.487082
14.362500 -0.079084 0.041432 -0.523894
14.368750 -0.077035 0.043335 -0.56254
14.375000 -0.074950 0.045210 -0.603205
14.381250 -0.072830 0.047056 -0.646099
14.387500 -0.070679 0.048872 -0.691462
14.393750 -0.068497 0.050658 -0.739562
14.400000 -0.066285 0.052413 -0.790711
14.406250 -0.064047 0.054137 -0.845264
14.412500 -0.061783 0.055829 -0.903631
14.418750 -0.059494 0.057488 -0.96629
14.425000 -0.057183 0.059115 -1.0338
14.431250 -0.054851 0.060709 -1.10681
14.437500 -0.052499 0.062270 -1.18611
14.443750 -0.050130 0.063796 -1.27261
14.450000 -0.047744 0.065288 -1.36745
14.456250 -0.045344 0.066745 -1.47197
14.462500 -0.042931 0.068167 -1.58785
14.468750 -0.040505 0.069554 -1.71716
14.475000 -0.038070 0.070905 -1.86249
14.481250 -0.035626 0.072220 -2.02718
14.487500 -0.033174 0.073499 -2.21552
14.493750 -0.030717 0.074741 -2.43319
14.500000 -0.028256 0.075946 -2.68782
14.506250 -0.025791 0.077115 -2.98998
14.512500 -0.023325 0.078246 -3.35463
14.518750 -0.020858 0.079341 -3.80378
14.525000 -0.018393 0.080397 -4.3711
14.531250 -0.015930 0.081417 -5.11094
14.537500 -0.013471 0.082398 -6.11695
14.543750 -0.011016 0.083342 -7.56554
14.550000 -0.008568 0.084249 -9.83318
14.556250 -0.006127 0.085117 -13.8923
14.562500 -0.003695 0.085948 -23.2627
14.568750 -0.001272 0.086741 -68.1834
14.575000 0.001139 0.087496 76.7914
14.581250 0.003539 0.088214 24.9267
14.587500 0.005925 0.088894 15.0024
14.593750 0.008297 0.089536 10.7908
14.600000 0.010654 0.090141 8.4605
14.606250 0.012995 0.090709 6.98032
14.612500 0.015318 0.091240 5.95626
14.618750 0.017623 0.091733 5.20522
14.625000 0.019909 0.092190 4.63054
14.631250 0.022175 0.092610 4.17636
14.637500 0.024420 0.092994 3.80818
14.643750 0.026642 0.093341 3.50351
14.650000 0.028842 0.093653 3.24707
14.656250 0.031019 0.093928 3.02812
14.662500 0.033171 0.094168 2.83889
14.668750 0.035297 0.094372 2.67362
14.675000 0.037398 0.094541 2.52794
14.681250 0.039472 0.094674 2.39849
14.687500 0.041519 0.094773 2.28262
14.693750 0.043538 0.094837 2.17825
14.700000 0.045528 0.094867 2.08369
14.706250 0.047489 0.094862 1.99755
14.712500 0.049420 0.094824 1.91872
14.718750 0.051321 0.094751 1.84626
14.725000 0.053190 0.094645 1.77938
14.731250 0.055028 0.094505 1.71742
14.737500 0.056833 0.094333 1.65982
14.743750 0.058606 0.094127 1.60609
14.750000 0.060346 0.093889 1.55583
14.756250 0.062053 0.093618 1.50869
14.762500 0.063725 0.093315 1.46434
14.768750 0.065363 0.092980 1.42252
14.775000 0.066966 0.092614 1.38298
14.781250 0.068535 0.092216 1.34553
14.787500 0.070068 0.091787 1.30997
14.793750 0.071565 0.091327 1.27615
14.800000 0.073025 0.090837 1.2439
14.806250 0.074450 0.090316 1.21311
14.812500 0.075838 0.089766 1.18366
14.818750 0.077189 0.089187 1.15543
14.825000 0.078503 0.088578 1.12834
14.831250 0.079780 0.087941 1.10229
14.837500 0.081019 0.087275 1.07722
14.843750 0.082221 0.086582 1.05304
14.850000 0.083385 0.085861 1.02969
14.856250 0.084511 0.085113 1.00712
14.862500 0.085599 0.084338 0.985273
14.868750 0.086649 0.083537 0.964092
14.875000 0.087660 0.082710 0.943533
14.881250 0.088634 0.081858 0.923556
14.887500 0.089569 0.080981 0.904119
14.893750 0.090465 0.080079 0.885187
14.900000 0.091323 0.079152 0.866726
14.906250 0.092143 0.078202 0.848704
14.912500 0.092925 0.077229 0.831091
14.918750 0.093668 0.076233 0.81386
14.925000 0.094373 0.075214 0.796985
14.931250 0.095039 0.074173 0.780441
14.937500 0.095668 0.073110 0.764206
14.943750 0.096258 0.072026 0.748258
14.950000 0.096810 0.070921 0.732576
14.956250 0.097325 0.069795 0.717141
14.962500 0.097801 0.068650 0.701934
14.968750 0.098240 0.067485 0.686938
14.975000 0.098642 0.066301 0.672136
14.981250 0.099006 0.065097 0.657512
14.987500 0.099333 0.063876 0.643051
14.993750 0.099622 0.062636 0.628737
15.000000 0.099875 0.061379 0.614558
15.006250 0.100092 0.060105 0.600499
15.012500 0.100272 0.058814 0.586548
15.018750 0.100415 0.057507 0.572691
15.025000 0.100523 0.056184 0.558916
15.031250 0.100595 0.054846 0.545211
15.037500 0.100632 0.053492 0.531564
15.043750 0.100633 0.052124 0.517964
15.050000 0.100599 0.050742 0.5044
15.056250 0.100530 0.049346 0.490861
15.062500 0.100427 0.047937 0.477334
15.068750 0.100290 0.046516 0.463811
15.075000 0.100119 0.045082 0.450279
15.081250 0.099915 0.043636 0.436729
15.087500 0.099677 0.042178 0.423149
15.093750 0.099406 0.040710 0.409529
15.100000 0.099102 0.039230 0.395858
15.106250 0.098766 0.037741 0.382126
15.112500 0.098398 0.036242 0.368321
15.118750 0.097999 0.034734 0.354432
15.125000 0.097568 0.033217 0.340447
15.131250 0.097106 0.031691 0.326355
15.137500 0.096614 0.030157 0.312144
15.143750 0.096091 0.028616 0.297801
15.150000 0.095538 0.027067 0.283313
15.156250 0.094956 0.025512 0.268667
15.162500 0.094345 0.023949 0.253848
15.168750 0.093705 0.022381 0.238842
15.175000 0.093036 0.020806 0.223632
15.181250 0.092340 0.019225 0.208204
15.187500 0.091615 0.017640 0.192539
15.193750 0.090864 0.016048 0.176621
15.200000 0.090085 0.014453 0.160432
15.206250 0.089280 0.012852 0.143952
15.212500 0.088449 0.011247 0.127162
15.218750 0.087592 0.009639 0.11004
15.225000 0.086710 0.008026 0.0925651
15.231250 0.085803 0.006411 0.0747138
15.237500 0.084872 0.004792 0.0564612
15.243750 0.083916 0.003170 0.0377812
15.250000 0.082936 0.001546 0.0186458
15.256250 0.081934 -0.000080 -0.000974282
15.262500 0.080908 -0.001708 -0.0211103
15.268750 0.079860 -0.003338 -0.0417956
15.275000 0.078790 -0.004969 -0.0630663
15.281250 0.077698 -0.006601 -0.0849608
15.287500 0.076585 -0.008234 -0.10752
15.293750 0.075451 -0.009868 -0.130789
15.300000 0.074297 -0.011502 -0.154815
15.306250 0.073123 -0.013136 -0.179647
15.312500 0.071929 -0.014770 -0.205341
15.318750 0.070715 -0.016403 -0.231952
15.325000 0.069483 -0.018034 -0.259544
15.331250 0.068233 -0.019664 -0.288184
15.337500 0.066965 -0.021291 -0.317943
15.343750 0.065679 -0.022916 -0.348903
15.350000 0.064376 -0.024537 -0.381151
15.356250 0.063056 -0.026155 -0.414787
15.362500 0.061720 -0.027769 -0.449919
15.368750 0.060368 -0.029379 -0.486668
15.375000 0.059000 -0.030985 -0.52517
15.381250 0.057618 -0.032587 -0.565576
15.387500 0.056220 -0.034185 -0.608051
15.393750 0.054808 -0.035778 -0.652784
15.400000 0.053383 -0.037367 -0.699983
15.406250 0.051944 -0.038951 -0.749882
15.412500 0.050491 -0.040531 -0.802744
15.418750 0.049026 -0.042107 -0.858868
15.425000 0.047549 -0.043678 -0.918591
15.431250 0.046059 -0.045244 -0.982299
15.437500 0.044558 -0.046805 -1.05043
15.443750 0.043046 -0.048362 -1.1235
15.450000 0.041523 -0.049915 -1.2021
15.456250 0.039990 -0.051463 -1.2869
15.462500 0.038446 -0.053007 -1.37872
15.468750 0.036893 -0.054547 -1.47851
15.475000 0.035331 -0.056083 -1.58738
15.481250 0.033760 -0.057617 -1.70668
15.487500 0.032180 -0.059147 -1.83802
15.493750 0.030592 -0.060674 -1.98337
15.500000 0.028996 -0.062200 -2.14513
15.506250 0.027392 -0.063723 -2.32629
15.512500 0.025782 -0.065244 -2.5306
15.518750 0.024165 -0.066763 -2.76282
15.525000 0.022541 -0.068280 -3.02912
15.531250 0.020911 -0.069794 -3.33763
15.537500 0.019276 -0.071306 -3.69924
15.543750 0.017635 -0.072815 -4.12898
15.550000 0.015989 -0.074321 -4.64812
15.556250 0.014339 -0.075821 -5.28778
15.562500 0.012684 -0.077316 -6.09549
15.568750 0.011025 -0.078804 -7.14757
15.575000 0.009363 -0.080283 -8.57482
15.581250 0.007697 -0.081753 -10.6218
15.587500 0.006028 -0.083211 -13.8048
15.593750 0.004356 -0.084656 -19.4346
15.600000 0.002682 -0.086086 -32.1005
15.606250 0.001005 -0.087498 -87.0234
15.612500 -0.000673 -0.088891 132.148
15.618750 -0.002352 -0.090262 38.3719
15.625000 -0.004033 -0.091608 22.714
15.631250 -0.005715 -0.092928 16.2607
15.637500 -0.007397 -0.094219 12.7369
15.643750 -0.009080 -0.095477 10.5151
15.650000 -0.010763 -0.096702 8.98484
15.656250 -0.012445 -0.097889 7.86555
15.662500 -0.014127 -0.099037 7.01031
15.668750 -0.015809 -0.100142 6.33471
15.675000 -0.017489 -0.101203 5.78678
15.681250 -0.019168 -0.102217 5.3328
15.687500 -0.020845 -0.103181 4.94995
15.693750 -0.022520 -0.104093 4.62219
15.700000 -0.024194 -0.104951 4.33797
15.706250 -0.025864 -0.105753 4.08872
15.712500 -0.027533 -0.106497 3.86799
15.718750 -0.029198 -0.107181 3.6708
15.725000 -0.030861 -0.107804 3.49325
15.731250 -0.032520 -0.108364 3.33226
15.737500 -0.034175 -0.108860 3.18536
15.743750 -0.035827 -0.109291 3.05053
15.750000 -0.037474 -0.109655 2.92612
15.756250 -0.039118 -0.109951 2.81077
15.762500 -0.040757 -0.110180 2.70335
15.768750 -0.042391 -0.110339 2.60288
15.775000 -0.044020 -0.110428 2.50858
15.781250 -0.045644 -0.110448 2.41974
15.787500 -0.047263 -0.110397 2.33579
15.793750 -0.048877 -0.110275 2.2562
15.800000 -0.050484 -0.110083 2.18055
15.806250 -0.052086 -0.109820 2.10844
15.812500 -0.053681 -0.109487 2.03956
15.818750 -0.055271 -0.109083 1.97361
15.825000 -0.056853 -0.108609 1.91034
15.831250 -0.058430 -0.108066 1.84951
15.837500 -0.059999 -0.107454 1.79094
15.843750 -0.061561 -0.106774 1.73444
15.850000 -0.063116 -0.106026 1.67986
15.856250 -0.064664 -0.105212 1.62706
15.862500 -0.066204 -0.104331 1.57591
15.868750 -0.067736 -0.103386 1.5263
15.875000 -0.069261 -0.102376 1.47813
15.881250 -0.070777 -0.101304 1.43131
15.887500 -0.072286 -0.100170 1.38575
15.893750 -0.073786 -0.098976 1.34139
15.900000 -0.075278 -0.097722 1.29816
15.906250 -0.076761 -0.096410 1.25598
15.912500 -0.078235 -0.095042 1.21482
15.918750 -0.079701 -0.093618 1.17462
15.925000 -0.081157 -0.092141 1.13534
15.931250 -0.082604 -0.090611 1.09692
15.937500 -0.084043 -0.089030 1.05934
15.943750 -0.085471 -0.087400 1.02256
15.950000 -0.086891 -0.085722 0.986548
15.956250 -0.088300 -0.083998 0.951273
15.962500 -0.089700 -0.082229 0.916707
15.968750 -0.091090 -0.080417 0.882828
15.975000 -0.092470 -0.078564 0.84961
15.981250 -0.093841 -0.076671 0.817034
15.987500 -0.095201 -0.074740 0.78508
15.993750 -0.096550 -0.072773 0.753728
16.000000 -0.097890 -0.070771 0.722963
16.006250 -0.099216 -0.068735 0.692789
16.012500 -0.100523 -0.066669 0.663222
16.018750 -0.101805 -0.064572 0.634273
16.025000 -0.103059 -0.062448 0.605941
16.031250 -0.104280 -0.060297 0.578224
16.037500 -0.105462 -0.058121 0.551109
16.043750 -0.106603 -0.055922 0.524585
16.050000 -0.107698 -0.053702 0.498632
16.056250 -0.108744 -0.051461 0.473231
16.062500 -0.109738 -0.049202 0.44836
16.068750 -0.110677 -0.046926 0.423994
16.075000 -0.111558 -0.044635 0.400107
16.081250 -0.112380 -0.042331 0.376675
16.087500 -0.113139 -0.040014 0.353669
16.093750 -0.113834 -0.037686 0.331063
16.100000 -0.114463 -0.035349 0.308828
16.106250 -0.115025 -0.033005 0.286937
16.112500 -0.115517 -0.030654 0.265362
16.118750 -0.115940 -0.028298 0.244075
16.125000 -0.116292 -0.025939 0.223048
16.131250 -0.116571 -0.023577 0.202254
16.137500 -0.116779 -0.021214 0.181664
16.143750 -0.116912 -0.018852 0.161252
16.150000 -0.116973 -0.016492 0.140989
16.156250 -0.116960 -0.014134 0.120848
16.162500 -0.116872 -0.011781 0.100801
16.168750 -0.116711 -0.009433 0.080822
16.175000 -0.116476 -0.007091 0.0608819
16.181250 -0.116167 -0.004757 0.0409532
16.187500 -0.115786 -0.002432 0.0210078
16.193750 -0.115331 -0.000117 0.00101714
16.200000 -0.114804 0.002187 -0.0190477
16.206250 -0.114205 0.004479 -0.0392163
16.212500 -0.113535 0.006757 -0.0595188
16.218750 -0.112796 0.009022 -0.0799863
16.225000 -0.111986 0.011272 -0.100651
16.231250 -0.111109 0.013505 -0.121545
16.237500 -0.110164 0.015721 -0.142704
16.243750 -0.109153 0.017919 -0.164164
16.250000 -0.108076 0.020098 -0.185961
16.256250 -0.106936 0.022257 -0.208136
16.262500 -0.105732 0.024396 -0.23073
16.268750 -0.104467 0.026512 -0.253786
16.275000 -0.103142 0.028607 -0.277353
16.281250 -0.101758 0.030678 -0.301479
16.287500 -0.100317 0.032725 -0.326218
16.293750 -0.098820 0.034748 -0.351628
16.300000 -0.097268 0.036745 -0.377769
16.306250 -0.095663 0.038716 -0.404709
16.312500 -0.094006 0.040659 -0.432519
16.318750 -0.092299 0.042576 -0.461279
16.325000 -0.090544 0.044464 -0.491074
16.331250 -0.088742 0.046323 -0.521998
16.337500 -0.086895 0.048153 -0.554155
16.343750 -0.085004 0.049953 -0.587657
16.350000 -0.083071 0.051722 -0.622633
16.356250 -0.081097 0.053461 -0.65922
16.362500 -0.079084 0.055167 -0.697576
16.368750 -0.077035 0.056842 -0.737874
16.375000 -0.074950 0.058484 -0.780312
16.381250 -0.072830 0.060093 -0.82511
16.387500 -0.070679 0.061669 -0.872519
16.393750 -0.068497 0.063210 -0.922823
16.400000 -0.066286 0.064718 -0.976349
16.406250 -0.064047 0.066191 -1.03347
16.412500 -0.061783 0.067628 -1.09462
16.418750 -0.059494 0.069031 -1.1603
16.425000 -0.057183 0.070398 -1.2311
16.431250 -0.054851 0.071729 -1.30771
16.437500 -0.052499 0.073023 -1.39094
16.443750 -0.050130 0.074282 -1.48178
16.450000 -0.047744 0.075503 -1.58141
16.456250 -0.045344 0.076688 -1.69124
16.462500 -0.042931 0.077835 -1.81306
16.468750 -0.040505 0.078946 -1.94902
16.475000 -0.038070 0.080019 -2.10189
16.481250 -0.035626 0.081054 -2.27515
16.487500 -0.033174 0.082052 -2.47334
16.493750 -0.030717 0.083012 -2.70245
16.500000 -0.028256 0.083934 -2.97053
16.506250 -0.025791 0.084819 -3.28868
16.512500 -0.023325 0.085665 -3.6727
16.518750 -0.020858 0.086474 -4.14578
16.525000 -0.018393 0.087245 -4.7434
16.531250 -0.015930 0.087978 -5.52285
16.537500 -0.013471 0.088674 -6.58283
16.543750 -0.011016 0.089332 -8.10925
16.550000 -0.008568 0.089952 -10.4989
16.556250 -0.006127 0.090536 -14.7767
16.562500 -0.003695 0.091081 -24.6522
16.568750 -0.001272 0.091590 -71.9952
16.575000 0.001139 0.092062 80.7986
16.581250 0.003539 0.092497 26.137
16.587500 0.005925 0.092896 15.6777
16.593750 0.008297 0.093258 11.2393
16.600000 0.010654 0.093584 8.78357
16.606250 0.012995 0.093873 7.22381
16.612500 0.015318 0.094127 6.14476
16.618750 0.017623 0.094346 5.35344
16.625000 0.019909 0.094529 4.74798
16.631250 0.022175 0.094676 4.26952
16.637500 0.024420 0.094789 3.88168
16.643750 0.026642 0.094867 3.56076
16.650000 0.028842 0.094910 3.29065
16.656250 0.031019 0.094918 3.06005
16.662500 0.033171 0.094893 2.86076
16.668750 0.035297 0.094834 2.6867
16.675000 0.037398 0.094740 2.53328
16.681250 0.039472 0.094614 2.39695
16.687500 0.041519 0.094453 2.27493
16.693750 0.043538 0.094260 2.165
16.700000 0.045528 0.094034 2.0654
16.706250 0.047489 0.093776 1.97467
16.712500 0.049420 0.093485 1.89163
16.718750 0.051321 0.093162 1.81529
16.725000 0.053190 0.092807 1.74482
16.731250 0.055028 0.092420 1.67953
16.737500 0.056833 0.092003 1.61882
16.743750 0.058606 0.091554 1.5622
16.750000 0.060346 0.091075 1.50921
16.756250 0.062053 0.090566 1.4595
16.762500 0.063725 0.090027 1.41274
16.768750 0.065363 0.089458 1.36863
16.775000 0.066966 0.088860 1.32693
16.781250 0.068535 0.088233 1.28742
16.787500 0.070068 0.087577 1.2499
16.793750 0.071565 0.086894 1.2142
16.800000 0.073025 0.086183 1.18017
16.806250 0.074450 0.085444 1.14767
16.812500 0.075838 0.084679 1.11658
16.818750 0.077189 0.083887 1.08677
16.825000 0.078503 0.083069 1.05816
16.831250 0.079780 0.082225 1.03065
16.837500 0.081019 0.081356 1.00416
16.843750 0.082221 0.080462 0.978611
16.850000 0.083385 0.079544 0.953939
16.856250 0.084511 0.078602 0.930078
16.862500 0.085599 0.077636 0.906972
16.868750 0.086649 0.076646 0.884567
16.875000 0.087660 0.075634 0.862814
16.881250 0.088634 0.074600 0.841668
16.887500 0.089569 0.073544 0.821088
16.893750 0.090465 0.072466 0.801035
16.900000 0.091323 0.071367 0.781472
16.906250 0.092143 0.070247 0.762366
16.912500 0.092925 0.069107 0.743686
16.918750 0.093668 0.067947 0.725403
16.925000 0.094373 0.066768 0.707488
16.931250 0.095039 0.065569 0.689916
16.937500 0.095668 0.064352 0.672663
16.943750 0.096258 0.063117 0.655706
16.950000 0.096810 0.061864 0.639024
16.956250 0.097325 0.060594 0.622596
16.962500 0.097801 0.059307 0.606403
16.968750 0.098240 0.058004 0.590426
16.975000 0.098642 0.056684 0.574649
16.981250 0.099006 0.055349 0.559053
16.987500 0.099333 0.054000 0.543624
16.993750 0.099622 0.052635 0.528346
17.000000 0.099875 0.051256 0.513204
17.006250 0.100092 0.049864 0.498183
17.012500 0.100272 0.048458 0.48327
17.018750 0.100415 0.047040 0.468452
17.025000 0.100523 0.045609 0.453716
17.031250 0.100595 0.044166 0.439049
17.037500 0.100632 0.042712 0.424439
17.043750 0.100633 0.041247 0.409873
17.050000 0.100599 0.039771 0.39534
17.056250 0.100530 0.038285 0.380828
17.062500 0.100427 0.036789 0.366325
17.068750 0.100290 0.035284 0.351819
17.075000 0.100119 0.033770 0.337299
17.081250 0.099915 0.032248 0.322753
17.087500 0.099677 0.030717 0.308169
17.093750 0.099406 0.029179 0.293535
17.100000 0.099102 0.027633 0.278838
17.106250 0.098766 0.026081 0.264065
17.112500 0.098398 0.024521 0.249204
17.118750 0.097999 0.022955 0.234241
17.125000 0.097568 0.021383 0.219162
17.131250 0.097106 0.019805 0.203955
17.137500 0.096614 0.018222 0.188604
17.143750 0.096091 0.016633 0.173096
17.150000 0.095538 0.015039 0.157415
17.156250 0.094956 0.013441 0.141547
17.162500 0.094345 0.011838 0.125476
17.168750 0.093705 0.010231 0.109186
17.175000 0.093036 0.008621 0.0926595
17.181250 0.092340 0.007007 0.0758796
17.187500 0.091615 0.005390 0.058828
17.193750 0.090864 0.003770 0.041486
17.200000 0.090085 0.002147 0.0238335
17.206250 0.089280 0.000522 0.00584953
17.212500 0.088449 -0.001105 -0.0124882
17.218750 0.087592 -0.002733 -0.0312033
17.225000 0.086710 -0.004363 -0.0503207
17.231250 0.085803 -0.005995 -0.0698662
17.237500 0.084872 -0.007627 -0.0898672
17.243750 0.083916 -0.009260 -0.110352
17.250000 0.082936 -0.010894 -0.131349
17.256250 0.081934 -0.012527 -0.15289
17.262500 0.080908 -0.014160 -0.175007
17.268750 0.079860 -0.015791 -0.197734
17.275000 0.078790 -0.017421 -0.221107
17.281250 0.077698 -0.019049 -0.245165
17.287500 0.076585 -0.020674 -0.269952
17.293750 0.075451 -0.022297 -0.295513
17.300000 0.074297 -0.023916 -0.321899
17.306250 0.073123 -0.025532 -0.349166
17.312500 0.071929 -0.027144 -0.377374
17.318750 0.070715 -0.028752 -0.40659
17.325000 0.069483 -0.030356 -0.436886
17.331250 0.068233 -0.031956 -0.468339
17.337500 0.066965 -0.033552 -0.501038
17.343750 0.065679 -0.035143 -0.535075
17.350000 0.064376 -0.036730 -0.570555
17.356250 0.063056 -0.038312 -0.60759
17.362500 0.061720 -0.039890 -0.646305
17.368750 0.060368 -0.041463 -0.686837
17.375000 0.059000 -0.043031 -0.729341
17.381250 0.057618 -0.044595 -0.773984
17.387500 0.056220 -0.046154 -0.820958
17.393750 0.054808 -0.047709 -0.870474
17.400000 0.053383 -0.049260 -0.922769
17.406250 0.051944 -0.050807 -0.978112
17.412500 0.050491 -0.052350 -1.03681
17.418750 0.049026 -0.053889 -1.09919
17.425000 0.047549 -0.055425 -1.16565
17.431250 0.046059 -0.056959 -1.23664
17.437500 0.044558 -0.058490 -1.31266
17.443750 0.043046 -0.060019 -1.39429
17.450000 0.041523 -0.061546 -1.4822
17.456250 0.039990 -0.063071 -1.57717
17.462500 0.038446 -0.064594 -1.68012
17.468750 0.036893 -0.066116 -1.7921
17.475000 0.035331 -0.067637 -1.91438
17.481250 0.033760 -0.069155 -2.04846
17.487500 0.032180 -0.070671 -2.19615
17.493750 0.030592 -0.072185 -2.35962
17.500000 0.028996 -0.073694 -2.54157
17.506250 0.027392 -0.075200 -2.74529
17.512500 0.025782 -0.076700 -2.97496
17.518750 0.024165 -0.078193 -3.23586
17.525000 0.022541 -0.079679 -3.53483
17.531250 0.020911 -0.081154 -3.88088
17.537500 0.019276 -0.082619 -4.28612
17.543750 0.017635 -0.084071 -4.76721
17.550000 0.015989 -0.085507 -5.34775
17.556250 0.014339 -0.086927 -6.0623
17.562500 0.012684 -0.088327 -6.96363
17.568750 0.011025 -0.089706 -8.13646
17.575000 0.009363 -0.091061 -9.72601
17.581250 0.007697 -0.092390 -12.0038
17.587500 0.006028 -0.093690 -15.5432
17.593750 0.004356 -0.094959 -21.7998
17.600000 0.002682 -0.096194 -35.8697
17.606250 0.001005 -0.097393 -96.8643
17.612500 -0.000673 -0.098553 146.513
17.618750 -0.002352 -0.099673 42.3726
17.625000 -0.004033 -0.100749 24.9802
17.631250 -0.005715 -0.101778 17.8094
17.637500 -0.007397 -0.102760 13.8916
17.643750 -0.009080 -0.103691 11.4197
17.650000 -0.010763 -0.104569 9.71581
17.656250 -0.012445 -0.105392 8.46843
17.662500 -0.014127 -0.106158 7.51439
17.668750 -0.015809 -0.106865 6.75999
17.675000 -0.017489 -0.107512 6.14754
17.681250 -0.019168 -0.108098 5.63961
17.687500 -0.020845 -0.108619 5.21085
17.693750 -0.022520 -0.109076 4.84348
17.700000 -0.024194 -0.109468 4.52467
17.706250 -0.025864 -0.109792 4.2449
17.712500 -0.027533 -0.110049 3.99701
17.718750 -0.029198 -0.110237 3.77547
17.725000 -0.030861 -0.110356 3.57596
17.731250 -0.032520 -0.110406 3.39505
17.737500 -0.034175 -0.110385 3.22999
17.743750 -0.035827 -0.110295 3.07855
17.750000 -0.037474 -0.110134 2.9389
17.756250 -0.039118 -0.109902 2.80951
17.762500 -0.040757 -0.109600 2.68912
17.768750 -0.042391 -0.109228 2.57668
17.775000 -0.044020 -0.108786 2.47126
17.781250 -0.045644 -0.108274 2.37212
17.787500 -0.047263 -0.107693 2.27858
17.793750 -0.048877 -0.107044 2.19008
17.800000 -0.050484 -0.106327 2.10614
17.806250 -0.052086 -0.105542 2.02632
17.812500 -0.053681 -0.104692 1.95024
17.818750 -0.055271 -0.103776 1.8776
17.825000 -0.056853 -0.102796 1.80808
17.831250 -0.058430 -0.101752 1.74145
17.837500 -0.059999 -0.100646 1.67747
17.843750 -0.061561 -0.099479 1.61594
17.850000 -0.063116 -0.098252 1.55669
17.856250 -0.064664 -0.096966 1.49955
17.862500 -0.066204 -0.095623 1.44438
17.868750 -0.067736 -0.094224 1.39105
17.875000 -0.069261 -0.092770 1.33944
17.881250 -0.070777 -0.091264 1.28945
17.887500 -0.072286 -0.089705 1.24098
17.893750 -0.073786 -0.088096 1.19394
17.900000 -0.075278 -0.086439 1.14827
17.906250 -0.076761 -0.084735 1.10388
17.912500 -0.078235 -0.082985 1.06071
17.918750 -0.079701 -0.081191 1.01871
17.925000 -0.081157 -0.079356 0.977803
17.931250 -0.082604 -0.077479 0.937957
17.937500 -0.084043 -0.075564 0.899119
17.943750 -0.085471 -0.073612 0.861247
17.950000 -0.086891 -0.071624 0.824301
17.956250 -0.088300 -0.069602 0.788246
17.962500 -0.089700 -0.067548 0.753046
17.968750 -0.091090 -0.065464 0.718671
17.975000 -0.092470 -0.063351 0.68509
17.981250 -0.093841 -0.061210 0.652278
17.987500 -0.095201 -0.059044 0.620207
17.993750 -0.096550 -0.056854 0.588855
18.000000 -0.097890 -0.054642 0.558199
18.006250 -0.099216 -0.052409 0.528234
18.012500 -0.100523 -0.050157 0.498964
18.018750 -0.101805 -0.047888 0.470384
18.025000 -0.103059 -0.045602 0.442487
18.031250 -0.104280 -0.043303 0.415256
18.037500 -0.105462 -0.040990 0.388673
18.043750 -0.106603 -0.038666 0.362715
18.050000 -0.107698 -0.036333 0.337359
18.056250 -0.108744 -0.033991 0.312576
18.062500 -0.109738 -0.031642 0.288339
18.068750 -0.110677 -0.029287 0.264619
18.075000 -0.111558 -0.026928 0.241385
18.081250 -0.112380 -0.024567 0.218607
18.087500 -0.113139 -0.022204 0.196254
18.093750 -0.113834 -0.019841 0.174296
18.100000 -0.114463 -0.017479 0.152702
18.106250 -0.115025 -0.015119 0.131441
18.112500 -0.115517 -0.012763 0.110484
18.118750 -0.115940 -0.010412 0.0898011
18.125000 -0.116292 -0.008066 0.069362
18.131250 -0.116571 -0.005728 0.0491377
18.137500 -0.116779 -0.003398 0.0290994
18.143750 -0.116912 -0.001078 0.00921837
18.150000 -0.116973 0.001232 -0.0105338
18.156250 -0.116960 0.003530 -0.0301853
18.162500 -0.116872 0.005816 -0.0497645
18.168750 -0.116711 0.008088 -0.0692993
18.175000 -0.116476 0.010345 -0.0888181
18.181250 -0.116167 0.012587 -0.108349
18.187500 -0.115786 0.014811 -0.127921
18.193750 -0.115331 0.017018 -0.147562
18.200000 -0.114804 0.019207 -0.167303
18.206250 -0.114205 0.021376 -0.187172
18.212500 -0.113535 0.023525 -0.207201
18.218750 -0.112796 0.025652 -0.227421
18.225000 -0.111986 0.027757 -0.247864
18.231250 -0.111109 0.029840 -0.268565
18.237500 -0.110164 0.031899 -0.289557
18.243750 -0.109153 0.033933 -0.310878
18.250000 -0.108076 0.035942 -0.332565
18.256250 -0.106936 0.037926 -0.354659
18.262500 -0.105732 0.039882 -0.377201
18.268750 -0.104467 0.041812 -0.400237
18.275000 -0.103142 0.043713 -0.423814
18.281250 -0.101758 0.045586 -0.447983
18.287500 -0.100317 0.047430 -0.472798
18.293750 -0.098820 0.049244 -0.498318
18.300000 -0.097268 0.051027 -0.524606
18.306250 -0.095663 0.052780 -0.551729
18.312500 -0.094006 0.054501 -0.579761
18.318750 -0.092299 0.056190 -0.608783
18.325000 -0.090544 0.057847 -0.638882
18.331250 -0.088742 0.059471 -0.670155
18.337500 -0.086895 0.061062 -0.702707
18.343750 -0.085004 0.062618 -0.736654
18.350000 -0.083071 0.064141 -0.772126
18.356250 -0.081097 0.065629 -0.809267
18.362500 -0.079084 0.067082 -0.848235
18.368750 -0.077035 0.068500 -0.88921
18.375000 -0.074950 0.069882 -0.932393
18.381250 -0.072830 0.071229 -0.97801
18.387500 -0.070679 0.072539 -1.02632
18.393750 -0.068497 0.073813 -1.07761
18.400000 -0.066286 0.075050 -1.13223
18.406250 -0.064047 0.076250 -1.19054
18.412500 -0.061783 0.077414 -1.253
18.418750 -0.059494 0.078540 -1.32013
18.425000 -0.057183 0.079628 -1.39252
18.431250 -0.054851 0.080679 -1.47089
18.437500 -0.052499 0.081693 -1.55607
18.443750 -0.050130 0.082668 -1.64908
18.450000 -0.047744 0.083606 -1.75112
18.456250 -0.045344 0.084506 -1.86367
18.462500 -0.042931 0.085369 -1.98853
18.468750 -0.040505 0.086193 -2.12794
18.475000 -0.038070 0.086979 -2.28473
18.481250 -0.035626 0.087728 -2.46249
18.487500 -0.033174 0.088439 -2.66589
18.493750 -0.030717 0.089113 -2.90107
18.500000 -0.028256 0.089749 -3.17631
18.506250 -0.025791 0.090347 -3.50304
18.512500 -0.023325 0.090909 -3.8975
18.518750 -0.020858 0.091433 -4.3835
18.525000 -0.018393 0.091920 -4.99756
18.531250 -0.015930 0.092370 -5.79854
18.537500 -0.013471 0.092784 -6.88791
18.543750 -0.011016 0.093161 -8.45682
18.550000 -0.008568 0.093502 -10.9131
18.556250 -0.006127 0.093806 -15.3105
18.562500 -0.003695 0.094075 -25.4624
18.568750 -0.001272 0.094308 -74.1314
18.575000 0.001139 0.094505 82.9429
18.581250 0.003539 0.094667 26.7502
18.587500 0.005925 0.094794 15.9981
18.593750 0.008297 0.094886 11.4355
18.600000 0.010654 0.094943 8.91117
18.606250 0.012995 0.094966 7.30785
18.612500 0.015318 0.094954 6.1987
18.618750 0.017623 0.094908 5.38533
18.625000 0.019909 0.094828 4.76302
18.631250 0.022175 0.094714 4.27124
18.637500 0.024420 0.094567 3.8726
18.643750 0.026642 0.094387 3.54275
18.650000 0.028842 0.094173 3.26512
18.656250 0.031019 0.093927 3.0281
18.662500 0.033171 0.093649 2.82325
18.668750 0.035297 0.093338 2.64433
18.675000 0.037398 0.092995 2.48661
18.681250 0.039472 0.092620 2.34646
18.687500 0.041519 0.092215 2.221
18.693750 0.043538 0.091778 2.10798
18.700000 0.045528 0.091310 2.00556
18.706250 0.047489 0.090812 1.91226
18.712500 0.049420 0.090284 1.82686
18.718750 0.051321 0.089726 1.74834
18.725000 0.053190 0.089138 1.67585
18.731250 0.055028 0.088522 1.60868
18.737500 0.056833 0.087877 1.54623
18.743750 0.058606 0.087204 1.48796
18.750000 0.060346 0.086503 1.43344
18.756250 0.062053 0.085774 1.38228
18.762500 0.063725 0.085019 1.33415
18.768750 0.065363 0.084236 1.28874
18.775000 0.066966 0.083428 1.24581
18.781250 0.068535 0.082593 1.20513
18.787500 0.070068 0.081733 1.16649
18.793750 0.071565 0.080848 1.12972
18.800000 0.073025 0.079938 1.09466
18.806250 0.074450 0.079004 1.06117
18.812500 0.075838 0.078046 1.02911
18.818750 0.077189 0.077065 0.998386
18.825000 0.078503 0.076060 0.968879
18.831250 0.079780 0.075033 0.940499
18.837500 0.081019 0.073984 0.913161
18.843750 0.082221 0.072913 0.886787
18.850000 0.083385 0.071820 0.861307
18.856250 0.084511 0.070706 0.836655
18.862500 0.085599 0.069572 0.812773
18.868750 0.086649 0.068418 0.789604
18.875000 0.087660 0.067244 0.7671
18.881250 0.088634 0.066051 0.745213
18.887500 0.089569 0.064839 0.723901
18.893750 0.090465 0.063608 0.703125
18.900000 0.091323 0.062360 0.682846
18.906250 0.092143 0.061094 0.663031
18.912500 0.092925 0.059811 0.643648
18.918750 0.093668 0.058511 0.624666
18.925000 0.094373 0.057195 0.606059
18.931250 0.095039 0.055864 0.587798
18.937500 0.095668 0.054517 0.56986
18.943750 0.096258 0.053156 0.552221
18.950000 0.096810 0.051780 0.534859
18.956250 0.097325 0.050390 0.517754
18.962500 0.097801 0.048987 0.500885
18.968750 0.098240 0.047571 0.484234
18.975000 0.098642 0.046143 0.467783
18.981250 0.099006 0.044702 0.451514
18.987500 0.099333 0.043251 0.435412
18.993750 0.099622 0.041788 0.419461
19.000000 0.099875 0.040314 0.403644
19.006250 0.100092 0.038831 0.387949
19.012500 0.100272 0.037337 0.37236
19.018750 0.100415 0.035835 0.356863
19.025000 0.100523 0.034323 0.341445
19.031250 0.100595 0.032803 0.326092
19.037500 0.100632 0.031275 0.310789
19.043750 0.100633 0.029739 0.295523
19.050000 0.100599 0.028196 0.280281
19.056250 0.100530 0.026646 0.26505
19.062500 0.100427 0.025088 0.249816
19.068750 0.100290 0.023525 0.234565
19.075000 0.100119 0.021955 0.219285
19.081250 0.099915 0.020379 0.203962
19.087500 0.099677 0.018797 0.188583
19.093750 0.099406 0.017211 0.173134
19.100000 0.099102 0.015619 0.157602
19.106250 0.098766 0.014022 0.141973
19.112500 0.098398 0.012421 0.126234
19.118750 0.097999 0.010816 0.110371
19.125000 0.097568 0.009207 0.0943698
19.131250 0.097106 0.007595 0.0782158
19.137500 0.096614 0.005980 0.0618941
19.143750 0.096091 0.004361 0.045389
19.150000 0.095538 0.002740 0.0286843
19.156250 0.094956 0.001117 0.011763
19.162500 0.094345 -0.000509 -0.00539224
19.168750 0.093705 -0.002136 -0.0227993
19.175000 0.093036 -0.003766 -0.0404762
19.181250 0.092340 -0.005396 -0.0584416
19.187500 0.091615 -0.007028 -0.0767142
19.193750 0.090864 -0.008660 -0.095313
19.200000 0.090085 -0.010293 -0.114258
19.206250 0.089280 -0.011925 -0.133568
19.212500 0.088449 -0.013556 -0.153266
19.218750 0.087592 -0.015186 -0.173375
19.225000 0.086710 -0.016815 -0.193917
19.231250 0.085803 -0.018441 -0.214918
19.237500 0.084872 -0.020064 -0.236407
19.243750 0.083916 -0.021685 -0.258413
19.250000 0.082936 -0.023302 -0.280967
19.256250 0.081934 -0.024917 -0.304105
19.262500 0.080908 -0.026527 -0.327864
19.268750 0.079860 -0.028133 -0.352282
19.275000 0.078790 -0.029736 -0.377404
19.281250 0.077698 -0.031334 -0.403276
19.287500 0.076585 -0.032928 -0.429947
19.293750 0.075451 -0.034517 -0.457471
19.300000 0.074297 -0.036101 -0.485907
19.306250 0.073123 -0.037681 -0.515317
19.312500 0.071929 -0.039257 -0.545771
19.318750 0.070715 -0.040827 -0.577343
19.325000 0.069483 -0.042393 -0.610115
19.331250 0.068233 -0.043954 -0.644177
19.337500 0.066965 -0.045511 -0.679628
19.343750 0.065679 -0.047064 -0.716574
19.350000 0.064376 -0.048613 -0.755136
19.356250 0.063056 -0.050158 -0.795444
19.362500 0.061720 -0.051699 -0.837641
19.368750 0.060368 -0.053238 -0.881888
19.375000 0.059000 -0.054774 -0.92836
19.381250 0.057618 -0.056307 -0.977253
19.387500 0.056220 -0.057838 -1.02878
19.393750 0.054808 -0.059368 -1.08319
19.400000 0.053383 -0.060896 -1.14074
19.406250 0.051944 -0.062422 -1.20174
19.412500 0.050491 -0.063948 -1.26651
19.418750 0.049026 -0.065472 -1.33545
19.425000 0.047549 -0.066994 -1.40897
19.431250 0.046059 -0.068515 -1.48755
19.437500 0.044558 -0.070034 -1.57174
19.443750 0.043046 -0.071551 -1.66218
19.450000 0.041523 -0.073064 -1.75959
19.456250 0.039990 -0.074573 -1.8648
19.462500 0.038446 -0.076077 -1.97878
19.468750 0.036893 -0.077575 -2.10268
19.475000 0.035331 -0.079065 -2.23784
19.481250 0.033760 -0.080546 -2.38587
19.487500 0.032180 -0.082016 -2.54869
19.493750 0.030592 -0.083474 -2.72864
19.500000 0.028996 -0.084917 -2.92859
19.506250 0.027392 -0.086343 -3.15209
19.512500 0.025782 -0.087751 -3.40359
19.518750 0.024165 -0.089138 -3.68877
19.525000 0.022541 -0.090502 -4.01497
19.531250 0.020911 -0.091840 -4.39186
19.537500 0.019276 -0.093150 -4.83243
19.543750 0.017635 -0.094429 -5.35458
19.550000 0.015989 -0.095676 -5.98369
19.556250 0.014339 -0.096887 -6.75691
19.562500 0.012684 -0.098060 -7.73096
19.568750 0.011025 -0.099193 -8.99695
19.575000 0.009363 -0.100284 -10.7111
19.581250 0.007697 -0.101330 -13.1653
19.587500 0.006028 -0.102328 -16.9763
19.593750 0.004356 -0.103277 -23.7094
19.600000 0.002682 -0.104174 -38.8455
19.606250 0.001005 -0.105018 -104.448
19.612500 -0.000673 -0.105806 157.294
19.618750 -0.002352 -0.106536 45.2901
19.625000 -0.004033 -0.107206 26.5814
19.631250 -0.005715 -0.107816 18.8658
19.637500 -0.007397 -0.108363 14.6491
19.643750 -0.009080 -0.108846 11.9875
19.650000 -0.010763 -0.109265 10.1521
19.656250 -0.012445 -0.109617 8.80792
19.662500 -0.014127 -0.109902 7.77941
19.668750 -0.015809 -0.110119 6.96582
19.675000 -0.017489 -0.110268 6.3051
19.681250 -0.019168 -0.110347 5.75699
19.687500 -0.020845 -0.110357 5.29423
19.693750 -0.022520 -0.110297 4.8977
19.700000 -0.024194 -0.110167 4.55358
19.706250 -0.025864 -0.109967 4.25165
19.712500 -0.027533 -0.109696 3.98419
19.718750 -0.029198 -0.109355 3.74526
19.725000 -0.030861 -0.108944 3.5302
19.731250 -0.032520 -0.108464 3.33533
19.737500 -0.034175 -0.107914 3.15769
19.743750 -0.035827 -0.107296 2.99486
19.750000 -0.037474 -0.106610 2.84487
19.756250 -0.039118 -0.105856 2.70609
19.762500 -0.040757 -0.105036 2.57715
19.768750 -0.042391 -0.104150 2.4569
19.775000 -0.044020 -0.103199 2.34436
19.781250 -0.045644 -0.102185 2.23871
19.787500 -0.047263 -0.101107 2.13923
19.793750 -0.048877 -0.099968 2.04531
19.800000 -0.050484 -0.098768 1.95642
19.806250 -0.052086 -0.097509 1.87209
19.812500 -0.053681 -0.096192 1.79191
19.818750 -0.055271 -0.094818 1.71553
19.825000 -0.056853 -0.093389 1.64263
19.831250 -0.058430 -0.091906 1.57294
19.837500 -0.059999 -0.090371 1.50621
19.843750 -0.061561 -0.088785 1.44222
19.850000 -0.063116 -0.087149 1.38077
19.856250 -0.064664 -0.085465 1.32169
19.862500 -0.066204 -0.083735 1.26481
19.868750 -0.067736 -0.081961 1.21
19.875000 -0.069261 -0.080143 1.15712
19.881250 -0.070777 -0.078285 1.10607
19.887500 -0.072286 -0.076386 1.05672
19.893750 -0.073786 -0.074449 1.00899
19.900000 -0.075278 -0.072476 0.962788
19.906250 -0.076761 -0.070469 0.918031
19.912500 -0.078235 -0.068428 0.874647
19.918750 -0.079701 -0.066356 0.832568
19.925000 -0.081157 -0.064255 0.79173
19.931250 -0.082604 -0.062125 0.752077
19.937500 -0.084043 -0.059969 0.713556
19.943750 -0.085471 -0.057789 0.676116
19.950000 -0.086891 -0.055585 0.639713
19.956250 -0.088300 -0.053360 0.604303
19.962500 -0.089700 -0.051115 0.569847
19.968750 -0.091090 -0.048853 0.536309
19.975000 -0.092470 -0.046573 0.503654
19.981250 -0.093841 -0.044279 0.471849
19.987500 -0.095201 -0.041971 0.440866
19.993750 -0.096550 -0.039651 0.410674
