0.000000  0.000000015199296  0.000000030273842 1.99179
0.003125  0.000000407186387  0.000000449015820 1.10273
0.006250  0.000001870442863  0.000001931366256 1.03257
0.009375  0.000005092516345  0.000005160221773 1.0133
0.012500  0.000010739118789  0.000010796812701 1.00537
0.015625  0.000019454537225  0.000019480981127 1.00136
0.018750  0.000031862038510  0.000031831587400 0.999044
0.021875  0.000048564268166  0.000048446910644 0.997583
0.025000  0.000070143643371  0.000069905043389 0.996598
0.028125  0.000097162740188  0.000096764280370 0.995899
0.031250  0.000130164675094  0.000129563501574 0.995381
0.034375  0.000169673480889  0.000168822549612 0.994985
0.037500  0.000216194477042  0.000215042601484 0.994672
0.040625  0.000270214634561  0.000268706534808 0.994419
0.043750  0.000332202935451  0.000330279288581 0.994209
0.046875  0.000402610726810  0.000400208218543 0.994033
0.050000  0.000481872069665  0.000478923447222 0.993881
0.053125  0.000570404082582  0.000566838208704 0.993749
0.056250  0.000668607280135  0.000664349188224 0.993631
0.059375  0.000776865906295  0.000771836856620 0.993526
0.062500  0.000895548262796  0.000889665799728 0.993431
0.065625  0.001025007032559  0.001018185042784 0.993344
0.068750  0.001165579598217  0.001157728369888 0.993264
0.071875  0.001317588355815  0.001308614638600 0.993189
0.075000  0.001481341023746  0.001471148089726 0.993119
0.078125  0.001657130946984  0.001645618652368 0.993053
0.081250  0.001845237396665  0.001832302244271 0.99299
0.084375  0.002045925865094  0.002031461067570 0.99293
0.087500  0.002259448356213  0.002243343899948 0.992872
0.090625  0.002486043671614  0.002468186381310 0.992817
0.093750  0.002725937692132  0.002706211295992 0.992763
0.096875  0.002979343655091  0.002957628850595 0.992712
0.100000  0.003246462427247  0.003222636947474 0.992661
0.103125  0.003527482773493  0.003501421453962 0.992612
0.106250  0.003822581621380  0.003794156467364 0.992564
0.109375  0.004131924321496  0.004101004575793 0.992517
0.112500  0.004455664903777  0.004422117114888 0.992471
0.115625  0.004793946329786  0.004757634420481 0.992425
0.118750  0.005146900741023  0.005107686077253 0.992381
0.121875  0.005514649703304  0.005472391163448 0.992337
0.125000  0.005897304447287  0.005851858491674 0.992294
0.128125  0.006294966105159  0.006246186845869 0.992251
0.131250  0.006707725943569  0.006655465214457 0.992209
0.134375  0.007135665592834  0.007079773019768 0.992167
0.137500  0.007578857272472  0.007519180343750 0.992126
0.140625  0.008037364013119  0.007973748150037 0.992085
0.143750  0.008511239874866  0.008443528502416 0.992044
0.146875  0.009000530162071  0.008928564779738 0.992004
0.150000  0.009505271634686  0.009428891887327 0.991964
0.153125  0.010025492716153  0.009944536464929 0.991925
0.156250  0.010561213697914  0.010475517091247 0.991886
0.159375  0.011112446940566  0.011021844485106 0.991847
0.162500  0.011679197071726  0.011583521703305 0.991808
0.165625  0.012261461180638  0.012160544335182 0.99177
0.168750  0.012859229009565  0.012752900693950 0.991731
0.171875  0.013472483142016  0.013360572004842 0.991693
0.175000  0.014101199187842  0.013983532590108 0.991656
0.178125  0.014745345965249  0.014621750050913 0.991618
0.181250  0.015404885679773  0.015275185446160 0.991581
0.184375  0.016079774100241  0.015943793468308 0.991543
0.187500  0.016769960731784  0.016627522616198 0.991506
0.190625  0.017475388985916  0.017326315364941 0.99147
0.193750  0.018195996347740  0.018040108332914 0.991433
0.196875  0.018931714540307  0.018768832445887 0.991396
0.200000  0.019682469686171  0.019512413098336 0.99136
0.203125  0.020448182466176  0.020270770311968 0.991324
0.206250  0.021228768275520  0.021043818891503 0.991288
0.209375  0.022024137377122  0.021831468577758 0.991252
0.212500  0.022834195052338  0.022633624198049 0.991216
0.215625  0.023658841749056  0.023450185813970 0.991181
0.218750  0.024497973227214  0.024281048866569 0.991145
0.221875  0.025351480701767  0.025126104318974 0.99111
0.225000  0.026219250983143  0.025985238796484 0.991075
0.228125  0.027101166615226  0.026858334724173 0.99104
0.231250  0.027997106010893  0.027745270462048 0.991005
0.234375  0.028906943585142  0.028645920437774 0.99097
0.237500  0.029830549885848  0.029560166947383 0.990936
0.240625  0.030767791722176  0.030487879340679 0.990902
0.243750  0.031718532290683  0.031428923021706 0.990869
0.246875  0.032682631299141  0.032383155095088 0.990837
0.250000  0.033659945088126  0.033350430455252 0.990805
0.253125  0.034650326750375  0.034330601022062 0.990773
0.256250  0.035653626247976  0.035323515834324 0.990741
0.259375  0.036669690527400  0.036329021764207 0.99071
0.262500  0.037698363632409  0.037346962511268 0.990679
0.265625  0.038739486814879  0.038377179135874 0.990648
0.268750  0.039792898643553  0.039419509921837 0.990617
0.271875  0.040858435110768  0.040473790784102 0.990586
0.275000  0.041935929737178  0.041539858686344 0.990555
0.278125  0.043025213674493  0.042617545005664 0.990525
0.281250  0.044126115806285  0.043706678667181 0.990495
0.284375  0.045238462846863  0.044807085014059 0.990464
0.287500  0.046362079438262  0.045918587908199 0.990434
0.290625  0.047496788245366  0.047041009521618 0.990404
0.293750  0.048642410049196  0.048174170630704 0.990374
0.296875  0.049798763838381  0.049317890121838 0.990344
0.300000  0.050965666898854  0.050471985312795 0.990313
0.303125  0.052142934901776  0.051636274165213 0.990283
0.306250  0.053330381989741  0.052810571689032 0.990253
0.309375  0.054527820861258  0.053994694082271 0.990223
0.312500  0.055735062853565  0.055188453381033 0.990193
0.315625  0.056951918023771  0.056391660382161 0.990163
0.318750  0.058178195228374  0.057604137635337 0.990133
0.321875  0.059413702201161  0.058825693013318 0.990103
0.325000  0.060658245629525  0.060056135889633 0.990074
0.328125  0.061911631229223  0.061295269144979 0.990044
0.331250  0.063173663817583  0.062542897465370 0.990015
0.334375  0.064444147385207  0.063798824680562 0.989986
0.337500  0.065722885166168  0.065062854112848 0.989957
0.340625  0.067009679706744  0.066334786642915 0.989928
0.343750  0.068304332932695  0.067614424365087 0.989899
0.346875  0.069606646215114  0.068901569078739 0.989871
0.350000  0.070916420434873  0.070196023104367 0.989842
0.353125  0.072233456045677  0.071497588301726 0.989813
0.356250  0.073557553135763  0.072806066278735 0.989784
0.359375  0.074888511488243  0.074121258444659 0.989755
0.362500  0.076226130640130  0.075442966061738 0.989726
0.365625  0.077570209940062  0.076770990295816 0.989697
0.368750  0.078920548604735  0.078105132266078 0.989668
0.371875  0.080276945774076  0.079445193094073 0.989639
0.375000  0.081639200565176  0.080790973951948 0.98961
0.378125  0.083007112124984  0.082142276109958 0.989581
0.381250  0.084380479681806  0.083498900983211 0.989552
0.384375  0.085759102595614  0.084860650177594 0.989524
0.387500  0.087142780407179  0.086227325534905 0.989495
0.390625  0.088531312886055  0.087598729177135 0.989466
0.393750  0.089924500077438  0.088974663549886 0.989437
0.396875  0.091322142347893  0.090354931464942 0.989409
0.400000  0.092724040429996  0.091739336141910 0.98938
0.403125  0.094129995465886  0.093127681248999 0.989352
0.406250  0.095539809049762  0.094519770942880 0.989323
0.409375  0.096953283269322  0.095915410920108 0.989295
0.412500  0.098370220746177  0.097314406751493 0.989267
0.415625  0.099790424675253  0.098716564555445 0.989239
0.418750  0.101213698863188  0.100121686771542 0.989211
0.421875  0.102639847765752  0.101529579564362 0.989183
0.425000  0.104068676524300  0.102940049551032 0.989155
0.428125  0.105499991001270  0.104352905480038 0.989127
0.431250  0.106933597814752  0.105767956361148 0.989099
0.434375  0.108369304372128  0.107185011956496 0.989072
0.437500  0.109806918902816  0.108603882851558 0.989044
0.440625  0.111246250490118  0.110024380506712 0.989017
0.443750  0.112687109102189  0.111446317297069 0.988989
0.446875  0.114129305622152  0.112869506545203 0.988962
0.450000  0.115572651877357  0.114293762549244 0.988934
0.453125  0.117016960667813  0.115718900607747 0.988907
0.456250  0.118462045793799  0.117144737042081 0.98888
0.459375  0.119907722082664  0.118571092348136 0.988853
0.462500  0.121353805414838  0.119997784431773 0.988826
0.465625  0.122800112749067  0.121424633309020 0.988799
0.468750  0.124246462146875  0.122851458846838 0.988772
0.471875  0.125692672796273  0.124278083308863 0.988746
0.475000  0.127138565034736  0.125704328866411 0.988719
0.478125  0.128583960371442  0.127130019468566 0.988693
0.481250  0.130028681508797  0.128554980107768 0.988666
0.484375  0.131472552363263  0.129979037373470 0.98864
0.487500  0.132915398085486  0.131402019044583 0.988614
0.490625  0.134357045079752  0.132823754163991 0.988588
0.493750  0.135797321022770  0.134244073089781 0.988562
0.496875  0.137236054881800  0.135662807411991 0.988536
0.500000  0.138673076932141  0.137079790062257 0.98851
0.503125  0.140108218773977  0.138494855287755 0.988485
0.506250  0.141541313348608  0.139907838697128 0.988459
0.509375  0.142972194954067  0.141318577394934 0.988434
0.512500  0.144400699260136  0.142726909548292 0.988409
0.515625  0.145826663322776  0.144132674854242 0.988384
0.518750  0.147249925597970  0.145535714570518 0.988358
0.521875  0.148670325955005  0.146935871323637 0.988334
0.525000  0.150087705689194  0.148332989144270 0.988309
0.528125  0.151501907534043  0.149726913414680 0.988284
0.531250  0.152912775672890  0.151117490961513 0.988259
0.534375  0.154320155750005  0.152504570040197 0.988235
0.537500  0.155723894881179  0.153888000488284 0.988211
0.540625  0.157123841663799  0.155267633397492 0.988186
0.543750  0.158519846186427  0.156643321505961 0.988162
0.546875  0.159911760037880  0.158014918872138 0.988138
0.550000  0.161299436315842  0.159382281096444 0.988114
0.553125  0.162682729634990  0.160745265448006 0.988091
0.556250  0.164061496134664  0.162103729945442 0.988067
0.559375  0.165435593486080  0.163457535141140 0.988043
0.562500  0.166804880899101  0.164806542667851 0.98802
0.565625  0.168169219128562  0.166150615973958 0.987997
0.568750  0.169528470480174  0.167489619091504 0.987973
0.571875  0.170882498816001  0.168823418098193 0.98795
0.575000  0.172231169559532  0.170151880556762 0.987927
0.578125  0.173574349700339  0.171474876229438 0.987904
0.581250  0.174911907798346  0.172792276201803 0.987882
0.584375  0.176243713987705  0.174103953062080 0.987859
0.587500  0.177569639980295  0.175409780835922 0.987837
0.590625  0.178889559068841  0.176709635242890 0.987814
0.593750  0.180203346129673  0.178003393244645 0.987792
0.596875  0.181510877625127  0.179290933562011 0.98777
0.600000  0.182812031605587  0.180572136422121 0.987748
0.603125  0.184106687711194  0.181846883711940 0.987726
0.606250  0.185394727173207  0.183115059268965 0.987704
0.609375  0.186676032815047  0.184376548211670 0.987682
0.612500  0.187950489053000  0.185631237083962 0.98766
0.615625  0.189217981896623  0.186879013944347 0.987639
0.618750  0.190478398948829  0.188119768507386 0.987617
0.621875  0.191731629405670  0.189353391830726 0.987596
0.625000  0.192977564055824  0.190579777026752 0.987575
0.628125  0.194216095279798  0.191798818214868 0.987554
0.631250  0.195447117048836  0.193010411882072 0.987533
0.634375  0.196670524923558  0.194214455752369 0.987512
0.637500  0.197886216052327  0.195410848079866 0.987491
0.640625  0.199094089169343  0.196599489430908 0.98747
0.643750  0.200294044592488  0.197780281692806 0.98745
0.646875  0.201485984220908  0.198953128722167 0.987429
0.650000  0.202669811532355  0.200117935834131 0.987409
0.653125  0.203845431580276  0.201274609915527 0.987388
0.656250  0.205012750990681  0.202423059300282 0.987368
0.659375  0.206171677958762  0.203563194045263 0.987348
0.662500  0.207322122245301  0.204694925627833 0.987328
0.665625  0.208463995172847  0.205818167125178 0.987308
0.668750  0.209597209621687  0.206932832869248 0.987288
0.671875  0.210721680025595  0.208038839544506 0.987268
0.675000  0.211837322367392  0.209136104961104 0.987249
0.678125  0.212944054174289  0.210224548562233 0.987229
0.681250  0.214041794513047  0.211304091047225 0.987209
0.684375  0.215130463984942  0.212374654639170 0.98719
0.687500  0.216209984720547  0.213436163088698 0.987171
0.690625  0.217280280374330  0.214488541622116 0.987151
0.693750  0.218341276119079  0.215531717142431 0.987132
0.696875  0.219392898640151  0.216565617829117 0.987113
0.700000  0.220435076129563  0.217590173466513 0.987094
0.703125  0.221467738279911  0.218605315255344 0.987075
0.706250  0.222490816278136  0.219610975955694 0.987056
0.709375  0.223504242799131  0.220607089693525 0.987038
0.712500  0.224507951999210  0.221593593426626 0.987019
0.715625  0.225501879509414  0.222570425440786 0.987
0.718750  0.226485962428691  0.223537524803978 0.986982
0.721875  0.227460139316931  0.224494831535294 0.986963
0.725000  0.228424350187868  0.225442286220546 0.986945
0.728125  0.229378536501854  0.226379831454001 0.986927
0.731250  0.230322641158507  0.227307411237912 0.986909
0.734375  0.231256608489235  0.228224970602715 0.986891
0.737500  0.232180384249644  0.229132456687981 0.986873
0.740625  0.233093915611831  0.230029817665133 0.986855
0.743750  0.233997151156565  0.230917003355992 0.986837
0.746875  0.234890040865361  0.231793964741034 0.986819
0.750000  0.235772536112447  0.232660654666843 0.986801
0.753125  0.236644589656639  0.233517027129187 0.986784
0.756250  0.237506155633104  0.234363037523846 0.986766
0.759375  0.238357189545046  0.235198642443658 0.986749
0.762500  0.239197648255288  0.236023800292675 0.986731
0.765625  0.240027489977770  0.236838470236602 0.986714
0.768750  0.240846674268968  0.237642612927551 0.986697
0.771875  0.241655162019223  0.238436190255124 0.986679
0.775000  0.242452915443997  0.239219165921754 0.986662
0.778125  0.243239898075054  0.239991504130721 0.986645
0.781250  0.244016074751562  0.240753170891130 0.986628
0.784375  0.244781411611137  0.241504133212834 0.986611
0.787500  0.245535876080807  0.242244359622951 0.986595
0.790625  0.246279436867921  0.242973819737695 0.986578
0.793750  0.247012063950994  0.243692485083079 0.986561
0.796875  0.247733728570493  0.244400327877228 0.986544
0.800000  0.248444403219566  0.245097321687774 0.986528
0.803125  0.249144061634721  0.245783440936308 0.986511
0.806250  0.249832678786451  0.246458661383887 0.986495
0.809375  0.250510230869810  0.247122959972013 0.986479
0.812500  0.251176695294948  0.247776314900806 0.986462
0.815625  0.251832050677596  0.248418705562181 0.986446
0.818750  0.252476276829516  0.249050113373885 0.98643
0.821875  0.253109354748904  0.249670520209836 0.986414
0.825000  0.253731266610767  0.250279909063297 0.986398
0.828125  0.254341995757257  0.250878263723162 0.986382
0.831250  0.254941526687978  0.251465569238549 0.986366
0.834375  0.255529845050259  0.252041811899074 0.98635
0.837500  0.256106937629402  0.252606978968399 0.986334
0.840625  0.256672792338903  0.253161058946901 0.986318
0.843750  0.257227398210651  0.253704041409806 0.986303
0.846875  0.257770745385103  0.254235917096525 0.986287
0.850000  0.258302825101438  0.254756677849322 0.986271
0.853125  0.258823629687699  0.255266316600139 0.986256
0.856250  0.259333152550911  0.255764827344672 0.98624
0.859375  0.259831388167192  0.256252203867834 0.986225
0.862500  0.260318332071848  0.256728441877508 0.98621
0.865625  0.260793980849456  0.257193538201094 0.986194
0.868750  0.261258332123943  0.257647491079918 0.986179
0.871875  0.261711384548653  0.258090299806432 0.986164
0.875000  0.262153137796414  0.258521964576272 0.986149
0.878125  0.262583592549591  0.258942486800149 0.986134
0.881250  0.263002750490153  0.259351868743144 0.986118
0.884375  0.263410614289722  0.259750113663315 0.986103
0.887500  0.263807187599636  0.260137225830328 0.986088
0.890625  0.264192475041007  0.260513211255063 0.986074
0.893750  0.264566482194787  0.260878076308837 0.986059
0.896875  0.264929215591837  0.261231828159173 0.986044
0.900000  0.265280682703003  0.261574471807878 0.986029
0.903125  0.265620891929202  0.261906015074819 0.986014
0.906250  0.265949852591517  0.262226466881711 0.986
0.909375  0.266267574921300  0.262535838055669 0.985985
0.912500  0.266574070050291  0.262834139924295 0.98597
0.915625  0.266869350000750  0.263121384894945 0.985956
0.918750  0.267153427675601  0.263397585883609 0.985941
0.921875  0.267426316848594  0.263662756226069 0.985927
0.925000  0.267688032154485  0.263916910528623 0.985912
0.928125  0.267938589079231  0.264160064439896 0.985898
0.931250  0.268178003950208  0.264392234728889 0.985883
0.934375  0.268406293926451  0.264613438944630 0.985869
0.937500  0.268623476988907  0.264823695447299 0.985855
0.940625  0.268829571930720  0.265023023475650 0.98584
0.943750  0.269024598347538  0.265211442973905 0.985826
0.946875  0.269208576627840  0.265388974819219 0.985812
0.950000  0.269381527943295  0.265555640485916 0.985798
0.953125  0.269543474239141  0.265711458639626 0.985783
0.956250  0.269694438224599  0.265856451228764 0.985769
0.959375  0.269834443363312  0.265990640891957 0.985755
0.962500  0.269963513863811  0.266114052622286 0.985741
0.965625  0.270081674670018  0.266226711808263 0.985727
0.968750  0.270188951451771  0.266328644573729 0.985713
0.971875  0.270285370595395  0.266419877682277 0.985698
0.975000  0.270370959194288  0.266500438670856 0.985684
0.978125  0.270445745039557  0.266570355740954 0.98567
0.981250  0.270509756610679  0.266629657771233 0.985656
0.984375  0.270563023066201  0.266678374335353 0.985642
0.987500  0.270605574234474  0.266716535689085 0.985628
0.990625  0.270637440604428  0.266744172398721 0.985614
0.993750  0.270658653316376  0.266761315837421 0.985601
0.996875  0.270669244152865  0.266767998163442 0.985587
1.000000  0.270669245529562  0.266764252119574 0.985573
1.003125  0.270658690486178  0.266750111232734 0.985559
1.006250  0.270637612677435  0.266725609439920 0.985545
1.009375  0.270606046364071  0.266690781296139 0.985531
1.012500  0.270564026403887  0.266645661873032 0.985518
1.015625  0.270511588242839  0.266590286849308 0.985504
1.018750  0.270448767906166  0.266524692445521 0.985491
1.021875  0.270375601989566  0.266448915421871 0.985477
1.025000  0.270292127650413  0.266362993072842 0.985463
1.028125  0.270198382599020  0.266266963281025 0.98545
1.031250  0.270094405089945  0.266160863585723 0.985436
1.034375  0.269980233913340  0.266044732679015 0.985423
1.037500  0.269855908386349  0.265918609757565 0.98541
1.040625  0.269721468344549  0.265782534820446 0.985396
1.043750  0.269576954133440  0.265636548426560 0.985383
1.046875  0.269422406599977  0.265480690787505 0.98537
1.050000  0.269257867084154  0.265315002997247 0.985357
1.053125  0.269083377410631  0.265139521466474 0.985343
1.056250  0.268898979880416  0.264954286422302 0.98533
1.059375  0.268704717262582  0.264759338792587 0.985317
1.062500  0.268500632786048  0.264554721975914 0.985304
1.065625  0.268286770131396  0.264340479617402 0.985291
1.068750  0.268063173422745  0.264116655690107 0.985278
1.071875  0.267829887219674  0.263883294604947 0.985265
1.075000  0.267586956509185  0.263640441178754 0.985251
1.078125  0.267334426697732  0.263388140675268 0.985238
1.081250  0.267072343603287  0.263126438727777 0.985225
1.084375  0.266800753447459  0.262855381331104 0.985212
1.087500  0.266519702847673  0.262575014861861 0.985199
1.090625  0.266229238809387  0.262285379910486 0.985186
1.093750  0.265929408718368  0.261986521548869 0.985173
1.096875  0.265620260333015  0.261678483261068 0.98516
1.100000  0.265301841776742  0.261361312794233 0.985147
1.103125  0.264974201530401  0.261035057906392 0.985134
1.106250  0.264637388424764  0.260699767526268 0.985121
1.109375  0.264291451633059  0.260355490739856 0.985107
1.112500  0.263936440663550  0.260002276935015 0.985094
1.115625  0.263572405352180  0.259640175824289 0.985081
1.118750  0.263199395855256  0.259269237391006 0.985068
1.121875  0.262817462642198  0.258889511887484 0.985054
1.125000  0.262426656488327  0.258501049873809 0.985041
1.128125  0.262027028467720  0.258103902081953 0.985028
1.131250  0.261618629946109  0.257698119546670 0.985014
1.134375  0.261201512573833  0.257283753380687 0.985001
1.137500  0.260775728278851  0.256860855307248 0.984988
1.140625  0.260341329259800  0.256429477193875 0.984974
1.143750  0.259898367979111  0.255989671196015 0.984961
1.146875  0.259446897156172  0.255541489636470 0.984947
1.150000  0.258986969760557  0.255084985109721 0.984934
1.153125  0.258518639005293  0.254620210338785 0.98492
1.156250  0.258041958340192  0.254147217461588 0.984907
1.159375  0.257556981445234  0.253666059455846 0.984893
1.162500  0.257063762223997  0.253176789536009 0.984879
1.165625  0.256562354797150  0.252679461205292 0.984866
1.168750  0.256052813495994  0.252174128253475 0.984852
1.171875  0.255535192856056  0.251660844249456 0.984838
1.175000  0.255009547610741  0.251139663265857 0.984825
1.178125  0.254475932685031  0.250610639660675 0.984811
1.181250  0.253934403189246  0.250073827988883 0.984797
1.184375  0.253385014412848  0.249529282980926 0.984783
1.187500  0.252827821818307  0.248977058873090 0.984769
1.190625  0.252262881035019  0.248417210621904 0.984755
1.193750  0.251690247853270  0.247849792619332 0.984741
1.196875  0.251109978218265  0.247274860062650 0.984727
1.200000  0.250522128224198  0.246692468192791 0.984713
1.203125  0.249926754108387  0.246102672686783 0.984699
1.206250  0.249323912245450  0.245505529534656 0.984685
1.209375  0.248713659141545  0.244901094445229 0.984671
1.212500  0.248096051428655  0.244289423423869 0.984657
1.215625  0.247471145858928  0.243670572509211 0.984642
1.218750  0.246838999299073  0.243044597972948 0.984628
1.221875  0.246199668724803  0.242411556185856 0.984614
1.225000  0.245553211215333  0.241771503544037 0.984599
1.228125  0.244899683947935  0.241124496712672 0.984585
1.231250  0.244239144192534  0.240470592450289 0.98457
1.234375  0.243571649306368  0.239809847589591 0.984556
1.237500  0.242897256728692  0.239142318794017 0.984541
1.240625  0.242216023975537  0.238468062928241 0.984526
1.243750  0.241528008634523  0.237787136967529 0.984512
1.246875  0.240833268359717  0.237099598078696 0.984497
1.250000  0.240131860866546  0.236405503495141 0.984482
1.253125  0.239423843926766  0.235704910484578 0.984467
1.256250  0.238709275363473  0.234997876459481 0.984452
1.259375  0.237988213046173  0.234284458828898 0.984437
1.262500  0.237260714885896  0.233564715108757 0.984422
1.265625  0.236526838830367  0.232838701892040 0.984407
1.268750  0.235786642859222  0.232106476492445 0.984392
1.271875  0.235040184979277  0.231368096205509 0.984377
1.275000  0.234287523219849  0.230623618789716 0.984362
1.278125  0.233528715628123  0.229873101962951 0.984346
1.281250  0.232763820264570  0.229116603249762 0.984331
1.284375  0.231992895198417  0.228354180423996 0.984315
1.287500  0.231215998503161  0.227585890890056 0.9843
1.290625  0.230433188252140  0.226811792835000 0.984284
1.293750  0.229644522514145  0.226031943591877 0.984269
1.296875  0.228850059349088  0.225246401073894 0.984253
1.300000  0.228049856803710  0.224455223036908 0.984238
1.303125  0.227243972907347  0.223658467477694 0.984222
1.306250  0.226432465667739  0.222856192327380 0.984206
1.309375  0.225615393066883  0.222048455611203 0.98419
1.312500  0.224792813056947  0.221235315317350 0.984174
1.315625  0.223964783556215  0.220416827371059 0.984158
1.318750  0.223131362445089  0.219593049104039 0.984142
1.321875  0.222292607562141  0.218764037822590 0.984126
1.325000  0.221448576700203  0.217929851402365 0.98411
1.328125  0.220599327602507  0.217090548000373 0.984094
1.331250  0.219744917958879  0.216246185391288 0.984078
1.334375  0.218885405401964  0.215396821447951 0.984062
1.337500  0.218020847503515  0.214542513895657 0.984046
1.340625  0.217151301770711  0.213683320507016 0.98403
1.343750  0.216276825642532  0.212819298999425 0.984013
1.346875  0.215397476486176  0.211950506970720 0.983997
1.350000  0.214513311593518  0.211077002041258 0.983981
1.353125  0.213624388177619  0.210198841642594 0.983965
1.356250  0.212730763369277  0.209316083252825 0.983948
1.359375  0.211832494213619  0.208428784144004 0.983932
1.362500  0.210929637666747  0.207537001481826 0.983916
1.365625  0.210022250592416  0.206640792525666 0.9839
1.368750  0.209110389758764  0.205740213880265 0.983883
1.371875  0.208194111835082  0.204835323022259 0.983867
1.375000  0.207273473388628  0.203926176645397 0.983851
1.378125  0.206348530881484  0.203012831605720 0.983835
1.381250  0.205419340667455  0.202095344358109 0.983818
1.384375  0.204485958989013  0.201173771362643 0.983802
1.387500  0.203548441974277  0.200248168926928 0.983786
1.390625  0.202606845634044  0.199318593195653 0.98377
1.393750  0.201661225858854  0.198385100185753 0.983754
1.396875  0.200711638416098  0.197447745141659 0.983738
1.400000  0.199758138947172  0.196506583382027 0.983723
1.403125  0.198800782964666  0.195561670127047 0.983707
1.406250  0.197839625849598  0.194613060268837 0.983691
1.409375  0.196874722848682  0.193660809499977 0.983675
1.412500  0.195906129071646  0.192704972942221 0.98366
1.415625  0.194933899488583  0.191745604474297 0.983644
1.418750  0.193958088927341  0.190782757475309 0.983629
1.421875  0.192978752070955  0.189816485035877 0.983613
1.425000  0.191995943455124  0.188846840344864 0.983598
1.428125  0.191009717465709  0.187873876462760 0.983583
1.431250  0.190020128336293  0.186897646310452 0.983568
1.434375  0.189027230145761  0.185918202631926 0.983552
1.437500  0.188031076815925  0.184935597987227 0.983537
1.440625  0.187031722109190  0.183949884772380 0.983522
1.443750  0.186029219626251  0.182961115082315 0.983507
1.446875  0.185023622803833  0.181969340905055 0.983492
1.450000  0.184014984912462  0.180974613918143 0.983478
1.453125  0.183003359054282  0.179976985638077 0.983463
1.456250  0.181988798160897  0.178976507272271 0.983448
1.459375  0.180971354991259  0.177973229825727 0.983433
1.462500  0.179951082129588  0.176967204099089 0.983418
1.465625  0.178928031983327  0.175958480647960 0.983404
1.468750  0.177902256781133  0.174947109909489 0.983389
1.471875  0.176873808570908  0.173933141799832 0.983374
1.475000  0.175842739217853  0.172916626239316 0.983359
1.478125  0.174809100402574  0.171897612840425 0.983345
1.481250  0.173772943619206  0.170876151062638 0.98333
1.484375  0.172734320173579  0.169852290153230 0.983315
1.487500  0.171693281181422  0.168826079110381 0.9833
1.490625  0.170649877566591  0.167797566784071 0.983286
1.493750  0.169604160059337  0.166766801504602 0.983271
1.496875  0.168556179194605  0.165733831587903 0.983256
1.500000  0.167505985310368  0.164698705151727 0.983241
1.503125  0.166453628545991  0.163661470287130 0.983226
1.506250  0.165399158840626  0.162622175112375 0.98321
1.509375  0.164342625931647  0.161580867164225 0.983195
1.512500  0.163284079353108  0.160537594233312 0.98318
1.515625  0.162223568434235  0.159492403663229 0.983164
1.518750  0.161161142297954  0.158445342855632 0.983149
1.521875  0.160096849859444  0.157396458902152 0.983133
1.525000  0.159030739824723  0.156345798864292 0.983117
1.528125  0.157962860689270  0.155293408662487 0.983101
1.531250  0.156893260736666  0.154239334841601 0.983085
1.534375  0.155821988037275  0.153183623752365 0.983068
1.537500  0.154749090446950  0.152126321996854 0.983051
1.540625  0.153674615605773  0.151067475516349 0.983035
1.543750  0.152598610936818  0.150007130330712 0.983018
1.546875  0.151521123644946  0.148945332215080 0.983
1.550000  0.150442200715634  0.147882127080072 0.982983
1.553125  0.149361888913822  0.146817560773208 0.982965
1.556250  0.148280234782799  0.145751679126059 0.982947
1.559375  0.147197284643108  0.144684527764240 0.982929
1.562500  0.146113084591489  0.143616152223717 0.982911
1.565625  0.145027680499836  0.142546597817858 0.982892
1.568750  0.143941118014196  0.141475909782551 0.982873
1.571875  0.142853442553786  0.140404133205077 0.982854
1.575000  0.141764699310036  0.139331312976881 0.982835
1.578125  0.140674933245666  0.138257493911930 0.982815
1.581250  0.139584189093784  0.137182720644390 0.982796
1.584375  0.138492511357009  0.136107037486743 0.982775
1.587500  0.137399944306626  0.135030488625415 0.982755
1.590625  0.136306531981758  0.133953118283350 0.982734
1.593750  0.135212318188573  0.132874970576257 0.982714
1.596875  0.134117346499507  0.131796089097789 0.982692
1.600000  0.133021660252520  0.130716517845149 0.982671
1.603125  0.131925302550371  0.129636300224119 0.982649
1.606250  0.130828316259919  0.128555479598442 0.982627
1.609375  0.129730744011451  0.127474098965396 0.982605
1.612500  0.128632628198030  0.126392201313379 0.982583
1.615625  0.127534010974867  0.125309829205937 0.98256
1.618750  0.126434934258721  0.124227024877676 0.982537
1.621875  0.125335439727319  0.123143830118410 0.982514
1.625000  0.124235568818795  0.122060286569631 0.982491
1.628125  0.123135362731164  0.120976435558894 0.982467
1.631250  0.122034862421803  0.119892318026127 0.982443
1.634375  0.120934108606966  0.118807974613792 0.982419
1.637500  0.119833141761318  0.117723445672281 0.982395
1.640625  0.118732002117487  0.116638771333308 0.98237
1.643750  0.117630729665645  0.115553991574008 0.982345
1.646875  0.116529364153105  0.114469146021448 0.98232
1.650000  0.115427945083938  0.113384273995449 0.982295
1.653125  0.114326511718616  0.112299414645630 0.982269
1.656250  0.113225103073677  0.111214606851912 0.982243
1.659375  0.112123757921399  0.110129889268769 0.982217
1.662500  0.111022514789512  0.109045300306661 0.982191
1.665625  0.109921411960911  0.107960878091356 0.982164
1.668750  0.108820487473409  0.106876660516070 0.982137
1.671875  0.107719779119491  0.105792684796550 0.98211
1.675000  0.106619324446099  0.104708988268032 0.982083
1.678125  0.105519160754434  0.103625607758782 0.982055
1.681250  0.104419325099775  0.102542579295806 0.982027
1.684375  0.103319854291322  0.101459938373670 0.981998
1.687500  0.102220784892046  0.100377720183036 0.98197
1.690625  0.101122153218573  0.099295959554727 0.981941
1.693750  0.100023995341076  0.098214691071386 0.981911
1.696875  0.098926347083187  0.097133948884235 0.981881
1.700000  0.097829244021927  0.096053766381323 0.981851
1.703125  0.096732721487657  0.094974176972477 0.981821
1.706250  0.095636814564041  0.093895213377679 0.981789
1.709375  0.094541558088030  0.092816908067984 0.981758
1.712500  0.093446986649862  0.091739292931618 0.981726
1.715625  0.092353134593078  0.090662399793672 0.981693
1.718750  0.091260036014557  0.089586260024431 0.981659
1.721875  0.090167724764563  0.088510904725005 0.981625
1.725000  0.089076234446815  0.087436364719378 0.98159
1.728125  0.087985598418566  0.086362670519696 0.981555
1.731250  0.086895849790703  0.085289852502625 0.981518
1.734375  0.085807021427860  0.084217940775971 0.981481
1.737500  0.084719145948546  0.083146965338456 0.981442
1.740625  0.083632255725293  0.082076956037072 0.981403
1.743750  0.082546382884811  0.081007942573689 0.981363
1.746875  0.081461559308166  0.079939954632447 0.981321
1.750000  0.080377816630970  0.078873021781935 0.981278
1.753125  0.079295186243580  0.077807173595326 0.981235
1.756250  0.078213699291321  0.076742439561164 0.981189
1.759375  0.077133386674716  0.075678848635631 0.981143
1.762500  0.076054279049735  0.074616429284699 0.981094
1.765625  0.074976406828051  0.073555210117859 0.981045
1.768750  0.073899800177317  0.072495219518264 0.980993
1.771875  0.072824489021451  0.071436485733376 0.98094
1.775000  0.071750503040941  0.070379036617482 0.980886
1.778125  0.070677871673154  0.069322899042737 0.980829
1.781250  0.069606624112663  0.068268099916171 0.98077
1.784375  0.068536789311590  0.067214665902352 0.980709
1.787500  0.067468395979955  0.066162623262045 0.980646
1.790625  0.066401472586040  0.065111998275820 0.980581
1.793750  0.065336047356769  0.064062817108823 0.980513
1.796875  0.064272148278092  0.063015106066575 0.980442
1.800000  0.063209803095390  0.061968891313084 0.980368
1.803125  0.062149039313886  0.060924199164816 0.980292
1.806250  0.061089884199065  0.059881056167825 0.980212
1.809375  0.060032364777119  0.058839488318376 0.980129
1.812500  0.058976507835381  0.057799521984484 0.980043
1.815625  0.057922339922795  0.056761183479959 0.979953
1.818750  0.056869887350375  0.055724499344678 0.979859
1.821875  0.055819176191691  0.054689495812516 0.979762
1.825000  0.054770232283355  0.053656198060805 0.97966
1.828125  0.053723081225525  0.052624629838601 0.979553
1.831250  0.052677748382411  0.051594814749406 0.979442
1.834375  0.051634258882801  0.050566775878434 0.979326
1.837500  0.050592637620590  0.049540535939368 0.979204
1.840625  0.049552909255320  0.048516117013551 0.979077
1.843750  0.048515098212731  0.047493540599313 0.978944
1.846875  0.047479228685322  0.046472828073179 0.978803
1.850000  0.046445324632919  0.045454000060986 0.978656
1.853125  0.045413409783254  0.044437077709134 0.978501
1.856250  0.044383507632555  0.043422082463836 0.978338
1.859375  0.043355641446138  0.042409036639665 0.978167
1.862500  0.042329834259017  0.041397961694835 0.977985
1.865625  0.041306108876518  0.040388880402829 0.977794
1.868750  0.040284487874898  0.039381815932021 0.977593
1.871875  0.039264993601979  0.038376792942465 0.977379
1.875000  0.038247648177787  0.037373836909221 0.977154
1.878125  0.037232473495200  0.036372974460200 0.976915
1.881250  0.036219491220600  0.035374233428479 0.976663
1.884375  0.035208722794543  0.034377643013162 0.976396
1.887500  0.034200189432421  0.033383234281438 0.976113
1.890625  0.033193912125150  0.032391040590992 0.975813
1.893750  0.032189911639846  0.031401097930218 0.975495
1.896875  0.031188208520529  0.030413445235077 0.975158
1.900000  0.030188823088813  0.029428118079837 0.974802
1.903125  0.029191775444620  0.028445132134941 0.974423
1.906250  0.028197085466894  0.027464446216322 0.974017
1.909375  0.027204772814317  0.026485990309187 0.973579
1.912500  0.026214856926042  0.025509709305055 0.973101
1.915625  0.025227357022427  0.024535586116785 0.972579
1.918750  0.024242292105771  0.023563647024994 0.972006
1.921875  0.023259680961066  0.022593954026935 0.971379
1.925000  0.022279542156747  0.021626601502514 0.970693
1.928125  0.021301894045453  0.020661712744519 0.969947
1.931250  0.020326754764790  0.019699439128274 0.969138
1.934375  0.019354142238105  0.018739954445177 0.968266
1.937500  0.018384074175256  0.017783451451891 0.967329
1.940625  0.017416568073403  0.016830127746597 0.966329
1.943750  0.016451641217789  0.015880165983152 0.965263
1.946875  0.015489310682534  0.014933710147527 0.96413
1.950000  0.014529593331433  0.013990940281934 0.962927
1.953125  0.013572505818762  0.013052090166226 0.961657
1.956250  0.012618064590081  0.012117465399860 0.960327
1.959375  0.011666285883051  0.011187426272916 0.958954
1.962500  0.010717185728251  0.010262372916104 0.957562
1.965625  0.009770779949997  0.009342734476728 0.956191
1.968750  0.008827084167173  0.008428945236717 0.954896
1.971875  0.007886113794062  0.007521454874205 0.953759
1.975000  0.006947884041178  0.006620748348209 0.952916
1.978125  0.006012409916111  0.005727343051523 0.952587
1.981250  0.005079706224365  0.004841777531421 0.953161
1.984375  0.004149787570212  0.003964593667500 0.955373
1.987500  0.003222668357541  0.003096326652672 0.960796
1.990625  0.002298362790713  0.002237499124120 0.973519
1.993750  0.001376884875421  0.001388618095705 1.00852
1.996875  0.000458248419556  0.000550173542497 1.2006
2.000000 -0.000457517766635 -0.000277361988357 0.606232
2.003125 -0.001370038679770 -0.001093533634203 0.798177
2.006250 -0.002278606618569 -0.001897903976784 0.832923
2.009375 -0.003182521010039 -0.002690052672924 0.845258
2.012500 -0.004081103310293 -0.003469576231096 0.850156
2.015625 -0.004973696592922 -0.004236087523988 0.851698
2.018750 -0.005859665143361 -0.004989215497374 0.851451
2.021875 -0.006738394059162 -0.005728604919745 0.850144
2.025000 -0.007609288856112 -0.006453915935316 0.848163
2.028125 -0.008471775080105 -0.007164823808624 0.845729
2.031250 -0.009325297924723 -0.007861018556575 0.842978
2.034375 -0.010169321854428 -0.008542204751298 0.839997
2.037500 -0.011003330233307 -0.009208101105760 0.836847
2.040625 -0.011826824959305 -0.009858440168842 0.833566
2.043750 -0.012639326103862 -0.010492968282933 0.830184
2.046875 -0.013440371556900 -0.011111444885759 0.826722
2.050000 -0.014229516677089 -0.011713642616631 0.823193
2.053125 -0.015006333947313 -0.012299346735466 0.81961
2.056250 -0.015770412635296 -0.012868355048129 0.815981
2.059375 -0.016521358459293 -0.013420477599259 0.812311
2.062500 -0.017258793258803 -0.013955536352632 0.808604
2.065625 -0.017982354670233 -0.014473364820561 0.804865
2.068750 -0.018691695807447 -0.014973807974636 0.801094
2.071875 -0.019386484947146 -0.015456721907306 0.797294
2.075000 -0.020066405219004 -0.015921973656703 0.793464
2.078125 -0.020731154300515 -0.016369440900450 0.789606
2.081250 -0.021380444116482 -0.016799011698393 0.785719
2.084375 -0.022014000543087 -0.017210584353827 0.781802
2.087500 -0.022631563116483 -0.017604066943256 0.777855
2.090625 -0.023232884745866 -0.017979377302347 0.773876
2.093750 -0.023817731430940 -0.018336442690042 0.769865
2.096875 -0.024385881983743 -0.018675199547484 0.76582
2.100000 -0.024937127754774 -0.018995593407622 0.761739
2.103125 -0.025471272363347 -0.019297578473983 0.757621
2.106250 -0.025988131432146 -0.019581117543816 0.753464
2.109375 -0.026487532325901 -0.019846181840834 0.749265
2.112500 -0.026969313894149 -0.020092750703244 0.745023
2.115625 -0.027433326218016 -0.020320811426606 0.740735
2.118750 -0.027879430360974 -0.020530359002230 0.736398
2.121875 -0.028307498123516 -0.020721395978449 0.732011
2.125000 -0.028717411801708 -0.020893932357451 0.72757
2.128125 -0.029109063949549 -0.021047985250966 0.723073
2.131250 -0.029482357145113 -0.021183578820492 0.718517
2.134375 -0.029837203760399 -0.021300744057905 0.713899
2.137500 -0.030173525734860 -0.021399518474738 0.709215
2.140625 -0.030491254352552 -0.021479946080531 0.704463
2.143750 -0.030790330022859 -0.021542077169844 0.699638
2.146875 -0.031070702064740 -0.021585968014514 0.694737
2.150000 -0.031332328494469 -0.021611680968912 0.689757
2.153125 -0.031575175816797 -0.021619284099064 0.684692
2.156250 -0.031799218819513 -0.021608851103711 0.67954
2.159375 -0.032004440371343 -0.021580461061780 0.674296
2.162500 -0.032190831223158 -0.021534198347048 0.668954
2.165625 -0.032358389812425 -0.021470152466870 0.663511
2.168750 -0.032507122070883 -0.021388418099509 0.657961
2.171875 -0.032637041235384 -0.021289095044979 0.652299
2.175000 -0.032748167661856 -0.021172288956502 0.646518
2.178125 -0.032840528642362 -0.021038111485577 0.640614
2.181250 -0.032914158225194 -0.020886677713361 0.63458
2.184375 -0.032969097037977 -0.020718102982251 0.62841
2.187500 -0.033005392113726 -0.020532504324585 0.622095
2.190625 -0.033023096719836 -0.020330002118737 0.61563
2.193750 -0.033022270189950 -0.020110721661167 0.609005
2.196875 -0.033002977758671 -0.019874793059992 0.602212
2.200000 -0.032965290399077 -0.019622350825407 0.595243
2.203125 -0.032909284663011 -0.019353534442533 0.588087
2.206250 -0.032835042524091 -0.019068486590402 0.580736
2.209375 -0.032742651223421 -0.018767352365878 0.573178
2.212500 -0.032632203117950 -0.018450281257600 0.565401
2.215625 -0.032503795531456 -0.018117427500132 0.557394
2.218750 -0.032357530608109 -0.017768952057163 0.549144
2.221875 -0.032193515168587 -0.017405021497526 0.540637
2.225000 -0.032011860568698 -0.017025801544101 0.531859
2.228125 -0.031812682560487 -0.016631454142566 0.522793
2.231250 -0.031596101155780 -0.016222141432563 0.513422
2.234375 -0.031362240492145 -0.015798027932533 0.503728
2.237500 -0.031111228701222 -0.015359281893875 0.493689
2.240625 -0.030843197779406 -0.014906075350381 0.483286
2.243750 -0.030558283460833 -0.014438582651611 0.472493
2.246875 -0.030256625092646 -0.013956980959066 0.461287
2.250000 -0.029938365512513 -0.013461448709281 0.449639
2.253125 -0.029603650928354 -0.012952166235563 0.437519
2.256250 -0.029252630800259 -0.012429315594143 0.424896
2.259375 -0.028885457724551 -0.011893081045294 0.411732
2.262500 -0.028502287319983 -0.011343648447646 0.397991
2.265625 -0.028103278116019 -0.010781204011571 0.383628
2.268750 -0.027688591443186 -0.010205936278782 0.368597
2.271875 -0.027258391325453 -0.009618036153677 0.352847
2.275000 -0.026812844374625 -0.009017697233973 0.33632
2.278125 -0.026352119686708 -0.008405114869430 0.318954
2.281250 -0.025876388740223 -0.007780485454777 0.300679
2.284375 -0.025385825296444 -0.007144006614129 0.281417
2.287500 -0.024880605301526 -0.006495877178117 0.261082
2.290625 -0.024360906790507 -0.005836297035258 0.239576
2.293750 -0.023826909793137 -0.005165466776903 0.216791
2.296875 -0.023278796241537 -0.004483587318216 0.192604
2.300000 -0.022716749879627 -0.003790859799454 0.166875
2.303125 -0.022140956174331 -0.003087485485404 0.139447
2.306250 -0.021551602228504 -0.002373665495513 0.110139
2.309375 -0.020948876695583 -0.001649601461462 0.0787441
2.312500 -0.020332969695913 -0.000915495868097 0.0450252
2.315625 -0.019704072734738 -0.000171550936881 0.00870637
2.318750 -0.019062378621827  0.000582032099460 -0.030533
2.321875 -0.018408081392717  0.001345054111056 -0.0730687
2.325000 -0.017741376231541  0.002117314950799 -0.119343
2.328125 -0.017062459395421  0.002898612718920 -0.169882
2.331250 -0.016371528140404  0.003688744817113 -0.225315
2.334375 -0.015668780648924  0.004487508593839 -0.286398
2.337500 -0.014954415958749  0.005294701930237 -0.354056
2.340625 -0.014228633893414  0.006110122926545 -0.429424
2.343750 -0.013491634994101  0.006933569928842 -0.513916
2.346875 -0.012743620452949  0.007764841423314 -0.609312
2.350000 -0.011984792047783  0.008603736110578 -0.717888
2.353125 -0.011215352078217  0.009450052543939 -0.8426
2.356250 -0.010435503303136  0.010303590325716 -0.987359
2.359375 -0.009645448879525  0.011164149054118 -1.15745
2.362500 -0.008845392302612  0.012031527830715 -1.3602
2.365625 -0.008035537347339  0.012905526902326 -1.60606
2.368750 -0.007216088011095  0.013785948095076 -1.91045
2.371875 -0.006387248457739  0.014672594199293 -2.29717
2.375000 -0.005549222962852  0.015565268647603 -2.80495
2.378125 -0.004702215860232  0.016463775407718 -3.50128
2.381250 -0.003846431489589  0.017367919188926 -4.51533
2.384375 -0.002982074145437  0.018277505318144 -6.12913
2.387500 -0.002109348027153  0.019192339830166 -9.09871
2.390625 -0.001228457190199  0.020112229409530 -16.3719
2.393750 -0.000339605498469  0.021036981642202 -61.9454
2.396875  0.000557003422230  0.021966404889838 39.4368
2.400000  0.001461166229614  0.022900308409433 15.6726
2.403125  0.002372679909255  0.023838502848331 10.0471
2.406250  0.003291341817861  0.024780800135661 7.52909
2.409375  0.004216949725499  0.025727012646616 6.10086
2.412500  0.005149301856785  0.026676953592909 5.18069
2.415625  0.006088196931057  0.027630437216245 4.53836
2.418750  0.007033434201547  0.028587278814131 4.06448
2.421875  0.007984813493570  0.029547294689045 3.70044
2.425000  0.008942135241735  0.030510302041969 3.41197
2.428125  0.009905200526217  0.031476119284597 3.17774
2.431250  0.010873811108073  0.032444565793856 2.98373
2.434375  0.011847769463646  0.033415461908079 2.8204
2.437500  0.012826878818060  0.034388629020494 2.68098
2.440625  0.013810943177814  0.035363889859888 2.56057
2.443750  0.014799767362502  0.036341068508643 2.45552
2.446875  0.015793157035673  0.037319990221223 2.36305
2.450000  0.016790918734824  0.038300481557285 2.28102
2.453125  0.017792859900577  0.039282370456688 2.20776
2.456250  0.018798788905016  0.040265486298642 2.14192
2.459375  0.019808515079224  0.041249659722544 2.08242
2.462500  0.020821848740024  0.042234722715469 2.02838
2.465625  0.021838601215928  0.043220508510173 1.97909
2.468750  0.022858584872331  0.044206851769416 1.93393
2.471875  0.023881613135937  0.045193588638641 1.8924
2.475000  0.024907500518443  0.046180556472127 1.85408
2.478125  0.025936062639499  0.047167593879313 1.81861
2.481250  0.026967116248939  0.048154540639152 1.78568
2.484375  0.028000479248311  0.049141237972413 1.75501
2.487500  0.029035970711712  0.050127528601980 1.72639
2.490625  0.030073410905940  0.051113256727398 1.69962
2.493750  0.031112621309974  0.052098268068330 1.67451
2.496875  0.032153424633794  0.053082409760680 1.65091
2.500000  0.033195644836557  0.054065530292517 1.62869
2.503125  0.034239107144134  0.055047479390268 1.60774
2.506250  0.035283638066016  0.056028108020120 1.58793
2.509375  0.036329065411617  0.057007268611874 1.56919
2.512500  0.037375218305966  0.057984815350911 1.55142
2.515625  0.038421927204802  0.058960603832618 1.53456
2.518750  0.039469023909096  0.059934491112327 1.51852
2.521875  0.040516341578998  0.060906335673628 1.50325
2.525000  0.041563714747214  0.061875997402811 1.4887
2.528125  0.042610979331844  0.062843337574146 1.47482
2.531250  0.043657972648669  0.063808219104670 1.46155
2.534375  0.044704533422909  0.064770506574988 1.44886
2.537500  0.045750501800461  0.065730066124938 1.43671
2.540625  0.046795719358618  0.066686765888109 1.42506
2.543750  0.047840029116292  0.067640475319961 1.41389
2.546875  0.048883275543742  0.068591064824032 1.40316
2.550000  0.049925304571807  0.069538406208742 1.39285
2.553125  0.050965963600680  0.070482372798598 1.38293
2.556250  0.052005101508201  0.071422839624707 1.37338
2.559375  0.053042568657701  0.072359683223165 1.36418
2.562500  0.054078216905388  0.073292781569826 1.35531
2.565625  0.055111899607302  0.074222014142586 1.34675
2.568750  0.056143471625830  0.075147261730407 1.33849
2.571875  0.057172789335802  0.076068406503003 1.3305
2.575000  0.058199710630165  0.076985331486182 1.32278
2.578125  0.059224094925254  0.077897921727963 1.31531
2.581250  0.060245803165665  0.078806064051434 1.30808
2.584375  0.061264697828726  0.079709646815489 1.30107
2.587500  0.062280642928600  0.080608559807541 1.29428
2.590625  0.063293504019991  0.081502694281840 1.28769
2.593750  0.064303148201501  0.082391942940036 1.2813
2.596875  0.065309444118607  0.083276199971365 1.2751
2.600000  0.066312261966299  0.084155361093014 1.26908
2.603125  0.067311473491363  0.085029323555593 1.26322
2.606250  0.068306951994320  0.085897986189255 1.25753
2.609375  0.069298572331040  0.086761249329056 1.25199
2.612500  0.070286210914027  0.087619014491275 1.2466
2.615625  0.071269745713379  0.088471184661907 1.24136
2.618750  0.072249056257445  0.089317664405626 1.23625
2.621875  0.073224023633167  0.090158360242259 1.23127
2.625000  0.074194530486125  0.090993180227294 1.22641
2.628125  0.075160461020291  0.091822034089633 1.22168
2.631250  0.076121700997492  0.092644832919780 1.21706
2.634375  0.077078137736596  0.093461489269294 1.21256
2.637500  0.078029660112419  0.094271917106933 1.20815
2.640625  0.078976158554366  0.095076031403935 1.20386
2.643750  0.079917525044810  0.095873748777283 1.19966
2.646875  0.080853653117211  0.096664987830198 1.19555
2.650000  0.081784437853986  0.097449668657009 1.19154
2.653125  0.082709775884132  0.098227712534507 1.18762
2.656250  0.083629565380609  0.098999041995403 1.18378
2.659375  0.084543706057492  0.099763580895737 1.18002
2.662500  0.085452099166890  0.100521255394480 1.17635
2.665625  0.086354647495641  0.101271993103809 1.17275
2.668750  0.087251255361790  0.102015722978771 1.16922
2.671875  0.088141828610858  0.102752375496102 1.16576
2.675000  0.089026274611892  0.103481882424273 1.16237
2.678125  0.089904502253325  0.104204176866500 1.15905
2.681250  0.090776421938624  0.104919193674084 1.1558
2.684375  0.091641945581758  0.105626868868055 1.1526
2.687500  0.092500986602469  0.106327139536740 1.14947
2.690625  0.093353459921360  0.107019943847247 1.1464
2.693750  0.094199281954807  0.107705221123299 1.14338
2.696875  0.095038370609692  0.108382912235822 1.14041
2.700000  0.095870645277972  0.109052959413364 1.1375
2.703125  0.096696026831074  0.109715306268808 1.13464
2.706250  0.097514437614139  0.110369897860028 1.13183
2.709375  0.098325801440097  0.111016680578572 1.12907
2.712500  0.099130043583599  0.111655602052274 1.12635
2.715625  0.099927090774796  0.112286611197121 1.12369
2.718750  0.100716871192973  0.112909658440164 1.12106
2.721875  0.101499314460046  0.113524695707700 1.11848
2.725000  0.102274351633915  0.114131676190463 1.11594
2.728125  0.103041915201695  0.114730554275881 1.11344
2.731250  0.103801939072806  0.115321285577880 1.11097
2.734375  0.104554358571951  0.115903826731140 1.10855
2.737500  0.105299110431958  0.116478135147552 1.10616
2.740625  0.106036132786517  0.117044169998117 1.10381
2.743750  0.106765365162799  0.117601891837153 1.1015
2.746875  0.107486748473956  0.118151262534305 1.09922
2.750000  0.108200225011529  0.118692245081266 1.09697
2.753125  0.108905738437738  0.119224803509466 1.09475
2.756250  0.109603233777681  0.119748903019076 1.09257
2.759375  0.110292657411432  0.120264509800822 1.09041
2.762500  0.110973957066045  0.120771590611784 1.08829
2.765625  0.111647081807469  0.121270115226104 1.08619
2.768750  0.112311982032375  0.121760054427403 1.08412
2.771875  0.112968609459895  0.122241380436880 1.08208
2.775000  0.113616917123288  0.122714066116588 1.08007
2.778125  0.114256859361518  0.123178085321258 1.07808
2.781250  0.114888391810762  0.123633412821575 1.07612
2.784375  0.115511471395846  0.124080024509863 1.07418
2.787500  0.116126056321608  0.124517897453928 1.07226
2.790625  0.116732106064195  0.124947009758614 1.07037
2.793750  0.117329581362299  0.125367340475538 1.06851
2.796875  0.117918444208323  0.125778869907408 1.06666
2.800000  0.118498657839502  0.126181579760089 1.06484
2.803125  0.119070186728953  0.126575452962217 1.06303
2.806250  0.119632996576680  0.126960473190634 1.06125
2.809375  0.120187054300525  0.127336625031833 1.05949
2.812500  0.120732328027072  0.127703894157842 1.05774
2.815625  0.121268787082501  0.128062267333962 1.05602
2.818750  0.121796401983402  0.128411732440067 1.05431
2.821875  0.122315144427545  0.128752278455749 1.05263
2.825000  0.122824987284610  0.129083895546084 1.05096
2.828125  0.123325904586882  0.129406574876614 1.04931
2.831250  0.123817871519911  0.129720308612617 1.04767
2.834375  0.124300864413135  0.130025090003752 1.04605
2.837500  0.124774860730479  0.130320913827148 1.04445
2.840625  0.125239839060919  0.130607776233285 1.04286
2.843750  0.125695779109024  0.130885674719342 1.04129
2.846875  0.126142661685472  0.131154606603318 1.03973
2.850000  0.126580468697541  0.131414569965690 1.03819
2.853125  0.127009183139585  0.131665563403226 1.03666
2.856250  0.127428789083484  0.131907586669675 1.03515
2.859375  0.127839271669086  0.132140640500198 1.03365
2.862500  0.128240617094621  0.132364726772294 1.03216
2.865625  0.128632812607119  0.132579848778831 1.03068
2.868750  0.129015846492800  0.132786010075706 1.02922
2.871875  0.129389708067465  0.132983214081163 1.02777
2.875000  0.129754387666873  0.133171465025024 1.02633
2.878125  0.130109876637115  0.133350768329716 1.02491
2.881250  0.130456167324984  0.133521130708375 1.02349
2.884375  0.130793253068333  0.133682559975982 1.02209
2.887500  0.131121128186446  0.133835065286661 1.0207
2.890625  0.131439787970396  0.133978656853908 1.01932
2.893750  0.131749228673410  0.134113346194156 1.01794
2.896875  0.132049447501235  0.134239146925433 1.01658
2.900000  0.132340442602512  0.134356070500941 1.01523
2.903125  0.132622213059150  0.134464128931458 1.01389
2.906250  0.132894758876711  0.134563334309207 1.01256
2.909375  0.133158080974802  0.134653700263233 1.01123
2.912500  0.133412181177476  0.134735241720652 1.00992
2.915625  0.133657062203644  0.134807974614003 1.00861
2.918750  0.133892727657504  0.134871916330468 1.00731
2.921875  0.134119182018974  0.134927084426982 1.00602
2.925000  0.134336430634147  0.134973496191997 1.00474
2.928125  0.134544479705762  0.135011169513688 1.00347
2.931250  0.134743336283686  0.135040123221348 1.0022
2.934375  0.134933008255420  0.135060377469067 1.00094
2.937500  0.135113504336624  0.135071953365681 0.999692
2.940625  0.135284834061655  0.135074872714875 0.998448
2.943750  0.135447007774137  0.135069158008464 0.99721
2.946875  0.135600036617544  0.135054832391614 0.995979
2.950000  0.135743932525816  0.135031919972250 0.994755
2.953125  0.135878708213986  0.135000445919972 0.993536
2.956250  0.136004377168849  0.134960437021245 0.992324
2.959375  0.136120953639639  0.134911919844283 0.991118
2.962500  0.136228452628752  0.134854920174243 0.989917
2.965625  0.136326889882480  0.134789463528591 0.988723
2.968750  0.136416281881788  0.134715575791144 0.987533
2.971875  0.136496645833108  0.134633283541758 0.986349
2.975000  0.136567999659174  0.134542614045836 0.985169
2.978125  0.136630361989887  0.134443594877768 0.983995
2.981250  0.136683752153201  0.134336253997396 0.982825
2.984375  0.136728190166059  0.134220619979229 0.98166
2.987500  0.136763696725352  0.134096722315613 0.980499
2.990625  0.136790293198912  0.133964592175915 0.979343
2.993750  0.136808001616547  0.133824262614754 0.97819
2.996875  0.136816844661103  0.133675766427403 0.977042
3.000000  0.136816845659572  0.133519134097107 0.975897
3.003125  0.136808028574232  0.133354394594181 0.974756
3.006250  0.136790417993820  0.133181576649764 0.973618
3.009375  0.136764039124756  0.133000709724229 0.972483
3.012500  0.136728917782394  0.132811824250080 0.971351
3.015625  0.136685080382318  0.132614951401905 0.970223
3.018750  0.136632553931678  0.132410122997675 0.969096
3.021875  0.136571366020568  0.132197371653720 0.967973
3.025000  0.136501544813440  0.131976730561696 0.966852
3.028125  0.136423119040566  0.131748233665116 0.965732
3.031250  0.136336117989535  0.131511915873962 0.964615
3.034375  0.136240571496806  0.131267813188363 0.9635
3.037500  0.136136509939284  0.131015961550752 0.962387
3.040625  0.136023964225962  0.130756397950485 0.961275
3.043750  0.135902965789587  0.130489157879114 0.960164
3.046875  0.135773546578387  0.130214277259632 0.959055
3.050000  0.135635739047829  0.129931792219622 0.957947
3.053125  0.135489576152436  0.129641739910403 0.956839
3.056250  0.135335091337634  0.129344159144102 0.955733
3.059375  0.135172318531664  0.129039088714333 0.954627
3.062500  0.135001292137521  0.128726566494285 0.953521
3.065625  0.134822047024953  0.128406630521981 0.952416
3.068750  0.134634618522505  0.128079319448868 0.95131
3.071875  0.134439042409603  0.127744673054621 0.950205
3.075000  0.134235354908697  0.127402731840072 0.9491
3.078125  0.134023592677441  0.127053536886891 0.947994
3.081250  0.133803792800931  0.126697129933414 0.946887
3.084375  0.133575992783982  0.126333553015403 0.94578
3.087500  0.133340230543463  0.125962848671378 0.944672
3.090625  0.133096544400677  0.125585059944364 0.943564
3.093750  0.132844973073784  0.125200230253384 0.942454
3.096875  0.132585555670289  0.124808403374344 0.941342
3.100000  0.132318331679561  0.124409623429849 0.94023
3.103125  0.132043340965417  0.124003934110936 0.939115
3.106250  0.131760623758750  0.123591379271906 0.937999
3.109375  0.131470220650203  0.123172003079809 0.936881
3.112500  0.131172172582903  0.122745850095829 0.935761
3.115625  0.130866520845239  0.122312965388264 0.934639
3.118750  0.130553307063690  0.121873394178400 0.933514
3.121875  0.130232573195710  0.121427182152125 0.932387
3.125000  0.129904361522655  0.120974375014039 0.931257
3.128125  0.129568714642773  0.120515018472438 0.930124
3.131250  0.129225675464231  0.120049158507588 0.928988
3.134375  0.128875287198208  0.119576840994925 0.927849
3.137500  0.128517593352025  0.119098112296400 0.926707
3.140625  0.128152637722339  0.118613019034099 0.92556
3.143750  0.127780464388383  0.118121608104304 0.924411
3.146875  0.127401117705254  0.117623926649158 0.923257
3.150000  0.127014642297259  0.117120022050662 0.922099
3.153125  0.126621083051311  0.116609942021159 0.920936
3.156250  0.126220485110376  0.116093734291437 0.919769
3.159375  0.125812893866969  0.115571446514677 0.918598
3.162500  0.125398354956710  0.115043126670396 0.917421
3.165625  0.124976914251919  0.114508823020440 0.91624
3.168750  0.124548617855279  0.113968584200972 0.915053
3.171875  0.124113512093536  0.113422458836388 0.913861
3.175000  0.123671643511260  0.112870495894823 0.912663
3.178125  0.123223058864655  0.112312744397511 0.911459
3.181250  0.122767805115418  0.111749253272877 0.910249
3.184375  0.122305929424658  0.111180071585403 0.909033
3.187500  0.121837479146857  0.110605248404364 0.90781
3.190625  0.121362501823887  0.110024832993524 0.90658
3.193750  0.120881045179084  0.109438874520226 0.905344
3.196875  0.120393157111364  0.108847422266463 0.9041
3.200000  0.119898885689394  0.108250525682634 0.902848
3.203125  0.119398279145821  0.107648234557094 0.901589
3.206250  0.118891385871544  0.107040598970635 0.900323
3.209375  0.118378254410040  0.106427669463310 0.899047
3.212500  0.117858933451744  0.105809496060939 0.897764
3.215625  0.117333471828476  0.105186128841767 0.896472
3.218750  0.116801918507924  0.104557618305466 0.89517
3.221875  0.116264322588173  0.103924014898526 0.89386
3.225000  0.115720733292288  0.103285368844213 0.89254
3.228125  0.115171199962949  0.102641730215152 0.89121
3.231250  0.114615772057132  0.101993149041901 0.88987
3.234375  0.114054499140846  0.101339675566945 0.88852
3.237500  0.113487430883917  0.100681360488108 0.887159
3.240625  0.112914617054825  0.100018254222416 0.885787
3.243750  0.112336107515588  0.099350407306751 0.884403
3.246875  0.111751952216698  0.098677870355436 0.883008
3.250000  0.111162201192110  0.098000694279615 0.881601
3.253125  0.110566904554273  0.097318930287238 0.880181
3.256250  0.109966112489221  0.096632629982183 0.878749
3.259375  0.109359875251702  0.095941845532443 0.877304
3.262500  0.108748243160370  0.095246628276832 0.875845
3.265625  0.108131266593011  0.094547029400803 0.874373
3.268750  0.107508995981834  0.093843099876330 0.872886
3.271875  0.106881481808794  0.093134890946164 0.871385
3.275000  0.106248774600982  0.092422453954371 0.869868
3.278125  0.105610924926048  0.091705840311161 0.868337
3.281250  0.104967983387681  0.090985101809708 0.866789
3.284375  0.104320000621135  0.090260290311990 0.865225
3.287500  0.103667027288802  0.089531457765000 0.863644
3.290625  0.103009114075838  0.088798656171178 0.862047
3.293750  0.102346311685827  0.088061937551692 0.860431
3.296875  0.101678670836503  0.087321354039329 0.858797
3.300000  0.101006242255513  0.086576957942151 0.857145
3.303125  0.100329076676229  0.085828801368697 0.855473
3.306250  0.099647224833607  0.085076936241045 0.853781
3.309375  0.098960737460092  0.084321414303938 0.852069
3.312500  0.098269665281573  0.083562287055501 0.850337
3.315625  0.097574059013377  0.082799605873187 0.848582
3.318750  0.096873969356317  0.082033422619130 0.846806
3.321875  0.096169446992783  0.081263789436151 0.845006
3.325000  0.095460542582875  0.080490758403163 0.843184
3.328125  0.094747306760590  0.079714381264957 0.841337
3.331250  0.094029790130046  0.078934709272544 0.839465
3.334375  0.093308043261754  0.078151793411245 0.837568
3.337500  0.092582116688937  0.077365684405941 0.835644
3.340625  0.091852060903892  0.076576432985517 0.833693
3.343750  0.091117926354394  0.075784089681541 0.831714
3.346875  0.090379763440152  0.074988704185496 0.829707
3.350000  0.089637622509298  0.074190325783109 0.827669
3.353125  0.088891553854926  0.073389003336205 0.825602
3.356250  0.088141607711679  0.072584785904345 0.823502
3.359375  0.087387834252368  0.071777722582146 0.82137
3.362500  0.086630283584644  0.070967862126428 0.819204
3.365625  0.085869005747711  0.070155252750948 0.817003
3.368750  0.085104050709073  0.069339942122315 0.814767
3.371875  0.084335468361337  0.068521977693614 0.812493
3.375000  0.083563308519049  0.067701406545014 0.810181
3.378125  0.082787620915575  0.066878275369267 0.807829
3.381250  0.082008455200019  0.066052630769867 0.805437
3.384375  0.081225860934193  0.065224518961955 0.803002
3.387500  0.080439887589616  0.064393985787026 0.800523
3.390625  0.079650584544563  0.063561076740240 0.797999
3.393750  0.078858001081150  0.062725837142430 0.795428
3.396875  0.078062186382458  0.061888312249800 0.792808
3.400000  0.077263189529707  0.061048547148832 0.790138
3.403125  0.076461059499454  0.060206586703683 0.787415
3.406250  0.075655845160848  0.059362475474047 0.784638
3.409375  0.074847595272909  0.058516257772098 0.781805
3.412500  0.074036358481858  0.057667977738426 0.778914
3.415625  0.073222183318481  0.056817679280638 0.775963
3.418750  0.072405118195528  0.055965406027486 0.772948
3.421875  0.071585211405160  0.055111201468576 0.769869
3.425000  0.070762511116425  0.054255108932169 0.766721
3.428125  0.069937065372778  0.053397171673922 0.763503
3.431250  0.069108922089634  0.052537433024590 0.760212
3.434375  0.068278129051964  0.051675935973038 0.756845
3.437500  0.067444733911922  0.050812723093466 0.753398
3.440625  0.066608784186517  0.049947836707439 0.749869
3.443750  0.065770327255310  0.049081319040053 0.746253
3.446875  0.064929410358161  0.048213212184057 0.742548
3.450000  0.064086080593002  0.047343557978633 0.738749
3.453125  0.063240384913651  0.046472398232731 0.734853
3.456250  0.062392370127659  0.045599774415641 0.730855
3.459375  0.061542082894197  0.044725727925107 0.72675
3.462500  0.060689569721969  0.043850299999995 0.722534
3.465625  0.059834876967174  0.042973531811097 0.718202
3.468750  0.058978050831487  0.042095464505867 0.713748
3.471875  0.058119137360087  0.041216139231157 0.709166
3.475000  0.057258182439714  0.040335596841662 0.704451
3.478125  0.056395231796757  0.039453878146432 0.699596
3.481250  0.055530330995382  0.038571023772099 0.694594
3.484375  0.054663525435691  0.037687074287323 0.689437
3.487500  0.053794860351912  0.036802070208827 0.684119
3.490625  0.052924380810622  0.035916051828734 0.67863
3.493750  0.052052131709008  0.035029059330043 0.672961
3.496875  0.051178157773155  0.034141132632215 0.667104
3.500000  0.050302503556367  0.033252311532077 0.661047
3.503125  0.049425213437523  0.032362635621132 0.65478
3.506250  0.048546331619459  0.031472144481238 0.648291
3.509375  0.047665902127389  0.030580877706962 0.641567
3.512500  0.046783968807351  0.029688874794450 0.634595
3.515625  0.045900575324685  0.028796175244356 0.62736
3.518750  0.045015765162546  0.027902818494669 0.619845
3.521875  0.044129581620441  0.027008844085051 0.612035
3.525000  0.043242067812801  0.026114291555280 0.603909
3.528125  0.042353266667581  0.025219200390158 0.595449
3.531250  0.041463220924891  0.024323609780443 0.586631
3.534375  0.040571973135652  0.023427558641644 0.577432
3.537500  0.039679565660290  0.022531085658234 0.567826
3.540625  0.038786040667448  0.021634229372709 0.557784
3.543750  0.037891440132737  0.020737028174147 0.547275
3.546875  0.036995805837507  0.019839520149885 0.536264
3.550000  0.036099179367654  0.018941743151874 0.524714
3.553125  0.035201602112447  0.018043734824200 0.512583
3.556250  0.034303115263388  0.017145532480954 0.499824
3.559375  0.033403759813101  0.016247173175499 0.486388
3.562500  0.032503576554240  0.015348693799623 0.472216
3.565625  0.031602606078436  0.014450131032925 0.457245
3.568750  0.030700888775256  0.013551521361011 0.441405
3.571875  0.029798464831206  0.012652901187145 0.424616
3.575000  0.028895374228745  0.011754306835595 0.406789
3.578125  0.027991656745330  0.010855774180877 0.387822
3.581250  0.027087351952495  0.009957339068998 0.367601
3.584375  0.026182499214940  0.009059037432482 0.345996
3.587500  0.025277137689659  0.008160905125331 0.322857
3.590625  0.024371306325089  0.007262977699566 0.298013
3.593750  0.023465043860276  0.006365290390483 0.271267
3.596875  0.022558388824082  0.005467878144152 0.242388
3.600000  0.021651379534397  0.004570775680935 0.211108
3.603125  0.020744054097393  0.003674017513856 0.177112
3.606250  0.019836450406789  0.002777637918862 0.140027
3.609375  0.018928606143149  0.001881671110294 0.0994089
3.612500  0.018020558773194  0.000986151214416 0.0547237
3.615625  0.017112345549148  0.000091112325728 0.00532436
3.618750  0.016204003508095 -0.000803411719652 -0.0495811
3.621875  0.015295569471372 -0.001697387116542 -0.110972
3.625000  0.014387080043974 -0.002590779804686 -0.180077
3.628125  0.013478571613988 -0.003483555549691 -0.258451
3.631250  0.012570080352040 -0.004375680116558 -0.348103
3.634375  0.011661642210780 -0.005267119685318 -0.451662
3.637500  0.010753292924370 -0.006157840751147 -0.572647
3.640625  0.009845068008010 -0.007047810282381 -0.715872
3.643750  0.008937002757471 -0.007936995681383 -0.888105
3.646875  0.008029132248662 -0.008825365280441 -1.09917
3.650000  0.007121491337205 -0.009712888130013 -1.36388
3.653125  0.006214114658044 -0.010599534195480 -1.70572
3.656250  0.005307036625062 -0.011485274178516 -2.16416
3.659375  0.004400291430729 -0.012370079567123 -2.8112
3.662500  0.003493913045760 -0.013253922434879 -3.79343
3.665625  0.002587935218800 -0.014136775197234 -5.46257
3.668750  0.001682391476125 -0.015018610521001 -8.92694
3.671875  0.000777315121365 -0.015899401441284 -20.4543
3.675000 -0.000127260764757 -0.016779121394594 131.848
3.678125 -0.001031303324666 -0.017657744239006 17.1218
3.681250 -0.001934779924153 -0.018535244108756 9.58003
3.684375 -0.002837658152585 -0.019411595754178 6.84071
3.687500 -0.003739905823084 -0.020286774694003 5.42441
3.690625 -0.004641490972698 -0.021160757372353 4.55904
3.693750 -0.005542381862545 -0.022033521213047 3.97546
3.696875 -0.006442546977952 -0.022905044637815 3.55528
3.700000 -0.007341955028561 -0.023775307005907 3.23828
3.703125 -0.008240574948432 -0.024644288664677 2.9906
3.706250 -0.009138375896117 -0.025511971810788 2.79174
3.709375 -0.010035327254727 -0.026378340320951 2.62855
3.712500 -0.010931398631976 -0.027243379472676 2.49221
3.715625 -0.011826559860208 -0.028107075682878 2.37661
3.718750 -0.012720780996417 -0.028969416171178 2.27733
3.721875 -0.013614032322233 -0.029830388755346 2.19115
3.725000 -0.014506284343915 -0.030689981410681 2.11563
3.728125 -0.015397507792308 -0.031548181634129 2.04891
3.731250 -0.016287673622795 -0.032404976409984 1.98954
3.734375 -0.017176753015232 -0.033260352871756 1.93636
3.737500 -0.018064717373866 -0.034114298314956 1.88845
3.740625 -0.018951538327241 -0.034966799824421 1.84506
3.743750 -0.019837187728084 -0.035817843832192 1.80559
3.746875 -0.020721637653183 -0.036667416279678 1.76952
3.750000 -0.021604860403246 -0.037515502929855 1.73644
3.753125 -0.022486828502746 -0.038362088828153 1.70598
3.756250 -0.023367514699755 -0.039207158819400 1.67785
3.759375 -0.024246891965758 -0.040050697398930 1.65179
3.762500 -0.025124933495463 -0.040892688717048 1.62757
3.765625 -0.026001612706587 -0.041733116258973 1.60502
3.768750 -0.026876903239634 -0.042571963662034 1.58396
3.771875 -0.027750778957662 -0.043409214727177 1.56425
3.775000 -0.028623213946031 -0.044244853838957 1.54577
3.778125 -0.029494182512141 -0.045078865916780 1.5284
3.781250 -0.030363659185161 -0.045911236269031 1.51205
3.784375 -0.031231618715737 -0.046741950583307 1.49662
3.787500 -0.032098036075696 -0.047570994832475 1.48205
3.790625 -0.032962886457736 -0.048398355422108 1.46827
3.793750 -0.033826145275097 -0.049224019196444 1.45521
3.796875 -0.034687788161230 -0.050047973139399 1.44281
3.800000 -0.035547790969448 -0.050870202793414 1.43104
3.803125 -0.036406129772567 -0.051690686006760 1.41983
3.806250 -0.037262780862540 -0.052509381518290 1.40916
3.809375 -0.038117720750068 -0.053326221488707 1.39899
3.812500 -0.038970926164216 -0.054141124589682 1.38927
3.815625 -0.039822374052003 -0.054954022758809 1.37998
3.818750 -0.040672041577993 -0.055764875376847 1.37109
3.821875 -0.041519906123867 -0.056573668691674 1.36257
3.825000 -0.042365945287992 -0.057380407961915 1.3544
3.828125 -0.043210136884970 -0.058185109777799 1.34656
3.831250 -0.044052458945189 -0.058987796904922 1.33904
3.834375 -0.044892889714353 -0.059788494790237 1.3318
3.837500 -0.045731407653009 -0.060587227964769 1.32485
3.840625 -0.046567991436063 -0.061384018138093 1.31816
3.843750 -0.047402619952282 -0.062178882347675 1.31172
3.846875 -0.048235272303796 -0.062971832983321 1.30551
3.850000 -0.049065927805580 -0.063762877771483 1.29953
3.853125 -0.049894565984933 -0.064552020600637 1.29377
3.856250 -0.050721166580950 -0.065339254417697 1.2882
3.859375 -0.051545709543979 -0.066124555423571 1.28283
3.862500 -0.052368175035075 -0.066907878009804 1.27764
3.865625 -0.053188543425441 -0.067689151061872 1.27263
3.868750 -0.054006795295863 -0.068468275801531 1.26777
3.871875 -0.054822911436138 -0.069245124480438 1.26307
3.875000 -0.055636872844493 -0.070019540129132 1.25851
3.878125 -0.056448660726990 -0.070791335239885 1.25408
3.881250 -0.057258256496936 -0.071560288169158 1.24978
3.884375 -0.058065641774271 -0.072326141295176 1.24559
3.887500 -0.058870798384962 -0.073088602988189 1.24151
3.890625 -0.059673708360377 -0.073847356688696 1.23752
3.893750 -0.060474353936660 -0.074602112188420 1.23362
3.896875 -0.061272717554097 -0.075352603947620 1.22979
3.900000 -0.062068781856473 -0.076098589434638 1.22604
3.903125 -0.062862529690424 -0.076839828555967 1.22235
3.906250 -0.063653944104782 -0.077576072687630 1.21872
3.909375 -0.064443008349912 -0.078307059338032 1.21514
3.912500 -0.065229705877043 -0.079032510142240 1.2116
3.915625 -0.066014020337595 -0.079752131649092 1.20811
3.918750 -0.066795935582496 -0.080465610603809 1.20465
3.921875 -0.067575435661494 -0.081172610180752 1.20121
3.925000 -0.068352504822466 -0.081872766973955 1.1978
3.928125 -0.069127127510715 -0.082565691983618 1.1944
3.931250 -0.069899288368266 -0.083250975136982 1.19101
3.934375 -0.070668972233156 -0.083928188340582 1.18762
3.937500 -0.071436164138716 -0.084596895814408 1.18423
3.940625 -0.072200849312851 -0.085256670506848 1.18083
3.943750 -0.072963013177308 -0.085907097054651 1.17741
3.946875 -0.073722641346948 -0.086547763859811 1.17396
3.950000 -0.074479719629005 -0.087178255637246 1.1705
3.953125 -0.075234234022345 -0.087798150785374 1.167
3.956250 -0.075986170716715 -0.088407024644712 1.16346
3.959375 -0.076735516091995 -0.089004454562654 1.15989
3.962500 -0.077482256717437 -0.089590024709010 1.15627
3.965625 -0.078226379350904 -0.090163329817669 1.15259
3.968750 -0.078967870938104 -0.090723977681012 1.14887
3.971875 -0.079706718611817 -0.091271590456972 1.14509
3.975000 -0.080442909691124 -0.091805805357531 1.14125
3.978125 -0.081176431680624 -0.092326274849657 1.13735
3.981250 -0.081907272269649 -0.092832666590482 1.13339
3.984375 -0.082635419331485 -0.093324663286417 1.12935
3.987500 -0.083360860922569 -0.093801962308135 1.12525
3.990625 -0.084083585281703 -0.094264275645164 1.12108
3.993750 -0.084803580829252 -0.094711329370036 1.11683
3.996875 -0.085520836166341 -0.095142863576330 1.11251
4.000000 -0.086235324874754 -0.095558631967295 1.10811
4.003125 -0.086946674326216 -0.095958401614644 1.10365
4.006250 -0.087654179177697 -0.096341952673447 1.09911
4.009375 -0.088357141197651 -0.096709078001890 1.09452
4.012500 -0.089054884166897 -0.097059582879343 1.08989
4.015625 -0.089746753467055 -0.097393284760420 1.0852
4.018750 -0.090432115674970 -0.097710013046865 1.08048
4.021875 -0.091110358163046 -0.098009608821798 1.07572
4.025000 -0.091780888705426 -0.098291924485877 1.07094
4.028125 -0.092443135089926 -0.098556823531074 1.06613
4.031250 -0.093096544735673 -0.098804180270085 1.06131
4.034375 -0.093740584316361 -0.099033879608463 1.05647
4.037500 -0.094374739389056 -0.099245816727955 1.05161
4.040625 -0.094998514028490 -0.099439896867303 1.04675
4.043750 -0.095611430466759 -0.099616035058400 1.04188
4.046875 -0.096213028738370 -0.099774155929923 1.03701
4.050000 -0.096802866330568 -0.099914193543172 1.03214
4.053125 -0.097380517838867 -0.100036091053851 1.02727
4.056250 -0.097945574627728 -0.100139800534728 1.0224
4.059375 -0.098497644496319 -0.100225282731083 1.01754
4.062500 -0.099036351349285 -0.100292506885812 1.01268
4.065625 -0.099561334872474 -0.100341450512619 1.00784
4.068750 -0.100072250213547 -0.100372099135620 1.003
4.071875 -0.100568767667415 -0.100384446201410 0.998167
4.075000 -0.101050572366443 -0.100378492883063 0.993349
4.078125 -0.101517363975350 -0.100354247894429 0.988543
4.081250 -0.101968856390763 -0.100311727390070 0.983749
4.084375 -0.102404777445348 -0.100250954941264 0.978968
4.087500 -0.102824868616462 -0.100171961171481 0.9742
4.090625 -0.103228884739281 -0.100074783198957 0.969446
4.093750 -0.103616593724333 -0.099959464285536 0.964705
4.096875 -0.103987776279381 -0.099826053722733 0.959979
4.100000 -0.104342225635608 -0.099674606784507 0.955266
4.103125 -0.104679747278036 -0.099505184692022 0.950568
4.106250 -0.105000158680139 -0.099317854396358 0.945883
4.109375 -0.105303289042578 -0.099112688217105 0.941212
4.112500 -0.105588979036025 -0.098889763538142 0.936554
4.115625 -0.105857080548004 -0.098649162306995 0.931909
4.118750 -0.106107456433709 -0.098390970628787 0.927277
4.121875 -0.106339980270738 -0.098115278613309 0.922657
4.125000 -0.106554536117703 -0.097822182547209 0.918048
4.128125 -0.106751018276657 -0.097511789809779 0.913451
4.131250 -0.106929331059289 -0.097184216743144 0.908864
4.134375 -0.107089388556837 -0.096839585337824 0.904287
4.137500 -0.107231114413677 -0.096478019117990 0.89972
4.140625 -0.107354441604529 -0.096099642946787 0.895162
4.143750 -0.107459312215246 -0.095704583534937 0.890612
4.146875 -0.107545677227120 -0.095292970127026 0.88607
4.150000 -0.107613496304676 -0.094864934878345 0.881534
4.153125 -0.107662737586902 -0.094420612365122 0.877004
4.156250 -0.107693377481862 -0.093960139479695 0.872478
4.159375 -0.107705400464662 -0.093483655647922 0.867957
4.162500 -0.107698798878709 -0.092991303298565 0.863439
4.165625 -0.107673572740228 -0.092483230101845 0.858922
4.168750 -0.107629729545994 -0.091959587463286 0.854407
4.171875 -0.107567284084231 -0.091420530110574 0.849892
4.175000 -0.107486258248640 -0.090866215444262 0.845375
4.178125 -0.107386680855510 -0.090296802666482 0.840857
4.181250 -0.107268587463875 -0.089712452537105 0.836335
4.184375 -0.107132020198674 -0.089113327758323 0.831809
4.187500 -0.106977027576870 -0.088499594044857 0.827277
4.190625 -0.106803664336498 -0.087871420308542 0.822738
4.193750 -0.106611991268590 -0.087228979675661 0.818191
4.196875 -0.106402075051944 -0.086572448249142 0.813635
4.200000 -0.106173988090704 -0.085902005269581 0.809068
4.203125 -0.105927808354701 -0.085217831893502 0.80449
4.206250 -0.105663619222526 -0.084520111137199 0.799898
4.209375 -0.105381509327297 -0.083809027972916 0.795292
4.212500 -0.105081572405075 -0.083084768237629 0.790669
4.215625 -0.104763907145911 -0.082347519432244 0.786029
4.218750 -0.104428617047463 -0.081597470722705 0.781371
4.221875 -0.104075810271167 -0.080834813699734 0.776692
4.225000 -0.103705599500924 -0.080059742153279 0.771991
4.228125 -0.103318101804259 -0.079272450808908 0.767266
4.231250 -0.102913438495924 -0.078473134480129 0.762516
4.234375 -0.102491735003918 -0.077661988908676 0.757739
4.237500 -0.102053120737873 -0.076839211501242 0.752933
4.240625 -0.101597728959794 -0.076005001520344 0.748097
4.243750 -0.101125696657102 -0.075159559895221 0.743229
4.246875 -0.100637164417958 -0.074303089066833 0.738327
4.250000 -0.100132276308838 -0.073435792437613 0.733388
4.253125 -0.099611179754316 -0.072557874001257 0.728411
4.256250 -0.099074025419038 -0.071669538107577 0.723394
4.259375 -0.098520967091844 -0.070770989195363 0.718334
4.262500 -0.097952161572021 -0.069862431414965 0.71323
4.265625 -0.097367768557639 -0.068944068554747 0.708079
4.268750 -0.096767950535957 -0.068016104830298 0.702878
4.271875 -0.096152872675868 -0.067078745684061 0.697626
4.275000 -0.095522702722336 -0.066132197096643 0.692319
4.278125 -0.094877610892826 -0.065176664794824 0.686955
4.281250 -0.094217769775671 -0.064212354342539 0.681531
4.284375 -0.093543354230366 -0.063239471390953 0.676045
4.287500 -0.092854541289752 -0.062258221547486 0.670492
4.290625 -0.092151510064071 -0.061268810196868 0.66487
4.293750 -0.091434441646857 -0.060271442318362 0.659177
4.296875 -0.090703519022640 -0.059266322494500 0.653407
4.300000 -0.089958926976442 -0.058253655536742 0.647558
4.303125 -0.089200852005023 -0.057233645895161 0.641627
4.306250 -0.088429482229877 -0.056206497650264 0.635608
4.309375 -0.087645007311927 -0.055172414054816 0.629499
4.312500 -0.086847618367910 -0.054131597181939 0.623294
4.315625 -0.086037507888423 -0.053084248122597 0.61699
4.318750 -0.085214869657605 -0.052030567202103 0.610581
4.321875 -0.084379898674428 -0.050970754159853 0.604063
4.325000 -0.083532791075586 -0.049905008076719 0.59743
4.328125 -0.082673744059940 -0.048833527322119 0.590678
4.331250 -0.081802955814507 -0.047756509565135 0.583799
4.334375 -0.080920625441977 -0.046674151651500 0.576789
4.337500 -0.080026952889712 -0.045586649653147 0.569641
4.340625 -0.079122138880235 -0.044494198899489 0.562348
4.343750 -0.078206384843163 -0.043396994110003 0.554903
4.346875 -0.077279892848569 -0.042295229572942 0.547299
4.350000 -0.076342865541764 -0.041189098903459 0.539528
4.353125 -0.075395506079457 -0.040078794529698 0.531581
4.356250 -0.074438018067284 -0.038964507835893 0.523449
4.359375 -0.073470605498695 -0.037846429166971 0.515123
4.362500 -0.072493472695149 -0.036724747774294 0.506594
4.365625 -0.071506824247633 -0.035599651491282 0.49785
4.368750 -0.070510864959454 -0.034471327048790 0.48888
4.371875 -0.069505799790309 -0.033339960060587 0.479672
4.375000 -0.068491833801595 -0.032205735043048 0.470213
4.378125 -0.067469172102948 -0.031068835308681 0.460489
4.381250 -0.066438019799997 -0.029929442906363 0.450487
4.384375 -0.065398581943306 -0.028787738676295 0.440189
4.387500 -0.064351063478483 -0.027643902251118 0.42958
4.390625 -0.063295669197454 -0.026498112119678 0.41864
4.393750 -0.062232603690865 -0.025350545638298 0.407352
4.396875 -0.061162071301606 -0.024201378955525 0.395693
4.400000 -0.060084276079438 -0.023050786954729 0.383641
4.403125 -0.058999421736698 -0.021898943058774 0.371172
4.406250 -0.057907711605083 -0.020746019370881 0.35826
4.409375 -0.056809348593467 -0.019592186598921 0.344876
4.412500 -0.055704535146765 -0.018437614004233 0.330989
4.415625 -0.054593473205815 -0.017282469540880 0.316567
4.418750 -0.053476364168247 -0.016126919980791 0.301571
4.421875 -0.052353408850357 -0.014971130902340 0.285963
4.425000 -0.051224807449932 -0.013815266483207 0.269699
4.428125 -0.050090759510040 -0.012659489539158 0.252731
4.431250 -0.048951463883755 -0.011503961425318 0.235008
4.434375 -0.047807118699806 -0.010348842222119 0.216471
4.437500 -0.046657921329136 -0.009194290772832 0.197057
4.440625 -0.045504068352349 -0.008040464525770 0.176698
4.443750 -0.044345755528041 -0.006887519587487 0.155314
4.446875 -0.043183177762000 -0.005735610442536 0.13282
4.450000 -0.042016529077243 -0.004584889931153 0.109121
4.453125 -0.040846002584906 -0.003435509270104 0.0841088
4.456250 -0.039671790455942 -0.002287618224778 0.0576636
4.459375 -0.038494083893643 -0.001141364638962 0.0296504
4.462500 -0.037313073106939  0.000003105133386 -8.32184e-05
4.465625 -0.036128947284502  0.001145646262906 -0.0317099
4.468750 -0.034941894569599  0.002286115418321 -0.0654262
4.471875 -0.033752102035715  0.003424370755982 -0.101457
4.475000 -0.032559755662912  0.004560271934065 -0.140059
4.478125 -0.031365040314924  0.005693679989312 -0.181529
4.481250 -0.030168139716968  0.006824456852238 -0.226214
4.484375 -0.028969236434264  0.007952465512166 -0.274514
4.487500 -0.027768511851245  0.009077570361462 -0.326902
4.490625 -0.026566146151454  0.010199637271696 -0.383934
4.493750 -0.025362318298111  0.011318533513490 -0.446274
4.496875 -0.024157206015338  0.012434127341273 -0.514717
4.500000 -0.022950985770031  0.013546288389805 -0.590227
4.503125 -0.021743832754371  0.014654887711213 -0.673979
4.506250 -0.020535920868959  0.015759797909834 -0.767426
4.509375 -0.019327422706566  0.016860893083565 -0.872382
4.512500 -0.018118509536483  0.017958048935846 -0.991144
4.515625 -0.016909351289472  0.019051142703659 -1.12666
4.518750 -0.015700116543289  0.020140053308474 -1.2828
4.521875 -0.014490972508788  0.021224660878814 -1.46468
4.525000 -0.013282085016583  0.022304846771450 -1.67932
4.528125 -0.012073618504257  0.023380493685611 -1.93649
4.531250 -0.010865736004124  0.024451485739931 -2.25033
4.534375 -0.009658599131510  0.025517708584959 -2.64197
4.537500 -0.008452368073565  0.026579049451287 -3.14457
4.540625 -0.007247201578585  0.027635397294748 -3.81325
4.543750 -0.006043256945834  0.028686642973383 -4.74688
4.546875 -0.004840690015869  0.029732678849421 -6.14224
4.550000 -0.003639655161333  0.030773398329519 -8.45503
4.553125 -0.002440305278245  0.031808696091514 -13.0347
4.556250 -0.001242791777736  0.032838468458312 -26.4231
4.559375 -0.000047264578260  0.033862613353486 -716.448
4.562500  0.001146127901757  0.034881030196256 30.4338
4.565625  0.002337238750826  0.035893619938101 15.3573
4.568750  0.003525922570861  0.036900285271655 10.4654
4.571875  0.004712035483240  0.037900930528777 8.04343
4.575000  0.005895435134430  0.038895461580168 6.59756
4.578125  0.007075980701220  0.039883785763363 5.6365
4.581250  0.008253532895544  0.040865811909734 4.95131
4.584375  0.009427953968921  0.041841450143884 4.43802
4.587500  0.010599107716499  0.042810612119728 4.03908
4.590625  0.011766859480736  0.043773211392099 3.72004
4.593750  0.012931076154702  0.044729163410340 3.45904
4.596875  0.014091626185022  0.045678385267833 3.24153
4.600000  0.015248379574468  0.046620795376075 3.05743
4.603125  0.016401207884197  0.047556313365122 2.89956
4.606250  0.017549984235658  0.048484859734247 2.76267
4.609375  0.018694583312158  0.049406356475683 2.64282
4.612500  0.019834881360102  0.050320727228760 2.53698
4.615625  0.020970756189925  0.051227897494091 2.44283
4.618750  0.022102087176691  0.052127794389372 2.3585
4.621875  0.023228755260409  0.053020346424512 2.28253
4.625000  0.024350642946026  0.053905483499401 2.21372
4.628125  0.025467634303150  0.054783137284515 2.15109
4.631250  0.026579614965465  0.055653241207705 2.09383
4.634375  0.027686472129882  0.056515730364604 2.04128
4.637500  0.028788094555401  0.057370541243599 1.99286
4.640625  0.029884372561718  0.058217611480295 1.9481
4.643750  0.030975198027558  0.059056879889874 1.90659
4.646875  0.032060464388758  0.059888286487965 1.86798
4.650000  0.033140066636098  0.060711772552431 1.83197
4.653125  0.034213901312882  0.061527280695059 1.79831
4.656250  0.035281866512284  0.062334754991382 1.76676
4.659375  0.036343861874460  0.063134140901871 1.73713
4.662500  0.037399788583427  0.063925385163638 1.70924
4.665625  0.038449549363721  0.064708435774417 1.68294
4.668750  0.039493048476838  0.065483241478618 1.6581
4.671875  0.040530191717458  0.066249752030698 1.63458
4.675000  0.041560886409464  0.067007918643443 1.61228
4.678125  0.042585041401759  0.067757694042536 1.59111
4.681250  0.043602567063881  0.068499032423878 1.57099
4.684375  0.044613375281426  0.069231888929064 1.55182
4.687500  0.045617379451287  0.069956220058253 1.53354
4.690625  0.046614494476701  0.070671983604935 1.51609
4.693750  0.047604636762127  0.071379138834718 1.49942
4.696875  0.048587724207940  0.072077646389486 1.48345
4.700000  0.049563676204961  0.072767468202681 1.46816
4.703125  0.050532413628817  0.073448567482729 1.45349
4.706250  0.051493858834148  0.074120908753523 1.43941
4.709375  0.052447935648645  0.074784456673706 1.42588
4.712500  0.053394569366946  0.075439177087235 1.41286
4.715625  0.054333686744377  0.076085036895288 1.40033
4.718750  0.055265215990553  0.076722004580461 1.38825
4.721875  0.056189086762834  0.077350049971259 1.3766
4.725000  0.057105230159646  0.077969144098419 1.36536
4.728125  0.058013578713674  0.078579259074755 1.3545
4.731250  0.058914066384921  0.079180368102864 1.344
4.734375  0.059806628553639  0.079772445607871 1.33384
4.737500  0.060691202013152  0.080355467213818 1.32401
4.740625  0.061567724962545  0.080929409570648 1.31448
4.743750  0.062436136999248  0.081494250363505 1.30524
4.746875  0.063296379111513  0.082049968558712 1.29628
4.750000  0.064148393670772  0.082596544490049 1.28759
4.753125  0.064992124423904  0.083133959531406 1.27914
4.756250  0.065827516485393  0.083662196205518 1.27093
4.759375  0.066654516329394  0.084181238193715 1.26295
4.762500  0.067473071781702  0.084691070240426 1.25518
4.765625  0.068283132011634  0.085191678118010 1.24762
4.768750  0.069084647523820  0.085683048532649 1.24026
4.771875  0.069877570149910  0.086165169250970 1.23309
4.775000  0.070661853040207  0.086638029026199 1.22609
4.778125  0.071437450655209  0.087101617445370 1.21927
4.781250  0.072204318757085  0.087555924953105 1.21261
4.784375  0.072962414401078  0.088000943167068 1.20611
4.787500  0.073711695926834  0.088436665005382 1.19976
4.790625  0.074452122949667  0.088863085281869 1.19356
4.793750  0.075183656351762  0.089280199800469 1.18749
4.796875  0.075906258273308  0.089688005300863 1.18156
4.800000  0.076619892103587  0.090086499373261 1.17576
4.803125  0.077324522471990  0.090475680876492 1.17008
4.806250  0.078020115238992  0.090855549860765 1.16451
4.809375  0.078706637487069  0.091226107568696 1.15906
4.812500  0.079384057511572  0.091587356603295 1.15372
4.815625  0.080052344811548  0.091939300482495 1.14849
4.818750  0.080711470080521  0.092281943258212 1.14336
4.821875  0.081361405197233  0.092615289481459 1.13832
4.825000  0.082002123216341  0.092939344334804 1.13338
4.828125  0.082633598359082  0.093254113803766 1.12853
4.831250  0.083255806003899  0.093559604616916 1.12376
4.834375  0.083868722677038  0.093855824610548 1.11908
4.837500  0.084472326043111  0.094142782893538 1.11448
4.840625  0.085066594895631  0.094420489318593 1.10996
4.843750  0.085651509147526  0.094688956158108 1.10551
4.846875  0.086227049821621  0.094948196056388 1.10114
4.850000  0.086793199041102  0.095198222350629 1.09684
4.853125  0.087349940019956  0.095439048176582 1.09261
4.856250  0.087897257053399  0.095670686921969 1.08844
4.859375  0.088435135508281  0.095893152717974 1.08433
4.862500  0.088963561813478  0.096106460990222 1.08029
4.865625  0.089482523450269  0.096310629357261 1.07631
4.868750  0.089992008942709  0.096505676915274 1.07238
4.871875  0.090492007847982  0.096691623164863 1.06851
4.875000  0.090982510746753  0.096868487681299 1.06469
4.878125  0.091463509233510  0.097036290233086 1.06093
4.881250  0.091934995906907  0.097195051214909 1.05721
4.884375  0.092396964360095  0.097344791663769 1.05355
4.887500  0.092849409171059  0.097485533439701 1.04993
4.890625  0.093292325892953  0.097617299236516 1.04636
4.893750  0.093725711044432  0.097740111819014 1.04283
4.896875  0.094149562099995  0.097853993824165 1.03935
4.900000  0.094563877480325  0.097958968734536 1.0359
4.903125  0.094968656542639  0.098055061966731 1.0325
4.906250  0.095363899571044  0.098142300477849 1.02913
4.909375  0.095749607766899  0.098220711895306 1.02581
4.912500  0.096125783239194  0.098290323843293 1.02252
4.915625  0.096492428994930  0.098351163868262 1.01926
4.918750  0.096849548929519  0.098403259573875 1.01604
4.921875  0.097197147817195  0.098446638795515 1.01286
4.925000  0.097535231301441  0.098481329403218 1.0097
4.928125  0.097863805885427  0.098507359251514 1.00658
4.931250  0.098182878922473  0.098524756011785 1.00348
4.934375  0.098492458606524  0.098533547354999 1.00042
4.937500  0.098792553962648  0.098533761540155 0.99738
4.940625  0.099083174837552  0.098525427928581 0.994371
4.943750  0.099364331890118  0.098508577338901 0.991388
4.946875  0.099636036581970  0.098483240847951 0.98843
4.950000  0.099898301168053  0.098449449283042 0.985497
4.953125  0.100151138687243  0.098407232926360 0.982587
4.956250  0.100394562952983  0.098356621704178 0.979701
4.959375  0.100628588543943  0.098297645531333 0.976836
4.962500  0.100853230794708  0.098230334857780 0.973993
4.965625  0.101068505786493  0.098154721088909 0.97117
4.968750  0.101274430337891  0.098070836191277 0.968367
4.971875  0.101471021995646  0.097978712077997 0.965583
4.975000  0.101658299025459  0.097878380377468 0.962817
4.978125  0.101836280402827  0.097769872696959 0.960069
4.981250  0.102004985803911  0.097653221430548 0.957338
4.984375  0.102164435596442  0.097528459402516 0.954622
4.987500  0.102314650830654  0.097395621528231 0.951923
4.990625  0.102455653230256  0.097254743045827 0.949237
4.993750  0.102587465183444  0.097105859600691 0.946567
4.996875  0.102710109733934  0.096949006690555 0.943909
5.000000  0.102823610572050  0.096784220034498 0.941265
5.003125  0.102927992025836  0.096611535936923 0.938632
5.006250  0.103023279052213  0.096430991346531 0.936012
5.009375  0.103109497228168  0.096242623786779 0.933402
5.012500  0.103186672741992  0.096046471127029 0.930803
5.015625  0.103254832384544  0.095842571551584 0.928214
5.018750  0.103314003540573  0.095630963649471 0.925634
5.021875  0.103364214180063  0.095411686346460 0.923063
5.025000  0.103405492849629  0.095184779234621 0.9205
5.028125  0.103437868663956  0.094950283157344 0.917945
5.031250  0.103461371297276  0.094708239585769 0.915397
5.034375  0.103476030974888  0.094458690019512 0.912856
5.037500  0.103481878464725  0.094201675951854 0.910321
5.040625  0.103478945068962  0.093937239025245 0.907791
5.043750  0.103467262615667  0.093665421292326 0.905266
5.046875  0.103446863450502  0.093386265509332 0.902746
5.050000  0.103417780428460  0.093099814904921 0.90023
5.053125  0.103380046905659  0.092806113140658 0.897718
5.056250  0.103333696731172  0.092505204293007 0.895209
5.059375  0.103278764238908  0.092197132849147 0.892702
5.062500  0.103215284239539  0.091881943917475 0.890197
5.065625  0.103143292012470  0.091559682862091 0.887694
5.068750  0.103062823297865  0.091230395351479 0.885192
5.071875  0.102973914288711  0.090894127230135 0.882691
5.075000  0.102876601622936  0.090550924478970 0.88019
5.078125  0.102770922375571  0.090200833409500 0.877688
5.081250  0.102656914050965  0.089843900443912 0.875186
5.084375  0.102534614575044  0.089480172337031 0.872683
5.087500  0.102404062287623  0.089109695917590 0.870177
5.090625  0.102265295934761  0.088732518249169 0.86767
5.093750  0.102118354661175  0.088348686703589 0.86516
5.096875  0.101963278002696  0.087958248892938 0.862646
5.100000  0.101800105878773  0.087561252637444 0.860129
5.103125  0.101628878585039  0.087157745787503 0.857608
5.106250  0.101449636785912  0.086747776072826 0.855082
5.109375  0.101262421507256  0.086331391279623 0.852551
5.112500  0.101067274129091  0.085908639310880 0.850014
5.115625  0.100864236378351  0.085479568309540 0.847472
5.118750  0.100653350321698  0.085044226416601 0.844922
5.121875  0.100434658358379  0.084602661954154 0.842365
5.125000  0.100208203213141  0.084154923603770 0.839801
5.128125  0.099974027929194  0.083701060382769 0.837228
5.131250  0.099732175861229  0.083241121465956 0.834647
5.134375  0.099482690668481  0.082775156103261 0.832056
5.137500  0.099225616307849  0.082303213626387 0.829455
5.140625  0.098960997027065  0.081825343319095 0.826844
5.143750  0.098688877357918  0.081341594546226 0.824223
5.146875  0.098409302109523  0.080852016714420 0.821589
5.150000  0.098122316361648  0.080356659275315 0.818944
5.153125  0.097827965458091  0.079855571629454 0.816286
5.156250  0.097526295000111  0.079348803661928 0.813614
5.159375  0.097217350839902  0.078836405207233 0.810929
5.162500  0.096901179074135  0.078318426093234 0.80823
5.165625  0.096577826037531  0.077794916311081 0.805515
5.168750  0.096247338296509  0.077265926043294 0.802785
5.171875  0.095909762642867  0.076731505573095 0.800039
5.175000  0.095565146087526  0.076191705163994 0.797275
5.178125  0.095213535854318  0.075646575111844 0.794494
5.181250  0.094854979373836  0.075096165573800 0.791695
5.184375  0.094489524277327  0.074540527013992 0.788876
5.187500  0.094117218390642  0.073979709855095 0.786038
5.190625  0.093738109728233  0.073413764670056 0.783179
5.193750  0.093352246487207  0.072842742030538 0.7803
5.196875  0.092959677041428  0.072266692562783 0.777398
5.200000  0.092560449935677  0.071685667015913 0.774474
5.203125  0.092154613879853  0.071099716387424 0.771526
5.206250  0.091742217743232  0.070508892608419 0.768554
5.209375  0.091323310548782  0.069913247951595 0.765558
5.212500  0.090897941467519  0.069312835026335 0.762535
5.215625  0.090466159812924  0.068707706623420 0.759485
5.218750  0.090028015035404  0.068097915627920 0.756408
5.221875  0.089583556716806  0.067483514917133 0.753302
5.225000  0.089132834564990  0.066864557113364 0.750168
5.228125  0.088675898408437  0.066241094904345 0.747002
5.231250  0.088212798190925  0.065613181300545 0.743806
5.234375  0.087743583966242  0.064980869756424 0.740577
5.237500  0.087268305892959  0.064344214006315 0.737315
5.240625  0.086787014229250  0.063703267910986 0.734018
5.243750  0.086299759327758  0.063058085425023 0.730687
5.246875  0.085806591630520  0.062408720528185 0.727318
5.250000  0.085307561663938  0.061755227405173 0.723913
5.253125  0.084802720033794  0.061097660215250 0.720468
5.256250  0.084292117420326  0.060436072711739 0.716984
5.259375  0.083775804573348  0.059770518250839 0.713458
5.262500  0.083253832307414  0.059101049743800 0.70989
5.265625  0.082726251497043  0.058427720302819 0.706278
5.268750  0.082193113071984  0.057750583275014 0.702621
5.271875  0.081654468012536  0.057069692123699 0.698917
5.275000  0.081110367344909  0.056385100248554 0.695165
5.278125  0.080560862136645  0.055696860852304 0.691364
5.281250  0.080006003492078  0.055005027002790 0.687511
5.284375  0.079445842547843  0.054309651473874 0.683606
5.287500  0.078880430468443  0.053610786996685 0.679646
5.290625  0.078309818441850  0.052908486643981 0.67563
5.293750  0.077734057675167  0.052202803430231 0.671556
5.296875  0.077153199390324  0.051493790267374 0.667423
5.300000  0.076567294819836  0.050781499394726 0.663227
5.303125  0.075976395202597  0.050065982610957 0.658968
5.306250  0.075380551779727  0.049347291222024 0.654642
5.309375  0.074779815790460  0.048625476475725 0.650249
5.312500  0.074174238468090  0.047900589388130 0.645785
5.315625  0.073563871035949  0.047172680616227 0.641248
5.318750  0.072948764703443  0.046441800392777 0.636636
5.321875  0.072328970662125  0.045707998481910 0.631946
5.325000  0.071704540081825  0.044971324201371 0.627175
5.328125  0.071075524106810  0.044231826452871 0.622321
5.331250  0.070441973852007  0.043489553697135 0.617381
5.334375  0.069803940399256  0.042744554027662 0.612352
5.337500  0.069161474793618  0.041996875184205 0.607229
5.340625  0.068514628039722  0.041246564689159 0.602011
5.343750  0.067863451098162  0.040493669800658 0.596693
5.346875  0.067207994881930  0.039738237279029 0.591272
5.350000  0.066548310252903  0.038980313495260 0.585745
5.353125  0.065884448018365  0.038219944608557 0.580106
5.356250  0.065216458927580  0.037457176537443 0.574352
5.359375  0.064544393668404  0.036692054859026 0.568478
5.362500  0.063868302863937  0.035924624806946 0.56248
5.365625  0.063188237069231  0.035154931198214 0.556352
5.368750  0.062504246768022  0.034383018570243 0.550091
5.371875  0.061816382369520  0.033608931181790 0.54369
5.375000  0.061124694205235  0.032832713035754 0.537143
5.378125  0.060429232525845  0.032054407977836 0.530445
5.381250  0.059730047498104  0.031274059654844 0.52359
5.384375  0.059027189201797  0.030491711549423 0.516571
5.387500  0.058320707626732  0.029707406893072 0.50938
5.390625  0.057610652669772  0.028921188661051 0.502011
5.393750  0.056897074131913  0.028133099550632 0.494456
5.396875  0.056180021715397  0.027343181922460 0.486707
5.400000  0.055459545020869  0.026551478055151 0.478754
5.403125  0.054735693544572  0.025758029944133 0.470589
5.406250  0.054008516675583  0.024962879371841 0.462203
5.409375  0.053278063693087  0.024166067788372 0.453584
5.412500  0.052544383763693  0.023367636354512 0.444722
5.415625  0.051807525938785  0.022567625951926 0.435605
5.418750  0.051067539151919  0.021766077312450 0.426221
5.421875  0.050324472216249  0.020963030867211 0.416557
5.425000  0.049578373821995  0.020158526854922 0.406599
5.428125  0.048829292533958  0.019352605410264 0.396332
5.431250  0.048077276789055  0.018545306669215 0.38574
5.434375  0.047322374893912  0.017736670825463 0.374805
5.437500  0.046564635022472  0.016926738018984 0.363511
5.440625  0.045804105213665  0.016115548302923 0.351836
5.443750  0.045040833369089  0.015303141594839 0.339762
5.446875  0.044274867250750  0.014489557722482 0.327264
5.450000  0.043506254478825  0.013674836381878 0.314319
5.453125  0.042735042529462  0.012859017099486 0.300901
5.456250  0.041961278732623  0.012042139299291 0.286982
5.459375  0.041185010269955  0.011224242239884 0.272532
5.462500  0.040406284172701  0.010405365138980 0.257518
5.465625  0.039625147319642  0.009585547189495 0.241906
5.468750  0.038841646435079  0.008764827545438 0.225655
5.471875  0.038055828086844  0.007943245287259 0.208726
5.475000  0.037267738684349  0.007120839527255 0.191072
5.478125  0.036477424476668  0.006297649566206 0.172645
5.481250  0.035684931550652  0.005473714929914 0.15339
5.484375  0.034890305829081  0.004649075220711 0.133248
5.487500  0.034093593068840  0.003823769860056 0.112155
5.490625  0.033294838859141  0.002997838350864 0.0900391
5.493750  0.032494088619768  0.002171320496342 0.066822
5.496875  0.031691387599359  0.001344256348342 0.0424171
5.500000  0.030886780873717  0.000516686108549 0.0167284
5.503125  0.030080313344157 -0.000311350141267 -0.0103506
5.506250  0.029272029735881 -0.001139812558059 -0.0389386
5.509375  0.028461974596388 -0.001968661577739 -0.0691681
5.512500  0.027650192293914 -0.002797857937405 -0.101188
5.515625  0.026836727015897 -0.003627362762223 -0.135164
5.518750  0.026021622767486 -0.004457137592557 -0.171286
5.521875  0.025204923370068 -0.005287144282972 -0.209766
5.525000  0.024386672459828 -0.006117345175840 -0.250848
5.528125  0.023566913486348 -0.006947703029521 -0.294808
5.531250  0.022745689711222 -0.007778180955097 -0.341963
5.534375  0.021923044206710 -0.008608742229601 -0.39268
5.537500  0.021099019854418 -0.009439350117941 -0.447383
5.540625  0.020273659344009 -0.010269967807943 -0.506567
5.543750  0.019447005171940 -0.011100558241024 -0.570811
5.546875  0.018619099640226 -0.011931084062843 -0.640798
5.550000  0.017789984855240 -0.012761507695551 -0.717342
5.553125  0.016959702726535 -0.013591791430021 -0.801417
5.556250  0.016128294965691 -0.014421897335139 -0.894199
5.559375  0.015295803085198 -0.015251787457364 -0.997122
5.562500  0.014462268397360 -0.016081423698916 -1.11196
5.565625  0.013627732013228 -0.016910768144901 -1.24091
5.568750  0.012792234841558 -0.017739783426562 -1.38676
5.571875  0.011955817587801 -0.018568432908995 -1.55309
5.575000  0.011118520753113 -0.019396680595990 -1.74454
5.578125  0.010280384633392 -0.020224490928770 -1.96729
5.581250  0.009441449318347 -0.021051828645704 -2.22972
5.584375  0.008601754690585 -0.021878658696790 -2.54351
5.587500  0.007761340424727 -0.022704946039480 -2.92539
5.590625  0.006920245986551 -0.023530655315410 -3.40026
5.593750  0.006078510632155 -0.024355751045461 -4.00686
5.596875  0.005236173407149 -0.025180197407437 -4.80889
5.600000  0.004393273145868 -0.026003958477853 -5.91904
5.603125  0.003549848470614 -0.026826998261050 -7.55722
5.606250  0.002705937790918 -0.027649280760023 -10.218
5.609375  0.001861579302826 -0.028470769905696 -15.2939
5.612500  0.001016810988210 -0.029291429697657 -28.8072
5.615625  0.000171670614101 -0.030111224445838 -175.401
5.618750 -0.000673804267951 -0.030930119091715 45.9037
5.621875 -0.001519576322500 -0.031748079700292 20.8927
5.625000 -0.002365608430804 -0.032565073972747 13.766
5.628125 -0.003211863691393 -0.033381071691856 10.3931
5.631250 -0.004058305420629 -0.034196045037456 8.42619
5.634375 -0.004904897153233 -0.035009968487806 7.13776
5.637500 -0.005751602642797 -0.035822818673639 6.22832
5.640625 -0.006598385862269 -0.036634574277685 5.55205
5.643750 -0.007445211004420 -0.037445216309378 5.02944
5.646875 -0.008292042482292 -0.038254728202551 4.61343
5.650000 -0.009138844929620 -0.039063095351946 4.2744
5.653125 -0.009985583201236 -0.039870305221063 3.99279
5.656250 -0.010832222373451 -0.040676347404450 3.75512
5.659375 -0.011678727744422 -0.041481213571010 3.55186
5.662500 -0.012525064834492 -0.042284897336338 3.37602
5.665625 -0.013371199386515 -0.043087393980411 3.2224
5.668750 -0.014217097366158 -0.043888700165744 3.08704
5.671875 -0.015062724962186 -0.044688813396004 2.96685
5.675000 -0.015908048586728 -0.045487731599721 2.85942
5.678125 -0.016753034875522 -0.046285452817887 2.76281
5.681250 -0.017597650688142 -0.047081975143005 2.67547
5.684375 -0.018441863108211 -0.047877296833664 2.59612
5.687500 -0.019285639443584 -0.048671416326771 2.52371
5.690625 -0.020128947226528 -0.049464332032845 2.45737
5.693750 -0.020971754213870 -0.050256042240583 2.39637
5.696875 -0.021814028387141 -0.051046545267437 2.34008
5.700000 -0.022655737952686 -0.051835839618778 2.28798
5.703125 -0.023496851341773 -0.052623925899751 2.23962
5.706250 -0.024337337210676 -0.053410810504097 2.1946
5.709375 -0.025177164440740 -0.054196509991599 2.15261
5.712500 -0.026016302138435 -0.054981050456256 2.11333
5.715625 -0.026854719635389 -0.055764457665742 2.07652
5.718750 -0.027692386488405 -0.056546742452379 2.04196
5.721875 -0.028529272479466 -0.057327893322774 2.00944
5.725000 -0.029365347615718 -0.058107878985473 1.97879
5.728125 -0.030200582129440 -0.058886656032712 1.94985
5.731250 -0.031034946478001 -0.059664176010206 1.92248
5.734375 -0.031868411343796 -0.060440390065876 1.89656
5.737500 -0.032700947634171 -0.061215251766167 1.87197
5.740625 -0.033532526481333 -0.061988718965656 1.84861
5.743750 -0.034363119242244 -0.062760754953206 1.8264
5.746875 -0.035192697498495 -0.063531329099386 1.80524
5.750000 -0.036021233056178 -0.064300416839523 1.78507
5.753125 -0.036848697945733 -0.065067998831489 1.76582
5.756250 -0.037675064421784 -0.065834061360466 1.74742
5.759375 -0.038500304962961 -0.066598598417022 1.72982
5.762500 -0.039324392271711 -0.067361614132512 1.71297
5.765625 -0.040147299274090 -0.068123123334201 1.69683
5.768750 -0.040968999119546 -0.068883150633808 1.68135
5.771875 -0.041789465180688 -0.069641728327871 1.66649
5.775000 -0.042608671053040 -0.070398893339206 1.65222
5.778125 -0.043426590554783 -0.071154683290771 1.6385
5.781250 -0.044243197726486 -0.071909132943018 1.62532
5.784375 -0.045058466830821 -0.072662270558437 1.61262
5.787500 -0.045872372352271 -0.073414114414369 1.6004
5.790625 -0.046684888996819 -0.074164668850389 1.58862
5.793750 -0.047495991691628 -0.074913921870297 1.57727
5.796875 -0.048305655584713 -0.075661843422794 1.56631
5.800000 -0.049113856044595 -0.076408387535545 1.55574
5.803125 -0.049920568659946 -0.077153492902705 1.54553
5.806250 -0.050725769239225 -0.077897083573959 1.53565
5.809375 -0.051529433810297 -0.078639068901230 1.5261
5.812500 -0.052331538620046 -0.079379342992885 1.51685
5.815625 -0.053132060133979 -0.080117784000080 1.5079
5.818750 -0.053930975035808 -0.080854253820020 1.49922
5.821875 -0.054728260227035 -0.081588598738835 1.49079
5.825000 -0.055523892826519 -0.082320650012013 1.48262
5.828125 -0.056317850170035 -0.083050222022094 1.47467
5.831250 -0.057110109809819 -0.083777107133668 1.46694
5.834375 -0.057900649514109 -0.084501068807145 1.45941
5.837500 -0.058689447266674 -0.085221824302425 1.45208
5.840625 -0.059476481266330 -0.085939058250750 1.44493
5.843750 -0.060261729926449 -0.086652435293997 1.43793
5.846875 -0.061045171874461 -0.087361616860395 1.4311
5.850000 -0.061826785951342 -0.088066268262783 1.4244
5.853125 -0.062606551211096 -0.088766060233366 1.41784
5.856250 -0.063384446920227 -0.089460668603064 1.4114
5.859375 -0.064160452557203 -0.090149773185433 1.40507
5.862500 -0.064934547811911 -0.090833059302554 1.39884
5.865625 -0.065706712585099 -0.091510218173893 1.39271
5.868750 -0.066476926987821 -0.092180945730300 1.38666
5.871875 -0.067245171340858 -0.092844939211047 1.38069
5.875000 -0.068011426174148 -0.093501892874630 1.3748
5.878125 -0.068775672226192 -0.094151494429854 1.36897
5.881250 -0.069537890443462 -0.094793422390757 1.36319
5.884375 -0.070298061979801 -0.095427346312600 1.35747
5.887500 -0.071056168195808 -0.096052928027690 1.35179
5.890625 -0.071812190658226 -0.096669821856735 1.34615
5.893750 -0.072566111139313 -0.097277673924964 1.34054
5.896875 -0.073317911616213 -0.097876121018067 1.33496
5.900000 -0.074067574270315 -0.098464790984710 1.32939
5.903125 -0.074815081486606 -0.099043303212577 1.32384
5.906250 -0.075560415853022 -0.099611268215984 1.3183
5.909375 -0.076303560159786 -0.100168292603685 1.31276
5.912500 -0.077044497398741 -0.100713989786053 1.30722
5.915625 -0.077783210762678 -0.101247987822302 1.30167
5.918750 -0.078519683644659 -0.101769930531905 1.29611
5.921875 -0.079253899637330 -0.102279473919185 1.29053
5.925000 -0.079985842532228 -0.102776281575655 1.28493
5.928125 -0.080715496319089 -0.103260022043638 1.27931
5.931250 -0.081442845185140 -0.103730368482493 1.27366
5.934375 -0.082167873514391 -0.104186999780594 1.26798
5.937500 -0.082890565886923 -0.104629602673709 1.26226
5.940625 -0.083610907078166 -0.105057873464096 1.25651
5.943750 -0.084328882058174 -0.105471519688316 1.25072
5.946875 -0.085044475990894 -0.105870261113593 1.24488
5.950000 -0.085757674233433 -0.106253830407653 1.239
5.953125 -0.086468462335310 -0.106621973474926 1.23307
5.956250 -0.087176826037720 -0.106974449494427 1.2271
5.959375 -0.087882751272775 -0.107311030808568 1.22107
5.962500 -0.088586224162753 -0.107631502693411 1.21499
5.965625 -0.089287231019335 -0.107935663083101 1.20886
5.968750 -0.089985758342846 -0.108223322340768 1.20267
5.971875 -0.090681792821477 -0.108494302937257 1.19643
5.975000 -0.091375321330521 -0.108748439205810 1.19013
5.978125 -0.092066330931589 -0.108985577059936 1.18377
5.981250 -0.092754808871832 -0.109205573676224 1.17736
5.984375 -0.093440742583153 -0.109408297172383 1.17088
5.987500 -0.094124119681419 -0.109593626300032 1.16435
5.990625 -0.094804927965665 -0.109761450286160 1.15776
5.993750 -0.095483155417304 -0.109911668775117 1.15111
5.996875 -0.096158790199316 -0.110044191649775 1.1444
6.000000 -0.096831805456155 -0.110158938728302 1.13763
6.003125 -0.097501828123033 -0.110255839454270 1.13081
6.006250 -0.098168152421221 -0.110334832586084 1.12394
6.009375 -0.098830079684292 -0.110395865957553 1.11703
6.012500 -0.099486933259003 -0.110438896280414 1.11008
6.015625 -0.100138058093737 -0.110463888919482 1.10312
6.018750 -0.100782820332918 -0.110470817877857 1.09613
6.021875 -0.101420606917360 -0.110459665897867 1.08912
6.025000 -0.102050825190436 -0.110430424386779 1.08211
6.028125 -0.102672902510020 -0.110383092277495 1.07509
6.031250 -0.103286285866127 -0.110317673780850 1.06808
6.034375 -0.103890441504166 -0.110234177368728 1.06106
6.037500 -0.104484854553752 -0.110132617385038 1.05405
6.040625 -0.105069028662995 -0.110013016264693 1.04705
6.043750 -0.105642485638202 -0.109875405334091 1.04007
6.046875 -0.106204765088930 -0.109719824290079 1.0331
6.050000 -0.106755424078304 -0.109546320409610 1.02614
6.053125 -0.107294036778558 -0.109354947991602 1.01921
6.056250 -0.107820194131713 -0.109145767885081 1.01229
6.059375 -0.108333503515332 -0.108918846952914 1.0054
6.062500 -0.108833588413298 -0.108674257318989 0.998536
6.065625 -0.109320088091539 -0.108412075507865 0.991694
6.068750 -0.109792657278637 -0.108132381682997 0.984878
6.071875 -0.110250965851269 -0.107835260274654 0.978089
6.075000 -0.110694698524408 -0.107520802957826 0.971327
6.078125 -0.111123554546230 -0.107189109115219 0.964594
6.081250 -0.111537247397665 -0.106840285137597 0.957889
6.084375 -0.111935504496526 -0.106474442571806 0.951212
6.087500 -0.112318066906170 -0.106091696990420 0.944565
6.090625 -0.112684689048620 -0.105692167392483 0.937946
6.093750 -0.113035138422101 -0.105275975944805 0.931356
6.096875 -0.113369195322927 -0.104843248159230 0.924795
6.100000 -0.113686652571679 -0.104394112770913 0.918262
6.103125 -0.113987315243634 -0.103928701137450 0.911757
6.106250 -0.114271000403372 -0.103447146802056 0.905279
6.109375 -0.114537536843518 -0.102949584808932 0.898828
6.112500 -0.114786764827558 -0.102436153015640 0.892404
6.115625 -0.115018535836689 -0.101906992533253 0.886005
6.118750 -0.115232712320633 -0.101362248091540 0.879631
6.121875 -0.115429167452374 -0.100802067629556 0.873281
6.125000 -0.115607784886770 -0.100226601634500 0.866954
6.128125 -0.115768458522974 -0.099636003126666 0.860649
6.131250 -0.115911092270637 -0.099030427991493 0.854365
6.134375 -0.116035599819817 -0.098410035777091 0.848102
6.137500 -0.116141904414571 -0.097774988981159 0.841858
6.140625 -0.116229938630164 -0.097125453104252 0.835632
6.143750 -0.116299644153850 -0.096461596450873 0.829423
6.146875 -0.116350971569186 -0.095783590961275 0.82323
6.150000 -0.116383880143826 -0.095091611773382 0.817051
6.153125 -0.116398337620748 -0.094385836634950 0.810886
6.156250 -0.116394320012869 -0.093666445884788 0.804734
6.159375 -0.116371811401014 -0.092933621726661 0.798592
6.162500 -0.116330803735170 -0.092187548283533 0.79246
6.165625 -0.116271296639010 -0.091428411657007 0.786337
6.168750 -0.116193297217619 -0.090656399827564 0.780221
6.171875 -0.116096819868398 -0.089871701970329 0.77411
6.175000 -0.115981886095089 -0.089074507699614 0.768004
6.178125 -0.115848524324891 -0.088265007032082 0.7619
6.181250 -0.115696769728610 -0.087443391108200 0.755798
6.184375 -0.115526664043826 -0.086609852725058 0.749696
6.187500 -0.115338255401012 -0.085764586445886 0.743592
6.190625 -0.115131598152575 -0.084907788531242 0.737485
6.193750 -0.114906752704790 -0.084039656801177 0.731373
6.196875 -0.114663785352564 -0.083160390477897 0.725254
6.200000 -0.114402768117018 -0.082270190206723 0.719128
6.203125 -0.114123778585828 -0.081369258062701 0.712991
6.206250 -0.113826899756298 -0.080457797533721 0.706843
6.209375 -0.113512219881126 -0.079536013337452 0.700682
6.212500 -0.113179832316824 -0.078604111281810 0.694506
6.215625 -0.112829835374760 -0.077662298176328 0.688313
6.218750 -0.112462332174776 -0.076710781677389 0.682102
6.221875 -0.112077430501367 -0.075749769872176 0.67587
6.225000 -0.111675242662353 -0.074779470961121 0.669615
6.228125 -0.111255885350053 -0.073800093109794 0.663337
6.231250 -0.110819479504880 -0.072811844355618 0.657031
6.234375 -0.110366150181360 -0.071814932478568 0.650697
6.237500 -0.109896026416525 -0.070809564893947 0.644332
6.240625 -0.109409241100644 -0.069795948599809 0.637935
6.243750 -0.108905930850275 -0.068774289903239 0.631502
6.246875 -0.108386235883582 -0.067744794694533 0.625031
6.250000 -0.107850299897912 -0.066707668217349 0.618521
6.253125 -0.107298269949581 -0.065663115367336 0.611968
6.256250 -0.106730296335841 -0.064611340949915 0.60537
6.259375 -0.106146532479011 -0.063552549573627 0.598725
6.262500 -0.105547134812721 -0.062486945492416 0.592029
6.265625 -0.104932262670254 -0.061414732420330 0.58528
6.268750 -0.104302078174949 -0.060336113446195 0.578475
6.271875 -0.103656746132645 -0.059251290933944 0.571611
6.275000 -0.102996433926123 -0.058160466441713 0.564684
6.278125 -0.102321311411529 -0.057063840716784 0.557693
6.281250 -0.101631550816744 -0.055961613607498 0.550632
6.284375 -0.100927326641679 -0.054853984092948 0.5435
6.287500 -0.100208815560456 -0.053741150190480 0.536292
6.290625 -0.099476196325465 -0.052623308885174 0.529004
6.293750 -0.098729649673253 -0.051500656234497 0.521633
6.296875 -0.097969358232230 -0.050373387543591 0.514175
6.300000 -0.097195506432160 -0.049241697292397 0.506625
6.303125 -0.096408280415414 -0.048105779104242 0.49898
6.306250 -0.095607867949959 -0.046965825737043 0.491234
6.309375 -0.094794458344054 -0.045822029116918 0.483383
6.312500 -0.093968242362639 -0.044674580120314 0.475422
6.315625 -0.093129412145375 -0.043523668437250 0.467346
6.318750 -0.092278161126328 -0.042369482441696 0.45915
6.321875 -0.091414683955262 -0.041212209079373 0.450827
6.325000 -0.090539176420522 -0.040052033908254 0.442372
6.328125 -0.089651835373485 -0.038889141181308 0.43378
6.331250 -0.088752858654543 -0.037723713924626 0.425042
6.334375 -0.087842445020620 -0.036555933851136 0.416153
6.337500 -0.086920794074178 -0.035385981257532 0.407106
6.340625 -0.085988106193697 -0.034214035034138 0.397893
6.343750 -0.085044582465606 -0.033040272710635 0.388505
6.346875 -0.084090424617658 -0.031864870590700 0.378936
6.350000 -0.083125834953694 -0.030688003864616 0.369175
6.353125 -0.082151016289814 -0.029509846816227 0.359215
6.356250 -0.081166171891906 -0.028330572688763 0.349044
6.359375 -0.080171505414522 -0.027150353440337 0.338653
6.362500 -0.079167220841084 -0.025969359597629 0.328032
6.365625 -0.078153522425395 -0.024787760167508 0.317168
6.368750 -0.077130614634435 -0.023605722669260 0.306049
6.371875 -0.076098702092427 -0.022423413041881 0.294662
6.375000 -0.075057989526147 -0.021240995730479 0.282994
6.378125 -0.074008681711466 -0.020058633689788 0.271031
6.381250 -0.072950983421100 -0.018876488320745 0.258756
6.384375 -0.071885099373547 -0.017694719328080 0.246153
6.387500 -0.070811234183208 -0.016513484658670 0.233204
6.390625 -0.069729592311646 -0.015332940694895 0.219891
6.393750 -0.068640378019998 -0.014153242210144 0.206194
6.396875 -0.067543795322492 -0.012974542476488 0.192091
6.400000 -0.066440047941075 -0.011796993360361 0.177558
6.403125 -0.065329339261123 -0.010620745597806 0.162572
6.406250 -0.064211872288210 -0.009445948409046 0.147106
6.409375 -0.063087849605940 -0.008272749537972 0.131131
6.412500 -0.061957473334804 -0.007101295268289 0.114616
6.415625 -0.060820945092055 -0.005931730390440 0.0975278
6.418750 -0.059678465952590 -0.004764198230070 0.0798311
6.421875 -0.058530236410808 -0.003598840611059 0.0614869
6.425000 -0.057376456343445 -0.002435797788420 0.0424529
6.428125 -0.056217324973361 -0.001275208653841 0.0226836
6.431250 -0.055053040834259 -0.000117210884037 0.00212905
6.434375 -0.053883801736342  0.001038059069092 -0.0192648
6.437500 -0.052709804732862  0.002190466036203 -0.0415571
6.440625 -0.051531246087571  0.003339876316204 -0.0648126
6.443750 -0.050348321243055  0.004486157157581 -0.0891024
6.446875 -0.049161224789922  0.005629176734009 -0.114504
6.450000 -0.047970150436852  0.006768804313845 -0.141105
6.453125 -0.046775290981473  0.007904910604094 -0.168998
6.456250 -0.045576838282069  0.009037367706194 -0.198289
6.459375 -0.044374983230091  0.010166048942009 -0.229094
6.462500 -0.043169915723466  0.011290828744736 -0.261544
6.465625 -0.041961824640691  0.012411582807105 -0.295783
6.468750 -0.040750897815690  0.013528188074466 -0.331973
6.471875 -0.039537322013434  0.014640522742996 -0.370296
6.475000 -0.038321282906300  0.015748466381766 -0.410959
6.478125 -0.037102965051165  0.016851899968747 -0.454193
6.481250 -0.035882551867216  0.017950705938418 -0.500263
6.484375 -0.034660225614468  0.019044768246785 -0.54947
6.487500 -0.033436167372975  0.020133972403883 -0.602161
6.490625 -0.032210557022725  0.021218205443921 -0.658735
6.493750 -0.030983573224205  0.022297355698207 -0.719651
6.496875 -0.029755393399627  0.023371312739341 -0.785448
6.500000 -0.028526193714799  0.024439967580320 -0.856755
6.503125 -0.027296149061632  0.025503212931436 -0.934315
6.506250 -0.026065433041276  0.026560943185265 -1.01901
6.509375 -0.024834217947871  0.027613054386427 -1.1119
6.512500 -0.023602674752894  0.028659444108197 -1.21425
6.515625 -0.022370973090106  0.029700011547107 -1.32761
6.518750 -0.021139281241080  0.030734657480131 -1.45391
6.521875 -0.019907766121301  0.031763284351536 -1.59552
6.525000 -0.018676593266823  0.032785796263379 -1.75545
6.528125 -0.017445926821487  0.033802098852739 -1.93754
6.531250 -0.016215929524670  0.034812099001119 -2.14678
6.534375 -0.014986762699573  0.035815704759912 -2.38982
6.537500 -0.013758586242031  0.036812825574972 -2.67563
6.540625 -0.012531558609831  0.037803372615714 -3.01665
6.543750 -0.011305836812535  0.038787259005564 -3.43073
6.546875 -0.010081576401801  0.039764399780059 -3.94426
6.550000 -0.008858931462182  0.040734711908161 -4.59815
6.553125 -0.007638054602404  0.041698113634051 -5.45926
6.556250 -0.006419096947114  0.042654524454174 -6.64494
6.559375 -0.005202208129077  0.043603865095891 -8.3818
6.562500 -0.003987536281832  0.044546057733080 -11.1713
6.565625 -0.002775228032781  0.045481026119388 -16.3882
6.568750 -0.001565428496718  0.046408695653941 -29.646
6.571875 -0.000358281269771  0.047328993509591 -132.1
6.575000  0.000846071576226  0.048241848643658 57.0186
6.578125  0.002047489498968  0.049147191498306 24.0036
6.581250  0.003245833490501  0.050044953850732 15.4182
6.584375  0.004440966081664  0.050935068827001 11.4694
6.587500  0.005632751346137  0.051817470918473 9.19932
6.590625  0.006821054904118  0.052692096074397 7.72492
6.593750  0.008005743925629  0.053558881759418 6.69006
6.596875  0.009186687133461  0.054417766876124 5.92355
6.600000  0.010363754805766  0.055268691650651 5.33288
6.603125  0.011536818778298  0.056111597662701 4.8637
6.606250  0.012705752446316  0.056946427890785 4.48194
6.609375  0.013870430766156  0.057773126682215 4.1652
6.612500  0.015030730256476  0.058591639933496 3.89812
6.615625  0.016186528999175  0.059401914875935 3.66984
6.618750  0.017337706640013  0.060203899889773 3.47243
6.621875  0.018484144388908  0.060997544488354 3.29999
6.625000  0.019625725019948  0.061782799404341 3.14805
6.628125  0.020762332871102  0.062559616904728 3.01313
6.631250  0.021893853843644  0.063327950404688 2.8925
6.634375  0.023020175401302  0.064087754445850 2.78398
6.637500  0.024141186569121  0.064838984633376 2.68582
6.640625  0.025256777932074  0.065581597753406 2.59659
6.643750  0.026366841633394  0.066315551926962 2.51511
6.646875  0.027471271372659  0.067040806658754 2.4404
6.650000  0.028569962403623  0.067757322728920 2.37163
6.653125  0.029662811531800  0.068465062505106 2.30811
6.656250  0.030749717111811  0.069163989259227 2.24926
6.659375  0.031830579044496  0.069854067240348 2.19456
6.662500  0.032905298773796  0.070535261484903 2.14358
6.665625  0.033973779283412  0.071207538121342 2.09596
6.668750  0.035035925093245  0.071870864527578 2.05135
6.671875  0.036091642255624  0.072525209429314 2.00947
6.675000  0.037140838351328  0.073170542830890 1.97008
6.678125  0.038183422485397  0.073806835940161 1.93295
6.681250  0.039219305282757  0.074434061151581 1.89789
6.684375  0.040248398883637  0.075052191982959 1.86472
6.687500  0.041270616938816  0.075661202944159 1.83329
6.690625  0.042285874604666  0.076261069425397 1.80346
6.693750  0.043294088538034  0.076851767800409 1.77511
6.696875  0.044295176890936  0.077433275699520 1.74812
6.700000  0.045289059305090  0.078005571938663 1.72239
6.703125  0.046275656906276  0.078568636361001 1.69784
6.706250  0.047254892298544  0.079122449735234 1.67438
6.709375  0.048226689558255  0.079666993821988 1.65193
6.712500  0.049190974227978  0.080202251566165 1.63043
6.715625  0.050147673310230  0.080728207165404 1.60981
6.718750  0.051096715261080  0.081244846124622 1.59002
6.721875  0.052038029983608  0.081752155144199 1.57101
6.725000  0.052971548821226  0.082250121901198 1.55272
6.728125  0.053897204550872  0.082738734938016 1.53512
6.731250  0.054814931376067  0.083217983713051 1.51816
6.734375  0.055724664919857  0.083687858508572 1.50181
6.737500  0.056626342217627  0.084148350974761 1.48603
6.740625  0.057519901709796  0.084599454097189 1.47079
6.743750  0.058405283234405  0.085041162205922 1.45605
6.746875  0.059282428019589  0.085473470712430 1.4418
6.750000  0.060151278675942  0.085896376113430 1.42801
6.753125  0.061011779188783  0.086309875981138 1.41464
6.756250  0.061863874910314  0.086713969055995 1.40169
6.759375  0.062707512551691  0.087108655556806 1.38913
6.762500  0.063542640174992  0.087493937159205 1.37693
6.765625  0.064369207185099  0.087869816580418 1.36509
6.768750  0.065187164321494  0.088236297217389 1.35358
6.771875  0.065996463649967  0.088593383148998 1.3424
6.775000  0.066797058554245  0.088941079363813 1.33151
6.778125  0.067588903727542  0.089279391753044 1.32092
6.781250  0.068371955164035  0.089608327234956 1.3106
6.784375  0.069146170150264  0.089927893943798 1.30055
6.787500  0.069911507256468  0.090238100427884 1.29075
6.790625  0.070667926327850  0.090538956990389 1.28119
6.793750  0.071415388475777  0.090830475344623 1.27186
6.796875  0.072153856068921  0.091112668823255 1.26276
6.800000  0.072883292724345  0.091385551568821 1.25386
6.803125  0.073603663298521  0.091649137754923 1.24517
6.806250  0.074314933878310  0.091903441524040 1.23668
6.809375  0.075017071771875  0.092148477437496 1.22837
6.812500  0.075710045499559  0.092384261431821 1.22024
6.815625  0.076393824784710  0.092610811142744 1.21228
6.818750  0.077068380544458  0.092828145586222 1.20449
6.821875  0.077733684880461  0.093036284704316 1.19686
6.825000  0.078389711069605  0.093235248965517 1.18938
6.828125  0.079036433554666  0.093425059403585 1.18205
6.831250  0.079673827934941  0.093605737644402 1.17486
6.834375  0.080301870956842  0.093777306057930 1.16781
6.837500  0.080920540504467  0.093939787919795 1.16089
6.840625  0.081529815590133  0.094093207091939 1.1541
6.843750  0.082129676344889  0.094237587530075 1.14742
6.846875  0.082720104009003  0.094372953070150 1.14087
6.850000  0.083301080922427  0.094499327973531 1.13443
6.853125  0.083872590515237  0.094616737289968 1.1281
6.856250  0.084434617298064  0.094725206923093 1.12188
6.859375  0.084987146852498  0.094824763606690 1.11575
6.862500  0.085530165821484  0.094915434801551 1.10973
6.865625  0.086063661899702  0.094997248213807 1.1038
6.868750  0.086587623823935  0.095070231522317 1.09797
6.871875  0.087102041363428  0.095134412433473 1.09222
6.875000  0.087606905310245  0.095189818894066 1.08656
6.878125  0.088102207469604  0.095236479039780 1.08098
6.881250  0.088587940650227  0.095274420912590 1.07548
6.884375  0.089064098654674  0.095303672331518 1.07006
6.887500  0.089530676269674  0.095324261065133 1.06471
6.890625  0.089987669256469  0.095336215447291 1.05944
6.893750  0.090435074341146  0.095339564622560 1.05423
6.896875  0.090872889204977  0.095334338466769 1.0491
6.900000  0.091301112474767  0.095320567306582 1.04402
6.903125  0.091719743713198  0.095298281588530 1.03902
6.906250  0.092128783409193  0.095267511823203 1.03407
6.909375  0.092528232968279  0.095228288620993 1.02918
6.912500  0.092918094702961  0.095180642775765 1.02435
6.915625  0.093298371823111  0.095124605408138 1.01957
6.918750  0.093669068426366  0.095060207948301 1.01485
6.921875  0.094030189488540  0.094987482000576 1.01018
6.925000  0.094381740854053  0.094906459096394 1.00556
6.928125  0.094723729226373  0.094817170820450 1.00099
6.931250  0.095056162158476  0.094719648117198 0.99646
6.934375  0.095379048043326  0.094613922854881 0.991978
6.937500  0.095692396104372  0.094500028065825 0.98754
6.940625  0.095996216386068  0.094377998220355 0.983143
6.943750  0.096290519744409  0.094247868666247 0.978787
6.946875  0.096575317837498  0.094109675143071 0.974469
6.950000  0.096850623116129  0.093963453629825 0.970189
6.953125  0.097116448814400  0.093809240385983 0.965946
6.956250  0.097372808940344  0.093647072135866 0.961737
6.959375  0.097619718266596  0.093476986100676 0.957563
6.962500  0.097857192321083  0.093299019967619 0.95342
6.965625  0.098085247377735  0.093113211876383 0.949309
6.968750  0.098303900447241  0.092919600446279 0.945228
6.971875  0.098513169267816  0.092718224819560 0.941176
6.975000  0.098713072296019  0.092509124746771 0.937152
6.978125  0.098903628697583  0.092292340507402 0.933154
6.981250  0.099084858338289  0.092067912794185 0.929182
6.984375  0.099256781774875  0.091835882662745 0.925235
6.987500  0.099419420245967  0.091596291579274 0.921312
6.990625  0.099572795663055  0.091349181439937 0.917411
6.993750  0.099716930601505  0.091094594612190 0.913532
6.996875  0.099851848291597  0.090832574075696 0.909673
7.000000  0.099977572609606  0.090563163644740 0.905835
7.003125  0.100094128068927  0.090286407901566 0.902015
7.006250  0.100201539811223  0.090002351858011 0.898213
7.009375  0.100299833597623  0.089711040919217 0.894429
7.012500  0.100389035799955  0.089412520696053 0.89066
7.015625  0.100469173392020  0.089106837074459 0.886907
7.018750  0.100540273940906  0.088794036285639 0.883169
7.021875  0.100602365598339  0.088474164898893 0.879444
7.025000  0.100655477092084  0.088147269956912 0.875732
7.028125  0.100699637717379  0.087813398711679 0.872033
7.031250  0.100734877328415  0.087472598632536 0.868345
7.034375  0.100761226329862  0.087124917359572 0.864667
7.037500  0.100778715668431  0.086770402788618 0.860999
7.040625  0.100787376824490  0.086409103123903 0.857341
7.043750  0.100787241803709  0.086041066831759 0.85369
7.046875  0.100778343128769  0.085666342543789 0.850047
7.050000  0.100760713831100  0.085284979013202 0.846411
7.053125  0.100734387442670  0.084897025042412 0.842781
7.056250  0.100699397987824  0.084502529504025 0.839156
7.059375  0.100655779975162  0.084101541278348 0.835536
7.062500  0.100603568389469  0.083694109442096 0.83192
7.065625  0.100542798683687  0.083280283140544 0.828307
7.068750  0.100473506770942  0.082860111524809 0.824696
7.071875  0.100395729016608  0.082433643756948 0.821087
7.075000  0.100309502230427  0.082000929025494 0.817479
7.078125  0.100214863658676  0.081562016577117 0.813871
7.081250  0.100111850976378  0.081116955683516 0.810263
7.084375  0.100000502279566  0.080665795734727 0.806654
7.087500  0.099880856077594  0.080208586154344 0.803043
7.090625  0.099752951285499  0.079745376416201 0.799429
7.093750  0.099616827216407  0.079276215963050 0.795811
7.096875  0.099472523573999  0.078801154212337 0.79219
7.100000  0.099320080445014  0.078320240263726 0.788564
7.103125  0.099159538291812  0.077833523238633 0.784932
7.106250  0.098990937944983  0.077341052212912 0.781294
7.109375  0.098814320596008  0.076842876120667 0.777649
7.112500  0.098629727789964  0.076339043803800 0.773996
7.115625  0.098437201418295  0.075829604113692 0.770335
7.118750  0.098236783711614  0.075314605987863 0.766664
7.121875  0.098028517232573  0.074794098513486 0.762983
7.125000  0.097812444868773  0.074268131071470 0.759291
7.128125  0.097588609825732  0.073736753141888 0.755588
7.131250  0.097357055619900  0.073200014443138 0.751872
7.134375  0.097117826071727  0.072657964658003 0.748142
7.137500  0.096870965298786  0.072110653432635 0.744399
7.140625  0.096616517708938  0.071558130387188 0.740641
7.143750  0.096354527993560  0.071000445183871 0.736867
7.146875  0.096085041120817  0.070437647572511 0.733076
7.150000  0.095808102328991  0.069869787354136 0.729268
7.153125  0.095523757119855  0.069296914790715 0.725442
7.156250  0.095232051252109  0.068719080616612 0.721596
7.159375  0.094933030734854  0.068136336237673 0.717731
7.162500  0.094626741821136  0.067548733658116 0.713844
7.165625  0.094313231001523  0.066956325235261 0.709936
7.168750  0.093992544997747  0.066359163486778 0.706005
7.171875  0.093664730756394  0.065757300885492 0.70205
7.175000  0.093329835442647  0.065150789970067 0.69807
7.178125  0.092987906434074  0.064539683422268 0.694065
7.181250  0.092638991314480  0.063924034147443 0.690034
7.184375  0.092283137867805  0.063303895286544 0.685975
7.187500  0.091920394072066  0.062679320181456 0.681887
7.190625  0.091550808093367  0.062050362348759 0.67777
7.193750  0.091174428279948  0.061417075348026 0.673622
7.196875  0.090791303156289  0.060779512944017 0.669442
7.200000  0.090401481417271  0.060137729233338 0.665229
7.203125  0.090005011922379  0.059491778578637 0.660983
7.206250  0.089601943689966  0.058841715524287 0.656701
7.209375  0.089192325891561  0.058187594386304 0.652383
7.212500  0.088776207846237  0.057529469296546 0.648028
7.215625  0.088353639015020  0.056867394353222 0.643634
7.218750  0.087924668995354  0.056201423722034 0.6392
7.221875  0.087489347515624  0.055531611722155 0.634724
7.225000  0.087047724429716  0.054858012726561 0.630206
7.228125  0.086599849711641  0.054180681160199 0.625644
7.231250  0.086145773450201  0.053499671397470 0.621037
7.234375  0.085685545843713  0.052815037673811 0.616382
7.237500  0.085219217194775  0.052126834225535 0.611679
7.240625  0.084746837905090  0.051435115171339 0.606927
7.243750  0.084268458470338  0.050739934768190 0.602122
7.246875  0.083784129475097  0.050041347275350 0.597265
7.250000  0.083293901587815  0.049339407156392 0.592353
7.253125  0.082797825555834  0.048634168654525 0.587385
7.256250  0.082295952200456  0.047925685766067 0.582358
7.259375  0.081788332412071  0.047214012196522 0.577271
7.262500  0.081275017145327  0.046499201446483 0.572122
7.265625  0.080756057414344  0.045781306821971 0.566909
7.268750  0.080231504287992  0.045060381358019 0.56163
7.271875  0.079701408885205  0.044336477709551 0.556282
7.275000  0.079165822370348  0.043609648043442 0.550865
7.278125  0.078624795948635  0.042879943997491 0.545374
7.281250  0.078078380861594  0.042147416774949 0.539809
7.284375  0.077526628382579  0.041412117149686 0.534166
7.287500  0.076969589812331  0.040674095468448 0.528444
7.290625  0.076407316474587  0.039933401618224 0.522638
7.293750  0.075839859711739  0.039190084957622 0.516748
7.296875  0.075267270880538  0.038444194337222 0.510769
7.300000  0.074689601347844  0.037695778109167 0.504699
7.303125  0.074106902486429  0.036944884182160 0.498535
7.306250  0.073519225670822  0.036191560030236 0.492273
7.309375  0.072926622273199  0.035435852675239 0.485911
7.312500  0.072329143659329  0.034677808676509 0.479444
7.315625  0.071726841184557  0.033917474169636 0.47287
7.318750  0.071119766189835  0.033154894820426 0.466184
7.321875  0.070507969997805  0.032390115802761 0.459382
7.325000  0.069891503908921  0.031623181885824 0.452461
7.328125  0.069270419197619  0.030854137401636 0.445416
7.331250  0.068644767108534  0.030083026230026 0.438242
7.334375  0.068014598852760  0.029309891745817 0.430935
7.337500  0.067379965604154  0.028534776813542 0.423491
7.340625  0.066740918495691  0.027757723881632 0.415903
7.343750  0.066097508615853  0.026978774903112 0.408166
7.346875  0.065449787005075  0.026197971527517 0.400276
7.350000  0.064797804652222  0.025415355058392 0.392226
7.353125  0.064141612491122  0.024630966494697 0.384009
7.356250  0.063481261397132  0.023844846464433 0.37562
7.359375  0.062816802183755  0.023057035217890 0.367052
7.362500  0.062148285599298  0.022267572617055 0.358297
7.365625  0.061475762323570  0.021476498180896 0.349349
7.368750  0.060799282964626  0.020683851027112 0.340199
7.371875  0.060118898055556  0.019889669892386 0.330839
7.375000  0.059434658051306  0.019093993170128 0.32126
7.378125  0.058746613325554  0.018296858905922 0.311454
7.381250  0.058054814167618  0.017498304787108 0.30141
7.384375  0.057359310779409  0.016698368159901 0.291119
7.387500  0.056660153272428  0.015897086169076 0.280569
7.390625  0.055957391664800  0.015094495867655 0.26975
7.393750  0.055251075878349  0.014290634203148 0.258649
7.396875  0.054541255735714  0.013485537925625 0.247254
7.400000  0.053827980957509  0.012679243655055 0.235551
7.403125  0.053111301159518  0.011871788087991 0.223527
7.406250  0.052391265849933  0.011063208062715 0.211165
7.409375  0.051667924426626  0.010253540642686 0.198451
7.412500  0.050941326174473  0.009442823114875 0.185367
7.415625  0.050211520262699  0.008631093036327 0.171895
7.418750  0.049478555742280  0.007818388235932 0.158016
7.421875  0.048742481543370  0.007004746808770 0.143709
7.425000  0.048003346472771  0.006190207155370 0.128954
7.428125  0.047261199211447  0.005374808002281 0.113726
7.431250  0.046516088312062  0.004558588397039 0.0980003
7.434375  0.045768062196572  0.003741587500984 0.0817511
7.437500  0.045017169153840  0.002923844541816 0.0649495
7.440625  0.044263457337298  0.002105398744774 0.0475652
7.443750  0.043506974762640  0.001286289315607 0.0295651
7.446875  0.042747769305553  0.000466555468308 0.0109141
7.450000  0.041985888699488 -0.000353763619977 -0.00842577
7.453125  0.041221380533460 -0.001174628783201 -0.0284956
7.456250  0.040454292249889 -0.001996000822135 -0.0493397
7.459375  0.039684671142478 -0.002817840482924 -0.0710058
7.462500  0.038912564354118 -0.003640108451910 -0.0935458
7.465625  0.038138018874840 -0.004462765375774 -0.117016
7.468750  0.037361081539787 -0.005285771645052 -0.141478
7.471875  0.036581799027239 -0.006109087282359 -0.166998
7.475000  0.035800217856653 -0.006932671865318 -0.193649
7.478125  0.035016384386750 -0.007756484736849 -0.22151
7.481250  0.034230344813635 -0.008580485267966 -0.250669
7.484375  0.033442145168940 -0.009404633029550 -0.281221
7.487500  0.032651831318013 -0.010228887950285 -0.313271
7.490625  0.031859448958134 -0.011053210390075 -0.346937
7.493750  0.031065043616764 -0.011877561207265 -0.382345
7.496875  0.030268660649825 -0.012701901753925 -0.419639
7.500000  0.029470345240017 -0.013526193929628 -0.458976
7.503125  0.028670142395162 -0.014350399913954 -0.500535
7.506250  0.027868096946584 -0.015174482181408 -0.544511
7.509375  0.027064253547516 -0.015998403396996 -0.591127
7.512500  0.026258656671542 -0.016822126387309 -0.640632
7.515625  0.025451350611070 -0.017645613967398 -0.693308
7.518750  0.024642379475831 -0.018468828706041 -0.749474
7.521875  0.023831787191414 -0.019291732687907 -0.809496
7.525000  0.023019617497830 -0.020114287240562 -0.873789
7.528125  0.022205913948102 -0.020936452674376 -0.942832
7.531250  0.021390719906892 -0.021758188112672 -1.01718
7.534375  0.020574078549149 -0.022579451522017 -1.09747
7.537500  0.019756032858797 -0.023400199685332 -1.18446
7.540625  0.018936625627436 -0.024220388623265 -1.27902
7.543750  0.018115899453091 -0.025039973714348 -1.38221
7.546875  0.017293896738976 -0.025858909865370 -1.49526
7.550000  0.016470659692287 -0.026677151673586 -1.61968
7.553125  0.015646230323033 -0.027494653805186 -1.75727
7.556250  0.014820650442883 -0.028311371312608 -1.91027
7.559375  0.013993961664047 -0.029127259941499 -2.08142
7.562500  0.013166205398184 -0.029942276466132 -2.27418
7.565625  0.012337422855334 -0.030756378962444 -2.49293
7.568750  0.011507655042880 -0.031569527090278 -2.74335
7.571875  0.010676942764535 -0.032381682470051 -3.03286
7.575000  0.009845326619359 -0.033192809088540 -3.37143
7.578125  0.009012847000791 -0.034002873652105 -3.77271
7.581250  0.008179544095724 -0.034811845698435 -4.25596
7.584375  0.007345457883588 -0.035619697698144 -4.84921
7.587500  0.006510628135475 -0.036426404977754 -5.59491
7.590625  0.005675094413273 -0.037231945728601 -6.56059
7.593750  0.004838896068839 -0.038036301115618 -7.86053
7.596875  0.004002072243186 -0.038839454981931 -9.70484
7.600000  0.003164661865703 -0.039641393620809 -12.5263
7.603125  0.002326703653392 -0.040442105208257 -17.3817
7.606250  0.001488236110135 -0.041241578477190 -27.7117
7.609375  0.000649297525980 -0.042039800802226 -64.7466
7.612500 -0.000190074023549 -0.042836756961987 225.369
7.615625 -0.001029840678110 -0.043632431299044 42.3681
7.618750 -0.001869964793194 -0.044426814127339 23.7581
7.621875 -0.002710408940738 -0.045219909041709 16.6838
7.625000 -0.003551135909725 -0.046011735431530 12.9569
7.628125 -0.004392108706754 -0.046802324655407 10.656
7.631250 -0.005233290556598 -0.047591713283363 9.09403
7.634375 -0.006074644902727 -0.048379937261426 7.96424
7.637500 -0.006916135407821 -0.049167028326831 7.10903
7.640625 -0.007757725954255 -0.049953012248657 6.43913
7.643750 -0.008599380644567 -0.050737908302485 5.90018
7.646875 -0.009441063801895 -0.051521729133586 5.4572
7.650000 -0.010282739970409 -0.052304481307351 5.08663
7.653125 -0.011124373915709 -0.053086166141249 4.77206
7.656250 -0.011965930625207 -0.053866780533908 4.50168
7.659375 -0.012807375308491 -0.054646316732653 4.26678
7.662500 -0.013648673397667 -0.055424761216607 4.06082
7.665625 -0.014489790547680 -0.056202093610828 3.87874
7.668750 -0.015330692636616 -0.056978287134280 3.71662
7.671875 -0.016171345765987 -0.057753310170614 3.57134
7.675000 -0.017011716260996 -0.058527128788966 3.4404
7.678125 -0.017851770670777 -0.059299709616944 3.32178
7.681250 -0.018691475768629 -0.060071022614298 3.21382
7.684375 -0.019530798552216 -0.060841043311041 3.11513
7.687500 -0.020369706243763 -0.061609754428058 3.02458
7.690625 -0.021208166290223 -0.062377147019726 2.94119
7.693750 -0.022046146363432 -0.063143221365767 2.86414
7.696875 -0.022883614360244 -0.063907987294050 2.79274
7.700000 -0.023720538402650 -0.064671463229243 2.72639
7.703125 -0.024556886837879 -0.065433674334938 2.66458
7.706250 -0.025392628238478 -0.066194650466224 2.60685
7.709375 -0.026227731402386 -0.066954424559703 2.55281
7.712500 -0.027062165352975 -0.067713031204434 2.50213
7.715625 -0.027895899339090 -0.068470505476824 2.4545
7.718750 -0.028728902835063 -0.069226882060810 2.40966
7.721875 -0.029561145540714 -0.069982194430513 2.36737
7.725000 -0.030392597381338 -0.070736473398561 2.32742
7.728125 -0.031223228507670 -0.071489745617292 2.28963
7.731250 -0.032053009295843 -0.072242031688065 2.25383
7.734375 -0.032881910347321 -0.072993344278139 2.21986
7.737500 -0.033709902488828 -0.073743685483825 2.1876
7.740625 -0.034536956772250 -0.074493044302919 2.15691
7.743750 -0.035363044474529 -0.075241393257908 2.12768
7.746875 -0.036188137097546 -0.075988687022471 2.09982
7.750000 -0.037012206367977 -0.076734861538578 2.07323
7.753125 -0.037835224237151 -0.077479834012097 2.04782
7.756250 -0.038657162880877 -0.078223503347550 2.02352
7.759375 -0.039477994699271 -0.078965750561143 2.00025
7.762500 -0.040297692316561 -0.079706439241253 1.97794
7.765625 -0.041116228580883 -0.080445416264580 1.95654
7.768750 -0.041933576564058 -0.081182513611102 1.93598
7.771875 -0.042749709561364 -0.081917551837600 1.91621
7.775000 -0.043564601091285 -0.082650343762115 1.89719
7.778125 -0.044378224895258 -0.083380696177836 1.87887
7.781250 -0.045190554937397 -0.084108411860915 1.86119
7.784375 -0.046001565404211 -0.084833276827749 1.84414
7.787500 -0.046811230704307 -0.085555052964594 1.82766
7.790625 -0.047619525468082 -0.086273472643606 1.81172
7.793750 -0.048426424547402 -0.086988240776024 1.7963
7.796875 -0.049231903015269 -0.087699039645688 1.78135
7.800000 -0.050035936165479 -0.088405533867762 1.76684
7.803125 -0.050838499512262 -0.089107374944270 1.75275
7.806250 -0.051639568789919 -0.089804204469484 1.73906
7.809375 -0.052439119952439 -0.090495658213916 1.72573
7.812500 -0.053237129173115 -0.091181370725512 1.71274
7.815625 -0.054033572844140 -0.091860979993097 1.70007
7.818750 -0.054828427576193 -0.092534130943919 1.6877
7.821875 -0.055621670198025 -0.093200476882023 1.67561
7.825000 -0.056413277756017 -0.093859679243186 1.66379
7.828125 -0.057203227513746 -0.094511405570313 1.6522
7.831250 -0.057991496951526 -0.095155327325825 1.64085
7.834375 -0.058778063765949 -0.095791118593606 1.62971
7.837500 -0.059562905869410 -0.096418455471884 1.61877
7.840625 -0.060346001389625 -0.097037015647990 1.60801
7.843750 -0.061127328669140 -0.097646477482500 1.59743
7.846875 -0.061906866264828 -0.098246518766131 1.58701
7.850000 -0.062684592947381 -0.098836815197453 1.57673
7.853125 -0.063460487700788 -0.099417039204826 1.5666
7.856250 -0.064234529721805 -0.099986860302471 1.55659
7.859375 -0.065006698419422 -0.100545946613993 1.5467
7.862500 -0.065776973414313 -0.101093966683011 1.53692
7.865625 -0.066545334538281 -0.101630590532698 1.52724
7.868750 -0.067311761833699 -0.102155490028438 1.51765
7.871875 -0.068076235552931 -0.102668339272678 1.50814
7.875000 -0.068838736157760 -0.103168813699111 1.4987
7.878125 -0.069599244318797 -0.103656587652244 1.48933
7.881250 -0.070357740914885 -0.104131334200904 1.48003
7.884375 -0.071114207032496 -0.104592729717079 1.47077
7.887500 -0.071868623965121 -0.105040460055562 1.46156
7.890625 -0.072620973212651 -0.105474225267177 1.45239
7.893750 -0.073371236480753 -0.105893740909283 1.44326
7.896875 -0.074119395680232 -0.106298736626594 1.43416
7.900000 -0.074865432926400 -0.106688953758980 1.42508
7.903125 -0.075609330538419 -0.107064143240954 1.41602
7.906250 -0.076351071038654 -0.107424064449133 1.40698
7.909375 -0.077090637152011 -0.107768484964246 1.39795
7.912500 -0.077828011805270 -0.108097180948168 1.38892
7.915625 -0.078563178126410 -0.108409937839056 1.37991
7.918750 -0.079296119443930 -0.108706550985342 1.37089
7.921875 -0.080026819286164 -0.108986826121658 1.36188
7.925000 -0.080755261380589 -0.109250579671623 1.35286
7.928125 -0.081481429653125 -0.109497639205675 1.34384
7.931250 -0.082205308227433 -0.109727844385955 1.3348
7.934375 -0.082926881424202 -0.109941048057422 1.32576
7.937500 -0.083646133760440 -0.110137116240400 1.3167
7.940625 -0.084363049948746 -0.110315926474821 1.30763
7.943750 -0.085077614896589 -0.110477365756636 1.29855
7.946875 -0.085789813705573 -0.110621329527376 1.28945
7.950000 -0.086499631670704 -0.110747721816304 1.28033
7.953125 -0.087207054279645 -0.110856455737464 1.27119
7.956250 -0.087912067211969 -0.110947453813135 1.26203
7.959375 -0.088614656338412 -0.111020648085726 1.25285
7.962500 -0.089314807720112 -0.111075980037178 1.24365
7.965625 -0.090012507607850 -0.111113400451416 1.23442
7.968750 -0.090707742441283 -0.111132869161076 1.22518
7.971875 -0.091400498848178 -0.111134354690666 1.21591
7.975000 -0.092090763643634 -0.111117833762675 1.20661
7.978125 -0.092778523829306 -0.111083290787923 1.1973
7.981250 -0.093463766592620 -0.111030717744641 1.18795
7.984375 -0.094146479305990 -0.110960114420709 1.17859
7.987500 -0.094826649526024 -0.110871488695350 1.1692
7.990625 -0.095504264992733 -0.110764856624616 1.15979
7.993750 -0.096179313628731 -0.110640242299280 1.15035
7.996875 -0.096851783538435 -0.110497677605739 1.14089
8.000000 -0.097521647807961 -0.110337202004842 1.13141
8.003125 -0.098188533314413 -0.110158862322439 1.12191
8.006250 -0.098851734221179 -0.109962712593446 1.1124
8.009375 -0.099510551804180 -0.109748813683187 1.10289
8.012500 -0.100164309352744 -0.109517232541646 1.09338
8.015625 -0.100812351758050 -0.109268040842747 1.08388
8.018750 -0.101454045107544 -0.109001313482352 1.07439
8.021875 -0.102088776285284 -0.108717129092525 1.06493
8.025000 -0.102715952578108 -0.108415570847144 1.05549
8.028125 -0.103335001287581 -0.108096727396485 1.04608
8.031250 -0.103945369347628 -0.107760692700327 1.03671
8.034375 -0.104546522947788 -0.107407565426793 1.02737
8.037500 -0.105137947162026 -0.107037448544342 1.01807
8.040625 -0.105719145583020 -0.106650449480690 1.00881
8.043750 -0.106289639961864 -0.106246680763962 0.999596
8.046875 -0.106848969853120 -0.105826260409736 0.990428
8.050000 -0.107396692265133 -0.105389311640371 0.981309
8.053125 -0.107932381315572 -0.104935962354232 0.972238
8.056250 -0.108455627892109 -0.104466343704446 0.963217
8.059375 -0.108966039318173 -0.103980589642992 0.954248
8.062500 -0.109463239023727 -0.103478836656112 0.94533
8.065625 -0.109946866220988 -0.102961223964584 0.936463
8.068750 -0.110416575585040 -0.102427893959147 0.92765
8.071875 -0.110872036939276 -0.101878992586270 0.918888
8.075000 -0.111312934945593 -0.101314669725472 0.910179
8.078125 -0.111738968799302 -0.100735078864618 0.901521
8.081250 -0.112149851928674 -0.100140376545006 0.892916
8.084375 -0.112545311699075 -0.099530721141422 0.884361
8.087500 -0.112925089121619 -0.098906272748359 0.875857
8.090625 -0.113288938566295 -0.098267193138688 0.867403
8.093750 -0.113636627479500 -0.097613646288317 0.858998
8.096875 -0.113967936105920 -0.096945798646012 0.850641
8.100000 -0.114282657214721 -0.096263819110460 0.842331
8.103125 -0.114580595829962 -0.095567879296890 0.834067
8.106250 -0.114861568965210 -0.094858153424857 0.825848
8.109375 -0.115125405362279 -0.094134818207087 0.817672
8.112500 -0.115371945234048 -0.093398052594064 0.809539
8.115625 -0.115601040011303 -0.092648037872680 0.801446
8.118750 -0.115812552093559 -0.091884957924433 0.793394
8.121875 -0.116006354603792 -0.091108999175142 0.785379
8.125000 -0.116182331147046 -0.090320350195207 0.777402
8.128125 -0.116340375572865 -0.089519201226638 0.769459
8.131250 -0.116480391741482 -0.088705743770604 0.761551
8.134375 -0.116602293293737 -0.087880170391050 0.753674
8.137500 -0.116706003424665 -0.087042674784599 0.745829
8.140625 -0.116791454660702 -0.086193451992620 0.738012
8.143750 -0.116858588640467 -0.085332698520206 0.730222
8.146875 -0.116907355899078 -0.084460612310984 0.722458
8.150000 -0.116937715655941 -0.083577392593533 0.714717
8.153125 -0.116949635605978 -0.082683239862295 0.706999
8.156250 -0.116943091714246 -0.081778355851983 0.6993
8.159375 -0.116918068013894 -0.080862943517152 0.691621
8.162500 -0.116874556407428 -0.079937207023932 0.683957
8.165625 -0.116812556471227 -0.079001351617120 0.676309
8.168750 -0.116732075263272 -0.078055583379582 0.668673
8.171875 -0.116633127134048 -0.077100109082931 0.661048
8.175000 -0.116515733540569 -0.076135136160944 0.653432
8.178125 -0.116379922863489 -0.075160872736574 0.645823
8.181250 -0.116225730227261 -0.074177527482048 0.63822
8.184375 -0.116053197323293 -0.073185309375562 0.630619
8.187500 -0.115862372236071 -0.072184427564156 0.623019
8.190625 -0.115653309272202 -0.071175090950504 0.615418
8.193750 -0.115426068792340 -0.070157508206144 0.607813
8.196875 -0.115180717045957 -0.069131887680175 0.600204
8.200000 -0.114917326008921 -0.068098437401522 0.592586
8.203125 -0.114635973223833 -0.067057365138596 0.584959
8.206250 -0.114336741643107 -0.066008878363548 0.57732
8.209375 -0.114019719474727 -0.064953184168479 0.569666
8.212500 -0.113685000030675 -0.063890489216987 0.561996
8.215625 -0.113332681577962 -0.062820999772999 0.554306
8.218750 -0.112962867192256 -0.061744921617452 0.546595
8.221875 -0.112575664614051 -0.060662459878890 0.538859
8.225000 -0.112171186107349 -0.059573818989047 0.531097
8.228125 -0.111749548320820 -0.058479202590131 0.523306
8.231250 -0.111310872151407 -0.057378813504302 0.515483
8.234375 -0.110855282610341 -0.056272853688725 0.507624
8.237500 -0.110382908691533 -0.055161524165029 0.499729
8.240625 -0.109893883242304 -0.054045024942756 0.491793
8.243750 -0.109388342836436 -0.052923555035014 0.483813
8.246875 -0.108866427649490 -0.051797312418198 0.475788
8.250000 -0.108328281336383 -0.050666493922489 0.467713
8.253125 -0.107774050911170 -0.049531295078933 0.459585
8.256250 -0.107203886629014 -0.048391910092095 0.451401
8.259375 -0.106617941870312 -0.047248531881578 0.443157
8.262500 -0.106016373026944 -0.046101352280712 0.434851
8.265625 -0.105399339390609 -0.044950562174797 0.426479
8.268750 -0.104767003043233 -0.043796351522993 0.418036
8.271875 -0.104119528749406 -0.042638909319865 0.409519
8.275000 -0.103457083850829 -0.041478423494516 0.400924
8.278125 -0.102779838162731 -0.040315080840990 0.392247
8.281250 -0.102087963872245 -0.039149066940736 0.383484
8.284375 -0.101381635438695 -0.037980566115305 0.37463
8.287500 -0.100661029495784 -0.036809761424079 0.36568
8.290625 -0.099926324755644 -0.035636834600433 0.356631
8.293750 -0.099177701914728 -0.034461966003153 0.347477
8.296875 -0.098415343561513 -0.033285334559798 0.338213
8.300000 -0.097639434085992 -0.032107117798719 0.328834
8.303125 -0.096850159590928 -0.030927491832952 0.319333
8.306250 -0.096047707804837 -0.029746631316856 0.309707
8.309375 -0.095232267996692 -0.028564709420843 0.299948
8.312500 -0.094404030892301 -0.027381897744441 0.29005
8.315625 -0.093563188592355 -0.026198366293678 0.280007
8.318750 -0.092709934492108 -0.025014283427921 0.269812
8.321875 -0.091844463202667 -0.023829815915232 0.259458
8.325000 -0.090966970473880 -0.022645128955386 0.248938
8.328125 -0.090077653118780 -0.021460386168029 0.238243
8.331250 -0.089176708939575 -0.020275749575296 0.227366
8.334375 -0.088264336655159 -0.019091379520003 0.216298
8.337500 -0.087340735830114 -0.017907434707613 0.20503
8.340625 -0.086406106805200 -0.016724072106539 0.193552
8.343750 -0.085460650629277 -0.015541446879551 0.181855
8.346875 -0.084504568992680 -0.014359712223281 0.169928
8.350000 -0.083538064161989 -0.013179019767273 0.157761
8.353125 -0.082561338916191 -0.011999519767092 0.145341
8.356250 -0.081574596484214 -0.010821361298682 0.132656
8.359375 -0.080578040483797 -0.009644692250925 0.119694
8.362500 -0.079571874861705 -0.008469659089600 0.10644
8.365625 -0.078556303835229 -0.007296406742071 0.0928812
8.368750 -0.077531531834987 -0.006125078589452 0.0790011
8.371875 -0.076497763448989 -0.004955816434167 0.0647838
8.375000 -0.075455203367945 -0.003788760578508 0.0502121
8.378125 -0.074404056331808 -0.002624049955994 0.0352676
8.381250 -0.073344527077522 -0.001461822249684 0.0199309
8.384375 -0.072276820287960 -0.000302214027301 0.00418134
8.387500 -0.071201140542043  0.000854639523815 -0.0120032
8.390625 -0.070117692265998  0.002008604524730 -0.0286462
8.393750 -0.069026679685771  0.003159548488434 -0.0457729
8.396875 -0.067928306780546  0.004307340351884 -0.0634101
8.400000 -0.066822777237366  0.005451850405573 -0.0815867
8.403125 -0.065710294406845  0.006592950054287 -0.100334
8.406250 -0.064591061259941  0.007730511615873 -0.119684
8.409375 -0.063465280345780  0.008864408284733 -0.139673
8.412500 -0.062333153750519  0.009994514233471 -0.16034
8.415625 -0.061194883057217  0.011120704750160 -0.181726
8.418750 -0.060050669306717  0.012242856292478 -0.203875
8.421875 -0.058900712959503  0.013360846545825 -0.226837
8.425000 -0.057745213858535  0.014474554388543 -0.250662
8.428125 -0.056584371193037  0.015583859903736 -0.275409
8.431250 -0.055418383463214  0.016688644526822 -0.301139
8.434375 -0.054247448445907  0.017788791189702 -0.327919
8.437500 -0.053071763161142  0.018884184380802 -0.355824
8.440625 -0.051891523839586  0.019974709988678 -0.384932
8.443750 -0.050706925890874  0.021060255107221 -0.415333
8.446875 -0.049518163872795  0.022140707931426 -0.447123
8.450000 -0.048325431461349  0.023215957871381 -0.480409
8.453125 -0.047128921421616  0.024285895692038 -0.515308
8.456250 -0.045928825579468  0.025350413685113 -0.55195
8.459375 -0.044725334794076  0.026409405652527 -0.59048
8.462500 -0.043518638931222  0.027462766968707 -0.631058
8.465625 -0.042308926837386  0.028510394567352 -0.673862
8.468750 -0.041096386314611  0.029552186956755 -0.719095
8.471875 -0.039881204096116  0.030588044198110 -0.766979
8.475000 -0.038663565822660  0.031617867869525 -0.817769
8.478125 -0.037443656019627  0.032641561037074 -0.871751
8.481250 -0.036221658074847  0.033659028342682 -0.929251
8.484375 -0.034997754217102  0.034670176094713 -0.99064
8.487500 -0.033772125495345  0.035674912292456 -1.05634
8.490625 -0.032544951758593  0.036673146679487 -1.12685
8.493750 -0.031316411636484  0.037664790644319 -1.20272
8.496875 -0.030086682520516  0.038649757413927 -1.28461
8.500000 -0.028855940545901  0.039627961876673 -1.3733
8.503125 -0.027624360574088  0.040599320521573 -1.46969
8.506250 -0.026392116175891  0.041563751301336 -1.57485
8.509375 -0.025159379615232  0.042521173590316 -1.69007
8.512500 -0.023926321833503  0.043471508161282 -1.81689
8.515625 -0.022693112434499  0.044414677126458 -1.95719
8.518750 -0.021459919669955  0.045350603967071 -2.11327
8.521875 -0.020226910425639  0.046279213662216 -2.288
8.525000 -0.018994250208013  0.047200432710302 -2.48499
8.528125 -0.017762103131446  0.048114189086961 -2.70881
8.531250 -0.016530631905967  0.049020412217865 -2.96543
8.534375 -0.015299997825551  0.049919032988157 -3.26268
8.537500 -0.014070360756928  0.050809983783056 -3.61114
8.540625 -0.012841879128898  0.051693198544517 -4.02536
8.543750 -0.011614709922161  0.052568612775567 -4.52604
8.546875 -0.010389008659627  0.053436163451783 -5.14353
8.550000 -0.009164929397227  0.054295788971343 -5.9243
8.553125 -0.007942624715179  0.055147429153863 -6.94322
8.556250 -0.006722245709742  0.055991025175896 -8.32921
8.559375 -0.005503941985411  0.056826519716905 -10.3247
8.562500 -0.004287861647571  0.057653857000258 -13.4458
8.565625 -0.003074151295589  0.058472982733551 -19.0209
8.568750 -0.001862956016341  0.059283843970730 -31.8225
8.571875 -0.000654419378152  0.060086388924306 -91.8163
8.575000  0.000551316574832  0.060880567183403 110.428
8.578125  0.001754111327879  0.061666329657876 35.1553
8.581250  0.002953825900491  0.062443628544121 21.1399
8.584375  0.004150322850850  0.063212417197364 15.2307
8.587500  0.005343466279865  0.063972650082644 11.9721
8.590625  0.006533121834848  0.064724282816205 9.9071
8.593750  0.007719156712827  0.065467272253571 8.48114
8.596875  0.008901439663481  0.066201576408796 7.43718
8.600000  0.010079840991739  0.066927154792413 6.6397
8.603125  0.011254232560021  0.067643968283254 6.01054
8.606250  0.012424487790142  0.068351979206519 5.50139
8.609375  0.013590481664883  0.069051151172654 5.08085
8.612500  0.014752090729232  0.069741448955074 4.72756
8.615625  0.015909193091315  0.070422838381448 4.42655
8.618750  0.017061668423005  0.071095286346815 4.16696
8.621875  0.018209397960223  0.071758760832684 3.94075
8.625000  0.019352264502957  0.072413230953189 3.74185
8.628125  0.020490152414960  0.073058667009860 3.56555
8.631250  0.021622947623188  0.073695040492077 3.40819
8.634375  0.022750537616941  0.074322324045694 3.26684
8.637500  0.023872811446731  0.074940491349446 3.13916
8.640625  0.024989659722889  0.075549517000164 3.02323
8.643750  0.026100974613902  0.076149376606638 2.91749
8.646875  0.027206649844493  0.076740046873128 2.82064
8.650000  0.028306580693459  0.077321505664378 2.73157
8.653125  0.029400663991250  0.077893731993566 2.64939
8.656250  0.030488798117321  0.078456705929219 2.5733
8.659375  0.031570882997239  0.079010408571177 2.50264
8.662500  0.032646820099569  0.079554822080637 2.43683
8.665625  0.033716512432535  0.080089929861912 2.37539
8.668750  0.034779864540455  0.080615716784758 2.31788
8.671875  0.035836782499975  0.081132169162568 2.26394
8.675000  0.036887173916085  0.081639274513811 2.21322
8.678125  0.037930947917940  0.082137021352724 2.16544
8.681250  0.038968015154475  0.082625398844234 2.12034
8.684375  0.039998287789830  0.083104396959820 2.0777
8.687500  0.041021679498592  0.083574006624280 2.03731
8.690625  0.042038105460844  0.084034219883998 1.999
8.693750  0.043047482357041  0.084485029831267 1.9626
8.696875  0.044049728362711  0.084926430558827 1.92797
8.700000  0.045044763142980  0.085358417176553 1.89497
8.703125  0.046032507846945  0.085780985926318 1.86349
8.706250  0.047012885101869  0.086194134493674 1.83342
8.709375  0.047985819007229  0.086597862206656 1.80466
8.712500  0.048951235128614  0.086992169860560 1.77712
8.715625  0.049909060491463  0.087377059346442 1.75073
8.718750  0.050859223574673  0.087752533425318 1.7254
8.721875  0.051801654304053  0.088118595802726 1.70108
8.725000  0.052736284045647  0.088475251141918 1.67769
8.728125  0.053663045598933  0.088822505024645 1.65519
8.731250  0.054581873189875  0.089160364274872 1.63352
8.734375  0.055492702463868  0.089488836265072 1.61262
8.737500  0.056395470478551  0.089807929359881 1.59247
8.740625  0.057290115696503  0.090117652997590 1.57301
8.743750  0.058176577977833  0.090418018143231 1.5542
8.746875  0.059054798572648  0.090709037305566 1.53601
8.750000  0.059924720113424  0.090990724146783 1.51842
8.753125  0.060786286607266  0.091263093107728 1.50138
8.756250  0.061639443428074  0.091526159037148 1.48486
8.759375  0.062484137308609  0.091779937333132 1.46885
8.762500  0.063320316332459  0.092024444325337 1.45332
8.765625  0.064147929925931  0.092259697567920 1.43823
8.768750  0.064966928849837  0.092485715969746 1.42358
8.771875  0.065777265191207  0.092702519487461 1.40934
8.775000  0.066578892354921  0.092910128722828 1.39549
8.778125  0.067371765055253  0.093108564656387 1.38201
8.781250  0.068155839307353  0.093297848725834 1.36889
8.784375  0.068931072418644  0.093478003126516 1.35611
8.787500  0.069697422980159  0.093649050952197 1.34365
8.790625  0.070454850857809  0.093811016024125 1.33151
8.793750  0.071203317183578  0.093963922412036 1.31966
8.796875  0.071942784346672  0.094107794193333 1.30809
8.800000  0.072673215984595  0.094242655419531 1.2968
8.803125  0.073394576974179  0.094368530237563 1.28577
8.806250  0.074106833422555  0.094485443096372 1.27499
8.809375  0.074809952658072  0.094593418993103 1.26445
8.812500  0.075503903221171  0.094692483517653 1.25414
8.815625  0.076188654855214  0.094782662809821 1.24405
8.818750  0.076864178497260  0.094863983441741 1.23418
8.821875  0.077530446268812  0.094936472354718 1.22451
8.825000  0.078187431466514  0.095000156704442 1.21503
8.828125  0.078835108552818  0.095055063650354 1.20575
8.831250  0.079473453146613  0.095101220318838 1.19664
8.834375  0.080102442013821  0.095138653823334 1.18771
8.837500  0.080722053057964  0.095167391292585 1.17895
8.840625  0.081332265310702  0.095187459879659 1.17035
8.843750  0.081933058922345  0.095198886820461 1.16191
8.846875  0.082524415152340  0.095201699580496 1.15362
8.850000  0.083106316359733  0.095195925937846 1.14547
8.853125  0.083678745993619  0.095181594041003 1.13746
8.856250  0.084241688583560  0.095158732413847 1.12959
8.859375  0.084795129730003  0.095127369932997 1.12185
8.862500  0.085339056094663  0.095087535904786 1.11423
8.865625  0.085873455390915  0.095039260170325 1.10674
8.868750  0.086398316374154  0.094982573137452 1.09936
8.871875  0.086913628832160  0.094917505547574 1.09209
8.875000  0.087419383575451  0.094844088569773 1.08493
8.878125  0.087915572427622  0.094762353025023 1.07788
8.881250  0.088402188215691  0.094672329774108 1.07093
8.884375  0.088879224760437  0.094574049902999 1.06407
8.887500  0.089346676866733  0.094467545139690 1.05731
8.890625  0.089804540313883  0.094352847982795 1.05065
8.893750  0.090252811845960  0.094229991612955 1.04407
8.896875  0.090691489162147  0.094099009796467 1.03757
8.900000  0.091120570907081  0.093959936745580 1.03116
8.903125  0.091540056661202  0.093812807067179 1.02483
8.906250  0.091949946931114  0.093657655839165 1.01857
8.909375  0.092350243139949  0.093494518796032 1.01239
8.912500  0.092740947617740  0.093323432477475 1.00628
8.915625  0.093122063591816  0.093144434264681 1.00024
8.918750  0.093493595177192  0.092957562273627 0.994267
8.921875  0.093855547366990  0.092762855255376 0.988358
8.925000  0.094207926022859  0.092560352539311 0.982511
8.928125  0.094550737865424  0.092350094002172 0.976725
8.931250  0.094883990464747  0.092132120077703 0.970998
8.934375  0.095207692230801  0.091906471756010 0.965326
8.937500  0.095521852403974  0.091673190543245 0.959709
8.940625  0.095826481045582  0.091432318477787 0.954145
8.943750  0.096121589028416  0.091183898178517 0.948631
8.946875  0.096407188027298  0.090927972862440 0.943166
8.950000  0.096683290509671  0.090664586388774 0.937748
8.953125  0.096949909726208  0.090393783125010 0.932376
8.956250  0.097207059701451  0.090115607963581 0.927048
8.959375  0.097454755224469  0.089830106266345 0.921762
8.962500  0.097693011839552  0.089537323774285 0.916517
8.965625  0.097921845836925  0.089237306520732 0.911312
8.968750  0.098141274243501  0.088930100878406 0.906144
8.971875  0.098351314813650  0.088615753924712 0.901012
8.975000  0.098551986020013  0.088294313506975 0.895916
8.978125  0.098743307044340  0.087965828170448 0.890854
8.981250  0.098925297768360  0.087630346897210 0.885823
8.984375  0.099097978764686  0.087287918908757 0.880824
8.987500  0.099261371287754  0.086938593569795 0.875855
8.990625  0.099415497264798  0.086582420389999 0.870915
8.993750  0.099560379286855  0.086219449056620 0.866002
8.996875  0.099696040599810  0.085849729501565 0.861115
9.000000  0.099822505095480  0.085473311869816 0.856253
9.003125  0.099939797302729  0.085090246514964 0.851415
9.006250  0.100047942378626  0.084700583917498 0.8466
9.009375  0.100146966099638  0.084304374808615 0.841807
9.012500  0.100236894852866  0.083901670161493 0.837034
9.015625  0.100317755627318  0.083492521094685 0.832281
9.018750  0.100389576005221  0.083076978745834 0.827546
9.021875  0.100452384153378  0.082655094153841 0.822829
9.025000  0.100506208814564  0.082226918168620 0.818128
9.028125  0.100551079298961  0.081792501285260 0.813442
9.031250  0.100587025475643  0.081351893677520 0.808771
9.034375  0.100614077764095  0.080905145329517 0.804114
9.037500  0.100632267125783  0.080452306295087 0.799468
9.040625  0.100641625055760  0.079993426772421 0.794834
9.043750  0.100642183574325  0.079528557117504 0.790211
9.046875  0.100633975218719  0.079057747440519 0.785597
9.050000  0.100617033034870  0.078581047554805 0.780991
9.053125  0.100591390569185  0.078098506970768 0.776394
9.056250  0.100557081860381  0.077610174884096 0.771802
9.059375  0.100514141431369  0.077116100171368 0.767216
9.062500  0.100462604281184  0.076616331413676 0.762635
9.065625  0.100402505876957  0.076110917061895 0.758058
9.068750  0.100333882145939  0.075599905670655 0.753483
9.071875  0.100256769467570  0.075083346168223 0.74891
9.075000  0.100171204665596  0.074561287705196 0.744339
9.078125  0.100077225000237  0.074033779638545 0.739767
9.081250  0.099974868160398  0.073500871400265 0.735193
9.084375  0.099864172255937  0.072962612513284 0.730619
9.087500  0.099745175809970  0.072419052624551 0.726041
9.090625  0.099617917751236  0.071870241534344 0.721459
9.093750  0.099482437406507  0.071316229213262 0.716873
9.096875  0.099338774493045  0.070757065621885 0.71228
9.100000  0.099186969111117  0.070192800741851 0.707682
9.103125  0.099027061736548  0.069623484516105 0.703075
9.106250  0.098859093213338  0.069049166956221 0.69846
9.109375  0.098683104746316  0.068469898299244 0.693836
9.112500  0.098499137893852  0.067885729099089 0.689201
9.115625  0.098307234560623  0.067296710278381 0.684555
9.118750  0.098107436990420  0.066702892991962 0.679896
9.121875  0.097899787759013  0.066104328577451 0.675224
9.125000  0.097684329767065  0.065501068509462 0.670538
9.128125  0.097461106233100  0.064893164397682 0.665837
9.131250  0.097230160686518  0.064280667999015 0.661119
9.134375  0.096991536960659  0.063663631190579 0.656383
9.137500  0.096745279185933  0.063042106019482 0.65163
9.140625  0.096491431782981  0.062416144690056 0.646857
9.143750  0.096230039455905  0.061785799683236 0.642064
9.146875  0.095961147185539  0.061151123854041 0.637249
9.150000  0.095684800222779  0.060512170387009 0.632412
9.153125  0.095401044081959  0.059868992840893 0.627551
9.156250  0.095109924534279  0.059221645024323 0.622665
9.159375  0.094811487601293  0.058570180956542 0.617754
9.162500  0.094505779548442  0.057914654854700 0.612816
9.165625  0.094192846878634  0.057255121088097 0.60785
9.168750  0.093872736325890  0.056591634215217 0.602855
9.171875  0.093545494849029  0.055924248971573 0.597829
9.175000  0.093211169625414  0.055253020327670 0.592773
9.178125  0.092869808044742  0.054578003465507 0.587683
9.181250  0.092521457702892  0.053899253609320 0.582559
9.184375  0.092166166395823  0.053216826010068 0.577401
9.187500  0.091803982113523  0.052530775790572 0.572206
9.190625  0.091434953034013  0.051841158105770 0.566973
9.193750  0.091059127517397  0.051148028099680 0.561701
9.196875  0.090676554099968  0.050451441165560 0.556389
9.200000  0.090287281488367  0.049751452796297 0.551035
9.203125  0.089891358553790  0.049048118576121 0.545638
9.206250  0.089488834326248  0.048341494105376 0.540196
9.209375  0.089079757988879  0.047631634957754 0.534708
9.212500  0.088664178872310  0.046918596677762 0.529172
9.215625  0.088242146449074  0.046202434752819 0.523587
9.218750  0.087813710328071  0.045483204572246 0.517951
9.221875  0.087378920249090  0.044760961378544 0.512263
9.225000  0.086937826077375  0.044035760162020 0.50652
9.228125  0.086490477798241  0.043307655608911 0.500722
9.231250  0.086036925511747  0.042576702074291 0.494865
9.234375  0.085577219427415  0.041842953600201 0.48895
9.237500  0.085111409859003  0.041106463937359 0.482972
9.240625  0.084639547219322  0.040367286503741 0.476932
9.243750  0.084161682015112  0.039625474300628 0.470826
9.246875  0.083677864841963  0.038881079783821 0.464652
9.250000  0.083188146379286  0.038134154809000 0.458409
9.253125  0.082692577385337  0.037384750649019 0.452093
9.256250  0.082191208692286  0.036632918052765 0.445704
9.259375  0.081684091201344  0.035878707254646 0.439237
9.262500  0.081171275877928  0.035122167957209 0.432692
9.265625  0.080652813746884  0.034363349296739 0.426065
9.268750  0.080128755887761  0.033602299778736 0.419354
9.271875  0.079599153430121  0.032839067266593 0.412555
9.275000  0.079064057548915  0.032073698958622 0.405667
9.278125  0.078523519459893  0.031306241396532 0.398686
9.281250  0.077977590415075  0.030536740491106 0.391609
9.284375  0.077426321698259  0.029765241574368 0.384433
9.287500  0.076869764620585  0.028991789474699 0.377155
9.290625  0.076307970516144  0.028216428315609 0.36977
9.293750  0.075740990737635  0.027439201498340 0.362277
9.296875  0.075168876652071  0.026660151735209 0.35467
9.300000  0.074591679636529  0.025879321167079 0.346946
9.303125  0.074009451073955  0.025096751319228 0.339102
9.306250  0.073422242349002  0.024312482967511 0.331132
9.309375  0.072830104843931  0.023526556030703 0.323033
9.312500  0.072233089934548  0.022739009583264 0.3148
9.315625  0.071631248986192  0.021949881878746 0.306429
9.318750  0.071024633349766  0.021159210384209 0.297914
9.321875  0.070413294357817  0.020367031824836 0.28925
9.325000  0.069797283320663  0.019573382223854 0.280432
9.328125  0.069176651522557  0.018778296943283 0.271454
9.331250  0.068551450217910  0.017981810752475 0.262311
9.334375  0.067921730627548  0.017183957959448 0.252996
9.337500  0.067287543935018  0.016384772560980 0.243504
9.340625  0.066648941282942  0.015584288403553 0.233826
9.343750  0.066005973769406  0.014782539306077 0.223958
9.346875  0.065358692444406  0.013979559150081 0.21389
9.350000  0.064707148306328  0.013175382017046 0.203616
9.353125  0.064051392298475  0.012370042225678 0.193127
9.356250  0.063391475305640  0.011563574340654 0.182415
9.359375  0.062727448150722  0.010756013107335 0.171472
9.362500  0.062059361591377  0.009947393422781 0.160288
9.365625  0.061387266316728  0.009137750288278 0.148854
9.368750  0.060711212944099  0.008327118729782 0.137159
9.371875  0.060031252015807  0.007515533733296 0.125194
9.375000  0.059347433995987  0.006703030176349 0.112946
9.378125  0.058659809267464  0.005889642937299 0.100403
9.381250  0.057968428128663  0.005075406998542 0.0875547
9.384375  0.057273340790562  0.004260357652783 0.0743864
9.387500  0.056574597373688  0.003444530661151 0.0608848
9.390625  0.055872247905151  0.002627962350375 0.0470352
9.393750  0.055166342315723  0.001810689716185 0.0328224
9.396875  0.054456930436949  0.000992750477610 0.01823
9.400000  0.053744061998312  0.000174183071514 0.00324097
9.403125  0.053027786624422 -0.000644973440680 -0.0121629
9.406250  0.052308153832260 -0.001464679488712 -0.028001
9.409375  0.051585213028450 -0.002284895052081 -0.0442936
9.412500  0.050859013506578 -0.003105579781302 -0.0610625
9.415625  0.050129604444542 -0.003926693043343 -0.0783308
9.418750  0.049397034901951 -0.004748194115845 -0.0961231
9.421875  0.048661353817555 -0.005570042396290 -0.114465
9.425000  0.047922610006714 -0.006392197648085 -0.133386
9.428125  0.047180852158912 -0.007214620264734 -0.152914
9.431250  0.046436128835295 -0.008037271464726 -0.173082
9.434375  0.045688488466262 -0.008860113420712 -0.193924
9.437500  0.044937979349083 -0.009683109175523 -0.215477
9.440625  0.044184649645560 -0.010506222400782 -0.23778
9.443750  0.043428547379718 -0.011329417033033 -0.260875
9.446875  0.042669720435539 -0.012152657159187 -0.284808
9.450000  0.041908216554734 -0.012975906791654 -0.309627
9.453125  0.041144083334537 -0.013799129729559 -0.335386
9.456250  0.040377368225555 -0.014622289252929 -0.362141
9.459375  0.039608118529638 -0.015445347869636 -0.389954
9.462500  0.038836381397790 -0.016268267116468 -0.418892
9.465625  0.038062203828117 -0.017091007401071 -0.449028
9.468750  0.037285632663805 -0.017913527892540 -0.48044
9.471875  0.036506714591134 -0.018735786424465 -0.513215
9.475000  0.035725496137534 -0.019557739391915 -0.547445
9.478125  0.034942023669658 -0.020379341720105 -0.583233
9.481250  0.034156343391507 -0.021200547080264 -0.620691
9.484375  0.033368501342578 -0.022021307982686 -0.659943
9.487500  0.032578543396046 -0.022841576044353 -0.701123
9.490625  0.031786515256984 -0.023661302182846 -0.744382
9.493750  0.030992462460611 -0.024480436887132 -0.789884
9.496875  0.030196430370572 -0.025298930485011 -0.837812
9.500000  0.029398464177257 -0.026116733538501 -0.888371
9.503125  0.028598608896142 -0.026933797333998 -0.941787
9.506250  0.027796909366172 -0.027750074589358 -0.998315
9.509375  0.026993410248167 -0.028565520476247 -1.05824
9.512500  0.026188156023264 -0.029380093589249 -1.12188
9.515625  0.025381190991389 -0.030193755949508 -1.18961
9.518750  0.024572559269758 -0.031006471039727 -1.26183
9.521875  0.023762304791415 -0.031818200081794 -1.33902
9.525000  0.022950471303786 -0.032628898800439 -1.42171
9.528125  0.022137102367283 -0.033438517261636 -1.51052
9.531250  0.021322241353918 -0.034247003477678 -1.60616
9.534375  0.020505931445962 -0.035054308500690 -1.70947
9.537500  0.019688215634625 -0.035860390466495 -1.82141
9.540625  0.018869136718762 -0.036665216717002 -1.94313
9.543750  0.018048737303620 -0.037468764049598 -2.07598
9.546875  0.017227059799601 -0.038271018012432 -2.22156
9.550000  0.016404146421062 -0.039071971807689 -2.38184
9.553125  0.015580039185136 -0.039871625005239 -2.55915
9.556250  0.014754779910585 -0.040669982352154 -2.75639
9.559375  0.013928410216682 -0.041467052854409 -2.97716
9.562500  0.013100971522116 -0.042262849527658 -3.22593
9.565625  0.012272505043925 -0.043057389598087 -3.50844
9.568750  0.011443051796462 -0.043850694524697 -3.83208
9.571875  0.010612652590375 -0.044642789104827 -4.20656
9.575000  0.009781348031628 -0.045433699607269 -4.64493
9.578125  0.008949178520537 -0.046223451425878 -5.16511
9.581250  0.008116184250836 -0.047012066823651 -5.79239
9.584375  0.007282405208770 -0.047799563117581 -6.56371
9.587500  0.006447881172212 -0.048585951460376 -7.53518
9.590625  0.005612651709803 -0.049371236413850 -8.79642
9.593750  0.004776756180120 -0.050155415911672 -10.4999
9.596875  0.003940233730870 -0.050938481729289 -12.9278
9.600000  0.003103123298102 -0.051720420516731 -16.6672
9.603125  0.002265463605449 -0.052501215613534 -23.1746
9.606250  0.001427293163396 -0.053280849145791 -37.33
9.609375  0.000588650268562 -0.054059303902000 -91.836
9.612500 -0.000250426996984 -0.054836564509632 218.972
9.615625 -0.001089900766389 -0.055612618292251 51.0254
9.618750 -0.001929733388658 -0.056387455700305 29.2203
9.621875 -0.002769887429276 -0.057161070559248 20.6366
9.625000 -0.003610325670795 -0.057933460301603 16.0466
9.628125 -0.004451011113422 -0.058704626313294 13.1891
9.631250 -0.005291906975558 -0.059474574294754 11.2388
9.634375 -0.006132976694336 -0.060243314578434 9.82285
9.637500 -0.006974183926124 -0.061010862268028 8.7481
9.640625 -0.007815492547013 -0.061777237246732 7.90446
9.643750 -0.008656866653286 -0.062542464203481 7.22461
9.646875 -0.009498270561857 -0.063306572418887 6.66506
9.650000 -0.010339668810696 -0.064069595100358 6.19648
9.653125 -0.011181026159233 -0.064831568216796 5.79836
9.656250 -0.012022307588736 -0.065592529028120 5.4559
9.659375 -0.012863478302679 -0.066352514403571 5.15821
9.662500 -0.013704503727080 -0.067111559144494 4.89704
9.665625 -0.014545349510824 -0.067869694470954 4.66608
9.668750 -0.015385981525964 -0.068626946960806 4.46036
9.671875 -0.016226365868006 -0.069383337568326 4.27596
9.675000 -0.017066468856174 -0.070138880998127 4.10975
9.678125 -0.017906257033652 -0.070893585214314 3.95915
9.681250 -0.018745697167812 -0.071647451262695 3.82207
9.684375 -0.019584756250422 -0.072400472693472 3.69678
9.687500 -0.020423401497833 -0.073152634987024 3.5818
9.690625 -0.021261600351155 -0.073903913745168 3.47593
9.693750 -0.022099320476403 -0.074654272884436 3.37813
9.696875 -0.022936529764640 -0.075403662802761 3.28749
9.700000 -0.023773196332091 -0.076152018930139 3.20327
9.703125 -0.024609288520243 -0.076899260770232 3.12481
9.706250 -0.025444774895932 -0.077645291134472 3.05152
9.709375 -0.026279624251403 -0.078389995296108 2.98292
9.712500 -0.027113805604369 -0.079133239758222 2.91856
9.715625 -0.027947288198037 -0.079874870962971 2.85805
9.718750 -0.028780041501126 -0.080614715352232 2.80106
9.721875 -0.029612035207870 -0.081352581782494 2.74728
9.725000 -0.030443239238003 -0.082088264816278 2.69644
9.728125 -0.031273623736723 -0.082821553115973 2.64829
9.731250 -0.032103159074653 -0.083552231772738 2.60262
9.734375 -0.032931815847770 -0.084280081868598 2.55923
9.737500 -0.033759564877335 -0.085004876402043 2.51795
9.740625 -0.034586377209799 -0.085726376297836 2.47862
9.743750 -0.035412224116693 -0.086444327910331 2.44109
9.746875 -0.036237077094507 -0.087158461704195 2.40523
9.750000 -0.037060907864557 -0.087868491942174 2.37092
9.753125 -0.037883688372831 -0.088574116174463 2.33805
9.756250 -0.038705390789823 -0.089275015048147 2.30653
9.759375 -0.039525987510359 -0.089970852883581 2.27625
9.762500 -0.040345451153401 -0.090661279477963 2.24713
9.765625 -0.041163754561839 -0.091345933150128 2.21909
9.768750 -0.041980870802277 -0.092024444346991 2.19206
9.771875 -0.042796773164797 -0.092696439455824 2.16597
9.775000 -0.043611435162711 -0.093361543927315 2.14076
9.778125 -0.044424830532307 -0.094019384587194 2.11637
9.781250 -0.045236933232574 -0.094669591545518 2.09275
9.784375 -0.046047717444918 -0.095311799983227 2.06985
9.787500 -0.046857157572868 -0.095945651904667 2.04762
9.790625 -0.047665228241765 -0.096570797472062 2.02602
9.793750 -0.048471904298441 -0.097186895698558 2.00502
9.796875 -0.049277160810890 -0.097793614242527 1.98456
9.800000 -0.050080973067918 -0.098390628066187 1.96463
9.803125 -0.050883316578791 -0.098977617574407 1.94519
9.806250 -0.051684167072869 -0.099554266936764 1.9262
9.809375 -0.052483500499220 -0.100120263130779 1.90765
9.812500 -0.053281293026240 -0.100675295673234 1.88951
9.815625 -0.054077521041246 -0.101219056721873 1.87174
9.818750 -0.054872161150064 -0.101751241184287 1.85433
9.821875 -0.055665190176614 -0.102271546425839 1.83726
9.825000 -0.056456585162470 -0.102779671863842 1.82051
9.828125 -0.057246323366418 -0.103275318846384 1.80405
9.831250 -0.058034382264009 -0.103758191318962 1.78787
9.834375 -0.058820739547091 -0.104227996670890 1.77196
9.837500 -0.059605373123335 -0.104684446623314 1.75629
9.840625 -0.060388261115758 -0.105127258657678 1.74086
9.843750 -0.061169381862225 -0.105556158266379 1.72564
9.846875 -0.061948713914952 -0.105970880050360 1.71062
9.850000 -0.062726236039994 -0.106371165996624 1.6958
9.853125 -0.063501927216723 -0.106756762752568 1.68116
9.856250 -0.064275766637302 -0.107127420709358 1.66668
9.859375 -0.065047733706146 -0.107482895742323 1.65237
9.862500 -0.065817808039375 -0.107822952487533 1.6382
9.865625 -0.066585969464261 -0.108147367274252 1.62418
9.868750 -0.067352198018664 -0.108455929616655 1.61028
9.871875 -0.068116473950458 -0.108748442201533 1.59651
9.875000 -0.068878777716954 -0.109024719963819 1.58285
9.878125 -0.069639089984314 -0.109284588937272 1.5693
9.881250 -0.070397391626950 -0.109527885265649 1.55585
9.884375 -0.071153663726924 -0.109754454391081 1.5425
9.887500 -0.071907887573338 -0.109964150425059 1.52924
9.890625 -0.072660044661712 -0.110156835819439 1.51606
9.893750 -0.073410116693363 -0.110332381398255 1.50296
9.896875 -0.074158085574768 -0.110490666653066 1.48993
9.900000 -0.074903933416926 -0.110631580142820 1.47698
9.903125 -0.075647642534711 -0.110755019868657 1.46409
9.906250 -0.076389195446215 -0.110860893598747 1.45126
9.909375 -0.077128574872094 -0.110949119037783 1.4385
9.912500 -0.077865763734893 -0.111019623891572 1.42578
9.915625 -0.078600745158381 -0.111072345845966 1.41312
9.918750 -0.079333502466863 -0.111107232453178 1.40051
9.921875 -0.080064019184498 -0.111124240863642 1.38794
9.925000 -0.080792279034608 -0.111123337333704 1.37542
9.928125 -0.081518265938975 -0.111104496746575 1.36294
9.931250 -0.082241964017144 -0.111067702346623 1.3505
9.934375 -0.082963357585705 -0.111012945727882 1.3381
9.937500 -0.083682431157586 -0.110940226862028 1.32573
9.940625 -0.084399169441325 -0.110849553826719 1.3134
9.943750 -0.085113557340348 -0.110740942131203 1.3011
9.946875 -0.085825579952235 -0.110614414001445 1.28883
9.950000 -0.086535222567986 -0.110469998026921 1.27659
9.953125 -0.087242470671275 -0.110307729363856 1.26438
9.956250 -0.087947309937708 -0.110127650217139 1.2522
9.959375 -0.088649726234069 -0.109929810304527 1.24005
9.962500 -0.089349705617562 -0.109714266780393 1.22792
9.965625 -0.090047234335053 -0.109481083009281 1.21582
9.968750 -0.090742298822304 -0.109230327535504 1.20374
9.971875 -0.091434885703202 -0.108962073262531 1.19169
9.975000 -0.092124981788982 -0.108676397212054 1.17966
9.978125 -0.092812574077458 -0.108373380427829 1.16766
9.981250 -0.093497649752229 -0.108053108069173 1.15568
9.984375 -0.094180196181899 -0.107715669713140 1.14372
9.987500 -0.094860200919287 -0.107361159638721 1.13178
9.990625 -0.095537651700627 -0.106989677048756 1.11987
9.993750 -0.096212536444780 -0.106601326290185 1.10798
9.996875 -0.096884843252421 -0.106196216954267 1.09611
10.000000 -0.097554545205944 -0.105774464181291 1.08426
10.003125 -0.098221269178749 -0.105336188264279 1.07244
10.006250 -0.098884309330536 -0.104881514198811 1.06065
10.009375 -0.099542966933554 -0.104410571121471 1.0489
10.012500 -0.100196565273478 -0.103923491892766 1.0372
10.015625 -0.100844449237846 -0.103420412988433 1.02554
10.018750 -0.101485984910486 -0.102901474508847 1.01395
10.021875 -0.102120559171849 -0.102366820332277 1.00241
10.025000 -0.102747579305189 -0.101816597936648 0.990939
10.028125 -0.103366472608498 -0.101250958258272 0.979534
10.031250 -0.103976686012145 -0.100670055044321 0.968198
10.034375 -0.104577685702132 -0.100074044502595 0.956935
10.037500 -0.105168956748900 -0.099463084872681 0.945746
10.040625 -0.105750002741622 -0.098837336320635 0.934632
10.043750 -0.106320345427903 -0.098196961016447 0.923595
10.046875 -0.106879524358827 -0.097542123115987 0.912636
10.050000 -0.107427096539286 -0.096872988946358 0.901756
10.053125 -0.107962636083504 -0.096189727016371 0.890954
10.056250 -0.108485733875728 -0.095492508023862 0.880231
10.059375 -0.108995997235976 -0.094781504894461 0.869587
10.062500 -0.109493049590814 -0.094056892902231 0.859022
10.065625 -0.109976530149083 -0.093318849866791 0.848534
10.068750 -0.110446093582502 -0.092567556313038 0.838124
10.071875 -0.110901409711116 -0.091803195442424 0.827791
10.075000 -0.111342163193489 -0.091025952940554 0.817534
10.078125 -0.111768053221614 -0.090236016698275 0.807351
10.081250 -0.112178793220461 -0.089433576420825 0.797241
10.084375 -0.112574110552108 -0.088618823267359 0.787204
10.087500 -0.112953746224397 -0.087791949793495 0.777238
10.090625 -0.113317454604061 -0.086953150106467 0.767341
10.093750 -0.113665003134255 -0.086102619980717 0.757512
10.096875 -0.113996172056438 -0.085240556731402 0.747749
10.100000 -0.114310754136564 -0.084367158968263 0.738051
10.103125 -0.114608554395495 -0.083482626282889 0.728415
10.106250 -0.114889389843616 -0.082587158986993 0.718841
10.109375 -0.115153089219572 -0.081680958061109 0.709325
10.112500 -0.115399492733089 -0.080764225285814 0.699866
10.115625 -0.115628451811817 -0.079837163378872 0.690463
10.118750 -0.115839828852143 -0.078899975994203 0.681113
10.121875 -0.116033496973935 -0.077952867600230 0.671813
10.125000 -0.116209339779142 -0.076996043428679 0.662563
10.128125 -0.116367251114226 -0.076029709494777 0.65336
10.131250 -0.116507134836354 -0.075054072662010 0.644202
10.134375 -0.116628904583314 -0.074069340822944 0.635086
10.137500 -0.116732483547100 -0.073075722647642 0.62601
10.140625 -0.116817804251124 -0.072073427272020 0.616973
10.143750 -0.116884808330996 -0.071062663955068 0.607972
10.146875 -0.116933446318835 -0.070043641869907 0.599004
10.150000 -0.116963677431067 -0.069016570082489 0.590068
10.153125 -0.116975469359643 -0.067981657607002 0.581162
10.156250 -0.116968798066664 -0.066939113460172 0.572282
10.159375 -0.116943647582338 -0.065889146631301 0.563426
10.162500 -0.116900009806243 -0.064831965915126 0.554593
10.165625 -0.116837884311843 -0.063767779656681 0.54578
10.168750 -0.116757278154218 -0.062696795514513 0.536984
10.171875 -0.116658205680966 -0.061619220409484 0.528203
10.175000 -0.116540688346225 -0.060535260523937 0.519435
10.178125 -0.116404754527790 -0.059445121327553 0.510676
10.181250 -0.116250439347264 -0.058349007571706 0.501925
10.184375 -0.116077784493222 -0.057247123288049 0.493179
10.187500 -0.115886838047328 -0.056139671732312 0.484435
10.190625 -0.115677654313380 -0.055026855268452 0.475691
10.193750 -0.115450293649237 -0.053908875219795 0.466944
10.196875 -0.115204822301588 -0.052785931727468 0.458192
10.200000 -0.114941312243532 -0.051658223646624 0.449431
10.203125 -0.114659841014913 -0.050525948590568 0.44066
10.206250 -0.114360491565399 -0.049389303025143 0.431874
10.209375 -0.114043352100247 -0.048248482368290 0.423071
10.212500 -0.113708515928715 -0.047103681048644 0.414249
10.215625 -0.113356081315111 -0.045955092521233 0.405405
10.218750 -0.112986151332410 -0.044802909278087 0.396535
10.221875 -0.112598833718424 -0.043647322801281 0.387636
10.225000 -0.112194240734485 -0.042488523512286 0.378705
10.228125 -0.111772489026607 -0.041326700718962 0.369739
10.231250 -0.111333699489091 -0.040162042553003 0.360736
10.234375 -0.110877997130536 -0.038994735913942 0.35169
10.237500 -0.110405510942231 -0.037824966383128 0.3426
10.240625 -0.109916373768893 -0.036652918160302 0.333462
10.243750 -0.109410722181705 -0.035478774021303 0.324271
10.246875 -0.108888696353649 -0.034302715338904 0.315025
10.250000 -0.108350439937067 -0.033124922085191 0.30572
10.253125 -0.107796099943456 -0.031945572732009 0.296352
10.256250 -0.107225826625433 -0.030764844089217 0.286916
10.259375 -0.106639773360858 -0.029582911142694 0.27741
10.262500 -0.106038096539086 -0.028399947093165 0.267828
10.265625 -0.105420955449307 -0.027216123485075 0.258166
10.268750 -0.104788512170944 -0.026031610338775 0.24842
10.271875 -0.104140931466100 -0.024846576189991 0.238586
10.275000 -0.103478380673997 -0.023661188045476 0.228658
10.278125 -0.102801029607399 -0.022475611354165 0.218632
10.281250 -0.102109050450986 -0.021290009925311 0.208503
10.284375 -0.101402617661637 -0.020104545911687 0.198265
10.287500 -0.100681907870625 -0.018919379718998 0.187912
10.290625 -0.099947099787661 -0.017734670000032 0.177441
10.293750 -0.099198374106789 -0.016550573509328 0.166843
10.296875 -0.098435913414089 -0.015367245302112 0.156114
10.300000 -0.097659902097167 -0.014184838893151 0.145247
10.303125 -0.096870526256410 -0.013003506275168 0.134236
10.306250 -0.096067973617970 -0.011823397865426 0.123073
10.309375 -0.095252433448467 -0.010644662421691 0.111752
10.312500 -0.094424096471367 -0.009467447078845 0.100265
10.315625 -0.093583154785027 -0.008291897434569 0.0886046
10.318750 -0.092729801782382 -0.007118157570505 0.0767624
10.321875 -0.091864232072229 -0.005946370094016 0.06473
10.325000 -0.090986641402117 -0.004776676186528 0.0524987
10.328125 -0.090097226582791 -0.003609215620190 0.0400591
10.331250 -0.089196185414180 -0.002444126964599 0.0274017
10.334375 -0.088283716612911 -0.001281547568155 0.0145162
10.337500 -0.087360019741310 -0.000121613610627 0.0013921
10.340625 -0.086425295137890  0.001035539969366 -0.0119819
10.343750 -0.085479743849277  0.002189779625752 -0.0256175
10.346875 -0.084523567563579  0.003340973352603 -0.0395271
10.350000 -0.083556968545163  0.004488990721966 -0.0537237
10.353125 -0.082580149570810  0.005633702757701 -0.068221
10.356250 -0.081593313867252  0.006774981759156 -0.0830335
10.359375 -0.080596665050050  0.007912701136435 -0.0981765
10.362500 -0.079590407063789  0.009046735376349 -0.113666
10.365625 -0.078574744123599  0.010176960044550 -0.129519
10.368750 -0.077549880657944  0.011303251839527 -0.145755
10.371875 -0.076516021252690  0.012425488620546 -0.162391
10.375000 -0.075473370596416  0.013543549408812 -0.179448
10.378125 -0.074422133426949  0.014657314413310 -0.196948
10.381250 -0.073362514479120  0.015766664993509 -0.214914
10.384375 -0.072294718433698  0.016871483605185 -0.233371
10.387500 -0.071218949867509  0.017971653758739 -0.252344
10.390625 -0.070135413204699  0.019067060071867 -0.271861
10.393750 -0.069044312669137  0.020157588332541 -0.291951
10.396875 -0.067945852237943  0.021243125616072 -0.312648
10.400000 -0.066840235596104  0.022323560362503 -0.333984
10.403125 -0.065727666092189  0.023398782476555 -0.355996
10.406250 -0.064608346695121  0.024468683282778 -0.378723
10.409375 -0.063482479952000  0.025533155514939 -0.402208
10.412500 -0.062350267946964  0.026592093311438 -0.426495
10.415625 -0.061211912261066  0.027645392276053 -0.451634
10.418750 -0.060067613933149  0.028692949551804 -0.477678
10.421875 -0.058917573421711  0.029734663857744 -0.504682
10.425000 -0.057761990567731  0.030770435456924 -0.532711
10.428125 -0.056601064558463  0.031800166127139 -0.56183
10.431250 -0.055434993892151  0.032823759153064 -0.592113
10.434375 -0.054263976343683  0.033841119292514 -0.623639
10.437500 -0.053088208931145  0.034852152804538 -0.656495
10.440625 -0.051907887883269  0.035856767335967 -0.690777
10.443750 -0.050723208607764  0.036854872078312 -0.726588
10.446875 -0.049534365660505  0.037846377834904 -0.764043
10.450000 -0.048341552715585  0.038831197093838 -0.803267
10.453125 -0.047144962536189  0.039809243996404 -0.844401
10.456250 -0.045944786946296  0.040780434281251 -0.887597
10.459375 -0.044741216803200  0.041744685249104 -0.933025
10.462500 -0.043534441970809  0.042701915694624 -0.980877
10.465625 -0.042324651293744  0.043652045842561 -1.03136
10.468750 -0.041112032572194  0.044594997366677 -1.08472
10.471875 -0.039896772537531  0.045530693432068 -1.14121
10.475000 -0.038679056828678  0.046459058708254 -1.20114
10.478125 -0.037459069969194  0.047380019334076 -1.26485
10.481250 -0.036236995345087  0.048293502873554 -1.33271
10.484375 -0.035013015183331  0.049199438279347 -1.40518
10.487500 -0.033787310531075  0.050097755900697 -1.48274
10.490625 -0.032560061235543  0.050988387517236 -1.56598
10.493750 -0.031331445924588  0.051871266312067 -1.65557
10.496875 -0.030101641987930  0.052746326830135 -1.75227
10.500000 -0.028870825559015  0.053613504992252 -1.85701
10.503125 -0.027639171497531  0.054472738043997 -1.97085
10.506250 -0.026406853372538  0.055323964580931 -2.09506
10.509375 -0.025174043446216  0.056167124550389 -2.23115
10.512500 -0.023940912658221  0.057002159269028 -2.38095
10.515625 -0.022707630610623  0.057829011503190 -2.54668
10.518750 -0.021474365553434  0.058647625430451 -2.73105
10.521875 -0.020241284370714  0.059457946773330 -2.93746
10.525000 -0.019008552567220  0.060259922794751 -3.17015
10.528125 -0.017776334255626  0.061053502248495 -3.43454
10.531250 -0.016544792144276  0.061838635279033 -3.73765
10.534375 -0.015314087525463  0.062615273339708 -4.08874
10.537500 -0.014084380264246  0.063383369143671 -4.50026
10.540625 -0.012855828787763  0.064142876685647 -4.9894
10.543750 -0.011628590075057  0.064893751091452 -5.58053
10.546875 -0.010402819647394  0.065635948749182 -6.30944
10.550000 -0.009178671559058  0.066369427325443 -7.23083
10.553125 -0.007956298388641  0.067094145855149 -8.43283
10.556250 -0.006735851230773  0.067810064723450 -10.067
10.559375 -0.005517479688333  0.068517145621999 -12.4182
10.562500 -0.004301331865099  0.069215351462997 -16.0916
10.565625 -0.003087554358835  0.069904646325587 -22.6408
10.568750 -0.001876292254820  0.070584995392888 -37.6194
10.571875 -0.000667689119795  0.071256364915840 -106.721
10.575000  0.000538113003676  0.071918722263006 133.65
10.578125  0.001740973602429  0.072572036030789 41.6847
10.581250  0.002940753697534  0.073216276189793 24.8971
10.584375  0.004137315848728  0.073851414135515 17.8501
10.587500  0.005330524158471  0.074477422590745 13.9719
10.590625  0.006520244275620  0.075094275534403 11.5171
10.593750  0.007706343398732  0.075701948165294 9.82333
10.596875  0.008888690279018  0.076300416916737 8.58399
10.600000  0.010067155222928  0.076889659455357 7.63767
10.603125  0.011241610094396  0.077469654566982 6.89133
10.606250  0.012411928316742  0.078040381991807 6.28753
10.609375  0.013577984874245  0.078601822279010 5.78892
10.612500  0.014739656313390  0.079153956821692 5.37014
10.615625  0.015896820743784  0.079696768171523 5.01338
10.618750  0.017049357838780  0.080230240381591 4.70576
10.621875  0.018197148835772  0.080754359130307 4.43775
10.625000  0.019340076536208  0.081269111702604 4.20211
10.628125  0.020478025305303  0.081774486668454 3.99328
10.631250  0.021610881071461  0.082270473679058 3.8069
10.634375  0.022738531325427  0.082757063362101 3.63951
10.637500  0.023860865119149  0.083234247374517 3.48832
10.640625  0.024977773064388  0.083702018409195 3.35106
10.643750  0.026089147331055  0.084160370156424 3.22588
10.646875  0.027194881645290  0.084609297221553 3.11122
10.650000  0.028294871287300  0.085048795041253 3.0058
10.653125  0.029389013088938  0.085478859949830 2.90853
10.656250  0.030477205431055  0.085899489406473 2.81848
10.659375  0.031559348240609  0.086310682207311 2.73487
10.662500  0.032635342987549  0.086712438519156 2.65701
10.665625  0.033705092681475  0.087104759728626 2.58432
10.668750  0.034768501868076  0.087487648346929 2.51629
10.671875  0.035825476625360  0.087861107986854 2.45248
10.675000  0.036875924559679  0.088225143308220 2.39249
10.678125  0.037919754801535  0.088579760478405 2.33598
10.681250  0.038956878001209  0.088924966907440 2.28265
10.684375  0.039987206324181  0.089260771175234 2.23223
10.687500  0.041010653446368  0.089587182782180 2.18449
10.690625  0.042027134549180  0.089904212210667 2.13919
10.693750  0.043036566314391  0.090211871134198 2.09617
10.696875  0.044038866918841  0.090510172485133 2.05523
10.700000  0.045033956028967  0.090799130432586 2.01624
10.703125  0.046021754795162  0.091078760117957 1.97904
10.706250  0.047002185845985  0.091349077426954 1.94351
10.709375  0.047975173282204  0.091610098930622 1.90953
10.712500  0.048940642670689  0.091861841941183 1.87701
10.715625  0.049898521038156  0.092104324673791 1.84583
10.718750  0.050848736864770  0.092337566237487 1.81593
10.721875  0.051791220077606  0.092561586538762 1.78721
10.725000  0.052725902043967  0.092776406147261 1.7596
10.728125  0.053652715564582  0.092982046202121 1.73304
10.731250  0.054571594866664  0.093178528428599 1.70745
10.734375  0.055482475596845  0.093365875216512 1.6828
10.737500  0.056385294814001  0.093544109736677 1.65902
10.740625  0.057279990981939  0.093713255894894 1.63606
10.743750  0.058166503961990  0.093873338162898 1.61387
10.746875  0.059044775005481  0.094024381286887 1.59243
10.750000  0.059914746746096  0.094166410033241 1.57167
10.753125  0.060776363192149  0.094299449066325 1.55158
10.756250  0.061629569718738  0.094423523010172 1.53211
10.759375  0.062474313059818  0.094538656555342 1.51324
10.762500  0.063310541300167  0.094644874574008 1.49493
10.765625  0.064138203867274  0.094742202157998 1.47716
10.768750  0.064957251523128  0.094830664667736 1.45989
10.771875  0.065767636355932  0.094910287761830 1.44312
10.775000  0.066569311771731  0.094981097352569 1.4268
10.778125  0.067362232485961  0.095043119535573 1.41093
10.781250  0.068146354514924  0.095096380506019 1.39547
10.784375  0.068921635167196  0.095140906458880 1.38042
10.787500  0.069688033034954  0.095176723562166 1.36575
10.790625  0.070445507985246  0.095203857984347 1.35145
10.793750  0.071194021151191  0.095222335992090 1.3375
10.796875  0.071933534923122  0.095232183971276 1.32389
10.800000  0.072664012939666  0.095233428406083 1.3106
10.803125  0.073385420078772  0.095226095935685 1.29762
10.806250  0.074097722448683  0.095210213444315 1.28493
10.809375  0.074800887378855  0.095185808143852 1.27252
10.812500  0.075494883410830  0.095152907638068 1.26039
10.815625  0.076179680289066  0.095111540015744 1.24852
10.818750  0.076855248951714  0.095061733775105 1.23689
10.821875  0.077521561521362  0.095003518139596 1.22551
10.825000  0.078178591295735  0.094936922696929 1.21436
10.828125  0.078826312738361  0.094861977284288 1.20343
10.831250  0.079464701469198  0.094778711824055 1.19271
10.834375  0.080093734255233  0.094687156380784 1.1822
10.837500  0.080713389001050  0.094587341326602 1.17189
10.840625  0.081323644739364  0.094479297466042 1.16177
10.843750  0.081924481621534  0.094363056110794 1.15183
10.846875  0.082515880908053  0.094238649061874 1.14207
10.850000  0.083097824959007  0.094106108606279 1.13247
10.853125  0.083670297224525  0.093965467553351 1.12304
10.856250  0.084233282235202  0.093816759312775 1.11377
10.859375  0.084786765592507  0.093660017979721 1.10465
10.862500  0.085330733959179  0.093495278417107 1.09568
10.865625  0.085865175049605  0.093322576297976 1.08685
10.868750  0.086390077620194  0.093141948111688 1.07816
10.871875  0.086905431459731  0.092953431097282 1.06959
10.875000  0.087411227379733  0.092757063096669 1.06116
10.878125  0.087907457204795  0.092552882476491 1.05284
10.881250  0.088394113762925  0.092340928165792 1.04465
10.884375  0.088871190875888  0.092121239758622 1.03657
10.887500  0.089338683349541  0.091893857611872 1.0286
10.890625  0.089796586964164  0.091658822900027 1.02074
10.893750  0.090244898464805  0.091416177573393 1.01298
10.896875  0.090683615551613  0.091165964342194 1.00532
10.900000  0.091112736870189  0.090908226550531 0.997755
10.903125  0.091532262001934  0.090643008134913 0.990285
10.906250  0.091942191454404  0.090370353582709 0.982904
10.909375  0.092342526651682  0.090090307876240 0.97561
10.912500  0.092733269924748  0.089802916464785 0.9684
10.915625  0.093114424501868  0.089508225195779 0.961271
10.918750  0.093485994498998  0.089206280416603 0.954221
10.921875  0.093847984910187  0.088897129050125 0.947246
10.925000  0.094200401598015  0.088580818685200 0.940344
10.928125  0.094543251284030  0.088257397623437 0.933513
10.931250  0.094876541539211  0.087926914902355 0.926751
10.934375  0.095200280774447  0.087589420163785 0.920054
10.937500  0.095514478231033  0.087244963406953 0.913421
10.940625  0.095819143971194  0.086893594792133 0.90685
10.943750  0.096114288868620  0.086535364673603 0.900338
10.946875  0.096399924599030  0.086170323729673 0.893884
10.950000  0.096676063630760  0.085798523110301 0.887485
10.953125  0.096942719215373  0.085420014367884 0.881139
10.956250  0.097199905378292  0.085034849390380 0.874845
10.959375  0.097447636909468  0.084643080311887 0.868601
10.962500  0.097685929354066  0.084244759425647 0.862404
10.965625  0.097914799003183  0.083839939115986 0.856254
10.968750  0.098134262884598  0.083428671736602 0.850148
10.971875  0.098344338753545  0.083011009468244 0.844085
10.975000  0.098545045083526  0.082587004127837 0.838063
10.978125  0.098736401057142  0.082156707136677 0.832081
10.981250  0.098918426556976  0.081720169581536 0.826137
10.984375  0.099091142156486  0.081277442391391 0.820229
10.987500  0.099254569110952  0.080828576429762 0.814356
10.990625  0.099408729348446  0.080373622662024 0.808517
10.993750  0.099553645460839  0.079912632055120 0.802709
10.996875  0.099689340694849  0.079445655495263 0.796932
11.000000  0.099815838943117  0.078972743729230 0.791184
11.003125  0.099933164735331  0.078493947329763 0.785464
11.006250  0.100041343229379  0.078009316698526 0.779771
11.009375  0.100140400202542  0.077518902043426 0.774102
11.012500  0.100230362042733  0.077022753366518 0.768457
11.015625  0.100311255739767  0.076520920464292 0.762835
11.018750  0.100383108876673  0.076013453110040 0.757234
11.021875  0.100445949621055  0.075500401093111 0.751652
11.025000  0.100499806716482  0.074981814281626 0.746089
11.028125  0.100544709473929  0.074457742585051 0.740544
11.031250  0.100580687763258  0.073928235930913 0.735014
11.034375  0.100607772004738  0.073393344280439 0.7295
11.037500  0.100625993160614  0.072853117693004 0.723999
11.040625  0.100635382726718  0.072307606422788 0.718511
11.043750  0.100635972724119  0.071756860810283 0.713034
11.046875  0.100627795690830  0.071200931191126 0.707567
11.050000  0.100610884673544  0.070639867789621 0.70211
11.053125  0.100585273219428  0.070073720703224 0.69666
11.056250  0.100550995367959  0.069502539950418 0.691217
11.059375  0.100508085642803  0.068926375495981 0.685779
11.062500  0.100456579043745  0.068345277331223 0.680346
11.065625  0.100396511038664  0.067759295507770 0.674917
11.068750  0.100327917555553  0.067168480200148 0.669489
11.071875  0.100250834974594  0.066572881734842 0.664063
11.075000  0.100165300120269  0.065972550593412 0.658637
11.078125  0.100071350253531  0.065367537415472 0.653209
11.081250  0.099969023064017  0.064757892968515 0.64778
11.084375  0.099858356662307  0.064143668178922 0.642347
11.087500  0.099739389572242  0.063524914084605 0.636909
11.090625  0.099612160723279  0.062901681826665 0.631466
11.093750  0.099476709442906  0.062274022712975 0.626016
11.096875  0.099333075449099  0.061641988239165 0.620559
11.100000  0.099181298842832  0.061005630208390 0.615092
11.103125  0.099021420100637  0.060365000784655 0.609616
11.106250  0.098853480067213  0.059720152480941 0.604128
11.109375  0.098677519948090  0.059071138128468 0.598628
11.112500  0.098493581302333  0.058418010819949 0.593115
11.115625  0.098301706035311  0.057760823923128 0.587587
11.118750  0.098101936391503  0.057099631079817 0.582044
11.121875  0.097894314947365  0.056434486254610 0.576484
11.125000  0.097678884604243  0.055765443798996 0.570906
11.128125  0.097455688581337  0.055092558391907 0.565309
11.131250  0.097224770408723  0.054415885018374 0.559692
11.134375  0.096986173920416  0.053735478775587 0.554053
11.137500  0.096739943247492  0.053051394839277 0.548392
11.140625  0.096486122811260  0.052363688296870 0.542707
11.143750  0.096224757316483  0.051672414287219 0.536997
11.146875  0.095955891744655  0.050977628043814 0.531261
11.150000  0.095679571347328  0.050279384970177 0.525498
11.153125  0.095395841639488  0.049577740644674 0.519705
11.156250  0.095104748392987  0.048872750781422 0.513883
11.159375  0.094806337630026  0.048164471198703 0.50803
11.162500  0.094500655616687  0.047452957799035 0.502144
11.165625  0.094187748856520  0.046738266571604 0.496224
11.168750  0.093867664084184  0.046020453598065 0.49027
11.171875  0.093540448259132  0.045299575004560 0.484278
11.175000  0.093206148559358  0.044575686926240 0.478248
11.178125  0.092864812375187  0.043848845455746 0.472179
11.181250  0.092516487303124  0.043119106576521 0.466069
11.184375  0.092161221139751  0.042386526097213 0.459917
11.187500  0.091799061875674  0.041651159580435 0.453721
11.190625  0.091430057689531  0.040913062325664 0.447479
11.193750  0.091054256942038  0.040172289382969 0.441191
11.196875  0.090671708170100  0.039428895541664 0.434853
11.200000  0.090282460080965  0.038682935261390 0.428466
11.203125  0.089886561546433  0.037934462618626 0.422026
11.206250  0.089484061597117  0.037183531307019 0.415532
11.209375  0.089075009416753  0.036430194691566 0.408983
11.212500  0.088659454336564  0.035674505865419 0.402377
11.215625  0.088237445829675  0.034916517611094 0.395711
11.218750  0.087809033505579  0.034156282310358 0.388984
11.221875  0.087374267104651  0.033393851808931 0.382193
11.225000  0.086933196492717  0.032629277304852 0.375337
11.228125  0.086485871655676  0.031862609284370 0.368414
11.231250  0.086032342694165  0.031093897449528 0.361421
11.234375  0.085572659818283  0.030323190733061 0.354356
11.237500  0.085106873342359  0.029550537167929 0.347217
11.240625  0.084635033679776  0.028775983774040 0.340001
11.243750  0.084157191337841  0.027999576443514 0.332706
11.246875  0.083673396912709  0.027221359924506 0.325329
11.250000  0.083183701084353  0.026441377822060 0.317867
11.253125  0.082688154611589  0.025659672601897 0.310319
11.256250  0.082186808327144  0.024876285636518 0.30268
11.259375  0.081679713132781  0.024091257317949 0.294948
11.262500  0.081166919994471  0.023304627186137 0.28712
11.265625  0.080648479937608  0.022516434045623 0.279192
11.268750  0.080124444042286  0.021726716076552 0.271162
11.271875  0.079594863438612  0.020935510952087 0.263026
11.275000  0.079059789302076  0.020142855930106 0.25478
11.278125  0.078519272848968  0.019348787890093 0.246421
11.281250  0.077973365331842  0.018553343288927 0.237945
11.284375  0.077422118035030  0.017756558016867 0.229347
11.287500  0.076865582270202  0.016958467246712 0.220625
11.290625  0.076303809371976  0.016159105354901 0.211773
11.293750  0.075736850693579  0.015358505912510 0.202788
11.296875  0.075164757602544  0.014556701783900 0.193664
11.300000  0.074587581476471  0.013753725230103 0.184397
11.303125  0.074005373698820  0.012949608070027 0.174982
11.306250  0.073418185654762  0.012144381855497 0.165414
11.309375  0.072826068727069  0.011338078066015 0.155687
11.312500  0.072229074292060  0.010530728269979 0.145796
11.315625  0.071627253715579  0.009722364234048 0.135736
11.318750  0.071020658349036  0.008913018058080 0.125499
11.321875  0.070409339525479  0.008102722308259 0.11508
11.325000  0.069793348555727  0.007291510256253 0.104473
11.328125  0.069172736724533  0.006479416050753 0.0936701
11.331250  0.068547555286801  0.005666474844946 0.0826649
11.334375  0.067917855463853  0.004852722817110 0.0714499
11.337500  0.067283688439724  0.004038197041607 0.0600175
11.340625  0.066645105357525  0.003222935253056 0.0483597
11.343750  0.066002157315830  0.002406975551893 0.0364681
11.346875  0.065354895365116  0.001590356147702 0.0243342
11.350000  0.064703370504252  0.000773115180808 0.0119486
11.353125  0.064047633677019 -0.000044709417859 -0.000698065
11.356250  0.063387735768689 -0.000863080014258 -0.0136159
11.359375  0.062723727602633 -0.001681959422017 -0.0268154
11.362500  0.062055659936981 -0.002501310960030 -0.0403075
11.365625  0.061383583461323 -0.003321098471320 -0.054104
11.368750  0.060707548793452 -0.004141286267795 -0.068217
11.371875  0.060027606476151 -0.004961839040899 -0.0826593
11.375000  0.059343806974018 -0.005782721802685 -0.0974444
11.378125  0.058656200670338 -0.006603899801574 -0.112587
11.381250  0.057964837863995 -0.007425338437166 -0.128101
11.384375  0.057269768766422 -0.008247003106339 -0.144003
11.387500  0.056571043498602 -0.009068859029390 -0.160309
11.390625  0.055868712088097 -0.009890870966663 -0.177038
11.393750  0.055162824466125 -0.010713003082948 -0.194207
11.396875  0.054453430464684 -0.011535218749624 -0.211836
11.400000  0.053740579813697 -0.012357480408362 -0.229947
11.403125  0.053024322138221 -0.013179749374650 -0.24856
11.406250  0.052304706955677 -0.014001985601684 -0.2677
11.409375  0.051581783673127 -0.014824147363663 -0.287391
11.412500  0.050855601584594 -0.015646190882207 -0.307659
11.415625  0.050126209868411 -0.016468070191958 -0.328532
11.418750  0.049393657584620 -0.017289737761540 -0.35004
11.421875  0.048657993672401 -0.018111146156567 -0.372213
11.425000  0.047919266947543 -0.018932250223514 -0.395086
11.428125  0.047177526099954 -0.019753008634470 -0.418695
11.431250  0.046432819691206 -0.020573383297037 -0.443078
11.434375  0.045685196152119 -0.021393336806575 -0.468277
11.437500  0.044934703780385 -0.022212829288293 -0.494336
11.440625  0.044181390738222 -0.023031816281042 -0.521301
11.443750  0.043425305050072 -0.023850248207166 -0.549225
11.446875  0.042666494600332 -0.024668071127349 -0.57816
11.450000  0.041905007131121 -0.025485228123357 -0.608167
11.453125  0.041140890240088 -0.026301660826388 -0.639307
11.456250  0.040374191378244 -0.027117310869650 -0.67165
11.459375  0.039604957847847 -0.027932121078535 -0.705268
11.462500  0.038833236800305 -0.028746036246247 -0.740243
11.465625  0.038059075234125 -0.029559003451802 -0.776661
11.468750  0.037282519992894 -0.030370972131098 -0.814617
11.471875  0.036503617763290 -0.031181894401638 -0.854214
11.475000  0.035722415073139 -0.031991725874877 -0.895564
11.478125  0.034938958289487 -0.032800426976423 -0.938792
11.481250  0.034153293616729 -0.033607964353377 -0.984033
11.484375  0.033365467094753 -0.034414311916290 -1.03144
11.487500  0.032575524597120 -0.035219451433457 -1.08116
11.490625  0.031783511829292 -0.036023372485302 -1.1334
11.493750  0.030989474326872 -0.036826071854280 -1.18834
11.496875  0.030193457453887 -0.037627552513324 -1.24622
11.500000  0.029395506401109 -0.038427822247293 -1.30727
11.503125  0.028595666184394 -0.039226892040325 -1.37178
11.506250  0.027793981643063 -0.040024774262738 -1.44005
11.509375  0.026990497438311 -0.040821480979236 -1.51244
11.512500  0.026185258051649 -0.041617022671632 -1.58933
11.515625  0.025378307783376 -0.042411407552893 -1.67117
11.518750  0.024569690751078 -0.043204641360611 -1.75845
11.521875  0.023759450888165 -0.043996727445881 -1.85176
11.525000  0.022947631942431 -0.044787666997627 -1.95173
11.528125  0.022134277474653 -0.045577459296959 -2.05913
11.531250  0.021319430857206 -0.046366101941864 -2.17483
11.534375  0.020503135272721 -0.047153590963254 -2.29982
11.537500  0.019685433712767 -0.047939921015404 -2.4353
11.540625  0.018866368976558 -0.048725085562911 -2.58264
11.543750  0.018045983669696 -0.049509077133542 -2.7435
11.546875  0.017224320202938 -0.050291887625818 -2.91982
11.550000  0.016401420790992 -0.051073508883650 -3.11397
11.553125  0.015577327451342 -0.051853933565302 -3.32881
11.556250  0.014752082003100 -0.052633156270721 -3.56785
11.559375  0.013925726065884 -0.053411174585397 -3.83543
11.562500  0.013098301058731 -0.054187990050274 -4.13702
11.565625  0.012269848199022 -0.054963608814794 -4.47957
11.568750  0.011440408501452 -0.055738041915293 -4.87203
11.571875  0.010610022777010 -0.056511305207802 -5.32622
11.575000  0.009778731631997 -0.057283419065411 -5.85796
11.578125  0.008946575467069 -0.058054407876949 -6.48901
11.581250  0.008113594476293 -0.058824299434475 -7.25009
11.584375  0.007279828646250 -0.059593124214940 -8.18606
11.587500  0.006445317755144 -0.060360914596690 -9.36508
11.590625  0.005610101371946 -0.061127704195373 -10.896
11.593750  0.004774218855565 -0.061893527393069 -12.9641
11.596875  0.003937709354032 -0.062658418985314 -15.9124
11.600000  0.003100611803723 -0.063422413754819 -20.4548
11.603125  0.002262964928596 -0.064185545856884 -28.3635
11.606250  0.001424807239458 -0.064947847964766 -45.5836
11.609375  0.000586177033249 -0.065709350217374 -112.098
11.612500 -0.000252887607642 -0.066470078946961 262.844
11.615625 -0.001092348816044 -0.067230055481172 61.5463
11.618750 -0.001932168940647 -0.067989294905369 35.1881
11.621875 -0.002772310546618 -0.068747804994333 24.798
11.625000 -0.003612736416200 -0.069505585289589 19.239
11.628125 -0.004453409549285 -0.070262626621166 15.7773
11.631250 -0.005294293163965 -0.071018910749406 13.4142
11.634375 -0.006135350697064 -0.071774410580650 11.6985
11.637500 -0.006976545804642 -0.072529090142655 10.3961
11.640625 -0.007817842362486 -0.073282904423456 9.3738
11.643750 -0.008659204466574 -0.074035798966826 8.54995
11.646875 -0.009500596433517 -0.074787709317873 7.8719
11.650000 -0.010341982800984 -0.075538560555384 7.30407
11.653125 -0.011183328328104 -0.076288266949947 6.82161
11.656250 -0.012024597995848 -0.077036731654342 6.4066
11.659375 -0.012865757007394 -0.077783846021287 6.0458
11.662500 -0.013706770788463 -0.078529487925406 5.72925
11.665625 -0.014547604987646 -0.079273519208967 5.44925
11.668750 -0.015388225476705 -0.080015783596506 5.19981
11.671875 -0.016228598350853 -0.080756104191677 4.97616
11.675000 -0.017068689929026 -0.081494285553669 4.77449
11.678125 -0.017908466754119 -0.082230117150680 4.59169
11.681250 -0.018747895593217 -0.082963377636671 4.42521
11.684375 -0.019586943437803 -0.083693837726687 4.27294
11.687500 -0.020425577503944 -0.084421261420715 4.13312
11.690625 -0.021263765232466 -0.085145406264639 4.00425
11.693750 -0.022101474289105 -0.085866023053596 3.88508
11.696875 -0.022938672564643 -0.086582855587191 3.77454
11.700000 -0.023775328175026 -0.087295640110700 3.67169
11.703125 -0.024611409461465 -0.088004104288045 3.57574
11.706250 -0.025446884990518 -0.088707965767983 3.486
11.709375 -0.026281723554159 -0.089406930688422 3.40187
11.712500 -0.027115894169826 -0.090100692687427 3.3228
11.715625 -0.027949366080453 -0.090788932633327 3.24834
11.718750 -0.028782108754491 -0.091471319311059 3.17806
11.721875 -0.029614091885904 -0.092147510745392 3.11161
11.725000 -0.030445285394158 -0.092817155763683 3.04865
11.728125 -0.031275659424185 -0.093479895663308 2.9889
11.731250 -0.032105184346341 -0.094135366052266 2.93209
11.734375 -0.032933830756342 -0.094783199095260 2.87799
11.737500 -0.033761569475185 -0.095423026081848 2.82638
11.740625 -0.034588371549060 -0.096054479928715 2.77707
11.743750 -0.035414208249237 -0.096677197108219 2.7299
11.746875 -0.036239051071949 -0.097290818579449 2.6847
11.750000 -0.037062871738254 -0.097894990102486 2.64132
11.753125 -0.037885642193883 -0.098489362579106 2.59965
11.756250 -0.038707334609076 -0.099073592798539 2.55956
11.759375 -0.039527921378404 -0.099647344450886 2.52094
11.762500 -0.040347375120578 -0.100210289095102 2.48369
11.765625 -0.041165668678237 -0.100762106928486 2.44772
11.768750 -0.041982775117735 -0.101302487086678 2.41295
11.771875 -0.042798667728903 -0.101831127337102 2.37931
11.775000 -0.043613320024809 -0.102347733050594 2.34671
11.778125 -0.044426705741493 -0.102852015998492 2.31509
11.781250 -0.045238798837697 -0.103343693315526 2.2844
11.784375 -0.046049573494587 -0.103822487036474 2.25458
11.787500 -0.046859004115446 -0.104288124285389 2.22557
11.790625 -0.047667065325376 -0.104740337815283 2.19733
11.793750 -0.048473731970968 -0.105178866348636 2.16981
11.796875 -0.049278979119975 -0.105603454394717 2.14297
11.800000 -0.050082782060967 -0.106013851847245 2.11677
11.803125 -0.050885116302974 -0.106409813871722 2.09118
11.806250 -0.051685957575118 -0.106791101248606 2.06615
11.809375 -0.052485281826234 -0.107157481040950 2.04167
11.812500 -0.053283065224485 -0.107508727660269 2.01769
11.815625 -0.054079284156954 -0.107844624347970 1.99419
11.818750 -0.054873915229240 -0.108164964122680 1.97115
11.821875 -0.055666935265029 -0.108469549203516 1.94855
11.825000 -0.056458321305667 -0.108758189250828 1.92634
11.828125 -0.057248050609714 -0.109030699750044 1.90453
11.831250 -0.058036100652494 -0.109286901593475 1.88308
11.834375 -0.058822449125628 -0.109526622036927 1.86199
11.837500 -0.059607073936565 -0.109749696456153 1.84122
11.840625 -0.060389953208098 -0.109955970156886 1.82077
11.843750 -0.061171065277869 -0.110145299731696 1.80061
11.846875 -0.061950388697876 -0.110317553756100 1.78074
11.850000 -0.062727902233950 -0.110472612761343 1.76114
11.853125 -0.063503584865246 -0.110610368638808 1.7418
11.856250 -0.064277415783711 -0.110730723730483 1.7227
11.859375 -0.065049374393540 -0.110833589966827 1.70384
11.862500 -0.065819440310640 -0.110918888283484 1.6852
11.865625 -0.066587593362068 -0.110986548354583 1.66678
11.868750 -0.067353813585470 -0.111036508568205 1.64856
11.871875 -0.068118081228507 -0.111068716050534 1.63053
11.875000 -0.068880376748281 -0.111083126697618 1.6127
11.878125 -0.069640680810742 -0.111079705190977 1.59504
11.881250 -0.070398974290091 -0.111058424931539 1.57756
11.884375 -0.071155238268185 -0.111019267788984 1.56024
11.887500 -0.071909454033917 -0.110962223637471 1.54308
11.890625 -0.072661603082602 -0.110887289761396 1.52608
11.893750 -0.073411667115350 -0.110794470319931 1.50922
11.896875 -0.074159628038435 -0.110683775936648 1.49251
11.900000 -0.074905467962653 -0.110555223499342 1.47593
11.903125 -0.075649169202674 -0.110408836192241 1.45949
11.906250 -0.076390714276391 -0.110244643876742 1.44317
11.909375 -0.077130085904259 -0.110062683781093 1.42697
11.912500 -0.077867267008625 -0.109863000680389 1.4109
11.915625 -0.078602240713058 -0.109645646678983 1.39494
11.918750 -0.079334990341665 -0.109410680568288 1.3791
11.921875 -0.080065499418411 -0.109158167236783 1.36336
11.925000 -0.080793751666422 -0.108888177236968 1.34773
11.928125 -0.081519731007285 -0.108600786536520 1.3322
11.931250 -0.082243421560353 -0.108296076377163 1.31677
11.934375 -0.082964807642022 -0.107974133034220 1.30144
11.937500 -0.083683873765029 -0.107635047449656 1.28621
11.940625 -0.084400604637723 -0.107278914943739 1.27107
11.943750 -0.085114985163337 -0.106905834969905 1.25602
11.946875 -0.085827000439266 -0.106515911320815 1.24105
11.950000 -0.086536635756319 -0.106109252294482 1.22618
11.953125 -0.087243876597987 -0.105685970819196 1.21139
11.956250 -0.087948708639687 -0.105246184388866 1.19668
11.959375 -0.088651117748019 -0.104790014796075 1.18205
11.962500 -0.089351089980004 -0.104317587863219 1.1675
11.965625 -0.090048611582323 -0.103829033218966 1.15303
11.968750 -0.090743668990557 -0.103324484323200 1.13864
11.971875 -0.091436248828411 -0.102804078462560 1.12433
11.975000 -0.092126337906941 -0.102267956930313 1.11008
11.978125 -0.092813923223779 -0.101716264947566 1.09592
11.981250 -0.093498991962347 -0.101149151585720 1.08182
11.984375 -0.094181531491071 -0.100566769494500 1.0678
11.987500 -0.094861529362593 -0.099969274582896 1.05384
11.990625 -0.095538973312972 -0.099356825779942 1.03996
11.993750 -0.096213851260892 -0.098729584743560 1.02615
11.996875 -0.096886151306854 -0.098087715719791 1.0124
12.000000 -0.097555846533081 -0.097431385407478 0.998724
12.003125 -0.098222563812798 -0.096760762800126 0.985117
12.006250 -0.098885597305534 -0.096076018979669 0.971588
12.009375 -0.099544248283366 -0.095377326905135 0.95814
12.012500 -0.100197840031800 -0.094664861317074 0.944779
12.015625 -0.100845717438206 -0.093938798813932 0.93151
12.018750 -0.101487246586242 -0.093199318049554 0.918335
12.021875 -0.102121814356193 -0.092446599924670 0.905258
12.025000 -0.102748828031144 -0.091680827654827 0.892281
12.028125 -0.103367714908923 -0.090902186670108 0.879406
12.031250 -0.103977921919733 -0.090110864412731 0.866635
12.034375 -0.104578915249413 -0.089307050165464 0.853968
12.037500 -0.105170179968239 -0.088490934975581 0.841407
12.040625 -0.105751219665223 -0.087662711685359 0.828952
12.043750 -0.106321556087807 -0.086822574916716 0.816604
12.046875 -0.106880728786916 -0.085970720993633 0.804361
12.050000 -0.107428294767278 -0.085107347777445 0.792225
12.053125 -0.107963828142961 -0.084232654315371 0.780193
12.056250 -0.108486919798052 -0.083346840402475 0.768266
12.059375 -0.108997177052411 -0.082450106299820 0.756443
12.062500 -0.109494223332449 -0.081542652744220 0.744721
12.065625 -0.109977697846848 -0.080624681191900 0.7331
12.068750 -0.110447255267173 -0.079696394083727 0.721579
12.071875 -0.110902565413313 -0.078757994990292 0.710155
12.075000 -0.111343312943679 -0.077809688539660 0.698827
12.078125 -0.111769197050112 -0.076851680144393 0.687593
12.081250 -0.112179931157428 -0.075884175890413 0.676451
12.084375 -0.112575242627553 -0.074907382457884 0.665398
12.087500 -0.112954872468180 -0.073921507133617 0.654434
12.090625 -0.113318575045890 -0.072926757789771 0.643555
12.093750 -0.113666117803688 -0.071923342771379 0.63276
12.096875 -0.113997280982887 -0.070911470729796 0.622045
12.100000 -0.114311857349290 -0.069891350468158 0.611409
12.103125 -0.114609651923614 -0.068863190858776 0.60085
12.106250 -0.114890481716097 -0.067827200804409 0.590364
12.109375 -0.115154175465237 -0.066783589151632 0.579949
12.112500 -0.115400573380617 -0.065732564539867 0.569603
12.115625 -0.115629526889741 -0.064674335189560 0.559324
12.118750 -0.115840898388853 -0.063609108765635 0.549108
12.121875 -0.116034560997678 -0.062537092308534 0.538952
12.125000 -0.116210398318024 -0.061458492236581 0.528855
12.128125 -0.116368304196210 -0.060373514371589 0.518814
12.131250 -0.116508182489262 -0.059282363975214 0.508826
12.134375 -0.116629946834829 -0.058185245747534 0.498888
12.137500 -0.116733520424765 -0.057082363790588 0.488997
12.140625 -0.116818835782344 -0.055973921570735 0.479152
12.143750 -0.116885834543037 -0.054860121863969 0.469348
12.146875 -0.116934467238827 -0.053741166634985 0.459584
12.150000 -0.116964693086001 -0.052617256898240 0.449856
12.153125 -0.116976479776377 -0.051488592606855 0.440162
12.156250 -0.116969803271918 -0.050355372663938 0.430499
12.159375 -0.116944647602700 -0.049217795039936 0.420864
12.162500 -0.116901004668165 -0.048076056832951 0.411254
12.165625 -0.116838874041644 -0.046930354174104 0.401667
12.168750 -0.116758262778086 -0.045780881988760 0.3921
12.171875 -0.116659185224955 -0.044627833785969 0.382549
12.175000 -0.116541662836259 -0.043471401591576 0.373012
12.178125 -0.116405723989661 -0.042311776004264 0.363485
12.181250 -0.116251403806636 -0.041149146303310 0.353967
12.184375 -0.116078743975628 -0.039983700527423 0.344453
12.187500 -0.115887792578173 -0.038815625511072 0.334941
12.190625 -0.115678603917941 -0.037645106865923 0.325428
12.193750 -0.115451238352663 -0.036472328928911 0.315911
12.196875 -0.115205762128902 -0.035297474673327 0.306386
12.200000 -0.114942247219629 -0.034120725569093 0.296851
12.203125 -0.114660771164564 -0.032942261477527 0.287302
12.206250 -0.114361416913251 -0.031762260613930 0.277736
12.209375 -0.114044272670820 -0.030580899615066 0.268149
12.212500 -0.113709431746409 -0.029398353591073 0.258539
12.215625 -0.113356992404199 -0.028214796114918 0.248902
12.218750 -0.112987057717045 -0.027030399179030 0.239234
12.221875 -0.112599735422636 -0.025845333131331 0.229533
12.225000 -0.112195137782184 -0.024659766658451 0.219794
12.228125 -0.111773381441581 -0.023473866764287 0.210013
12.231250 -0.111334587295009 -0.022287798810724 0.200188
12.234375 -0.110878880350947 -0.021101726498323 0.190313
12.237500 -0.110406389600565 -0.019915811908897 0.180386
12.240625 -0.109917247888462 -0.018730215387359 0.170403
12.243750 -0.109411591785704 -0.017545095560163 0.160359
12.246875 -0.108889561465154 -0.016360609456498 0.15025
12.250000 -0.108351300579040 -0.015176912600959 0.140071
12.253125 -0.107796956138741 -0.013994159051537 0.12982
12.256250 -0.107226678396759 -0.012812501320802 0.11949
12.259375 -0.106640620730840 -0.011632090279681 0.109077
12.262500 -0.106038939530226 -0.010453075129016 0.0985777
12.265625 -0.105421794083990 -0.009275603409776 0.0879856
12.268750 -0.104789346471445 -0.008099821051391 0.0772962
12.271875 -0.104141761454580 -0.006925872431857 0.0665043
12.275000 -0.103479206372505 -0.005753900357496 0.0556044
12.278125 -0.102801851037874 -0.004584046200910 0.0445911
12.281250 -0.102109867635254 -0.003416449966238 0.0334586
12.284375 -0.101403430621416 -0.002251250327305 0.0222009
12.287500 -0.100682716627521 -0.001088584580299 0.010812
12.290625 -0.099947904363173  0.000071411423566 -0.000714486
12.293750 -0.099199174522305  0.001228603280905 -0.0123852
12.296875 -0.098436709690891  0.002382858008206 -0.024207
12.300000 -0.097660694256429  0.003534043979817 -0.036187
12.303125 -0.096871314319199  0.004682030899312 -0.0483325
12.306250 -0.096068757605246  0.005826689771416 -0.0606512
12.309375 -0.095253213381084  0.006967892918085 -0.0731513
12.312500 -0.094424872370073  0.008105513963565 -0.0858409
12.315625 -0.093583926670467  0.009239427804701 -0.0987288
12.318750 -0.092730569675095  0.010369510570703 -0.111824
12.321875 -0.091864995992651  0.011495639573536 -0.125136
12.325000 -0.090987401370581  0.012617693313535 -0.138675
12.328125 -0.090097982619525  0.013735551495366 -0.152451
12.331250 -0.089196937539312  0.014849095050303 -0.166475
12.334375 -0.088284464846466  0.015958206133119 -0.180759
12.337500 -0.087360764103213  0.017062768145993 -0.195314
12.340625 -0.086426035647963  0.018162665753258 -0.210153
12.343750 -0.085480480527244  0.019257784925840 -0.225289
12.346875 -0.084524300429063  0.020348012943695 -0.240736
12.350000 -0.083557697617687  0.021433238434896 -0.256508
12.353125 -0.082580874869800  0.022513351354007 -0.272622
12.356250 -0.081594035412036  0.023588242964045 -0.289093
12.359375 -0.080597382859855  0.024657805818754 -0.305938
12.362500 -0.079591121157747  0.025721933779261 -0.323176
12.365625 -0.078575454520746  0.026780522060858 -0.340826
12.368750 -0.077550587377218  0.027833467289582 -0.358907
12.371875 -0.076516724312934  0.028880667527284 -0.377443
12.375000 -0.075474070016377  0.029922022276960 -0.396454
12.378125 -0.074422829225279  0.030957432498397 -0.415967
12.381250 -0.073363206674377  0.031986800585576 -0.436006
12.384375 -0.072295407044346  0.033010030411941 -0.456599
12.387500 -0.071219634911919  0.034027027240766 -0.477776
12.390625 -0.070136094701148  0.035037697727904 -0.499567
12.393750 -0.069044990635810  0.036041949933936 -0.522007
12.396875 -0.067946526692932  0.037039693391708 -0.54513
12.400000 -0.066840906557411  0.038030839158026 -0.568976
12.403125 -0.065728333577724  0.039015299828715 -0.593584
12.406250 -0.064609010722703  0.039992989557290 -0.619
12.409375 -0.063483140539357  0.040963824064749 -0.645271
12.412500 -0.062350925111736  0.041927720626957 -0.672447
12.415625 -0.061212566020802  0.042884598054875 -0.700585
12.418750 -0.060068264305311  0.043834376645191 -0.729743
12.421875 -0.058918220423670  0.044776978115277 -0.759985
12.425000 -0.057762634216772  0.045712325545350 -0.791382
12.428125 -0.056601704871782  0.046640343370789 -0.82401
12.431250 -0.055435630886858  0.047560957397480 -0.857949
12.434375 -0.054264610036800  0.048474094815801 -0.893291
12.437500 -0.053088839339609  0.049379684225220 -0.930133
12.440625 -0.051908515023931  0.050277655631932 -0.968582
12.443750 -0.050723832497388  0.051167940411407 -1.00876
12.446875 -0.049534986315772  0.052050471296578 -1.05078
12.450000 -0.048342170153091  0.052925182320746 -1.0948
12.453125 -0.047145576772443  0.053792008799826 -1.14098
12.456250 -0.045945397997728  0.054650887331543 -1.18947
12.459375 -0.044741824686153  0.055501755801676 -1.24049
12.462500 -0.043535046701546  0.056344553443945 -1.29423
12.465625 -0.042325252888443  0.057179220784010 -1.35095
12.468750 -0.041112631046951  0.058005699661354 -1.4109
12.471875 -0.039897367908362  0.058823933267000 -1.47438
12.475000 -0.038679649111518  0.059633866199636 -1.54174
12.478125 -0.037459659179894  0.060435444482365 -1.61335
12.481250 -0.036237581499421  0.061228615525386 -1.68964
12.484375 -0.035013598296991  0.062013328038505 -1.77112
12.487500 -0.033787890619674  0.062789532032269 -1.85834
12.490625 -0.032560638314614  0.063557178727206 -1.95196
12.493750 -0.031332020009588  0.064316220576241 -2.05273
12.496875 -0.030102213094233  0.065066611247673 -2.16152
12.500000 -0.028871393701921  0.065808305653946 -2.27936
12.503125 -0.027639736692260  0.066541259991933 -2.40745
12.506250 -0.026407415634234  0.067265431820041 -2.54722
12.509375 -0.025174602789946  0.067980780110752 -2.70037
12.512500 -0.023941469098973  0.068687265262616 -2.86897
12.515625 -0.022708184163312  0.069384849011166 -3.0555
12.518750 -0.021474916232899  0.070073494260031 -3.26304
12.521875 -0.020241832191717  0.070753164956098 -3.49539
12.525000 -0.019009097544448  0.071423826076594 -3.75735
12.528125 -0.017776876403694  0.072085443765929 -4.05501
12.531250 -0.016545331477721  0.072737985525641 -4.39628
12.534375 -0.015314624058751  0.073381420298099 -4.79159
12.537500 -0.014084914011770  0.074015718467604 -5.25496
12.540625 -0.012856359763840  0.074640851820424 -5.80575
12.543750 -0.011629118293933  0.075256793526512 -6.47141
12.546875 -0.010403345123242  0.075863518170502 -7.29222
12.550000 -0.009179194305980  0.076461001765590 -8.32982
12.553125 -0.007956818420667  0.077049221697598 -9.68342
12.556250 -0.006736368561860  0.077628156569168 -11.5237
12.559375 -0.005517994332370  0.078197785991361 -14.1714
12.562500 -0.004301843835902  0.078758090508912 -18.308
12.565625 -0.003088063670150  0.079309051713490 -25.6825
12.568750 -0.001876798920325  0.079850652425610 -42.5462
12.571875 -0.000668193153095  0.080382876935058 -120.299
12.575000  0.000537611589041  0.080905711044607 150.491
12.578125  0.001740474792990  0.081419141970465 46.7798
12.581250  0.002940257479891  0.081923158155369 27.8626
12.584375  0.004136822209548  0.082417749178196 19.923
12.587500  0.005330033084490  0.082902905764974 15.5539
12.590625  0.006519755753640  0.083378619865458 12.7886
12.593750  0.007705857415623  0.083844884715019 10.8807
12.596875  0.008888206821718  0.084301694804132 9.48467
12.600000  0.010066674278439  0.084749045785811 8.41877
12.603125  0.011241131649787  0.085186934415611 7.57815
12.606250  0.012411452359149  0.085615358566149 6.89809
12.609375  0.013577511390868  0.086034317292335 6.33653
12.612500  0.014739185291495  0.086443810846025 5.8649
12.615625  0.015896352170701  0.086843840677532 5.46313
12.618750  0.017048891701904  0.087234409475557 5.11672
12.621875  0.018196685122563  0.087615521021879 4.81492
12.625000  0.019339615234188  0.087987180407261 4.54958
12.628125  0.020477566402058  0.088349394003824 4.31445
12.631250  0.021610424554642  0.088702169475783 4.1046
12.634375  0.022738077182745  0.089045515655035 3.91614
12.637500  0.023860413338381  0.089379442444423 3.74593
12.640625  0.024977323633370  0.089703960832642 3.59142
12.643750  0.026088700237686  0.090019082913380 3.4505
12.646875  0.027194436877532  0.090324821966884 3.32144
12.650000  0.028294428833174  0.090621192462613 3.20279
12.653125  0.029388572936528  0.090908209976312 3.09332
12.656250  0.030476767568504  0.091185891086342 2.99198
12.659375  0.031558912656123  0.091454253250647 2.89789
12.662500  0.032634909669391  0.091713314782897 2.81028
12.665625  0.033704661617969  0.091963094829899 2.7285
12.668750  0.034768073047606  0.092203613329425 2.65196
12.671875  0.035825050036369  0.092434890910261 2.58017
12.675000  0.036875500190669  0.092656948746208 2.5127
12.678125  0.037919332641066  0.092869808440676 2.44914
12.681250  0.038956458037899  0.093073491992166 2.38917
12.684375  0.039986788546707  0.093268021912940 2.33247
12.687500  0.041010237843464  0.093453421358227 2.27878
12.690625  0.042026721109638  0.093629714171906 2.22786
12.693750  0.043036155027060  0.093796924785230 2.17949
12.696875  0.044038457772627  0.093955078025972 2.13348
12.700000  0.045033549012832  0.094104198903757 2.08965
12.703125  0.046021349898124  0.094244312470615 2.04784
12.706250  0.047001783057120  0.094375443751074 2.00791
12.709375  0.047974772590641  0.094497617766755 1.96974
12.712500  0.048940244065613  0.094610859579073 1.93319
12.715625  0.049898124508809  0.094715194329418 1.89817
12.718750  0.050848342400447  0.094810647260381 1.86458
12.721875  0.051790827667658  0.094897243723889 1.83232
12.725000  0.052725511677798  0.094975009190436 1.80131
12.728125  0.053652327231651  0.095043969286151 1.77148
12.731250  0.054571208556483  0.095104149792200 1.74275
12.734375  0.055482091298980  0.095155576637689 1.71507
12.737500  0.056384912518071  0.095198275872433 1.68836
12.740625  0.057279610677616  0.095232273665241 1.66259
12.743750  0.058166125639001  0.095257596285754 1.63768
12.746875  0.059044398653600  0.095274270045274 1.6136
12.750000  0.059914372355155  0.095282321258236 1.59031
12.753125  0.060775990752028  0.095281776226573 1.56775
12.756250  0.061629199219370  0.095272661237797 1.5459
12.759375  0.062473944491187  0.095255002585203 1.52472
12.762500  0.063310174652310  0.095228826705270 1.50416
12.765625  0.064137839130275  0.095194160172784 1.48421
12.768750  0.064956888687126  0.095151030001795 1.46483
12.771875  0.065767275411114  0.095099463668131 1.446
12.775000  0.066568952708333  0.095039489152427 1.42768
12.778125  0.067361875294271  0.094971134916120 1.40986
12.781250  0.068145999185280  0.094894429878729 1.39252
12.784375  0.068921281689983  0.094809403418753 1.37562
12.787500  0.069687681400608  0.094716085353547 1.35915
12.790625  0.070445158184251  0.094614505930302 1.34309
12.793750  0.071193673174079  0.094504695800278 1.32743
12.796875  0.071933188760474  0.094386685999082 1.31214
12.800000  0.072663668582112  0.094260507944567 1.29722
12.803125  0.073385077516989  0.094126193465537 1.28263
12.806250  0.074097381673396  0.093983774847011 1.26838
12.809375  0.074800548380835  0.093833284904363 1.25445
12.812500  0.075494546180898  0.093674757062516 1.24081
12.815625  0.076179344818087  0.093508225408750 1.22747
12.818750  0.076854915230601  0.093333724719300 1.21441
12.821875  0.077521229541074  0.093151290441722 1.20162
12.825000  0.078178261047279  0.092960958677800 1.18909
12.828125  0.078825984212786  0.092762766168288 1.1768
12.831250  0.079464374657603  0.092556750277227 1.16476
12.834375  0.080093409148761  0.092342948988285 1.15294
12.837500  0.080713065590888  0.092121400986473 1.14134
12.840625  0.081323323016746  0.091892145771319 1.12996
12.843750  0.081924161577737  0.091655223791136 1.11878
12.846875  0.082515562534399  0.091410676402720 1.1078
12.850000  0.083097508246864  0.091158545747359 1.09701
12.853125  0.083669982165304  0.090898874640036 1.0864
12.856250  0.084232968820358  0.090631706527118 1.07596
12.859375  0.084786453813538  0.090357085539757 1.0657
12.862500  0.085330423807627  0.090075056488242 1.0556
12.865625  0.085864866517056  0.089785664871816 1.04566
12.868750  0.086389770698276  0.089488956860467 1.03587
12.871875  0.086905126140116  0.089184979317879 1.02623
12.875000  0.087410923654135  0.088873779839357 1.01674
12.878125  0.087907155064969  0.088555406775751 1.00737
12.881250  0.088393813200670  0.088229909162403 0.998146
12.884375  0.088870891883045  0.087897336581794 0.989045
12.887500  0.089338385917991  0.087557739006588 0.980069
12.890625  0.089796291085832  0.087211166722892 0.971211
12.893750  0.090244604131655  0.086857670293920 0.962469
12.896875  0.090683322755652  0.086497300598021 0.953839
12.900000  0.091112445603464  0.086130108817288 0.945317
12.903125  0.091531972256532  0.085756146430772 0.936898
12.906250  0.091941903222454  0.085375465160195 0.928581
12.909375  0.092342239925353  0.084988116857717 0.92036
12.912500  0.092732984696247  0.084594153439819 0.912234
12.915625  0.093114140763446  0.084193626887136 0.904198
12.918750  0.093485712242941  0.083786589309804 0.89625
12.921875  0.093847704128824  0.083373092932073 0.888387
12.925000  0.094200122283713  0.082953190033909 0.880606
12.928125  0.094542973429195  0.082526932841824 0.872904
12.931250  0.094876265136289  0.082094373479240 0.865278
12.934375  0.095200005815920  0.081655563898559 0.857726
12.937500  0.095514204709424  0.081210555965332 0.850246
12.940625  0.095818871879064  0.080759401502733 0.842834
12.943750  0.096114018198567  0.080302152321294 0.835488
12.946875  0.096399655343691  0.079838860252237 0.828207
12.950000  0.096675795782810  0.079369577163559 0.820987
12.953125  0.096942452767523  0.078894354963422 0.813827
12.956250  0.097199640323291  0.078413245563028 0.806724
12.959375  0.097447373240103  0.077926300832270 0.799676
12.962500  0.097685667063160  0.077433572518335 0.792681
12.965625  0.097914538083596  0.076935112289426 0.785737
12.968750  0.098134003329227  0.076430971743615 0.778843
12.971875  0.098344080555324  0.075921202414512 0.771996
12.975000  0.098544788235422  0.075405855725424 0.765194
12.978125  0.098736145552163  0.074884982942822 0.758435
12.981250  0.098918172388161  0.074358635160256 0.751719
12.984375  0.099090889316914  0.073826863322961 0.745042
12.987500  0.099254317593734  0.073289718345126 0.738403
12.990625  0.099408479146730  0.072747251173121 0.731801
12.993750  0.099553396567808  0.072199512827425 0.725234
12.996875  0.099689093103720  0.071646554382861 0.7187
13.000000  0.099815592647144  0.071088426914125 0.712198
13.003125  0.099932919727801  0.070525181439149 0.705725
13.006250  0.100041099503613  0.069956868845997 0.699281
13.009375  0.100140157751897  0.069383539904257 0.692864
13.012500  0.100230120860599  0.068805245306884 0.686473
13.015625  0.100311015819566  0.068222035736776 0.680105
13.018750  0.100382870211865  0.067633961918271 0.67376
13.021875  0.100445712205130  0.067041074645305 0.667436
13.025000  0.100499570542964  0.066443424809031 0.661131
13.028125  0.100544474536378  0.065841063385527 0.654845
13.031250  0.100580454055263  0.065234041470432 0.648576
13.034375  0.100607539519923  0.064622410283616 0.642322
13.037500  0.100625761892636  0.064006221156306 0.636082
13.040625  0.100635152669266  0.063385525549006 0.629855
13.043750  0.100635743870915  0.062760375021102 0.623639
13.046875  0.100627568035627  0.062130821234953 0.617433
13.050000  0.100610658210128  0.061496915975173 0.611237
13.053125  0.100585047941617  0.060858711167400 0.605047
13.056250  0.100550771269602  0.060216258912943 0.598864
13.059375  0.100507862717781  0.059569611486542 0.592686
13.062500  0.100456357285971  0.058918821349062 0.586512
13.065625  0.100396290442081  0.058263941140732 0.58034
13.068750  0.100327698114136  0.057605023685978 0.574169
13.071875  0.100250616682349  0.056942122062613 0.567998
13.075000  0.100165082971232  0.056275289645968 0.561825
13.078125  0.100071134241770  0.055604580204025 0.555651
13.081250  0.099968808183628  0.054930047858395 0.549472
13.084375  0.099858142907420  0.054251747107725 0.543288
13.087500  0.099739176937014  0.053569732695592 0.537098
13.090625  0.099611949201898  0.052884059580774 0.530901
13.093750  0.099476499029591  0.052194782867873 0.524695
13.096875  0.099332866138097  0.051501957746870 0.518479
13.100000  0.099181090628420  0.050805639440897 0.512251
13.103125  0.099021212977122  0.050105883169484 0.506012
13.106250  0.098853274028931  0.049402744132305 0.499758
13.109375  0.098677314989406  0.048696277479874 0.49349
13.112500  0.098493377417641  0.047986538277599 0.487206
13.115625  0.098301503219034  0.047273581518033 0.480904
13.118750  0.098101734638092  0.046557462160350 0.474583
13.121875  0.097894114251300  0.045838235199338 0.468243
13.125000  0.097678684960033  0.045115955731265 0.461881
13.128125  0.097455489983518  0.044390678991376 0.455497
13.131250  0.097224572851861  0.043662460366187 0.449089
13.134375  0.096985977399102  0.042931355381252 0.442655
13.137500  0.096739747756347  0.042197419694562 0.436195
13.140625  0.096485928344932  0.041460709093498 0.429707
13.143750  0.096224563869648  0.040721279481102 0.42319
13.146875  0.095955699312017  0.039979186829524 0.416642
13.150000  0.095679379923616  0.039234487110704 0.410062
13.153125  0.095395651219460  0.038487236208790 0.403449
13.156250  0.095104558971427  0.037737489814130 0.3968
13.159375  0.094806149201745  0.036985303311677 0.390115
13.162500  0.094500468176523  0.036230731644064 0.383392
13.165625  0.094187562399338  0.035473829191406 0.37663
13.168750  0.093867478604874  0.034714649656564 0.369826
13.171875  0.093540263752612  0.033953245954908 0.36298
13.175000  0.093205965020571  0.033189670129465 0.35609
13.178125  0.092864629799103  0.032423973242761 0.349153
13.181250  0.092516305684737  0.031656205396756 0.342169
13.184375  0.092161040474082  0.030886415804209 0.335135
13.187500  0.091798882157771  0.030114652926895 0.32805
13.190625  0.091429878914464  0.029340964571578 0.320912
13.193750  0.091054079104906  0.028565397927281 0.313719
13.196875  0.090671531266026  0.027787999539952 0.306469
13.200000  0.090282284105096  0.027008815244326 0.29916
13.203125  0.089886386493942  0.026227890083621 0.291789
13.206250  0.089483887463202  0.025445268234974 0.284356
13.209375  0.089074836196636  0.024660992940772 0.276857
13.212500  0.088659282025492  0.023875106451622 0.269291
13.215625  0.088237274422920  0.023087649999096 0.261654
13.218750  0.087808862998437  0.022298663810201 0.253945
13.221875  0.087374097492441  0.021508187116829 0.246162
13.225000  0.086933027770784  0.020716258146976 0.238301
13.228125  0.086485703819388  0.019922914124862 0.230361
13.231250  0.086032175738914  0.019128191276235 0.222338
13.234375  0.085572493739484  0.018332124862867 0.214229
13.237500  0.085106708135452  0.017534749289113 0.206033
13.240625  0.084634869340224  0.016736098274440 0.197745
13.243750  0.084157027861130  0.015936205131611 0.189363
13.246875  0.083673234294348  0.015135103054833 0.180883
13.250000  0.083183539319875  0.014332825374362 0.172304
13.253125  0.082687993696550  0.013529405715801 0.16362
13.256250  0.082186648257122  0.012724878095402 0.154829
13.259375  0.081679553903378  0.011919276993026 0.145927
13.262500  0.081166761601311  0.011112637395390 0.136911
13.265625  0.080648322376338  0.010304994825484 0.127777
13.268750  0.080124287308573  0.009496385277487 0.118521
13.271875  0.079594707528149  0.008686845151397 0.109138
13.275000  0.079059634210576  0.007876411165411 0.0996262
13.278125  0.078519118572167  0.007065120285435 0.0899796
13.281250  0.077973211865498  0.006253009651670 0.0801943
13.284375  0.077421965374922  0.005440116455808 0.0702658
13.287500  0.076865430412131  0.004626477773914 0.0601893
13.290625  0.076303658311766  0.003812130381442 0.04996
13.293750  0.075736700427073  0.002997110601163 0.0395728
13.296875  0.075164608125609  0.002181454213909 0.0290224
13.300000  0.074587432784994  0.001365196384930 0.0183033
13.303125  0.074005225788709  0.000548371642457 0.0074099
13.306250  0.073418038521947 -0.000268986183854 -0.00366376
13.309375  0.072825922367501 -0.001086844018070 -0.0149239
13.312500  0.072228928701709 -0.001905169603451 -0.0263768
13.315625  0.071627108890438 -0.002723931489048 -0.0380293
13.318750  0.071020514285118 -0.003543098725684 -0.0498884
13.321875  0.070409196218818 -0.004362640098335 -0.0619612
13.325000  0.069793206002377 -0.005182522881773 -0.0742554
13.328125  0.069172594920567 -0.006002711601856 -0.0867788
13.331250  0.068547414228315 -0.006823167543176 -0.0995394
13.334375  0.067917715146960 -0.007643849600579 -0.112546
13.337500  0.067283548860560 -0.008464716082253 -0.125807
13.340625  0.066644966512245 -0.009285726633803 -0.139331
13.343750  0.066002019200608 -0.010106843257937 -0.153129
13.346875  0.065354757976146 -0.010928030208099 -0.167211
13.350000  0.064703233837749 -0.011749253054658 -0.181587
13.353125  0.064047497729216 -0.012570477464300 -0.196268
13.356250  0.063387600535839 -0.013391668092536 -0.211266
13.359375  0.062723593081008 -0.014212787757597 -0.226594
13.362500  0.062055526122872 -0.015033796956210 -0.242264
13.365625  0.061383450351042 -0.015854653753793 -0.258289
13.368750  0.060707416383329 -0.016675313983671 -0.274683
13.371875  0.060027474762534 -0.017495731469848 -0.291462
13.375000  0.059343675953274 -0.018315858151511 -0.30864
13.378125  0.058656070338854 -0.019135643877827 -0.326235
13.381250  0.057964708218176 -0.019955036024715 -0.344262
13.384375  0.057269639802692 -0.020773979167077 -0.36274
13.387500  0.056570915213402 -0.021592415105475 -0.381688
13.390625  0.055868584477888 -0.022410283338090 -0.401125
13.393750  0.055162697527386 -0.023227521958861 -0.421073
13.396875  0.054453304193911 -0.024044068853633 -0.441554
13.400000  0.053740454207406 -0.024859863029535 -0.462591
13.403125  0.053024197192945 -0.025674845987778 -0.48421
13.406250  0.052304582667966 -0.026488963060577 -0.506437
13.409375  0.051581660039551 -0.027302164614116 -0.5293
13.412500  0.050855478601739 -0.028114406950626 -0.552829
13.415625  0.050126087532881 -0.028925652722646 -0.577058
13.418750  0.049393535893037 -0.029735870890779 -0.602019
13.421875  0.048657872621404 -0.030545036296860 -0.627751
13.425000  0.047919146533788 -0.031353129050225 -0.654292
13.428125  0.047177406320115 -0.032160133859092 -0.681685
13.431250  0.046432700541974 -0.032966039319242 -0.709975
13.434375  0.045685077630203 -0.033770837294309 -0.739209
13.437500  0.044934585882510 -0.034574522382375 -0.769441
13.440625  0.044181273461129 -0.035377091425639 -0.800726
13.443750  0.043425188390521 -0.036178543068031 -0.833123
13.446875  0.042666378555098 -0.036978877282042 -0.866698
13.450000  0.041904891696997 -0.037778094868537 -0.90152
13.453125  0.041140775413882 -0.038576196836994 -0.937663
13.456250  0.040374077156783 -0.039373183685312 -0.97521
13.459375  0.039604844227972 -0.040169054660200 -1.01425
13.462500  0.038833123778874 -0.040963807168298 -1.05487
13.465625  0.038058962808013 -0.041757436471214 -1.09718
13.468750  0.037282408158991 -0.042549935722696 -1.14129
13.471875  0.036503506518503 -0.043341296315443 -1.18732
13.475000  0.035722304414390 -0.044131508470410 -1.2354
13.478125  0.034938848213716 -0.044920562026274 -1.28569
13.481250  0.034153184120890 -0.045708447281211 -1.33834
13.484375  0.033365358175816 -0.046495155872308 -1.39352
13.487500  0.032575416252072 -0.047280681552732 -1.45142
13.490625  0.031783404055133 -0.048065020781056 -1.51227
13.493750  0.030989367120619 -0.048848173006066 -1.57629
13.496875  0.030193350812574 -0.049630140707242 -1.64374
13.500000  0.029395400321783 -0.050410929307133 -1.71493
13.503125  0.028595560664118 -0.051190547180137 -1.79016
13.506250  0.027793876678916 -0.051969005724888 -1.8698
13.509375  0.026990393027386 -0.052746319562001 -1.95426
13.512500  0.026185154191055 -0.053522506769887 -2.044
13.515625  0.025378204470236 -0.054297589068854 -2.13954
13.518750  0.024569587982530 -0.055071591873870 -2.24145
13.521875  0.023759348661363 -0.055844544202745 -2.35042
13.525000  0.022947530254543 -0.056616478398332 -2.46721
13.528125  0.022134176322860 -0.057387429693168 -2.59271
13.531250  0.021319330238707 -0.058157435646953 -2.72792
13.534375  0.020503035184727 -0.058926535437360 -2.87404
13.537500  0.019685334152505 -0.059694769024000 -3.03245
13.540625  0.018866269941267 -0.060462176262530 -3.20478
13.543750  0.018045885156632 -0.061228796057707 -3.39295
13.546875  0.017224222209370 -0.061994665595011 -3.59927
13.550000  0.016401323314203 -0.062759819656702 -3.82651
13.553125  0.015577230488629 -0.063524289987279 -4.07802
13.556250  0.014751985551774 -0.064288104692615 -4.35793
13.559375  0.013925630123272 -0.065051287518293 -4.67134
13.562500  0.013098205622170 -0.065813857110345 -5.02465
13.565625  0.012269753265866 -0.066575826180955 -5.42601
13.568750  0.011440314069067 -0.067337200634848 -5.88596
13.571875  0.010609928842776 -0.068097978570189 -6.41833
13.575000  0.009778638193309 -0.068858149390924 -7.04169
13.578125  0.008946482521333 -0.069617692900341 -7.78157
13.581250  0.008113502020931 -0.070376578830368 -8.67401
13.584375  0.007279736678696 -0.071134766618274 -9.77161
13.587500  0.006445226272844 -0.071892205366234 -11.1543
13.590625  0.005610010372362 -0.072648833851334 -12.9499
13.593750  0.004774128336170 -0.073404580507902 -15.3755
13.596875  0.003937619312313 -0.074159363485408 -18.8336
13.600000  0.003100522237181 -0.074913090889686 -24.1614
13.603125  0.002262875834744 -0.075665661324728 -33.4378
13.606250  0.001424718615820 -0.076416964740442 -53.6365
13.609375  0.000586088877366 -0.077166883101978 -131.664
13.612500 -0.000252975298220 -0.077915290114438 307.996
13.615625 -0.001092436043753 -0.078662050441610 72.0061
13.618750 -0.001932255707910 -0.079407016832046 41.0955
13.621875 -0.002772396855846 -0.080150027654156 28.91
13.625000 -0.003612822269791 -0.080890905265994 22.3899
13.628125 -0.004453494949624 -0.081629455995749 18.3293
13.631250 -0.005294378113426 -0.082365471236869 15.5572
13.634375 -0.006135435198007 -0.083098728867884 13.5441
13.637500 -0.006976629859417 -0.083828994652944 12.0157
13.640625 -0.007817925973430 -0.084556023478076 10.8157
13.643750 -0.008659287636010 -0.085279560859188 9.84833
13.646875 -0.009500679163758 -0.085999344866313 9.05192
13.650000 -0.010342065094330 -0.086715108166845 8.3847
13.653125 -0.011183410186844 -0.087426579530850 7.81752
13.656250 -0.012024679422259 -0.088133484219338 7.32938
13.659375 -0.012865838003741 -0.088835543341134 6.90476
13.662500 -0.013706851356998 -0.089532472607859 6.53195
13.665625 -0.014547685130611 -0.090223981150695 6.20195
13.668750 -0.015388305196328 -0.090909770746403 5.90772
13.671875 -0.016228677649354 -0.091589535435181 5.64368
13.675000 -0.017068768808611 -0.092262961385213 5.40537
13.678125 -0.017908545216983 -0.092929726871391 5.18913
13.681250 -0.018747973641544 -0.093589502409402 4.99198
13.684375 -0.019587021073765 -0.094241951134652 4.81145
13.687500 -0.020425654729702 -0.094886729502466 4.64547
13.690625 -0.021263842050171 -0.095523488431622 4.4923
13.693750 -0.022101550700895 -0.096151874810853 4.35046
13.696875 -0.022938748572645 -0.096771533262853 4.21869
13.700000 -0.023775403781358 -0.097382107986315 4.09592
13.703125 -0.024611484668231 -0.097983244524034 3.9812
13.706250 -0.025446959799814 -0.098574591376437 3.87373
13.709375 -0.026281797968068 -0.099155801427290 3.77279
13.712500 -0.027115968190420 -0.099726533257849 3.67778
13.715625 -0.027949439709796 -0.100286452300165 3.58814
13.718750 -0.028782181994633 -0.100835231772601 3.50339
13.721875 -0.029614164738887 -0.101372553108593 3.42311
13.725000 -0.030445357862011 -0.101898105918951 3.34692
13.728125 -0.031275731508928 -0.102411587592745 3.27447
13.731250 -0.032105256049984 -0.102912702835596 3.20548
13.734375 -0.032933902080882 -0.103401163458330 3.13966
13.737500 -0.033761640422612 -0.103876688581320 3.07677
13.740625 -0.034588442121350 -0.104339005131516 3.01659
13.743750 -0.035414278448360 -0.104787848219444 2.95892
13.746875 -0.036239120899861 -0.105222961085226 2.90357
13.750000 -0.037062941196902 -0.105644094610902 2.8504
13.753125 -0.037885711285205 -0.106051006666078 2.79923
13.756250 -0.038707403334999 -0.106443461668611 2.74995
13.759375 -0.039527989740845 -0.106821230572646 2.70242
13.762500 -0.040347443121444 -0.107184091200765 2.65653
13.765625 -0.041165736319425 -0.107531828572393 2.61217
13.768750 -0.041982842401132 -0.107864234932319 2.56925
13.771875 -0.042798734656387 -0.108181109496733 2.52767
13.775000 -0.043613386598248 -0.108482258204978 2.48736
13.778125 -0.044426771962744 -0.108767493650124 2.44824
13.781250 -0.045238864708610 -0.109036635232589 2.41024
13.784375 -0.046049639016999 -0.109289509793318 2.3733
13.787500 -0.046859069291187 -0.109525952968022 2.33735
13.790625 -0.047667130156265 -0.109745810804233 2.30234
13.793750 -0.048473796458816 -0.109948940687278 2.26821
13.796875 -0.049279043266582 -0.110135210945870 2.23493
13.800000 -0.050082845868126 -0.110304499396851 2.20244
13.803125 -0.050885179772465 -0.110456691656203 2.1707
13.806250 -0.051686020708715 -0.110591680045952 2.13968
13.809375 -0.052485344625701 -0.110709363463370 2.10934
13.812500 -0.053283127691575 -0.110809648047732 2.07964
13.815625 -0.054079346293414 -0.110892448236692 2.05055
13.818750 -0.054873977036804 -0.110957687724334 2.02205
13.821875 -0.055666996745425 -0.111005300033307 1.9941
13.825000 -0.056458382460614 -0.111035228622489 1.96667
13.828125 -0.057248111440921 -0.111047426616410 1.93976
13.831250 -0.058036161161661 -0.111041856318626 1.91332
13.834375 -0.058822509314446 -0.111018488691757 1.88735
13.837500 -0.059607133806718 -0.110977302901683 1.86181
13.840625 -0.060390012761258 -0.110918285952858 1.8367
13.843750 -0.061171124515703 -0.110841432319344 1.81199
13.846875 -0.061950447622039 -0.110746743535878 1.78767
13.850000 -0.062727960846091 -0.110634227742305 1.76371
13.853125 -0.063503643167004 -0.110503899312027 1.74012
13.856250 -0.064277473776716 -0.110355778903364 1.71687
13.859375 -0.065049432079415 -0.110189893695567 1.69394
13.862500 -0.065819497691000 -0.110006277708771 1.67133
13.865625 -0.066587650438516 -0.109804971920486 1.64903
13.868750 -0.067353870359604 -0.109586024198270 1.62702
13.871875 -0.068118137701917 -0.109349489109797 1.60529
13.875000 -0.068880432922546 -0.109095427708297 1.58384
13.878125 -0.069640736687434 -0.108823907372371 1.56265
13.881250 -0.070399029870776 -0.108535001630112 1.54171
13.884375 -0.071155293554417 -0.108228789850428 1.52102
13.887500 -0.071909509027245 -0.107905356873275 1.50057
13.890625 -0.072661657784564 -0.107564792481503 1.48035
13.893750 -0.073411721527479 -0.107207191044458 1.46036
13.896875 -0.074159682162255 -0.106832651292443 1.44058
13.900000 -0.074905521799679 -0.106441276242657 1.42101
13.903125 -0.075649222754414 -0.106033173211923 1.40164
13.906250 -0.076390767544345 -0.105608453781627 1.38248
13.909375 -0.077130138889920 -0.105167233716204 1.3635
13.912500 -0.077867319713476 -0.104709632780906 1.34472
13.915625 -0.078602293138576 -0.104235774625061 1.32612
13.918750 -0.079335042489320 -0.103745786626758 1.30769
13.921875 -0.080065551289664 -0.103239799918344 1.28944
13.925000 -0.080793803262726 -0.102717949411595 1.27136
13.928125 -0.081519782330087 -0.102180373901313 1.25344
13.931250 -0.082243472611090 -0.101627216131438 1.23569
13.934375 -0.082964858422127 -0.101058622783398 1.21809
13.937500 -0.083683924275924 -0.100474744462748 1.20065
13.940625 -0.084400654880824 -0.099875735576390 1.18335
13.943750 -0.085115035140055 -0.099261754179392 1.16621
13.946875 -0.085827050151001 -0.098632961785296 1.14921
13.950000 -0.086536685204466 -0.097989523154785 1.13235
13.953125 -0.087243925783931 -0.097331606065691 1.11563
13.956250 -0.087948757564809 -0.096659381042503 1.09904
13.959375 -0.088651166413691 -0.095973021078755 1.08259
13.962500 -0.089351138387591 -0.095272701396569 1.06627
13.965625 -0.090048659733185 -0.094558599269832 1.05008
13.968750 -0.090743716886043 -0.093830893898004 1.03402
13.971875 -0.091436296469866 -0.093089766322151 1.01808
13.975000 -0.092126385295702 -0.092335399371045 1.00227
13.978125 -0.092813970361176 -0.091567977613665 0.986575
13.981250 -0.093499038849703 -0.090787687316082 0.971001
13.984375 -0.094181578129702 -0.089994716400442 0.955545
13.987500 -0.094861575753808 -0.089189254470247 0.940204
13.990625 -0.095539019458074 -0.088371492887424 0.924978
13.993750 -0.096213897161177 -0.087541624856057 0.909865
13.996875 -0.096886196963611 -0.086699845460760 0.894863
14.000000 -0.097555891947591 -0.085846351583343 0.879971
14.003125 -0.098222608986337 -0.084981341703587 0.865191
14.006250 -0.098885642239371 -0.084105015667613 0.850528
14.009375 -0.099544292978764 -0.083217574516756 0.835985
14.012500 -0.100197884490014 -0.082319220414648 0.821566
14.015625 -0.100845761660484 -0.081410156594132 0.807274
14.018750 -0.101487290573828 -0.080490587306276 0.79311
14.021875 -0.102121858110322 -0.079560717752303 0.779076
14.025000 -0.102748871553047 -0.078620753841230 0.765174
14.028125 -0.103367758199822 -0.077670901913590 0.751404
14.031250 -0.103977964980846 -0.076711368482170 0.737766
14.034375 -0.104578958081949 -0.075742360115112 0.72426
14.037500 -0.105170222573403 -0.074764083474632 0.710886
14.040625 -0.105751262044212 -0.073776745449264 0.697644
14.043750 -0.106321598241813 -0.072780553282348 0.684532
14.046875 -0.106880770717124 -0.071775714619335 0.671549
14.050000 -0.107428336474868 -0.070762437453905 0.658694
14.053125 -0.107963869629106 -0.069740930012647 0.645965
14.056250 -0.108486961063918 -0.068711400614923 0.633361
14.059375 -0.108997218099160 -0.067674057548290 0.620879
14.062500 -0.109494264161235 -0.066629108926046 0.608517
14.065625 -0.109977738458819 -0.065576762584417 0.596273
14.068750 -0.110447295663472 -0.064517226031664 0.584145
14.071875 -0.110902605595078 -0.063450706447778 0.57213
14.075000 -0.111343352912040 -0.062377410685421 0.560226
14.078125 -0.111769236806193 -0.061297545254288 0.548429
14.081250 -0.112179970702348 -0.060211316272881 0.536739
14.084375 -0.112575281962426 -0.059118929378383 0.52515
14.087500 -0.112954911594113 -0.058020589629202 0.513662
14.090625 -0.113318613963984 -0.056916501433257 0.50227
14.093750 -0.113666156515039 -0.055806868489135 0.490972
14.096875 -0.113997319488586 -0.054691893753375 0.479765
14.100000 -0.114311895650421 -0.053571779431254 0.468646
14.103125 -0.114609690021255 -0.052446726977914 0.457612
14.106250 -0.114890519611321 -0.051316937073993 0.446659
14.109375 -0.115154213159112 -0.050182609518882 0.435786
14.112500 -0.115400610874204 -0.049043943069771 0.424989
14.115625 -0.115629564184096 -0.047901135285001 0.414264
14.118750 -0.115840935485029 -0.046754382427303 0.403608
14.121875 -0.116034597896718 -0.045603879415283 0.39302
14.125000 -0.116210435020969 -0.044449819790623 0.382494
14.128125 -0.116368340704093 -0.043292395712375 0.372029
14.131250 -0.116508218803113 -0.042131797990284 0.361621
14.134375 -0.116629982955671 -0.040968216142912 0.351267
14.137500 -0.116733556353617 -0.039801838437443 0.340963
14.140625 -0.116818871520218 -0.038632851882649 0.330707
14.143750 -0.116885870090941 -0.037461442166472 0.320496
14.146875 -0.116934502597764 -0.036287793523432 0.310326
14.150000 -0.116964728256967 -0.035112088593664 0.300194
14.153125 -0.116976514760364 -0.033934508325392 0.290097
14.156250 -0.116969838069913 -0.032755231986016 0.280031
14.159375 -0.116944682215684 -0.031574437247153 0.269995
14.162500 -0.116901039097115 -0.030392300270365 0.259983
14.165625 -0.116838908287531 -0.029208995757784 0.249994
14.168750 -0.116758296841876 -0.028024696929072 0.240023
14.171875 -0.116659219107609 -0.026839575474272 0.230068
14.175000 -0.116541696538733 -0.025653801480203 0.220126
14.178125 -0.116405757512906 -0.024467543410567 0.210192
14.181250 -0.116251437151598 -0.023280968065774 0.200264
14.184375 -0.116078777143249 -0.022094240653231 0.190338
14.187500 -0.115887825569388 -0.020907524818896 0.180412
14.190625 -0.115678636733682 -0.019720982682522 0.170481
14.193750 -0.115451270993856 -0.018534774882236 0.160542
14.196875 -0.115205794596469 -0.017349060562192 0.150592
14.200000 -0.114942279514486 -0.016163997339954 0.140627
14.203125 -0.114660803287625 -0.014979741251949 0.130644
14.206250 -0.114361448865421 -0.013796446711763 0.120639
14.209375 -0.114044304453003 -0.012614266521972 0.110608
14.212500 -0.113709463359501 -0.011433351906517 0.100549
14.215625 -0.113357023849094 -0.010253852538858 0.0904563
14.218750 -0.112987088994631 -0.009075916575733 0.080327
14.221875 -0.112599766533797 -0.007899690595310 0.0701573
14.225000 -0.112195168727798 -0.006725319605055 0.059943
14.228125 -0.111773412222525 -0.005552947074762 0.0496804
14.231250 -0.111334617912150 -0.004382715003171 0.0393652
14.234375 -0.110878910805151 -0.003214763981424 0.0289935
14.237500 -0.110406419892694 -0.002049233229280 0.0185608
14.240625 -0.109917278019371 -0.000886260639883 0.00806298
14.243750 -0.109411621756245  0.000274017195453 -0.00250446
14.246875 -0.108889591276174  0.001431464967031 -0.013146
14.250000 -0.108351330231383  0.002585948668189 -0.0238663
14.253125 -0.107796985633245  0.003737335616803 -0.0346701
14.256250 -0.107226707734257  0.004885494499929 -0.0455623
14.259375 -0.106640649912163  0.006030295412889 -0.0565478
14.262500 -0.106038968556199  0.007171609882583 -0.0676318
14.265625 -0.105421822955434  0.008309310871011 -0.0788196
14.268750 -0.104789375189176  0.009443272743931 -0.0901167
14.271875 -0.104141790019411  0.010573371258214 -0.101529
14.275000 -0.103479234785244  0.011699483567175 -0.113061
14.278125 -0.102801879299325  0.012821488251119 -0.12472
14.281250 -0.102109895746216  0.013939265326284 -0.136512
14.284375 -0.101403458582685  0.015052696240956 -0.148444
14.287500 -0.100682744439889  0.016161663833436 -0.160521
14.290625 -0.099947932027426  0.017266052303601 -0.17275
14.293750 -0.099199202039227  0.018365747165641 -0.18514
14.296875 -0.098436737061261  0.019460635245157 -0.197697
14.300000 -0.097660721481022  0.020550604675850 -0.210429
14.303125 -0.096871341398785  0.021635544908346 -0.223343
14.306250 -0.096068784540592  0.022715346718177 -0.236449
14.309375 -0.095253240172952  0.023789902209093 -0.249754
14.312500 -0.094424899019223  0.024859104811470 -0.263269
14.315625 -0.093583953177653  0.025922849292897 -0.277001
14.318750 -0.092730596041069  0.026981031786918 -0.290961
14.321875 -0.091865022218159  0.028033549840453 -0.30516
14.325000 -0.090987427456365  0.029080302485103 -0.319608
14.328125 -0.090098008566325  0.030121190240406 -0.334316
14.331250 -0.089196963347863  0.031156115136850 -0.349296
14.334375 -0.088284490517500  0.032184980650605 -0.36456
14.337500 -0.087360789637456  0.033207691649357 -0.380121
14.340625 -0.086426061046140  0.034224154346628 -0.395993
14.343750 -0.085480505790074  0.035234276301639 -0.412191
14.346875 -0.084524325557263  0.036237966450349 -0.428728
14.350000 -0.083557722611969  0.037235135131207 -0.445622
14.353125 -0.082580899730872  0.038225694108256 -0.462888
14.356250 -0.081594060140603  0.039209556589387 -0.480544
14.359375 -0.080597407456618  0.040186637230408 -0.49861
14.362500 -0.079591145623404  0.041156852138004 -0.517103
14.365625 -0.078575478855990  0.042120118867924 -0.536047
14.368750 -0.077550611582740  0.043076356424076 -0.555461
14.371875 -0.076516748389421  0.044025485240661 -0.575371
14.375000 -0.075474093964511  0.044967427166468 -0.595799
14.378125 -0.074422853045740  0.045902105457685 -0.616774
14.381250 -0.073363230367840  0.046829444770810 -0.638323
14.384375 -0.072295430611484  0.047749371180196 -0.660476
14.387500 -0.071219658353400  0.048661812210724 -0.683264
14.390625 -0.070136118017637  0.049566696840326 -0.706721
14.393750 -0.069045013827970  0.050463955493331 -0.730885
14.396875 -0.067946549761421  0.051353519984953 -0.755793
14.400000 -0.066840929502883  0.052235323467196 -0.781487
14.403125 -0.065728356400831  0.053109300385605 -0.808012
14.406250 -0.064609033424092  0.053975386422952 -0.835415
14.409375 -0.063483163119673  0.054833518497677 -0.863749
14.412500 -0.062350947571620  0.055683634716633 -0.893068
14.415625 -0.061212588360893  0.056525674359243 -0.923432
14.418750 -0.060068286526241  0.057359577902771 -0.954906
14.421875 -0.058918242526072  0.058185287092253 -0.98756
14.425000 -0.057762656201273  0.059002745001716 -1.02147
14.428125 -0.056601726739007  0.059811896044883 -1.05672
14.431250 -0.055435652637427  0.060612685895689 -1.09339
14.434375 -0.054264631671332  0.061405061455879 -1.13159
14.437500 -0.053088860858719  0.062188970798243 -1.17141
14.440625 -0.051908536428229  0.062964363168906 -1.21299
14.443750 -0.050723853787483  0.063731188982026 -1.25643
14.446875 -0.049535007492270  0.064489399825781 -1.3019
14.450000 -0.048342191216592  0.065238948471712 -1.34952
14.453125 -0.047145597723548  0.065979788916214 -1.39949
14.456250 -0.045945418837030  0.066711876438025 -1.45198
14.459375 -0.044741845414246  0.067435167684458 -1.50721
14.462500 -0.043535067319019  0.068149620748594 -1.5654
14.465625 -0.042325273395881  0.068855195168827 -1.62681
14.468750 -0.041112651444939  0.069551851848580 -1.69174
14.471875 -0.039897388197479  0.070239552917778 -1.76051
14.475000 -0.038679669292341  0.070918261631326 -1.83348
14.478125 -0.037459679252997  0.071587942387516 -1.91107
14.481250 -0.036237601465375  0.072248560821970 -1.99375
14.484375 -0.035013618156364  0.072900083912957 -2.08205
14.487500 -0.033787910373031  0.073542480027268 -2.17659
14.490625 -0.032560657962517  0.074175718900815 -2.27808
14.493750 -0.031332039552596  0.074799771617875 -2.38733
14.496875 -0.030102232532902  0.075414610628289 -2.50528
14.500000 -0.028871413036804  0.076020209796495 -2.63306
14.503125 -0.027639755923907  0.076616544438288 -2.77197
14.506250 -0.026407434763193  0.077203591265038 -2.92356
14.509375 -0.025174621816761  0.077781328270430 -3.08967
14.512500 -0.023941488024186  0.078349734643459 -3.27255
14.515625 -0.022708202987462  0.078908790701128 -3.4749
14.518750 -0.021474934956521  0.079458477928553 -3.70006
14.521875 -0.020241850815345  0.079998779049187 -3.95215
14.525000 -0.019009116068612  0.080529678088871 -4.23637
14.528125 -0.017776894828921  0.081051160385514 -4.55935
14.531250 -0.016545349804536  0.081563212592352 -4.92968
14.534375 -0.015314642287677  0.082065822683546 -5.35865
14.537500 -0.014084932143324  0.082558979972962 -5.86151
14.540625 -0.012856377798540  0.083042675155130 -6.45926
14.543750 -0.011629136232293  0.083516900349135 -7.18169
14.546875 -0.010403362965773  0.083981649110904 -8.07255
14.550000 -0.009179212053190  0.084436916404520 -9.19871
14.553125 -0.007956836073061  0.084882698543893 -10.6679
14.556250 -0.006736386119942  0.085318993148569 -12.6654
14.559375 -0.005518011796640  0.085745799091861 -15.5393
14.562500 -0.004301861206858  0.086163116446943 -20.0293
14.565625 -0.003088080948287  0.086570946538140 -28.0339
14.568750 -0.001876816106136  0.086969291849213 -46.3387
14.571875 -0.000668210247070  0.087358156103665 -130.735
14.575000  0.000537594586416  0.087737544299441 163.204
14.578125  0.001740457881229  0.088107462768927 50.6232
14.581250  0.002940240658512  0.088467919164372 30.0887
14.584375  0.004136805478072  0.088818922362534 21.4704
14.587500  0.005330016442439  0.089160482377244 16.728
14.590625  0.006519739200539  0.089492610275688 13.7264
14.593750  0.007705840951001  0.089815318184763 11.6555
14.596875  0.008888190445104  0.090128619343951 10.1403
14.600000  0.010066657989367  0.090432528131770 8.98337
14.603125  0.011241115447792  0.090727060062266 8.071
14.606250  0.012411436243768  0.091012231705973 7.33293
14.609375  0.013577495361642  0.091288060609873 6.72348
14.612500  0.014739169347966  0.091554565215218 6.21165
14.615625  0.015896336312415  0.091811764791238 5.77566
14.618750  0.017048875928407  0.092059679372618 5.39975
14.621875  0.018196669433405  0.092298329672046 5.07227
14.625000  0.019339599628922  0.092527736967932 4.78437
14.628125  0.020477550880238  0.092747922967014 4.52925
14.631250  0.021610409115825  0.092958909730110 4.30158
14.634375  0.022738061826490  0.093160719677708 4.09713
14.637500  0.023860398064249  0.093353375661375 3.91248
14.640625  0.024977308440926  0.093536901028608 3.74488
14.643750  0.026088685126496  0.093711319637512 3.59203
14.646875  0.027194421847163  0.093876655797162 3.45206
14.650000  0.028294413883198  0.094032934174987 3.32337
14.653125  0.029388558066517  0.094180179692851 3.20465
14.656250  0.030476752778035  0.094318417470897 3.09477
14.659375  0.031558897944771  0.094447672795568 2.99274
14.662500  0.032634895036737  0.094567971087480 2.89776
14.665625  0.033704647063595  0.094679337856641 2.80909
14.668750  0.034768058571096  0.094781798659757 2.72612
14.671875  0.035825035637309  0.094875379054577 2.6483
14.675000  0.036875485868647  0.094960104593034 2.57516
14.678125  0.037919318395673  0.095036000820076 2.50627
14.681250  0.038956443868729  0.095103093302018 2.44127
14.684375  0.039986774453353  0.095161407674830 2.37982
14.687500  0.041010223825525  0.095210969710553 2.32164
14.690625  0.042026707166712  0.095251805371576 2.26646
14.693750  0.043036141158748  0.095283940812099 2.21404
14.696875  0.044038443978533  0.095307402351712 2.16419
14.700000  0.045033535292560  0.095322216443832 2.11669
14.703125  0.046021336251284  0.095328409639752 2.0714
14.706250  0.047001769483320  0.095326008527503 2.02814
14.709375  0.047974759089494  0.095315039762340 1.98677
14.712500  0.048940230636732  0.095295529971269 1.94718
14.715625  0.049898111151810  0.095267505842366 1.90924
14.718750  0.050848329114948  0.095230994195821 1.87284
14.721875  0.051790814453278  0.095186022089780 1.83789
14.725000  0.052725498534160  0.095132616903804 1.8043
14.728125  0.053652314158378  0.095070806384354 1.77198
14.731250  0.054571195553201  0.095000618695939 1.74086
14.734375  0.055482078365317  0.094922082481185 1.71086
14.737500  0.056384899653657  0.094835226927790 1.68193
14.740625  0.057279597882082  0.094740081766943 1.65399
14.743750  0.058166112911981  0.094636677187408 1.62701
14.746875  0.059044385994730  0.094525043732282 1.60092
14.750000  0.059914359764072  0.094405212271402 1.57567
14.753125  0.060775978228372  0.094277214055537 1.55122
14.756250  0.061629186762782  0.094141080807112 1.52754
14.759375  0.062473932101310  0.093996844792899 1.50458
14.762500  0.063310162328789  0.093844538848373 1.4823
14.765625  0.064137826872758  0.093684196381447 1.46067
14.768750  0.064956876495261  0.093515851357581 1.43966
14.771875  0.065767263284552  0.093339538291327 1.41924
14.775000  0.066568940646727  0.093155292238850 1.39938
14.778125  0.067361863297275  0.092963148796500 1.38006
14.781250  0.068145987252549  0.092763144114231 1.36124
14.784375  0.068921269821177  0.092555314970981 1.34291
14.787500  0.069687669595386  0.092339698854573 1.32505
14.790625  0.070445146442274  0.092116334065486 1.30763
14.793750  0.071193661495012  0.091885259762958 1.29064
14.796875  0.071933177143981  0.091646515961738 1.27405
14.800000  0.072663657027860  0.091400143510885 1.25785
14.803125  0.073385066024647  0.091146184060402 1.24203
14.806250  0.074097370242634  0.090884680075103 1.22656
14.809375  0.074800537011326  0.090615674840462 1.21143
14.812500  0.075494534872316  0.090339212484391 1.19663
14.815625  0.076179333570107  0.090055337952331 1.18215
14.818750  0.076854904042901  0.089764096936422 1.16797
14.821875  0.077521218413333  0.089465535777442 1.15408
14.825000  0.078178249979177  0.089159701401887 1.14047
14.828125  0.078825973204007  0.088846641288717 1.12712
14.831250  0.079464363707830  0.088526403451822 1.11404
14.834375  0.080093398257680  0.088199036398484 1.1012
14.837500  0.080713054758187  0.087864589088542 1.0886
14.840625  0.081323312242113  0.087523110871150 1.07624
14.843750  0.081924150860864  0.087174651460123 1.06409
14.846875  0.082515551874978  0.086819260890701 1.05216
14.850000  0.083097497644589  0.086456989459798 1.04043
14.853125  0.083669971619870  0.086087887663367 1.0289
14.856250  0.084232958331463  0.085712006136540 1.01756
14.859375  0.084786443380881  0.085329395638566 1.0064
14.862500  0.085330413430908  0.084940107066098 0.995426
14.865625  0.085864856195977  0.084544191507860 0.984619
14.868750  0.086389760432541  0.084141700273015 0.973978
14.871875  0.086905115929430  0.083732684921755 0.963495
14.875000  0.087410913498205  0.083317197265819 0.953167
14.878125  0.087907144963503  0.082895289361964 0.942987
14.881250  0.088393803153378  0.082467013396781 0.93295
14.884375  0.088870881889638  0.082032421591429 0.923052
14.887500  0.089338375978183  0.081591566135880 0.913287
14.890625  0.089796281199336  0.081144499170042 0.903651
14.893750  0.090244594298188  0.080691272818784 0.89414
14.896875  0.090683312974930  0.080231939245249 0.884749
14.900000  0.091112435875208  0.079766550708528 0.875474
14.903125  0.091531962580461  0.079295159592129 0.866311
14.906250  0.091941893598291  0.078817818417213 0.857257
14.909375  0.092342230352820  0.078334579780094 0.848307
14.912500  0.092732975175070  0.077845496309134 0.839459
14.915625  0.093114131293350  0.077350620614085 0.830708
14.918750  0.093485702823655  0.076850005256349 0.822051
14.921875  0.093847694760077  0.076343702716772 0.813485
14.925000  0.094200112965235  0.075831765359718 0.805007
14.928125  0.094542964160718  0.075314245401129 0.796614
14.931250  0.094876255917546  0.074791194872469 0.788303
14.934375  0.095199996646647  0.074262665645797 0.78007
14.937500  0.095514195589358  0.073728709483312 0.771914
14.940625  0.095818862807941  0.073189378112508 0.763831
14.943750  0.096114009176126  0.072644723289137 0.755818
14.946875  0.096399646369674  0.072094796830943 0.747874
14.950000  0.096675786856957  0.071539650640435 0.739996
14.953125  0.096942443889578  0.070979336684482 0.73218
14.956250  0.097199631492999  0.070413906976244 0.724426
14.959375  0.097447364457209  0.069843413552570 0.71673
14.962500  0.097685658327412  0.069267908464470 0.70909
14.965625  0.097914529394742  0.068687443782302 0.701504
14.968750  0.098133994687017  0.068102071608675 0.69397
14.971875  0.098344071959509  0.067511844112272 0.686486
14.975000  0.098544779685756  0.066916813524448 0.67905
14.978125  0.098736137048398  0.066317032149231 0.671659
14.981250  0.098918163930053  0.065712552378310 0.664312
14.984375  0.099090880904219  0.065103426695058 0.657007
14.987500  0.099254309226211  0.064489707697864 0.649742
14.990625  0.099408470824136  0.063871448094249 0.642515
14.993750  0.099553388289905  0.063248700695023 0.635324
14.996875  0.099689084870269  0.062621518432202 0.628168
15.000000  0.099815584457908  0.061989954387514 0.621045
15.003125  0.099932911582544  0.061354061833488 0.613953
15.006250  0.100041091402100  0.060713894236485 0.60689
15.009375  0.100140149693895  0.060069505248408 0.599854
15.012500  0.100230112845875  0.059420948685623 0.592845
15.015625  0.100311007847890  0.058768278490245 0.585861
15.018750  0.100382862283007  0.058111548707059 0.578899
15.021875  0.100445704318861  0.057450813430989 0.571959
15.025000  0.100499562699058  0.056786126820475 0.565039
15.028125  0.100544466734607  0.056117543073467 0.558137
15.031250  0.100580446295404  0.055445116482716 0.551251
15.034375  0.100607531801752  0.054768901415397 0.544382
15.037500  0.100625754215930  0.054088952311554 0.537526
15.040625  0.100635145033803  0.053405323664989 0.530683
15.043750  0.100635736276475  0.052718070008158 0.52385
15.046875  0.100627560481992  0.052027245911068 0.517028
15.050000  0.100610650697080  0.051332905980449 0.510213
15.053125  0.100585040468939  0.050635104861011 0.503406
15.056250  0.100550763837078  0.049933897236406 0.496604
15.059375  0.100507855325197  0.049229337830641 0.489806
15.062500  0.100456349933114  0.048521481445009 0.483011
15.065625  0.100396283128738  0.047810383014733 0.476217
15.068750  0.100327690840097  0.047096097668404 0.469423
15.071875  0.100250609447403  0.046378680768619 0.462627
15.075000  0.100165075775172  0.045658187921615 0.455829
15.078125  0.100071127084387  0.044934674965181 0.449027
15.081250  0.099968801064716  0.044208197926251 0.44222
15.084375  0.099858135826773  0.043478812940496 0.435406
15.087500  0.099739169894428  0.042746576133258 0.428584
15.090625  0.099611942197170  0.042011543480378 0.421752
15.093750  0.099476492062518  0.041273770678369 0.41491
15.096875  0.099332859208479  0.040533313065503 0.408055
15.100000  0.099181083736056  0.039790225600031 0.401188
15.103125  0.099021206121813  0.039044562861304 0.394305
15.106250  0.098853267210479  0.038296379063035 0.387406
15.109375  0.098677308207614  0.037545728054166 0.38049
15.112500  0.098493370672315  0.036792663319286 0.373555
15.115625  0.098301496509977  0.036037237970087 0.366599
15.118750  0.098101727965111  0.035279504710668 0.359622
15.121875  0.097894107614202  0.034519515810629 0.352621
15.125000  0.097678678358626  0.033757323037707 0.345596
15.128125  0.097455483417612  0.032992977620817 0.338544
15.131250  0.097224566321265  0.032226530209694 0.331465
15.134375  0.096985970903629  0.031458030843236 0.324357
15.137500  0.096739741295809  0.030687528887130 0.317217
15.140625  0.096485921919142  0.029915072928048 0.310046
15.143750  0.096224557478420  0.029140710629569 0.302841
15.146875  0.095955692955166  0.028364488559089 0.2956
15.150000  0.095679373600959  0.027586452022953 0.288322
15.153125  0.095395644930813  0.026806644960024 0.281005
15.156250  0.095104552716610  0.026025109924075 0.273647
15.159375  0.094806142980576  0.025241888142020 0.266247
15.162500  0.094500461988822  0.024457019604541 0.258803
15.165625  0.094187556244927  0.023670543181432 0.251313
15.168750  0.093867472483574  0.022882496761010 0.243775
15.171875  0.093540257664247  0.022092917420542 0.236186
15.175000  0.093205958964964  0.021301841636093 0.228546
15.178125  0.092864623776079  0.020509305503048 0.220852
15.181250  0.092516299694123  0.019715344936741 0.213101
15.184375  0.092161034515703  0.018919995859865 0.205293
15.187500  0.091798876231455  0.018123294359345 0.197424
15.190625  0.091429873020041  0.017325276840383 0.189493
15.193750  0.091054073242204  0.016525980137918 0.181496
15.196875  0.090671525434875  0.015725441582906 0.173433
15.200000  0.090282278305328  0.014923699011351 0.1653
15.203125  0.089886380725390  0.014120790731226 0.157096
15.206250  0.089483881725697  0.013316755475451 0.148817
15.209375  0.089074830490013  0.012511632335218 0.140462
15.212500  0.088659276349587  0.011705460709558 0.132027
15.215625  0.088237268777567  0.010898280207283 0.123511
15.218750  0.087808857383473  0.010090130483244 0.11491
15.221875  0.087374091907704  0.009281050901511 0.106222
15.225000  0.086933022216112  0.008471079980590 0.0974438
15.228125  0.086485698294619  0.007660254727792 0.0885725
15.231250  0.086032170243889  0.006848610168367 0.0796052
15.234375  0.085572488274045  0.006036179465463 0.0705388
15.237500  0.085106702699439  0.005222994792974 0.06137
15.240625  0.084634863933480  0.004409088661308 0.0520954
15.243750  0.084157022483499  0.003594495087228 0.0427118
15.246875  0.083673228945673  0.002779250047208 0.0332155
15.250000  0.083183534000003  0.001963391161191 0.0236031
15.253125  0.082687988405325  0.001146956865108 0.0138709
15.256250  0.082186642994392  0.000329985497419 0.00401507
15.259375  0.081679548668990 -0.000487485419267 -0.00596827
15.262500  0.081166756395112 -0.001305419595068 -0.0160832
15.265625  0.080648317198178 -0.002123782054265 -0.0263339
15.268750  0.080124282158303 -0.002942538943137 -0.0367247
15.271875  0.079594702405619 -0.003761657151144 -0.0472601
15.275000  0.079059629115637 -0.004581103927474 -0.0579449
15.278125  0.078519113504672 -0.005400846620707 -0.0687838
15.281250  0.077973206825300 -0.006220852672715 -0.0797819
15.284375  0.077421960361874 -0.007041089688328 -0.0909443
15.287500  0.076865425426089 -0.007861525439627 -0.102276
15.290625  0.076303653352584 -0.008682127596097 -0.113784
15.293750  0.075736695494608 -0.009502863166079 -0.125472
15.296875  0.075164603219718 -0.010323697726922 -0.137348
15.300000  0.074587427905534 -0.011144594579511 -0.149417
15.303125  0.074005220935540 -0.011965513970325 -0.161685
15.306250  0.073418033694927 -0.012786412476333 -0.174159
15.309375  0.072825917566490 -0.013607242593696 -0.186846
15.312500  0.072228923926569 -0.014427952580129 -0.199753
15.315625  0.071627104141029 -0.015248486646388 -0.212887
15.318750  0.071020509561303 -0.016068785453884 -0.226256
15.321875  0.070409191520459 -0.016888786931743 -0.239866
15.325000  0.069793201329338 -0.017708427263910 -0.253727
15.328125  0.069172590272713 -0.018527641938513 -0.267847
15.331250  0.068547409605510 -0.019346366743304 -0.282233
15.334375  0.067917710549071 -0.020164538671748 -0.296897
15.337500  0.067283544287454 -0.020982096703845 -0.311846
15.340625  0.066644961963787 -0.021798982457570 -0.327091
15.343750  0.066002014676667 -0.022615140730195 -0.342643
15.346875  0.065354753476592 -0.023430519936741 -0.358513
15.350000  0.064703229362449 -0.024245072476520 -0.374712
15.353125  0.064047493278042 -0.025058755051514 -0.391253
15.356250  0.063387596108661 -0.025871528957134 -0.408148
15.359375  0.062723588677697 -0.026683360336649 -0.425412
15.362500  0.062055521743301 -0.027494220302423 -0.443058
15.365625  0.061383445995084 -0.028304084878475 -0.461103
15.368750  0.060707412050856 -0.029112934697143 -0.479561
15.371875  0.060027470453421 -0.029920754459922 -0.498451
15.375000  0.059343671667397 -0.030727532237466 -0.51779
15.378125  0.058656066076087 -0.031533258637798 -0.537596
15.381250  0.057964703978395 -0.032337925948815 -0.55789
15.384375  0.057269635585774 -0.033141527348358 -0.578693
15.387500  0.056570911019225 -0.033944056232201 -0.600027
15.390625  0.055868580306329 -0.034745505748589 -0.621915
15.393750  0.055162693378325 -0.035545868557075 -0.644382
15.396875  0.054453300067227 -0.036345136845822 -0.667455
15.400000  0.053740450102979 -0.037143302527597 -0.691161
15.403125  0.053024193110655 -0.037940357496996 -0.715529
15.406250  0.052304578607696 -0.038736293819611 -0.740591
15.409375  0.051581656001182 -0.039531103800641 -0.766379
15.412500  0.050855474585153 -0.040324779957987 -0.792929
15.415625  0.050126083537962 -0.041117314982564 -0.820278
15.418750  0.049393531919668 -0.041908701762893 -0.848465
15.421875  0.048657868669470 -0.042698933505710 -0.877534
15.425000  0.047919142603174 -0.043488004004527 -0.907529
15.428125  0.047177402410707 -0.044275908015437 -0.938498
15.431250  0.046432696653658 -0.045062641751941 -0.970494
15.434375  0.045685073762866 -0.045848203458086 -1.00357
15.437500  0.044934582036039 -0.046632594029637 -1.03779
15.440625  0.044181269635413 -0.047415817582065 -1.07321
15.443750  0.043425184585448 -0.048197881877257 -1.10991
15.446875  0.042666374770557 -0.048978798526553 -1.14795
15.450000  0.041904887932879 -0.049758583043437 -1.18742
15.453125  0.041140771670077 -0.050537254749237 -1.2284
15.456250  0.040374073433181 -0.051314836607756 -1.27098
15.459375  0.039604840524466 -0.052091355031260 -1.31528
15.462500  0.038833120095355 -0.052866839670719 -1.36139
15.465625  0.038058959144374 -0.053641323163722 -1.40943
15.468750  0.037282404515126 -0.054414840840367 -1.45953
15.471875  0.036503502894306 -0.055187430370034 -1.51184
15.475000  0.035722300809756 -0.055959131355018 -1.5665
15.478125  0.034938844628539 -0.056729984885160 -1.62369
15.481250  0.034153180555066 -0.057500033029118 -1.68359
15.484375  0.033365354629240 -0.058269318220427 -1.7464
15.487500  0.032575412724642 -0.059037882536477 -1.81234
15.490625  0.031783400546746 -0.059805766912818 -1.88167
15.493750  0.030989363631173 -0.060573010343116 -1.95464
15.496875  0.030193347341967 -0.061339649094831 -2.03156
15.500000  0.029395396869914 -0.062105715950108 -2.11277
15.503125  0.028595557230886 -0.062871239556806 -2.19864
15.506250  0.027793873264221 -0.063636243844538 -2.28958
15.509375  0.026990389631129 -0.064400747553166 -2.38606
15.512500  0.026185150813137 -0.065164763811225 -2.48862
15.515625  0.025378201110559 -0.065928299736149 -2.59783
15.518750  0.024569584640995 -0.066691355888675 -2.71439
15.521875  0.023759345337873 -0.067453925654100 -2.83905
15.525000  0.022947526949002 -0.068215994398259 -2.97269
15.528125  0.022134173035171 -0.068977538620515 -3.11634
15.531250  0.021319326968774 -0.069738525191092 -3.27114
15.534375  0.020503031932455 -0.070498910760929 -3.43846
15.537500  0.019685330917799 -0.071258641363537 -3.61989
15.540625  0.018866266724033 -0.072017652103352 -3.81727
15.543750  0.018045881956775 -0.072775866807739 -4.03282
15.546875  0.017224219026798 -0.073533197549072 -4.26917
15.550000  0.016401320148823 -0.074289544132044 -4.52949
15.553125  0.015577227340348 -0.075044793997052 -4.8176
15.556250  0.014751982420501 -0.075798822995378 -5.13821
15.559375  0.013925627008915 -0.076551496733611 -5.49717
15.562500  0.013098202524639 -0.077302672679518 -5.90178
15.565625  0.012269750185070 -0.078052201325725 -6.36135
15.568750  0.011440311004916 -0.078799926270787 -6.88792
15.571875  0.010609925795180 -0.079545683200922 -7.49729
15.575000  0.009778635162180 -0.080289298458900 -8.21069
15.578125  0.008946479506583 -0.081030587792144 -9.05726
15.581250  0.008113499022471 -0.081769355444973 -10.0782
15.584375  0.007279733696439 -0.082505393636383 -11.3336
15.587500  0.006445223306703 -0.083238482294838 -12.9148
15.590625  0.005610007422250 -0.083968389126569 -14.9676
15.593750  0.004774125402001 -0.084694870146830 -17.7404
15.596875  0.003937616394002 -0.085417670703987 -21.6927
15.600000  0.003100519334642 -0.086136526877236 -27.7813
15.603125  0.002262872947892 -0.086851166968081 -38.3809
15.606250  0.001424715744572 -0.087561312886239 -61.4588
15.609375  0.000586086021637 -0.088266681247706 -150.604
15.612500 -0.000252978138513 -0.088966984172773 351.679
15.615625 -0.001092438868692 -0.089661929867440 82.075
15.618750 -0.001932258517579 -0.090351223065328 46.7594
15.621875 -0.002772399650326 -0.091034565362290 32.836
15.625000 -0.003612825049164 -0.091711655395135 25.385
15.628125 -0.004453497713972 -0.092382188833026 20.7437
15.631250 -0.005294380862829 -0.093045858197741 17.5745
15.634375 -0.006135437932546 -0.093702352537002 15.2723
15.637500 -0.006976632579171 -0.094351357097527 13.5239
15.640625 -0.007817928678478 -0.094992553134479 12.1506
15.643750 -0.008659290326433 -0.095625617994188 11.0431
15.646875 -0.009500681839633 -0.096250225517330 10.1309
15.650000 -0.010342067755735 -0.096866046704111 9.36622
15.653125 -0.011183412833858 -0.097472750523099 8.71583
15.656250 -0.012024682054959 -0.098070004717287 8.15573
15.659375 -0.012865840622203 -0.098657476600820 7.66817
15.662500 -0.013706853961299 -0.099234833896686 7.2398
15.665625 -0.014547687720827 -0.099801745783220 6.86032
15.668750 -0.015388307772536 -0.100357884087593 6.5217
15.671875 -0.016228680211629 -0.100902924527377 6.21757
15.675000 -0.017068771357027 -0.101436547818615 5.94281
15.678125 -0.017908547751615 -0.101958440541333 5.69328
15.681250 -0.018747976162466 -0.102468295771217 5.46557
15.684375 -0.019587023581051 -0.102965813564914 5.25684
15.687500 -0.020425657223425 -0.103450701400320 5.06474
15.690625 -0.021263844530404 -0.103922674545847 4.88729
15.693750 -0.022101553167710 -0.104381456277596 4.72281
15.696875 -0.022938751026115 -0.104826777910277 4.56986
15.700000 -0.023775406221554 -0.105258378670852 4.4272
15.703125 -0.024611487095225 -0.105676005509263 4.29377
15.706250 -0.025446962213677 -0.106079412968236 4.16865
15.709375 -0.026281800368871 -0.106468363245481 4.05103
15.712500 -0.027115970578233 -0.106842626480771 3.94021
15.715625 -0.027949442084689 -0.107201981154691 3.83557
15.718750 -0.028782184356675 -0.107546214405834 3.73655
15.721875 -0.029614167088147 -0.107875122131287 3.64269
15.725000 -0.030445360198558 -0.108188508846134 3.55353
15.728125 -0.031275733832831 -0.108486187418394 3.4687
15.731250 -0.032105258361310 -0.108767978877127 3.38786
15.734375 -0.032933904379700 -0.109033712434208 3.31068
15.737500 -0.033761642708988 -0.109283225651071 3.2369
15.740625 -0.034588444395352 -0.109516364558988 3.16627
15.743750 -0.035414280710053 -0.109732983579219 3.09855
15.746875 -0.036239123149313 -0.109932945272340 3.03354
15.750000 -0.037062943434179 -0.110116119964615 2.97106
15.753125 -0.037885713510371 -0.110282385301544 2.91092
15.756250 -0.038707405548119 -0.110431625980594 2.85298
15.759375 -0.039527991941986 -0.110563733995596 2.7971
15.762500 -0.040347445310669 -0.110678609458376 2.74314
15.765625 -0.041165738496798 -0.110776161578822 2.69098
15.768750 -0.041982844566717 -0.110856309233516 2.64051
15.771875 -0.042798736810248 -0.110918980792703 2.59164
15.775000 -0.043613388740447 -0.110964113306898 2.54427
15.778125 -0.044426774093345 -0.110991651467224 2.49831
15.781250 -0.045238866827675 -0.111001546822707 2.45368
15.784375 -0.046049641124590 -0.110993757538487 2.41031
15.787500 -0.046859071387366 -0.110968248712243 2.36813
15.790625 -0.047667132241093 -0.110924992990899 2.32708
15.793750 -0.048473798532354 -0.110863971166582 2.28709
15.796875 -0.049279045328892 -0.110785172467383 2.24812
15.800000 -0.050082847919267 -0.110688594383964 2.21011
15.803125 -0.050885181812498 -0.110574242270882 2.17301
15.806250 -0.051686022737699 -0.110442128863580 2.13679
15.809375 -0.052485346643696 -0.110292273897932 2.10139
15.812500 -0.053283129698641 -0.110124703803335 2.06678
15.815625 -0.054079348289609 -0.109939451448646 2.03293
15.818750 -0.054873979022187 -0.109736555926231 1.99979
15.821875 -0.055666998720054 -0.109516062385117 1.96734
15.825000 -0.056458384424546 -0.109278021966378 1.93555
15.828125 -0.057248113394214 -0.109022491845910 1.90439
15.831250 -0.058036163104373 -0.108749535275251 1.87382
15.834375 -0.058822511246634 -0.108459221608342 1.84384
15.837500 -0.059607135728438 -0.108151626140901 1.81441
15.840625 -0.060390014672567 -0.107826829848720 1.78551
15.843750 -0.061171126416657 -0.107484919080135 1.75712
15.846875 -0.061950449512694 -0.107125985287731 1.72922
15.850000 -0.062727962726501 -0.106750124862153 1.70179
15.853125 -0.063503645037227 -0.106357439012664 1.67482
15.856250 -0.064277475636805 -0.105948033666938 1.64829
15.859375 -0.065049433929425 -0.105522019288076 1.62218
15.862500 -0.065819499530984 -0.105079510681293 1.59648
15.865625 -0.066587652268530 -0.104620626728963 1.57117
15.868750 -0.067353872179701 -0.104145490211172 1.54624
15.871875 -0.068118139512150 -0.103654227687463 1.52168
15.875000 -0.068880434722969 -0.103146969471825 1.49748
15.878125 -0.069640738478099 -0.102623849640919 1.47362
15.881250 -0.070399031651735 -0.102085005992354 1.45009
15.884375 -0.071155295325724 -0.101530580003752 1.42689
15.887500 -0.071909510788950 -0.100960716765314 1.404
15.890625 -0.072661659536721 -0.100375564926211 1.38141
15.893750 -0.073411723270139 -0.099775276669468 1.35912
15.896875 -0.074159683895468 -0.099160007712424 1.33711
15.900000 -0.074905523523496 -0.098529917317554 1.31539
15.903125 -0.075649224468887 -0.097885168256613 1.29393
15.906250 -0.076390769249524 -0.097225926693577 1.27274
15.909375 -0.077130140585854 -0.096552361983301 1.25181
15.912500 -0.077867321400216 -0.095864646424213 1.23113
15.915625 -0.078602294816171 -0.095162955012004 1.21069
15.918750 -0.079335044157819 -0.094447465239485 1.19049
15.921875 -0.080065552949116 -0.093718356954977 1.17052
15.925000 -0.080793804913180 -0.092975812246766 1.15078
15.928125 -0.081519783971592 -0.092220015323545 1.13126
15.931250 -0.082243474243694 -0.091451152359399 1.11196
15.934375 -0.082964860045878 -0.090669411342750 1.09287
15.937500 -0.083683925890871 -0.089874981973123 1.07398
15.940625 -0.084400656487013 -0.089068055625518 1.0553
15.943750 -0.085115036737533 -0.088248825390108 1.03682
15.946875 -0.085827051739815 -0.087417486128799 1.01853
15.950000 -0.086536686784663 -0.086574234469709 1.00043
15.953125 -0.087243927355558 -0.085719268704216 0.982524
15.956250 -0.087948759127912 -0.084852788613519 0.964798
15.959375 -0.088651167968316 -0.083974995322529 0.947252
15.962500 -0.089351139933784 -0.083086091222423 0.929883
15.965625 -0.090048661270990 -0.082186279941850 0.912687
15.968750 -0.090743718415507 -0.081275766322952 0.895663
15.971875 -0.091436297991033 -0.080354756249829 0.878806
15.975000 -0.092126386808617 -0.079423456373521 0.862114
15.978125 -0.092813971865883 -0.078482073815235 0.845585
15.981250 -0.093499040346247 -0.077530815957320 0.829215
15.984375 -0.094181579618127 -0.076569890349431 0.813003
15.987500 -0.094861577234158 -0.075599504702101 0.796945
15.990625 -0.095539020930393 -0.074619866934602 0.781041
15.993750 -0.096213898625506 -0.073631185240379 0.765286
15.996875 -0.096886198419995 -0.072633668097459 0.74968
16.000000 -0.097555893396073 -0.071627524176747 0.73422
16.003125 -0.098222610426959 -0.070612962154858 0.718907
16.006250 -0.098885643672176 -0.069590190528715 0.703744
16.009375 -0.099544294403793 -0.068559417503416 0.688733
16.012500 -0.100197885907310 -0.067520851018319 0.673875
16.015625 -0.100845763070089 -0.066474698871872 0.659172
16.018750 -0.101487291975783 -0.065421168845129 0.644624
16.021875 -0.102121859504669 -0.064360468715852 0.630232
16.025000 -0.102748872939825 -0.063292806149078 0.615995
16.028125 -0.103367759579074 -0.062218388532293 0.601913
16.031250 -0.103977966352611 -0.061137422814862 0.587984
16.034375 -0.104578959446268 -0.060050115386383 0.574208
16.037500 -0.105170223930317 -0.058956672001636 0.560583
16.040625 -0.105751263393761 -0.057857297718954 0.547107
16.043750 -0.106321599584036 -0.056752196842711 0.533779
16.046875 -0.106880772052061 -0.055641572891962 0.520595
16.050000 -0.107428337802557 -0.054525628617555 0.507553
16.053125 -0.107963870949588 -0.053404566054968 0.494652
16.056250 -0.108486962377231 -0.052278586540383 0.481888
16.059375 -0.108997219405343 -0.051147890648051 0.469259
16.062500 -0.109494265460326 -0.050012678057036 0.456761
16.065625 -0.109977739750856 -0.048873147399481 0.444391
16.068750 -0.110447296948495 -0.047729496137074 0.432147
16.071875 -0.110902606873122 -0.046581920482470 0.420025
16.075000 -0.111343354183145 -0.045430615353824 0.408023
16.078125 -0.111769238070396 -0.044275774342262 0.396136
16.081250 -0.112179971959686 -0.043117589679628 0.384361
16.084375 -0.112575283212936 -0.041956252201094 0.372695
16.087500 -0.112954912837831 -0.040791951303738 0.361135
16.090625 -0.113318615200948 -0.039624874911317 0.349677
16.093750 -0.113666157745286 -0.038455209425167 0.338317
16.096875 -0.113997320712150 -0.037283139674222 0.327053
16.100000 -0.114311896867340 -0.036108848883421 0.31588
16.103125 -0.114609691231565 -0.034932518693635 0.304796
16.106250 -0.114890520815056 -0.033754329224983 0.293796
16.109375 -0.115154214356310 -0.032574459135007 0.282877
16.112500 -0.115400612064899 -0.031393085650399 0.272036
16.115625 -0.115629565368323 -0.030210384547237 0.261269
16.118750 -0.115840936662822 -0.029026530110819 0.250572
16.121875 -0.116034599068114 -0.027841695069017 0.239943
16.125000 -0.116210436186000 -0.026656050560159 0.229377
16.128125 -0.116368341862796 -0.025469766071664 0.218872
16.131250 -0.116508219955521 -0.024283009435445 0.208423
16.134375 -0.116629984101817 -0.023095946837061 0.198028
16.137500 -0.116733557493536 -0.021908742828246 0.187682
16.140625 -0.116818872653944 -0.020721560364545 0.177382
16.143750 -0.116885871218506 -0.019534560833026 0.167125
16.146875 -0.116934503719202 -0.018347904081878 0.156908
16.150000 -0.116964729372312 -0.017161748444450 0.146726
16.153125 -0.116976515869647 -0.015976250754059 0.136577
16.156250 -0.116969839173169 -0.014791566372385 0.126456
16.159375 -0.116944683312944 -0.013607849227086 0.116361
16.162500 -0.116901040188412 -0.012425251841012 0.106289
16.165625 -0.116838909372897 -0.011243925385094 0.0962344
16.168750 -0.116758297921343 -0.010064019667622 0.0861953
16.171875 -0.116659220181210 -0.008885683112937 0.0761679
16.175000 -0.116541697606499 -0.007709062741180 0.0661485
16.178125 -0.116405758574868 -0.006534304168930 0.0561339
16.181250 -0.116251438207788 -0.005361551629121 0.0461203
16.184375 -0.116078778193698 -0.004190947975645 0.0361043
16.187500 -0.115887826614127 -0.003022634687702 0.0260824
16.190625 -0.115678637772742 -0.001856751863517 0.0160509
16.193750 -0.115451272027267 -0.000693438231476 0.00600633
16.196875 -0.115205795624262  0.000467168841835 -0.00405508
16.200000 -0.114942280536692  0.001624933336463 -0.014137
16.203125 -0.114660804304273  0.002779720581244 -0.024243
16.206250 -0.114361449876543  0.003931397267686 -0.0343769
16.209375 -0.114044305458627  0.005079831463364 -0.0445426
16.212500 -0.113709464359657  0.006224892628258 -0.0547438
16.215625 -0.113357024843813  0.007366451615849 -0.0649845
16.218750 -0.112987089983941  0.008504380677114 -0.0752686
16.221875 -0.112599767517728  0.009638553456182 -0.0856001
16.225000 -0.112195169706379  0.010768844987917 -0.0959831
16.228125 -0.111773413195783  0.011895131693343 -0.106422
16.231250 -0.111334618880117  0.013017291405975 -0.11692
16.234375 -0.110878911767853  0.014135203405532 -0.127483
16.237500 -0.110406420850161  0.015248748462316 -0.138115
16.240625 -0.109917278971631  0.016357808839012 -0.148819
16.243750 -0.109411622703326  0.017462268276748 -0.159602
16.246875 -0.108889592218104  0.018562011968096 -0.170466
16.250000 -0.108351331168189  0.019656926540546 -0.181418
16.253125 -0.107796986564956  0.020746900056496 -0.192463
16.256250 -0.107226708660901  0.021831822021664 -0.203604
16.259375 -0.106640650833766  0.022911583387289 -0.214848
16.262500 -0.106038969472789  0.023986076544368 -0.226201
16.265625 -0.105421823867038  0.025055195309652 -0.237666
16.268750 -0.104789376095821  0.026118834898465 -0.249251
16.271875 -0.104141790921124  0.027176891923714 -0.26096
16.275000 -0.103479235682051  0.028229264376073 -0.272801
16.278125 -0.102801880191253  0.029275851649930 -0.284779
16.281250 -0.102109896633292  0.030316554557531 -0.296901
16.284375 -0.101403459464935  0.031351275336940 -0.309174
16.287500 -0.100682745317339  0.032379917636476 -0.321603
16.290625 -0.099947932900101  0.033402386491605 -0.334198
16.293750 -0.099199202907154  0.034418588317248 -0.346964
16.296875 -0.098436737924465  0.035428430910602 -0.359911
16.300000 -0.097660722339529  0.036431823458674 -0.373045
16.303125 -0.096871342252620  0.037428676546509 -0.386375
16.306250 -0.096068785389781  0.038418902159804 -0.39991
16.309375 -0.095253241017520  0.039402413692584 -0.41366
16.312500 -0.094424899859194  0.040379125956457 -0.427632
16.315625 -0.093583954013054  0.041348955193803 -0.441838
16.318750 -0.092730596871922  0.042311819070236 -0.456288
16.321875 -0.091865023044490  0.043267636642693 -0.470991
16.325000 -0.090987428278199  0.044216328323418 -0.485961
16.328125 -0.090098009383686  0.045157815857975 -0.501208
16.331250 -0.089196964160776  0.046092022347543 -0.516744
16.334375 -0.088284491325987  0.047018872317787 -0.532584
16.337500 -0.087360790441543  0.047938291777202 -0.548739
16.340625 -0.086426061845849  0.048850208249636 -0.565225
16.343750 -0.085480506585429  0.049754550749863 -0.582057
16.346875 -0.084524326348290  0.050651249732000 -0.599251
16.350000 -0.083557723398689  0.051540237043673 -0.616822
16.353125 -0.082580900513309  0.052421445865332 -0.634789
16.356250 -0.081594060918780  0.053294810686997 -0.65317
16.359375 -0.080597408230558  0.054160267272299 -0.671985
16.362500 -0.079591146393132  0.055017752613888 -0.691255
16.365625 -0.078575479621526  0.055867204888233 -0.711
16.368750 -0.077550612344108  0.056708563441605 -0.731246
16.371875 -0.076516749146643  0.057541768814732 -0.752015
16.375000 -0.075474094717609  0.058366762799183 -0.773335
16.378125 -0.074422853794738  0.059183488445789 -0.795233
16.381250 -0.073363231112759  0.059991890063953 -0.817738
16.384375 -0.072295431352347  0.060791913180194 -0.840882
16.387500 -0.071219659090228  0.061583504513642 -0.864698
16.390625 -0.070136118750452  0.062366611971378 -0.889222
16.393750 -0.069045014556795  0.063141184667599 -0.914493
16.396875 -0.067946550486276  0.063907172938357 -0.940551
16.400000 -0.066840930223790  0.064664528353288 -0.967439
16.403125 -0.065728357117811  0.065413203717183 -0.995205
16.406250 -0.064609034137166  0.066153153085365 -1.0239
16.409375 -0.063483163828865  0.066884331809211 -1.05358
16.412500 -0.062350948276948  0.067606696581796 -1.08429
16.415625 -0.061212589062378  0.068320205469358 -1.11611
16.418750 -0.060068287223906  0.069024817904245 -1.14911
16.421875 -0.058918243219936  0.069720494641436 -1.18334
16.425000 -0.057762656891358  0.070407197718849 -1.21891
16.428125 -0.056601727425332  0.071084890431290 -1.25588
16.431250 -0.055435653320013  0.071753537321079 -1.29436
16.434375 -0.054264632350199  0.072413104173455 -1.33444
16.437500 -0.053088861533886  0.073063558007345 -1.37625
16.440625 -0.051908537099719  0.073704867073580 -1.4199
16.443750 -0.050723854455314  0.074337000872100 -1.46552
16.446875 -0.049535008156462  0.074959930187233 -1.51327
16.450000 -0.048342191877165  0.075573627151842 -1.56331
16.453125 -0.047145598380520  0.076178065302776 -1.6158
16.456250 -0.045945419490424  0.076773219597787 -1.67097
16.459375 -0.044741846064079  0.077359066412145 -1.72901
16.462500 -0.043535067965310  0.077935583487042 -1.79018
16.465625 -0.042325274038651  0.078502749881255 -1.85475
16.468750 -0.041112652084204  0.079060545939016 -1.92302
16.471875 -0.039897388833262  0.079608953288678 -1.99534
16.475000 -0.038679669924658  0.080147954845340 -2.0721
16.478125 -0.037459679881868  0.080677534819195 -2.15372
16.481250 -0.036237602090818  0.081197678723480 -2.2407
16.484375 -0.035013618778397  0.081708373383330 -2.33362
16.487500 -0.033787910991675  0.082209606957208 -2.43311
16.490625 -0.032560658577788  0.082701368980028 -2.53992
16.493750 -0.031332040164513  0.083183650409632 -2.65491
16.496875 -0.030102233141484  0.083656443652096 -2.77908
16.500000 -0.028871413642068  0.084119742548422 -2.9136
16.503125 -0.027639756525872  0.084573542356021 -3.05985
16.506250 -0.026407435361876  0.085017839734401 -3.21947
16.509375 -0.025174622412179  0.085452632703283 -3.3944
16.512500 -0.023941488616359  0.085877920684570 -3.58699
16.515625 -0.022708203576405  0.086293704458448 -3.80011
16.518750 -0.021474935542255  0.086699986159606 -4.03726
16.521875 -0.020241851397884  0.087096769258521 -4.30281
16.525000 -0.019009116647975  0.087484058568239 -4.60222
16.528125 -0.017776895405124  0.087861860252669 -4.94247
16.531250 -0.016545350377597  0.088230181784585 -5.33263
16.534375 -0.015314642857614  0.088589031873593 -5.7846
16.537500 -0.014084932710153  0.088938420352306 -6.31444
16.540625 -0.012856378362278  0.089278358082287 -6.94429
16.543750 -0.011629136792957  0.089608856918372 -7.70555
16.546875 -0.010403363523378  0.089929929703953 -8.64431
16.550000 -0.009179212607755  0.090241590289577 -9.83108
16.553125 -0.007956836624601  0.090543853517368 -11.3794
16.556250 -0.006736386668474  0.090836735184544 -13.4845
16.559375 -0.005518012342180  0.091120251990874 -16.5132
16.562500 -0.004301861749422  0.091394421492974 -21.2453
16.565625 -0.003088081487893  0.091659262076871 -29.6816
16.568750 -0.001876816642797  0.091914792929473 -48.9738
16.571875 -0.000668210780804  0.092161033994293 -137.922
16.575000  0.000537594055593  0.092398005879803 171.873
16.578125  0.001740457353303  0.092625729748094 53.2192
16.581250  0.002940240133465  0.092844227211948 31.5771
16.584375  0.004136804955890  0.093053520270436 22.4941
16.587500  0.005330015923106  0.093253631278176 17.4959
16.590625  0.006519738684039  0.093444582937071 14.3326
16.593750  0.007705840437320  0.093626398285848 12.1501
16.596875  0.008888189934224  0.093799100689556 10.5532
16.600000  0.010066657481275  0.093962713814256 9.33405
16.603125  0.011241114942472  0.094117261611555 8.37259
16.606250  0.012411435741206  0.094262768315262 7.59483
16.609375  0.013577494861823  0.094399258442511 6.95263
16.612500  0.014739168850873  0.094526756778904 6.4133
16.615625  0.015896335818035  0.094645288350346 5.95391
16.618750  0.017048875436725  0.094754878359346 5.55784
16.621875  0.018196668944406  0.094855552116575 5.2128
16.625000  0.019339599142592  0.094947334973211 4.90948
16.628125  0.020477550396562  0.095030252283720 4.6407
16.631250  0.021610408634789  0.095104329402660 4.40086
16.634375  0.022738061348080  0.095169591709062 4.18548
16.637500  0.023860397588450  0.095226064654124 3.99097
16.640625  0.024977307967724  0.095273773812381 3.81441
16.643750  0.026088684655876  0.095312744937663 3.65341
16.646875  0.027194421379113  0.095343004022379 3.50598
16.650000  0.028294413417702  0.095364577341048 3.37044
16.653125  0.029388557603563  0.095377491420150 3.2454
16.656250  0.030476752317608  0.095381773049835 3.12966
16.659375  0.031558897486857  0.095377449200964 3.0222
16.662500  0.032634894581323  0.095364546991977 2.92217
16.665625  0.033704646610667  0.095343093667359 2.82878
16.668750  0.034768058120641  0.095313116607095 2.7414
16.671875  0.035825035189314  0.095274643357515 2.65944
16.675000  0.036875485423097  0.095227701658075 2.58241
16.678125  0.037919317952556  0.095172319477170 2.50986
16.681250  0.038956443428031  0.095108525055647 2.44141
16.684375  0.039986774015063  0.095036346967125 2.37669
16.687500  0.041010223389628  0.094955814170512 2.31542
16.690625  0.042026706733194  0.094866956033449 2.2573
16.693750  0.043036140727598  0.094769802326212 2.2021
16.696875  0.044038443549737  0.094664383215910 2.14959
16.700000  0.045033534866107  0.094550729273393 2.09956
16.703125  0.046021335827160  0.094428871497740 2.05185
16.706250  0.047001769061511  0.094298841368016 2.00628
16.709375  0.047974758669989  0.094160670902914 1.96271
16.712500  0.048940230219518  0.094014392710694 1.921
16.715625  0.049898110736875  0.093860040000243 1.88103
16.718750  0.050848328702280  0.093697646574077 1.84269
16.721875  0.051790814042863  0.093527246828720 1.80587
16.725000  0.052725498125987  0.093348875775491 1.77047
16.728125  0.053652313752435  0.093162569059731 1.73641
16.731250  0.054571195149475  0.092968362997684 1.70362
16.734375  0.055482077963798  0.092766294600089 1.672
16.737500  0.056384899254329  0.092556401609585 1.64151
16.740625  0.057279597484937  0.092338722529248 1.61207
16.743750  0.058166112517005  0.092113296627965 1.58362
16.746875  0.059044385601913  0.091880163930800 1.55612
16.750000  0.059914359373401  0.091639365188126 1.52951
16.753125  0.060775977839834  0.091390941874162 1.50373
16.756250  0.061629186376368  0.091134936190605 1.47876
16.759375  0.062473931717008  0.090871391072555 1.45455
16.762500  0.063310161946586  0.090600350163307 1.43106
16.765625  0.064137826492644  0.090321857762380 1.40825
16.768750  0.064956876117223  0.090035958755870 1.38609
16.771875  0.065767262908580  0.089742698562906 1.36455
16.775000  0.066568940272810  0.089442123095880 1.3436
16.778125  0.067361862925401  0.089134278732185 1.32322
16.781250  0.068145986882708  0.088819212285203 1.30337
16.784375  0.068921269453356  0.088496971002356 1.28403
16.787500  0.069687669229576  0.088167602560531 1.26518
16.790625  0.070445146078463  0.087831155072235 1.2468
16.793750  0.071193661133189  0.087487677072511 1.22887
16.796875  0.071933176784137  0.087137217475431 1.21136
16.800000  0.072663656669982  0.086779825516394 1.19427
16.803125  0.073385065668726  0.086415550683041 1.17756
16.806250  0.074097369888658  0.086044442662365 1.16123
16.809375  0.074800536659285  0.085666551299718 1.14527
16.812500  0.075494534522199  0.085281926602617 1.12964
16.815625  0.076179333221904  0.084890618769880 1.11435
16.818750  0.076854903696602  0.084492678249939 1.09938
16.821875  0.077521218068927  0.084088155780353 1.08471
16.825000  0.078178249636654  0.083677102424783 1.07034
16.828125  0.078825972863356  0.083259569541653 1.05625
16.831250  0.079464363369041  0.082835608723822 1.04242
16.834375  0.080093397920744  0.082405271732319 1.02886
16.837500  0.080713054423093  0.081968610428164 1.01556
16.840625  0.081323311908851  0.081525676717580 1.00249
16.843750  0.081924150529425  0.081076522517916 0.989654
16.846875  0.082515551545351  0.080621199762046 0.977042
16.850000  0.083097497316764  0.080159760416712 0.964647
16.853125  0.083669971293838  0.079692256512549 0.952459
16.856250  0.084232958007214  0.079218740126479 0.940472
16.859375  0.084786443058405  0.078739263354283 0.928678
16.862500  0.085330413110195  0.078253878286923 0.917069
16.865625  0.085864855877019  0.077762637018578 0.90564
16.868750  0.086389760115327  0.077265591677376 0.894384
16.871875  0.086905115613951  0.076762794456126 0.883294
16.875000  0.087410913184451  0.076254297627904 0.872366
16.878125  0.087907144651465  0.075740153519452 0.861593
16.881250  0.088393802843047  0.075220414478683 0.850969
16.884375  0.088870881581005  0.074695132845577 0.840491
16.887500  0.089338375671238  0.074164360945994 0.830151
16.890625  0.089796280894070  0.073628151104777 0.819947
16.893750  0.090244593994591  0.073086555659593 0.809872
16.896875  0.090683312672995  0.072539626983649 0.799923
16.900000  0.091112435574924  0.071987417488869 0.790094
16.903125  0.091531962281821  0.071429979624779 0.780383
16.906250  0.091941893301284  0.070867365880274 0.770784
16.909375  0.092342230057437  0.070299628805117 0.761294
16.912500  0.092732974881304  0.069726821049466 0.75191
16.915625  0.093114131001191  0.069148995395695 0.742626
16.918750  0.093485702533094  0.068566204796358 0.733441
16.921875  0.093847694471106  0.067978502390350 0.724349
16.925000  0.094200112677845  0.067385941522938 0.715349
16.928125  0.094542963874902  0.066788575778948 0.706436
16.931250  0.094876255633293  0.066186459005836 0.697608
16.934375  0.095199996363950  0.065579645340952 0.688862
16.937500  0.095514195308207  0.064968189223197 0.680194
16.940625  0.095818862528329  0.064352145386366 0.671602
16.943750  0.096114008898045  0.063731568845055 0.663083
16.946875  0.096399646093114  0.063106514861905 0.654634
16.950000  0.096675786581911  0.062477038915044 0.646253
16.953125  0.096942443616037  0.061843196656421 0.637937
16.956250  0.097199631220955  0.061205043876401 0.629684
16.959375  0.097447364186654  0.060562636471081 0.621491
16.962500  0.097685658058338  0.059916030386771 0.613355
16.965625  0.097914529127141  0.059265281556997 0.605276
16.968750  0.098133994420881  0.058610445802479 0.597249
16.971875  0.098344071694829  0.057951578777065 0.589274
16.975000  0.098544779422525  0.057288735916781 0.581347
16.978125  0.098736136786608  0.056621972477438 0.573468
16.981250  0.098918163669697  0.055951343585287 0.565633
16.984375  0.099090880645288  0.055276904317667 0.55784
16.987500  0.099254308968697  0.054598709799949 0.550089
16.990625  0.099408470568032  0.053916815314082 0.542376
16.993750  0.099553388035203  0.053231276410915 0.534701
16.996875  0.099689084616962  0.052542148992549 0.52706
17.000000  0.099815584205988  0.051849489337428 0.519453
17.003125  0.099932911332003  0.051153354063380 0.511877
17.006250  0.100041091152931  0.050453800037262 0.504331
17.009375  0.100140149446090  0.049750884271937 0.496813
17.012500  0.100230112599427  0.049044663829378 0.489321
17.015625  0.100311007602792  0.048335195741725 0.481853
17.018750  0.100382862039250  0.047622536956939 0.474409
17.021875  0.100445704076440  0.046906744301476 0.466986
17.025000  0.100499562457964  0.046187874452059 0.459583
17.028125  0.100544466494834  0.045465983905027 0.452198
17.031250  0.100580446056943  0.044741128940302 0.444829
17.034375  0.100607531564597  0.044013365590559 0.437476
17.037500  0.100625753980074  0.043282749632016 0.430136
17.040625  0.100635144799239  0.042549336599287 0.422808
17.043750  0.100635736043196  0.041813181824918 0.41549
17.046875  0.100627560249991  0.041074340500486 0.408182
17.050000  0.100610650466349  0.040332867730952 0.400881
17.053125  0.100585040239472  0.039588818559172 0.393586
17.056250  0.100550763608868  0.038842247925554 0.386295
17.059375  0.100507855098238  0.038093210565693 0.379007
17.062500  0.100456349707397  0.037341760872825 0.371721
17.065625  0.100396282904258  0.036587952736829 0.364435
17.068750  0.100327690616847  0.035831839405237 0.357148
17.071875  0.100250609225376  0.035073473327859 0.349858
17.075000  0.100165075554361  0.034312906002390 0.342564
17.078125  0.100071126864786  0.033550187818370 0.335263
17.081250  0.099968800846319  0.032785367931964 0.327956
17.084375  0.099858135609572  0.032018494178137 0.32064
17.087500  0.099739169678417  0.031249613014377 0.313313
17.090625  0.099611941982343  0.030478769498784 0.305975
17.093750  0.099476491848868  0.029706007303151 0.298623
17.096875  0.099332858995999  0.028931368767716 0.291257
17.100000  0.099181083524741  0.028154894998280 0.283874
17.103125  0.099021205911655  0.027376625996421 0.276472
17.106250  0.098853267001474  0.026596600811304 0.269051
17.109375  0.098677307999754  0.025814857689882 0.261609
17.112500  0.098493370465594  0.025031434224909 0.254143
17.115625  0.098301496304389  0.024246367505380 0.246653
17.118750  0.098101727760650  0.023459694278473 0.239136
17.121875  0.097894107410861  0.022671451160827 0.231592
17.125000  0.097678678156399  0.021881674940055 0.224017
17.128125  0.097455483216494  0.021090402956747 0.216411
17.131250  0.097224566121250  0.020297673477165 0.208771
17.134375  0.096985970704710  0.019503525838537 0.201096
17.137500  0.096739741097980  0.018708000191873 0.193385
17.140625  0.096485921722397  0.017911136825210 0.185635
17.143750  0.096224557282754  0.017112975331637 0.177844
17.146875  0.095955692760572  0.016313554015455 0.170011
17.150000  0.095679373407432  0.015512909811364 0.162134
17.153125  0.095395644738348  0.014711078716040 0.154211
17.156250  0.095104552525199  0.013908096466574 0.14624
17.159375  0.094806142790215  0.013103999194336 0.138219
17.162500  0.094500461799505  0.012298823835163 0.130146
17.165625  0.094187556056647  0.011492608250182 0.122018
17.168750  0.093867472296327  0.010685391088862 0.113835
17.171875  0.093540257478026  0.009877211484474 0.105593
17.175000  0.093205958779765  0.009068108702430 0.0972911
17.178125  0.092864623591895  0.008258121857324 0.0889265
17.181250  0.092516299510949  0.007447289778818 0.0804971
17.184375  0.092161034333534  0.006635651028341 0.0720006
17.187500  0.091798876050284  0.005823243970459 0.0634348
17.190625  0.091429872839864  0.005010106788385 0.0547973
17.193750  0.091054073063015  0.004196277330013 0.0460856
17.196875  0.090671525256669  0.003381792808346 0.0372972
17.200000  0.090282278128099  0.002566689421111 0.0284296
17.203125  0.089886380549133  0.001751001998742 0.0194802
17.206250  0.089483881550407  0.000934763774587 0.0104462
17.209375  0.089074830315685  0.000118006314655 0.0013248
17.212500  0.088659276176214 -0.000699240365322 -0.00788683
17.215625  0.088237268605146 -0.001516947498375 -0.0171917
17.218750  0.087808857211997 -0.002335087064318 -0.0265928
17.221875  0.087374091737168 -0.003153631124876 -0.0360934
17.225000  0.086933022046512 -0.003972551026419 -0.0456967
17.228125  0.086485698125950 -0.004791816621710 -0.0554059
17.231250  0.086032170076145 -0.005611395572220 -0.0652244
17.234375  0.085572488107220 -0.006431252812583 -0.0751556
17.237500  0.085106702533530 -0.007251350176701 -0.085203
17.240625  0.084634863768481 -0.008071646182788 -0.0953702
17.243750  0.084157022319405 -0.008892095961053 -0.105661
17.246875  0.083673228782480 -0.009712651293382 -0.116078
17.250000  0.083183533837705 -0.010533260740936 -0.126627
17.253125  0.082687988243918 -0.011353869852428 -0.13731
17.256250  0.082186642833870 -0.012174421441399 -0.148131
17.259375  0.081679548509349 -0.012994855915315 -0.159096
17.262500  0.081166756236347 -0.013815111702745 -0.170207
17.265625  0.080648317040284 -0.014635125763676 -0.181468
17.268750  0.080124282001276 -0.015454834222986 -0.192886
17.271875  0.079594702249453 -0.016274173109010 -0.204463
17.275000  0.079059628960328 -0.017093079172739 -0.216205
17.278125  0.078519113350215 -0.017911490719133 -0.228116
17.281250  0.077973206671690 -0.018729348390627 -0.240202
17.284375  0.077421960209108 -0.019546595840576 -0.252468
17.287500  0.076865425274161 -0.020363180248636 -0.26492
17.290625  0.076303653201491 -0.021179052656951 -0.277563
17.293750  0.075736695344344 -0.021994168105928 -0.290403
17.296875  0.075164603070278 -0.022808485574705 -0.303447
17.300000  0.074587427756915 -0.023621967753442 -0.316702
17.303125  0.074005220787736 -0.024434580712459 -0.330174
17.306250  0.073418033547935 -0.025246293575185 -0.34387
17.309375  0.072825917420305 -0.026057078248012 -0.3578
17.312500  0.072228923781186 -0.026866909243950 -0.371969
17.315625  0.071627103996445 -0.027675763566502 -0.386387
17.318750  0.071020509417511 -0.028483620593513 -0.401062
17.321875  0.070409191377457 -0.029290461936757 -0.416003
17.325000  0.069793201187121 -0.030096271235208 -0.431221
17.328125  0.069172590131276 -0.030901033872608 -0.446724
17.331250  0.068547409464851 -0.031704736641698 -0.462523
17.334375  0.067917710409184 -0.032507367365341 -0.478629
17.337500  0.067283544148334 -0.033308914532086 -0.495053
17.340625  0.066644961825432 -0.034109366981033 -0.511807
17.343750  0.066002014539071 -0.034908713704571 -0.528904
17.346875  0.065354753339752 -0.035706943809862 -0.546356
17.350000  0.064703229226360 -0.036504046651897 -0.564177
17.353125  0.064047493142701 -0.037300012101588 -0.582381
17.356250  0.063387595974063 -0.038094830888378 -0.600982
17.359375  0.062723588543838 -0.038888494948768 -0.619998
17.362500  0.062055521610178 -0.039680997735473 -0.639443
17.365625  0.061383445862690 -0.040472334477508 -0.659336
17.368750  0.060707411919190 -0.041262502378053 -0.679695
17.371875  0.060027470322478 -0.042051500779480 -0.700538
17.375000  0.059343671537172 -0.042839331284355 -0.721885
17.378125  0.058656065946578 -0.043625997852499 -0.743759
17.381250  0.057964703849597 -0.044411506892548 -0.766182
17.384375  0.057269635457684 -0.045195867393183 -0.789177
17.387500  0.056570910891838 -0.045979091110728 -0.812769
17.390625  0.055868580179642 -0.046761192802668 -0.836986
17.393750  0.055162693252335 -0.047542190422565 -0.861854
17.396875  0.054453299941928 -0.048322105256176 -0.887405
17.400000  0.053740449978368 -0.049100961957344 -0.913669
17.403125  0.053024192986729 -0.049878788475117 -0.94068
17.406250  0.052304578484450 -0.050655615876991 -0.968474
17.409375  0.051581655878614 -0.051431478087498 -0.997089
17.412500  0.050855474463258 -0.052206411546570 -1.02656
17.415625  0.050126083416737 -0.052980454810914 -1.05694
17.418750  0.049393531799109 -0.053753648118360 -1.08827
17.421875  0.048657868549573 -0.054526032935385 -1.1206
17.425000  0.047919142483937 -0.055297651512964 -1.15398
17.428125  0.047177402292124 -0.056068546464095 -1.18846
17.431250  0.046432696535727 -0.056838760340747 -1.22411
17.434375  0.045685073645583 -0.057608335169924 -1.26099
17.437500  0.044934581919400 -0.058377311909951 -1.29916
17.440625  0.044181269519416 -0.059145729816982 -1.33871
17.443750  0.043425184470088 -0.059913625755690 -1.3797
17.446875  0.042666374655831 -0.060681033502010 -1.42222
17.450000  0.041904887818783 -0.061447983157077 -1.46637
17.453125  0.041140771556607 -0.062214500664827 -1.51223
17.456250  0.040374073320336 -0.062980607375449 -1.55993
17.459375  0.039604840412240 -0.063746319522502 -1.60956
17.462500  0.038833119983747 -0.064511647603338 -1.66125
17.465625  0.038058959033379 -0.065276595666497 -1.71514
17.468750  0.037282404404741 -0.066041160704847 -1.77138
17.471875  0.036503502784528 -0.066805332140214 -1.83011
17.475000  0.035722300700581 -0.067569091408882 -1.89151
17.478125  0.034938844519964 -0.068332411594246 -1.95577
17.481250  0.034153180447088 -0.069095257072460 -2.0231
17.484375  0.033365354521855 -0.069857583179767 -2.09372
17.487500  0.032575412617848 -0.070619335869731 -2.16787
17.490625  0.031783400440539 -0.071380451292384 -2.24584
17.493750  0.030989363525550 -0.072140855207607 -2.32792
17.496875  0.030193347236924 -0.072900462163108 -2.41445
17.500000  0.029395396765448 -0.073659174568010 -2.50581
17.503125  0.028595557126996 -0.074416882092915 -2.60239
17.506250  0.027793873160901 -0.075173461424603 -2.70468
17.509375  0.026990389528378 -0.075928776949069 -2.81318
17.512500  0.026185150710951 -0.076682681940212 -2.92848
17.515625  0.025378201008933 -0.077435019909889 -3.05124
17.518750  0.024569584539930 -0.078185625659481 -3.18221
17.521875  0.023759345237363 -0.078934325850840 -3.32224
17.525000  0.022947526849044 -0.079680939203418 -3.47231
17.528125  0.022134172935763 -0.080425276442057 -3.63353
17.531250  0.021319326869912 -0.081167140121697 -3.80721
17.534375  0.020503031834138 -0.081906324317069 -3.99484
17.537500  0.019685330820021 -0.082642614174388 -4.19818
17.540625  0.018866266626793 -0.083375785407885 -4.4193
17.543750  0.018045881860071 -0.084105603880073 -4.66065
17.546875  0.017224218930625 -0.084831825421205 -4.92515
17.550000  0.016401320053179 -0.085554195945010 -5.2163
17.553125  0.015577227245230 -0.086272451883221 -5.53837
17.556250  0.014751982325906 -0.086986320882033 -5.89659
17.559375  0.013925626914840 -0.087695522696259 -6.29742
17.562500  0.013098202431081 -0.088399770233402 -6.749
17.565625  0.012269750092028 -0.089098770697668 -7.26166
17.568750  0.011440310912385 -0.089792226780966 -7.84876
17.571875  0.010609925703159 -0.090479837822333 -8.52785
17.575000  0.009778635070665 -0.091161300852190 -9.3225
17.578125  0.008946479415570 -0.091836311461128 -10.2651
17.581250  0.008113498931960 -0.092504564408356 -11.4013
17.584375  0.007279733606425 -0.093165753953055 -12.798
17.587500  0.006445223217185 -0.093819573942642 -14.5565
17.590625  0.005610007333224 -0.094465717757805 -16.8388
17.593750  0.004774125313465 -0.095103878218434 -19.9207
17.596875  0.003937616305953 -0.095733747491716 -24.3126
17.600000  0.003100519247077 -0.096355016995702 -31.0771
17.603125  0.002262872860809 -0.096967377250613 -42.8514
17.606250  0.001424715657968 -0.097570517706809 -68.4842
17.609375  0.000586085935509 -0.098164126604665 -167.491
17.612500 -0.000252978224166 -0.098747891037983 390.341
17.615625 -0.001092438953875 -0.099321497304042 90.9172
17.618750 -0.001932258602292 -0.099884631562204 51.6932
17.621875 -0.002772399734574 -0.100436980714926 36.2275
17.625000 -0.003612825132948 -0.100978233365756 27.9499
17.628125 -0.004453497797294 -0.101508080725309 22.7929
17.631250 -0.005294380945693 -0.102026217394200 19.2707
17.634375 -0.006135438014954 -0.102532342056920 16.7115
17.637500 -0.006976632661125 -0.103026158152816 14.7673
17.640625 -0.007817928759982 -0.103507374570118 13.2397
17.643750 -0.008659290407487 -0.103975706365866 12.0074
17.646875 -0.009500681920241 -0.104430875454969 10.9919
17.650000 -0.010342067835900 -0.104872611192198 10.1404
17.653125 -0.011183412913582 -0.105300650795228 9.41579
17.656250 -0.012024682134244 -0.105714739641476 8.79148
17.659375 -0.012865840701051 -0.106114631526651 8.24778
17.662500 -0.013706854039714 -0.106500088945573 7.76984
17.665625 -0.014547687798810 -0.106870883363578 7.34625
17.668750 -0.015388307850090 -0.107226795388803 6.96807
17.671875 -0.016228680288756 -0.107567614747303 6.62824
17.675000 -0.017068771433729 -0.107893140024793 6.32108
17.678125 -0.017908547827895 -0.108203178243959 6.04199
17.681250 -0.018747976238326 -0.108497544447995 5.78716
17.684375 -0.019587023656493 -0.108776061448099 5.55348
17.687500 -0.020425657298452 -0.109038559812747 5.33831
17.690625 -0.021263844605017 -0.109284878044924 5.13947
17.693750 -0.022101553241913 -0.109514862824312 4.95508
17.696875 -0.022938751099910 -0.109728369181644 4.78354
17.700000 -0.023775406294942 -0.109925260531080 4.62349
17.703125 -0.024611487168210 -0.110105408609695 4.47374
17.706250 -0.025446962286259 -0.110268693419329 4.33328
17.709375 -0.026281800441053 -0.110415003241393 4.2012
17.712500 -0.027115970650018 -0.110544234685846 4.07672
17.715625 -0.027949442156078 -0.110656292701782 3.95916
17.718750 -0.028782184427672 -0.110751090495137 3.8479
17.721875 -0.029614167158752 -0.110828549282993 3.74242
17.725000 -0.030445360268775 -0.110888597814949 3.64222
17.728125 -0.031275733902661 -0.110931171775125 3.54688
17.731250 -0.032105258430756 -0.110956213379683 3.45601
17.734375 -0.032933904448763 -0.110963671488322 3.36928
17.737500 -0.033761642777670 -0.110953502253741 3.28638
17.740625 -0.034588444463656 -0.110925670022346 3.20702
17.743750 -0.035414280777982 -0.110880148050193 3.13094
17.746875 -0.036239123216867 -0.110816918619882 3.05794
17.750000 -0.037062943501361 -0.110735972545854 2.98778
17.753125 -0.037885713577182 -0.110637308286413 2.92029
17.756250 -0.038707405614563 -0.110520931060140 2.85529
17.759375 -0.039527992008064 -0.110386852231410 2.79262
17.762500 -0.040347445376383 -0.110235089046977 2.73215
17.765625 -0.041165738562150 -0.110065664641483 2.67372
17.768750 -0.041982844631709 -0.109878608145985 2.61723
17.771875 -0.042798736874882 -0.109673954776940 2.56255
17.775000 -0.043613388804725 -0.109451745883556 2.50959
17.778125 -0.044426774157269 -0.109212028938774 2.45825
17.781250 -0.045238866891246 -0.108954857563304 2.40843
17.784375 -0.046049641187811 -0.108680291531177 2.36007
17.787500 -0.046859071450239 -0.108388396730124 2.31307
17.790625 -0.047667132303620 -0.108079245043791 2.26737
17.793750 -0.048473798594536 -0.107752914155867 2.22291
17.796875 -0.049279045390732 -0.107409487340176 2.17962
17.800000 -0.050082847980765 -0.107049053266461 2.13744
17.803125 -0.050885181873658 -0.106671705865493 2.09632
17.806250 -0.051686022798522 -0.106277544201930 2.05621
17.809375 -0.052485346704184 -0.105866672374253 2.01707
17.812500 -0.053283129758795 -0.105439199361038 1.97885
17.815625 -0.054079348349431 -0.104995238841911 1.9415
17.818750 -0.054873979081679 -0.104534908978527 1.905
17.821875 -0.055666998779219 -0.104058332181198 1.8693
17.825000 -0.056458384483385 -0.103565634890283 1.83437
17.828125 -0.057248113452729 -0.103056947355338 1.80018
17.831250 -0.058036163162565 -0.102532403452217 1.7667
17.834375 -0.058822511304505 -0.101992140530895 1.7339
17.837500 -0.059607135785990 -0.101436299295402 1.70175
17.840625 -0.060390014729802 -0.100865023719762 1.67023
17.843750 -0.061171126473577 -0.100278461003375 1.63931
17.846875 -0.061950449569299 -0.099676761582465 1.60898
17.850000 -0.062727962782795 -0.099060079188070 1.5792
17.853125 -0.063503645093210 -0.098428570926157 1.54997
17.856250 -0.064277475692479 -0.097782397335864 1.52125
17.859375 -0.065049433984793 -0.097121722387704 1.49304
17.862500 -0.065819499586046 -0.096446713403512 1.46532
17.865625 -0.066587652323289 -0.095757540922224 1.43807
17.868750 -0.067353872234158 -0.095054378564493 1.41127
17.871875 -0.068118139566307 -0.094337402930898 1.38491
17.875000 -0.068880434776827 -0.093606793536330 1.35898
17.878125 -0.069640738531660 -0.092862732719177 1.33345
17.881250 -0.070399031705001 -0.092105405472093 1.30833
17.884375 -0.071155295378696 -0.091334999192926 1.2836
17.887500 -0.071909510841631 -0.090551703397859 1.25925
17.890625 -0.072661659589111 -0.089755709476230 1.23526
17.893750 -0.073411723322239 -0.088947210534871 1.21162
17.896875 -0.074159683947281 -0.088126401318858 1.18833
17.900000 -0.074905523575024 -0.087293478163679 1.16538
17.903125 -0.075649224520131 -0.086448638926148 1.14276
17.906250 -0.076390769300486 -0.085592082894833 1.12045
17.909375 -0.077130140636534 -0.084724010692987 1.09846
17.912500 -0.077867321450616 -0.083844624179445 1.07676
17.915625 -0.078602294866293 -0.082954126395166 1.05537
17.918750 -0.079335044207666 -0.082052721522774 1.03426
17.921875 -0.080065552998688 -0.081140614848848 1.01343
17.925000 -0.080793804962478 -0.080218012700765 0.992873
17.928125 -0.081519784020618 -0.079285122340856 0.972587
17.931250 -0.082243474292450 -0.078342151816778 0.952564
17.934375 -0.082964860094365 -0.077389309801698 0.932796
17.937500 -0.083683925939090 -0.076426805462713 0.913279
17.940625 -0.084400656534966 -0.075454848375555 0.894008
17.943750 -0.085115036785221 -0.074473648457910 0.874976
17.946875 -0.085827051787241 -0.073483415882805 0.85618
17.950000 -0.086536686831827 -0.072484360939770 0.837614
17.953125 -0.087243927402462 -0.071476693872725 0.819274
17.956250 -0.087948759174557 -0.070460624725724 0.801155
17.959375 -0.088651168014704 -0.069436363249573 0.783254
17.962500 -0.089351139979916 -0.068404118904198 0.765565
17.965625 -0.090048661316868 -0.067364100952506 0.748086
17.968750 -0.090743718461132 -0.066316518572613 0.730811
17.971875 -0.091436298036405 -0.065261580899019 0.713738
17.975000 -0.092126386853739 -0.064199496956758 0.696863
17.978125 -0.092813971910756 -0.063130475501214 0.680183
17.981250 -0.093499040390872 -0.062054724816911 0.663694
17.984375 -0.094181579662507 -0.060972452550888 0.647393
17.987500 -0.094861577278292 -0.059883865624279 0.631276
17.990625 -0.095539020974283 -0.058789170218832 0.615342
17.993750 -0.096213898669155 -0.057688571797812 0.599587
17.996875 -0.096886198463403 -0.056582275111793 0.584008
18.000000 -0.097555893439242 -0.055470484171369 0.568602
18.003125 -0.098222610469889 -0.054353402185023 0.55337
18.006250 -0.098885643714869 -0.053231231483352 0.538311
18.009375 -0.099544294446251 -0.052104173451189 0.523427
18.012500 -0.100197885949533 -0.050972428475454 0.508718
18.015625 -0.100845763112079 -0.049836195898898 0.494182
18.018750 -0.101487292017541 -0.048695673973855 0.47982
18.021875 -0.102121859546196 -0.047551059814886 0.465631
18.025000 -0.102748872981124 -0.046402549353376 0.451611
18.028125 -0.103367759620145 -0.045250337295716 0.437761
18.031250 -0.103977966393455 -0.044094617083936 0.424077
18.034375 -0.104578959486887 -0.042935580850221 0.410557
18.037500 -0.105170223970711 -0.041773419369114 0.397198
18.040625 -0.105751263433932 -0.040608322002898 0.383998
18.043750 -0.106321599623986 -0.039440476648935 0.370955
18.046875 -0.106880772091790 -0.038270069691714 0.358063
18.050000 -0.107428337842067 -0.037097285964191 0.345321
18.053125 -0.107963870988880 -0.035922308719878 0.332725
18.056250 -0.108486962416306 -0.034745319601588 0.320272
18.059375 -0.108997219444202 -0.033566498617700 0.307957
18.062500 -0.109494265498970 -0.032386024126604 0.295778
18.065625 -0.109977739789287 -0.031204072842242 0.283731
18.068750 -0.110447296986713 -0.030020819826396 0.271811
18.071875 -0.110902606911130 -0.028836438497956 0.260016
18.075000 -0.111343354220943 -0.027651100615430 0.248341
18.078125 -0.111769238107985 -0.026464976272195 0.236782
18.081250 -0.112179971997067 -0.025278233911983 0.225336
18.084375 -0.112575283250111 -0.024091040350901 0.213999
18.087500 -0.112954912874801 -0.022903560818009 0.202767
18.090625 -0.113318615237714 -0.021715958993148 0.191636
18.093750 -0.113666157781849 -0.020528397040126 0.180603
18.096875 -0.113997320748511 -0.019341035632004 0.169662
18.100000 -0.114311896903500 -0.018154033959222 0.158811
18.103125 -0.114609691267525 -0.016967549733380 0.148046
18.106250 -0.114890520850818 -0.015781739198683 0.137363
18.109375 -0.115154214391874 -0.014596757138743 0.126758
18.112500 -0.115400612100266 -0.013412756917362 0.116228
18.115625 -0.115629565403495 -0.012229890515363 0.105768
18.118750 -0.115840936697800 -0.011048308561085 0.0953748
18.121875 -0.116034599102899 -0.009868160346674 0.085045
18.125000 -0.116210436220593 -0.008689593826701 0.0747746
18.128125 -0.116368341897197 -0.007512755612402 0.0645601
18.131250 -0.116508219989732 -0.006337790956400 0.0543978
18.134375 -0.116629984135840 -0.005164843749637 0.044284
18.137500 -0.116733557527371 -0.003994056524217 0.0342152
18.140625 -0.116818872687592 -0.002825570469982 0.0241876
18.143750 -0.116885871251968 -0.001659525445814 0.0141978
18.146875 -0.116934503752479 -0.000496059991594 0.0042422
18.150000 -0.116964729405405  0.000664688664699 -0.00568281
18.153125 -0.116976515902558  0.001822584605831 -0.0155808
18.156250 -0.116969839205897  0.002977493224749 -0.0254552
18.159375 -0.116944683345492  0.004129281233315 -0.0353097
18.162500 -0.116901040220780  0.005277816667113 -0.0451477
18.165625 -0.116838909405086  0.006422968890317 -0.0549729
18.168750 -0.116758297953355  0.007564608593579 -0.0647886
18.171875 -0.116659220213044  0.008702607797514 -0.0745985
18.175000 -0.116541697638157  0.009836839859627 -0.0844062
18.178125 -0.116405758606352  0.010967179501849 -0.0942151
18.181250 -0.116251438239098  0.012093502840750 -0.104029
18.184375 -0.116078778224834  0.013215687427139 -0.113851
18.187500 -0.115887826645091  0.014333612268512 -0.123685
18.190625 -0.115678637803535  0.015447157842961 -0.133535
18.193750 -0.115451272057890  0.016556206103338 -0.143404
18.196875 -0.115205795654716  0.017660640473016 -0.153296
18.200000 -0.114942280566978  0.018760345837679 -0.163215
18.203125 -0.114660804334391  0.019855208541356 -0.173165
18.206250 -0.114361449906495  0.020945116387453 -0.183148
18.209375 -0.114044305488413  0.022029958641107 -0.19317
18.212500 -0.113709464389279  0.023109626027693 -0.203234
18.215625 -0.113357024873271  0.024184010708056 -0.213344
18.218750 -0.112987090013236  0.025253006264162 -0.223503
18.221875 -0.112599767546861  0.026316507677112 -0.233717
18.225000 -0.112195169735351  0.027374411337589 -0.243989
18.228125 -0.111773413224595  0.028426615069174 -0.254324
18.231250 -0.111334618908769  0.029473018148259 -0.264725
18.234375 -0.110878911796348  0.030513521296388 -0.275197
18.237500 -0.110406420878498  0.031548026644566 -0.285744
18.240625 -0.109917278999811  0.032576437698690 -0.296372
18.243750 -0.109411622731350  0.033598659326119 -0.307085
18.246875 -0.108889592245974  0.034614597763986 -0.317887
18.250000 -0.108351331195904  0.035624160638173 -0.328784
18.253125 -0.107796986592518  0.036627256975128 -0.33978
18.256250 -0.107226708688311  0.037623797207435 -0.350881
18.259375 -0.106640650861025  0.038613693173949 -0.362092
18.262500 -0.106038969499896  0.039596858129977 -0.373418
18.265625 -0.105421823893995  0.040573206763163 -0.384865
18.268750 -0.104789376122630  0.041542655197100 -0.39644
18.271875 -0.104141790947784  0.042505120971428 -0.408147
18.275000 -0.103479235708564  0.043460522992638 -0.419993
18.278125 -0.102801880217619  0.044408781476471 -0.431984
18.281250 -0.102109896659512  0.045349817922898 -0.444128
18.284375 -0.101403459491011  0.046283555126198 -0.45643
18.287500 -0.100682745343270  0.047209917219568 -0.468898
18.290625 -0.099947932925889  0.048128829714311 -0.481539
18.293750 -0.099199202932799  0.049040219507961 -0.494361
18.296875 -0.098436737949968  0.049944014873227 -0.507372
18.300000 -0.097660722364891  0.050840145420110 -0.520579
18.303125 -0.096871342277842  0.051728542079353 -0.533992
18.306250 -0.096068785414864  0.052609137105900 -0.547619
18.309375 -0.095253241042464  0.053481864092590 -0.56147
18.312500 -0.094424899884000  0.054346657974523 -0.575554
18.315625 -0.093583954037723  0.055203455023032 -0.589882
18.318750 -0.092730596896454  0.056052192830517 -0.604463
18.321875 -0.091865023068887  0.056892810309987 -0.619309
18.325000 -0.090987428302461  0.057725247678271 -0.634431
18.328125 -0.090098009407813  0.058549446447292 -0.649842
18.331250 -0.089196964184770  0.059365349413206 -0.665553
18.334375 -0.088284491349848  0.060172900660480 -0.68158
18.337500 -0.087360790465272  0.060972045575612 -0.697934
18.340625 -0.086426061869447  0.061762730863142 -0.714631
18.343750 -0.085480506608897  0.062544904542300 -0.731686
18.346875 -0.084524326371627  0.063318515929677 -0.749116
18.350000 -0.083557723421897  0.064083515611647 -0.766937
18.353125 -0.082580900536389  0.064839855418397 -0.785168
18.356250 -0.081594060941732  0.065587488421002 -0.803827
18.359375 -0.080597408253383  0.066326368946557 -0.822934
18.362500 -0.079591146415830  0.067056452611488 -0.842511
18.365625 -0.078575479644100  0.067777696360729 -0.862581
18.368750 -0.077550612366556  0.068490058492341 -0.883166
18.371875 -0.076516749168967  0.069193498669105 -0.904292
18.375000 -0.075474094739810  0.069887977918215 -0.925986
18.378125 -0.074422853816816  0.070573458625018 -0.948277
18.381250 -0.073363231134715  0.071249904521253 -0.971194
18.384375 -0.072295431374181  0.071917280661067 -0.994769
18.387500 -0.071219659111941  0.072575553383654 -1.01904
18.390625 -0.070136118772045  0.073224690274602 -1.04404
18.393750 -0.069045014578268  0.073864660133767 -1.0698
18.396875 -0.067946550507630  0.074495432977835 -1.09638
18.400000 -0.066840930245027  0.075116980081586 -1.12382
18.403125 -0.065728357138930  0.075729274031464 -1.15216
18.406250 -0.064609034158169  0.076332288787648 -1.18145
18.409375 -0.063483163849751  0.076925999719552 -1.21175
18.412500 -0.062350948297719  0.077510383613992 -1.24313
18.415625 -0.061212589083034  0.078085418659309 -1.27564
18.418750 -0.060068287244447  0.078651084427509 -1.30936
18.421875 -0.058918243240363  0.079207361858874 -1.34436
18.425000 -0.057762656911672  0.079754233257502 -1.38072
18.428125 -0.056601727445533  0.080291682293814 -1.41854
18.431250 -0.055435653340103  0.080819694005742 -1.4579
18.434375 -0.054264632370178  0.081338254795284 -1.49892
18.437500 -0.053088861553755  0.081847352431649 -1.5417
18.440625 -0.051908537119477  0.082346976067025 -1.58639
18.443750 -0.050723854474963  0.082837116262711 -1.6331
18.446875 -0.049535008176002  0.083317765003142 -1.682
18.450000 -0.048342191896597  0.083788915700547 -1.73325
18.453125 -0.047145598399844  0.084250563208661 -1.78703
18.456250 -0.045945419509641  0.084702703801870 -1.84355
18.459375 -0.044741846083190  0.085145335200642 -1.90304
18.462500 -0.043535067984315  0.085578456561283 -1.96574
18.465625 -0.042325274057550  0.086002068460459 -2.03193
18.468750 -0.041112652102999  0.086416172854667 -2.10194
18.471875 -0.039897388851953  0.086820773037437 -2.1761
18.475000 -0.038679669943245  0.087215873617460 -2.25482
18.478125 -0.037459679900353  0.087601480495978 -2.33855
18.481250 -0.036237602109200  0.087977600842700 -2.4278
18.484375 -0.035013618796678  0.088344243041913 -2.52314
18.487500 -0.033787911009855  0.088701416612741 -2.62524
18.490625 -0.032560658595867  0.089049132138427 -2.73487
18.493750 -0.031332040182491  0.089387401209319 -2.85291
18.496875 -0.030102233159363  0.089716236395406 -2.98038
18.500000 -0.028871413659847  0.090035651217945 -3.11851
18.503125 -0.027639756543554  0.090345660107335 -3.26869
18.506250 -0.026407435379459  0.090646278337975 -3.4326
18.509375 -0.025174622429666  0.090937521952653 -3.61227
18.512500 -0.023941488633748  0.091219407704247 -3.8101
18.515625 -0.022708203593698  0.091491953026198 -4.02903
18.518750 -0.021474935559452  0.091755176034725 -4.27266
18.521875 -0.020241851414986  0.092009095530261 -4.54549
18.525000 -0.019009116664982  0.092253730977244 -4.85313
18.528125 -0.017776895422037  0.092489102451009 -5.20277
18.531250 -0.016545350394416  0.092715230565267 -5.6037
18.534375 -0.015314642874340  0.092932136397460 -6.06819
18.537500 -0.014084932726786  0.093139841428695 -6.61273
18.540625 -0.012856378378819  0.093338367490514 -7.26008
18.543750 -0.011629136809406  0.093527736715707 -8.04253
18.546875 -0.010403363539736  0.093707971477873 -9.00747
18.550000 -0.009179212624023  0.093879094337919 -10.2274
18.553125 -0.007956836640779  0.094041128022459 -11.8189
18.556250 -0.006736386684562  0.094194095448560 -13.9829
18.559375 -0.005518012358179  0.094338019770472 -17.0964
18.562500 -0.004301861765332  0.094472924427990 -21.9609
18.565625 -0.003088081503715  0.094598833156413 -30.6335
18.568750 -0.001876816658532  0.094715769960985 -50.4662
18.571875 -0.000668210796451  0.094823759063530 -141.907
18.575000  0.000537594040033  0.094922824845777 176.57
18.578125  0.001740457337829  0.095012991807777 54.5908
18.581250  0.002940240118076  0.095094284546542 32.3424
18.584375  0.004136804940586  0.095166727762864 23.0049
18.587500  0.005330015907887  0.095230346288696 17.8668
18.590625  0.006519738668905  0.095285165122114 14.6149
18.593750  0.007705840422269  0.095331209459178 12.3713
18.596875  0.008888189919258  0.095368504728958 10.7298
18.600000  0.010066657466391  0.095397076584704 9.47654
18.603125  0.011241114927671  0.095416950937874 8.48821
18.606250  0.012411435726486  0.095428153964860 7.68873
18.609375  0.013577494847185  0.095430712117283 7.02859
18.612500  0.014739168836316  0.095424652122202 6.47422
18.615625  0.015896335803559  0.095410000975573 6.00201
18.618750  0.017048875422330  0.095386785934476 5.5949
18.621875  0.018196668930090  0.095355034492749 5.24025
18.625000  0.019339599128356  0.095314774350372 4.92848
18.628125  0.020477550382404  0.095266033391853 4.65222
18.631250  0.021610408620710  0.095208839697917 4.40569
18.634375  0.022738061334079  0.095143221591457 4.18432
18.637500  0.023860397574527  0.095069207700515 3.98439
18.640625  0.024977307953878  0.094986827012564 3.80292
18.643750  0.026088684642106  0.094896108915405 3.63744
18.646875  0.027194421365420  0.094797083228341 3.4859
18.650000  0.028294413404085  0.094689780227028 3.34659
18.653125  0.029388557590021  0.094574230677236 3.21806
18.656250  0.030476752304141  0.094450465880607 3.0991
18.659375  0.031558897473465  0.094318517739575 2.98865
18.662500  0.032634894568006  0.094178418824518 2.88582
18.665625  0.033704646597424  0.094030202429754 2.78983
18.668750  0.034768058107470  0.093873902605775 2.7
18.671875  0.035825035176217  0.093709554167692 2.61576
18.675000  0.036875485410072  0.093537192673097 2.53657
18.678125  0.037919317939604  0.093356854408990 2.46199
18.681250  0.038956443415151  0.093168576389093 2.39161
18.684375  0.039986774002253  0.092972396366550 2.32508
18.687500  0.041010223376889  0.092768352840429 2.26208
18.690625  0.042026706720526  0.092556485034621 2.20233
18.693750  0.043036140715000  0.092336832858339 2.14556
18.696875  0.044038443537210  0.092109436846209 2.09157
18.700000  0.045033534853649  0.091874338114042 2.04013
18.703125  0.046021335814771  0.091631578334213 1.99107
18.706250  0.047001769049191  0.091381199738392 1.94421
18.709375  0.047974758657737  0.091123245128806 1.8994
18.712500  0.048940230207335  0.090857757883738 1.8565
18.715625  0.049898110724758  0.090584781936798 1.8154
18.718750  0.050848328690231  0.090304361735124 1.77596
18.721875  0.051790814030880  0.090016542187995 1.73808
18.725000  0.052725498114071  0.089721368628910 1.70167
18.728125  0.053652313740585  0.089418886791091 1.66664
18.731250  0.054571195137691  0.089109142808706 1.6329
18.734375  0.055482077952079  0.088792183217744 1.60038
18.737500  0.056384899242676  0.088468054957909 1.569
18.740625  0.057279597473348  0.088136805375057 1.53871
18.743750  0.058166112505481  0.087798482218954 1.50944
18.746875  0.059044385590452  0.087453133637881 1.48114
18.750000  0.059914359362004  0.087100808154521 1.45376
18.753125  0.060775977828500  0.086741554631319 1.42723
18.756250  0.061629186365097  0.086375422221790 1.40153
18.759375  0.062473931705799  0.086002460330344 1.37661
18.762500  0.063310161935440  0.085622718575644 1.35243
18.765625  0.064137826481560  0.085236246768616 1.32895
18.768750  0.064956876106200  0.084843094884744 1.30614
18.771875  0.065767262897618  0.084443313058347 1.28397
18.775000  0.066568940261909  0.084036951577477 1.2624
18.778125  0.067361862914560  0.083624060877670 1.24142
18.781250  0.068145986871928  0.083204691537201 1.22098
18.784375  0.068921269442636  0.082778894265913 1.20106
18.787500  0.069687669218915  0.082346719891003 1.18165
18.790625  0.070445146067861  0.081908219336967 1.16272
18.793750  0.071193661122646  0.081463443608605 1.14425
18.796875  0.071933176773652  0.081012443769960 1.12622
18.800000  0.072663656659556  0.080555270941786 1.1086
18.803125  0.073385065658357  0.080091976299692 1.09139
18.806250  0.074097369878347  0.079622611074025 1.07457
18.809375  0.074800536649032  0.079147226536586 1.05811
18.812500  0.075494534512002  0.078665873977327 1.04201
18.815625  0.076179333211764  0.078178604688141 1.02624
18.818750  0.076854903686518  0.077685469970769 1.01081
18.821875  0.077521218058899  0.077186521174066 0.995683
18.825000  0.078178249626681  0.076681809722450 0.980859
18.828125  0.078825972853439  0.076171387117889 0.966323
18.831250  0.079464363359179  0.075655304910624 0.952066
18.834375  0.080093397910937  0.075133614661768 0.938075
18.837500  0.080713054413340  0.074606367924544 0.924341
18.840625  0.081323311899153  0.074073616247653 0.910853
18.843750  0.081924150519780  0.073535411211205 0.897604
18.846875  0.082515551535759  0.072991804475066 0.884582
18.850000  0.083097497307226  0.072442847832477 0.871781
18.853125  0.083669971284353  0.071888593260247 0.859192
18.856250  0.084232957997781  0.071329092966572 0.846807
18.859375  0.084786443049025  0.070764399442104 0.834619
18.862500  0.085330413100868  0.070194565500284 0.822621
18.865625  0.085864855867743  0.069619644319997 0.810805
18.868750  0.086389760106103  0.069039689473055 0.799165
18.871875  0.086905115604778  0.068454754931365 0.787695
18.875000  0.087410913175329  0.067864895057942 0.776389
18.878125  0.087907144642393  0.067270164571386 0.765241
18.881250  0.088393802834026  0.066670618502104 0.754245
18.884375  0.088870881572034  0.066066312150267 0.743397
18.887500  0.089338375662316  0.065457301041444 0.73269
18.890625  0.089796280885198  0.064843640879222 0.722119
18.893750  0.090244593985769  0.064225387481697 0.711681
18.896875  0.090683312664221  0.063602596721489 0.70137
18.900000  0.091112435566199  0.062975324486663 0.691183
18.903125  0.091531962273144  0.062343626686244 0.681113
18.906250  0.091941893292656  0.061707559306349 0.671158
18.909375  0.092342230048857  0.061067178486684 0.661314
18.912500  0.092732974872771  0.060422540606882 0.651576
18.915625  0.093114130992706  0.059773702330759 0.64194
18.918750  0.093485702524656  0.059120720632227 0.632404
18.921875  0.093847694462715  0.058463652762908 0.622963
18.925000  0.094200112669501  0.057802556214942 0.613615
18.928125  0.094542963866603  0.057137488675818 0.604355
18.931250  0.094876255625041  0.056468507993431 0.595181
18.934375  0.095199996355743  0.055795672152719 0.586089
18.937500  0.095514195300047  0.055119039254458 0.577077
18.940625  0.095818862520213  0.054438667493468 0.568141
18.943750  0.096114008889974  0.053754615131408 0.55928
18.946875  0.096399646085088  0.053066940461934 0.550489
18.950000  0.096675786573930  0.052375701775261 0.541766
18.953125  0.096942443608100  0.051680957323944 0.53311
18.956250  0.097199631213062  0.050982765307805 0.524516
18.959375  0.097447364178806  0.050281183888937 0.515983
18.962500  0.097685658050533  0.049576271233087 0.507508
18.965625  0.097914529119379  0.048868085565444 0.499089
18.968750  0.098133994413162  0.048156685223260 0.490724
18.971875  0.098344071687154  0.047442128694399 0.48241
18.975000  0.098544779414892  0.046724474638417 0.474145
18.978125  0.098736136779017  0.046003781887809 0.465926
18.981250  0.098918163662148  0.045280109424278 0.457753
18.984375  0.099090880637781  0.044553516328698 0.449623
18.987500  0.099254308961232  0.043824061704981 0.441533
18.990625  0.099408470560609  0.043091804582827 0.433482
18.993750  0.099553388027821  0.042356803809827 0.425468
18.996875  0.099689084609621  0.041619117928236 0.417489
19.000000  0.099815584198687  0.040878805036691 0.409543
19.003125  0.099932911324743  0.040135922630426 0.401629
19.006250  0.100041091145711  0.039390527427235 0.393743
19.009375  0.100140149438911  0.038642675205347 0.385886
19.012500  0.100230112592288  0.037892420654194 0.378054
19.015625  0.100311007595692  0.037139817263788 0.370247
19.018750  0.100382862032190  0.036384917231873 0.362461
19.021875  0.100445704069419  0.035627771379173 0.354697
19.025000  0.100499562450982  0.034868429044362 0.346951
19.028125  0.100544466487891  0.034106937954747 0.339222
19.031250  0.100580446050039  0.033343344102285 0.331509
19.034375  0.100607531557731  0.032577691697673 0.32381
19.037500  0.100625753973246  0.031810023311373 0.316122
19.040625  0.100635144792449  0.031040380266574 0.308445
19.043750  0.100635736036444  0.030268803226666 0.300776
19.046875  0.100627560243276  0.029495332782651 0.293114
19.050000  0.100610650459671  0.028720009803802 0.285457
19.053125  0.100585040232832  0.027942875428198 0.277803
19.056250  0.100550763602265  0.027163970744428 0.270152
19.059375  0.100507855091671  0.026383336357072 0.2625
19.062500  0.100456349700867  0.025601012041361 0.254847
19.065625  0.100396282897765  0.024817036598563 0.247191
19.068750  0.100327690610390  0.024031447921842 0.23953
19.071875  0.100250609218955  0.023244283217006 0.231862
19.075000  0.100165075547975  0.022455579285729 0.224186
19.078125  0.100071126858435  0.021665372793942 0.2165
19.081250  0.099968800840003  0.020873700447693 0.208802
19.084375  0.099858135603292  0.020080599054899 0.201091
19.087500  0.099739169672171  0.019286105495309 0.193365
19.090625  0.099611941976132  0.018490256674186 0.185623
19.093750  0.099476491842692  0.017693089540938 0.177862
19.096875  0.099332858989857  0.016894641209218 0.170081
19.100000  0.099181083518633  0.016094949167564 0.162278
19.103125  0.099021205905582  0.015294051502084 0.154452
19.106250  0.098853266995434  0.014491987069848 0.146601
19.109375  0.098677307993748  0.013688795556604 0.138723
19.112500  0.098493370459621  0.012884517396981 0.130816
19.115625  0.098301496298449  0.012079193555410 0.122879
19.118750  0.098101727754743  0.011272865183216 0.11491
19.121875  0.097894107404988  0.010465573183766 0.106907
19.125000  0.097678678150558  0.009657357732020 0.0988686
19.128125  0.097455483210686  0.008848257811332 0.0907928
19.131250  0.097224566115474  0.008038310840981 0.0826778
19.134375  0.096985970698966  0.007227552436535 0.0745216
19.137500  0.096739741092268  0.006416016334969 0.0663224
19.140625  0.096485921716717  0.005603734463222 0.0580783
19.143750  0.096224557277105  0.004790737140135 0.0497871
19.146875  0.095955692754955  0.003977053385060 0.0414468
19.150000  0.095679373401846  0.003162711301313 0.0330553
19.153125  0.095395644732793  0.002347738510535 0.0246105
19.156250  0.095104552519675  0.001532162605477 0.0161103
19.159375  0.094806142784722  0.000716011607728 0.00755238
19.162500  0.094500461794042 -0.000100685586357 -0.00106545
19.165625  0.094187556051215 -0.000917898760733 -0.00974544
19.168750  0.093867472290925 -0.001735595946280 -0.0184899
19.171875  0.093540257472654 -0.002553742971900 -0.027301
19.175000  0.093205958774423 -0.003372303042398 -0.0361812
19.178125  0.092864623586582 -0.004191236367301 -0.0451328
19.181250  0.092516299505666 -0.005010499894737 -0.054158
19.184375  0.092161034328280 -0.005830047184322 -0.0632594
19.187500  0.091798876045060 -0.006649828440635 -0.0724391
19.190625  0.091429872834669 -0.007469790714944 -0.0816997
19.193750  0.091054073057849 -0.008289878262284 -0.0910435
19.196875  0.090671525251531 -0.009110033024778 -0.100473
19.200000  0.090282278122990 -0.009930195210933 -0.109991
19.203125  0.089886380544052 -0.010750303931648 -0.119599
19.206250  0.089483881545354 -0.011570297819747 -0.1293
19.209375  0.089074830310660 -0.012390115598715 -0.139098
19.212500  0.088659276171218 -0.013209696550522 -0.148994
19.215625  0.088237268600177 -0.014028980885597 -0.158992
19.218750  0.087808857207056 -0.014847910032475 -0.169094
19.221875  0.087374091732255 -0.015666426888163 -0.179303
19.225000  0.086933022041626 -0.016484476055517 -0.189623
19.228125  0.086485698121091 -0.017302004084021 -0.200056
19.231250  0.086032170071313 -0.018118959712731 -0.210607
19.234375  0.085572488102416 -0.018935294096890 -0.221278
19.237500  0.085106702528752 -0.019750961002318 -0.232073
19.240625  0.084634863763730 -0.020565916942281 -0.242996
19.243750  0.084157022314680 -0.021380121236186 -0.25405
19.246875  0.083673228777781 -0.022193535971456 -0.265241
19.250000  0.083183533833032 -0.023006125856147 -0.276571
19.253125  0.082687988239270 -0.023817857991103 -0.288045
19.256250  0.082186642829249 -0.024628701589592 -0.299668
19.259375  0.081679548504754 -0.025438627695153 -0.311444
19.262500  0.081166756231778 -0.026247608939930 -0.323379
19.265625  0.080648317035740 -0.027055619359784 -0.335477
19.268750  0.080124281996757 -0.027862634285159 -0.347743
19.271875  0.079594702244959 -0.028668630302034 -0.360183
19.275000  0.079059628955860 -0.029473585263466 -0.372802
19.278125  0.078519113345772 -0.030277478343914 -0.385606
19.281250  0.077973206667271 -0.031080290105263 -0.398602
19.284375  0.077421960204713 -0.031882002558747 -0.411795
19.287500  0.076865425269791 -0.032682599191502 -0.425192
19.290625  0.076303653197145 -0.033482064955191 -0.4388
19.293750  0.075736695340023 -0.034280386238555 -0.452626
19.296875  0.075164603065981 -0.035077550868051 -0.466676
19.300000  0.074587427752641 -0.035873548171743 -0.48096
19.303125  0.074005220783487 -0.036668369121894 -0.495484
19.306250  0.073418033543709 -0.037462006547832 -0.510256
19.309375  0.072825917416103 -0.038254455397042 -0.525286
19.312500  0.072228923777007 -0.039045713030419 -0.540583
19.315625  0.071627103992288 -0.039835779514310 -0.556155
19.318750  0.071020509413379 -0.040624657886445 -0.572013
19.321875  0.070409191373348 -0.041412354352099 -0.588167
19.325000  0.069793201183034 -0.042198878384630 -0.604627
19.328125  0.069172590127213 -0.042984242719860 -0.621406
19.331250  0.068547409460809 -0.043768463267682 -0.638514
19.334375  0.067917710405165 -0.044551558979898 -0.655964
19.337500  0.067283544144338 -0.045333551733530 -0.673769
19.340625  0.066644961821458 -0.046114466237820 -0.691942
19.343750  0.066002014535119 -0.046894329970369 -0.710498
19.346875  0.065354753335821 -0.047673173106567 -0.729452
19.350000  0.064703229222452 -0.048451028387289 -0.748819
19.353125  0.064047493138814 -0.049227930881304 -0.768616
19.356250  0.063387595970198 -0.050003917660682 -0.78886
19.359375  0.062723588539995 -0.050779027458609 -0.809568
19.362500  0.062055521606355 -0.051553300396637 -0.830761
19.365625  0.061383445858890 -0.052326777808232 -0.852457
19.368750  0.060707411915411 -0.053099502091640 -0.874679
19.371875  0.060027470318720 -0.053871516481377 -0.897448
19.375000  0.059343671533435 -0.054642864673429 -0.920787
19.378125  0.058656065942861 -0.055413590317759 -0.944721
19.381250  0.057964703845901 -0.056183736447724 -0.969275
19.384375  0.057269635454009 -0.056953344910443 -0.994477
19.387500  0.056570910888184 -0.057722455827627 -1.02036
19.390625  0.055868580176008 -0.058491107094595 -1.04694
19.393750  0.055162693248720 -0.059259333879953 -1.07426
19.396875  0.054453299938334 -0.060027168124118 -1.10236
19.400000  0.053740449974795 -0.060794638005885 -1.13126
19.403125  0.053024192983175 -0.061561767360903 -1.16101
19.406250  0.052304578480916 -0.062328575027800 -1.19165
19.409375  0.051581655875099 -0.063095074184121 -1.22321
19.412500  0.050855474459763 -0.063861271699828 -1.25574
19.415625  0.050126083413261 -0.064627167620470 -1.28929
19.418750  0.049393531795653 -0.065392754785915 -1.32391
19.421875  0.048657868546136 -0.066158018559915 -1.35966
19.425000  0.047919142480518 -0.066922936616518 -1.39658
19.428125  0.047177402288726 -0.067687478733091 -1.43474
19.431250  0.046432696532347 -0.068451606592805 -1.47421
19.434375  0.045685073642222 -0.069215273623115 -1.51505
19.437500  0.044934581916058 -0.069978424883152 -1.55734
19.440625  0.044181269516091 -0.070740996967973 -1.60115
19.443750  0.043425184466783 -0.071502917797689 -1.64658
19.446875  0.042666374652544 -0.072264106113807 -1.6937
19.450000  0.041904887815514 -0.073024470770879 -1.74262
19.453125  0.041140771553357 -0.073783909746659 -1.79345
19.456250  0.040374073317103 -0.074542309263878 -1.84629
19.459375  0.039604840409026 -0.075299543218354 -1.90127
19.462500  0.038833119980551 -0.076055473042251 -1.95852
19.465625  0.038058959030201 -0.076809947943980 -2.01818
19.468750  0.037282404401580 -0.077562805377851 -2.08041
19.471875  0.036503502781385 -0.078313871663353 -2.14538
19.475000  0.035722300697455 -0.079062962699488 -2.21327
19.478125  0.034938844516856 -0.079809884760118 -2.28427
19.481250  0.034153180443997 -0.080554435310986 -2.35862
19.484375  0.033365354518782 -0.081296403739551 -2.43655
19.487500  0.032575412614791 -0.082035571889889 -2.51833
19.490625  0.031783400437500 -0.082771714332214 -2.60424
19.493750  0.030989363522527 -0.083504598391353 -2.69462
19.496875  0.030193347233919 -0.084233984017766 -2.78982
19.500000  0.029395396762460 -0.084959623644699 -2.89024
19.503125  0.028595557124023 -0.085681262147916 -2.99631
19.506250  0.027793873157946 -0.086398636955286 -3.10855
19.509375  0.026990389525439 -0.087111478291104 -3.2275
19.512500  0.026185150708028 -0.087819509513112 -3.35379
19.515625  0.025378201006027 -0.088522447527252 -3.48813
19.518750  0.024569584537039 -0.089220003299516 -3.63132
19.521875  0.023759345234489 -0.089911882489230 -3.78427
19.525000  0.022947526846186 -0.090597786226773 -3.94804
19.528125  0.022134172932921 -0.091277411995989 -4.12382
19.531250  0.021319326867086 -0.091950454552848 -4.31301
19.534375  0.020503031831326 -0.092616606798361 -4.51722
19.537500  0.019685330817227 -0.093275560549573 -4.73833
19.540625  0.018866266624014 -0.093927007193250 -4.97857
19.543750  0.018045881857307 -0.094570638222549 -5.24057
19.546875  0.017224218927876 -0.095206145671714 -5.52746
19.550000  0.016401320050445 -0.095833222437153 -5.84302
19.553125  0.015577227242513 -0.096451562489382 -6.19183
19.556250  0.014751982323204 -0.097060860946806 -6.57951
19.559375  0.013925626912153 -0.097660814044440 -7.01303
19.562500  0.013098202428409 -0.098251119046066 -7.50111
19.565625  0.012269750089369 -0.098831474177937 -8.05489
19.568750  0.011440310909742 -0.099401578655020 -8.68871
19.571875  0.010609925700531 -0.099961132832215 -9.42147
19.575000  0.009778635068051 -0.100509838474885 -10.2785
19.578125  0.008946479412971 -0.101047399101252 -11.2947
19.581250  0.008113498929375 -0.101573520361728 -12.5191
19.584375  0.007279733603855 -0.102087910450852 -14.0236
19.587500  0.006445223214629 -0.102590280573724 -15.9173
19.590625  0.005610007330683 -0.103080345498572 -18.3744
19.593750  0.004774125310938 -0.103557824196114 -21.6915
19.596875  0.003937616303439 -0.104022440523293 -26.4176
19.600000  0.003100519244578 -0.104473923874001 -33.6956
19.603125  0.002262872858324 -0.104912009734031 -46.3623
19.606250  0.001424715655497 -0.105336440127005 -73.9351
19.609375  0.000586085933052 -0.105746963987085 -180.429
19.612500 -0.000252978226610 -0.106143337501726 419.575
19.615625 -0.001092438956305 -0.106525324451522 97.5115
19.618750 -0.001932258604709 -0.106892696537389 55.3201
19.621875 -0.002772399736977 -0.107245233654689 38.6832
19.625000 -0.003612825135338 -0.107582724067008 29.778
19.628125 -0.004453497799671 -0.107904964479548 24.2293
19.631250 -0.005294380948056 -0.108211760055341 20.439
19.634375 -0.006135438017303 -0.108502924443817 17.6846
19.637500 -0.006976632663462 -0.108778279858056 15.5918
19.640625 -0.007817928762305 -0.109037657187719 13.9471
19.643750 -0.008659290409798 -0.109280896092401 12.6201
19.646875 -0.009500681922539 -0.109507844996070 11.5263
19.650000 -0.010342067838185 -0.109718360947096 10.6089
19.653125 -0.011183412915854 -0.109912309365515 9.82815
19.656250 -0.012024682136504 -0.110089563764238 9.1553
19.659375 -0.012865840703299 -0.110250005538426 8.5692
19.662500 -0.013706854041948 -0.110393523881006 8.05389
19.665625 -0.014547687801032 -0.110520015814919 7.59708
19.668750 -0.015388307852299 -0.110629386275031 7.18918
19.671875 -0.016228680290953 -0.110721548148990 6.82258
19.675000 -0.017068771435915 -0.110796422234081 6.49118
19.678125 -0.017908547830067 -0.110853937124495 6.19
19.681250 -0.018747976240486 -0.110894029083305 5.91499
19.684375 -0.019587023658642 -0.110916641931784 5.66276
19.687500 -0.020425657300589 -0.110921726987612 5.43051
19.690625 -0.021263844607142 -0.110909243100464 5.21586
19.693750 -0.022101553244026 -0.110879156694554 5.0168
19.696875 -0.022938751102011 -0.110831441684372 4.83162
19.700000 -0.023775406297032 -0.110766079155388 4.65885
19.703125 -0.024611487170288 -0.110683056915559 4.49721
19.706250 -0.025446962288326 -0.110582369153650 4.3456
19.709375 -0.026281800443108 -0.110464016403767 4.20306
19.712500 -0.027115970652061 -0.110328005834927 4.06875
19.715625 -0.027949442158110 -0.110174351675316 3.94192
19.718750 -0.028782184429692 -0.110003075498177 3.82192
19.721875 -0.029614167160762 -0.109814206205066 3.70816
19.725000 -0.030445360270772 -0.109607779668003 3.60015
19.728125 -0.031275733904647 -0.109383838193585 3.4974
19.731250 -0.032105258432731 -0.109142429983104 3.39952
19.734375 -0.032933904450728 -0.108883608725294 3.30613
19.737500 -0.033761642779625 -0.108607433373461 3.21689
19.740625 -0.034588444465599 -0.108313968071367 3.13151
19.743750 -0.035414280779913 -0.108003282178698 3.04971
19.746875 -0.036239123218788 -0.107675450327682 2.97125
19.750000 -0.037062943503271 -0.107330552489324 2.8959
19.753125 -0.037885713579083 -0.106968674000226 2.82346
19.756250 -0.038707405616452 -0.106589905563083 2.75373
19.759375 -0.039527992009942 -0.106194343192677 2.68656
19.762500 -0.040347445378250 -0.105782088124687 2.62178
19.765625 -0.041165738564008 -0.105353246691576 2.55925
19.768750 -0.041982844633557 -0.104907930168784 2.49883
19.771875 -0.042798736876719 -0.104446254604274 2.44041
19.775000 -0.043613388806552 -0.103968340611305 2.38386
19.778125 -0.044426774159085 -0.103474313143316 2.3291
19.781250 -0.045238866893053 -0.102964301273339 2.27601
19.784375 -0.046049641189608 -0.102438437999609 2.22452
19.787500 -0.046859071452025 -0.101896860085371 2.17454
19.790625 -0.047667132305396 -0.101339707916445 2.12599
19.793750 -0.048473798596302 -0.100767125368969 2.0788
19.796875 -0.049279045392488 -0.100179259688091 2.0329
19.800000 -0.050082847982512 -0.099576261391803 1.98823
19.803125 -0.050885181875394 -0.098958284206087 1.94474
19.806250 -0.051686022800249 -0.098325485024888 1.90236
19.809375 -0.052485346705901 -0.097678023877366 1.86105
19.812500 -0.053283129760503 -0.097016063894146 1.82077
19.815625 -0.054079348351130 -0.096339771283903 1.78145
19.818750 -0.054873979083368 -0.095649315326825 1.74307
19.821875 -0.055666998780898 -0.094944868384440 1.70559
19.825000 -0.056458384485055 -0.094226605895684 1.66896
19.828125 -0.057248113454390 -0.093494706321566 1.63315
19.831250 -0.058036163164217 -0.092749351025281 1.59813
19.834375 -0.058822511306148 -0.091990724091733 1.56387
19.837500 -0.059607135787623 -0.091219012115082 1.53034
19.840625 -0.060390014731426 -0.090434403992920 1.49751
19.843750 -0.061171126475192 -0.089637090751879 1.46535
19.846875 -0.061950449570906 -0.088827265414081 1.43384
19.850000 -0.062727962784392 -0.088005122881161 1.40296
19.853125 -0.063503645094798 -0.087170859816918 1.37269
19.856250 -0.064277475694058 -0.086324674518999 1.343
19.859375 -0.065049433986363 -0.085466766762837 1.31387
19.862500 -0.065819499587609 -0.084597337651770 1.28529
19.865625 -0.066587652324842 -0.083716589492411 1.25724
19.868750 -0.067353872235702 -0.082824725714903 1.2297
19.871875 -0.068118139567842 -0.081921950833569 1.20265
19.875000 -0.068880434778354 -0.081008470425681 1.17607
19.878125 -0.069640738533179 -0.080084491092344 1.14997
19.881250 -0.070399031706511 -0.079150220382295 1.12431
19.884375 -0.071155295380198 -0.078205866683897 1.09909
19.887500 -0.071909510843124 -0.077251639114736 1.07429
19.890625 -0.072661659590596 -0.076287747430123 1.0499
19.893750 -0.073411723323716 -0.075314401955613 1.02592
19.896875 -0.074159683948749 -0.074331813514427 1.00232
19.900000 -0.074905523576484 -0.073340193330267 0.979103
19.903125 -0.075649224521582 -0.072339752894832 0.956252
19.906250 -0.076390769301929 -0.071330703820847 0.933761
19.909375 -0.077130140637970 -0.070313257709951 0.911618
19.912500 -0.077867321452044 -0.069287626059847 0.889816
19.915625 -0.078602294867713 -0.068254020209169 0.868346
19.918750 -0.079335044209077 -0.067212651293827 0.8472
19.921875 -0.080065553000092 -0.066163730198036 0.826369
19.925000 -0.080793804963875 -0.065107467492220 0.805847
19.928125 -0.081519784022006 -0.064044073349542 0.785626
19.931250 -0.082243474293830 -0.062973757445551 0.765699
19.934375 -0.082964860095738 -0.061896728863040 0.74606
19.937500 -0.083683925940455 -0.060813196030413 0.726701
19.940625 -0.084400656536324 -0.059723366703977 0.707617
19.943750 -0.085115036786571 -0.058627447970757 0.688802
19.946875 -0.085827051788583 -0.057525646238274 0.670251
19.950000 -0.086536686833162 -0.056418167179690 0.651957
19.953125 -0.087243927403790 -0.055305215629927 0.633915
19.956250 -0.087948759175878 -0.054186995460938 0.61612
19.959375 -0.088651168016016 -0.053063709481948 0.598568
19.962500 -0.089351139981221 -0.051935559390549 0.581252
19.965625 -0.090048661318165 -0.050802745770063 0.56417
19.968750 -0.090743718462422 -0.049665468102961 0.547316
19.971875 -0.091436298037689 -0.048523924770587 0.530686
19.975000 -0.092126386855015 -0.047378313027648 0.514275
19.978125 -0.092813971912025 -0.046228828962449 0.49808
19.981250 -0.093499040392134 -0.045075667453035 0.482098
19.984375 -0.094181579663762 -0.043919022124256 0.466323
19.987500 -0.094861577279541 -0.042759085294336 0.450752
19.990625 -0.095539020975524 -0.041596047906299 0.435383
19.993750 -0.096213898670389 -0.040430099449923 0.420211
19.996875 -0.096886198464630 -0.039261427887911 0.405232
