0.000000 0.000000 0.000000 1.98718
0.006250 0.000003 0.000003 1.08604
0.012500 0.000015 0.000015 1.01743
0.018750 0.000040 0.000040 0.998681
0.025000 0.000083 0.000082 0.991028
0.031250 0.000149 0.000147 0.987187
0.037500 0.000242 0.000239 0.984996
0.043750 0.000366 0.000360 0.983632
0.050000 0.000525 0.000516 0.982729
0.056250 0.000721 0.000709 0.982101
0.062500 0.000959 0.000941 0.981648
0.068750 0.001240 0.001217 0.98131
0.075000 0.001568 0.001538 0.981052
0.081250 0.001944 0.001907 0.980851
0.087500 0.002371 0.002325 0.980691
0.093750 0.002851 0.002796 0.980562
0.100000 0.003385 0.003319 0.980456
0.106250 0.003975 0.003897 0.980369
0.112500 0.004623 0.004532 0.980296
0.118750 0.005329 0.005224 0.980235
0.125000 0.006094 0.005973 0.980184
0.131250 0.006920 0.006782 0.98014
0.137500 0.007806 0.007651 0.980103
0.143750 0.008754 0.008579 0.98007
0.150000 0.009763 0.009569 0.980042
0.156250 0.010835 0.010618 0.980017
0.162500 0.011968 0.011729 0.979994
0.168750 0.013164 0.012900 0.979974
0.175000 0.014421 0.014132 0.979955
0.181250 0.015740 0.015425 0.979937
0.187500 0.017121 0.016777 0.979921
0.193750 0.018562 0.018189 0.979904
0.200000 0.020063 0.019660 0.979888
0.206250 0.021625 0.021189 0.979871
0.212500 0.023245 0.022776 0.979855
0.218750 0.024923 0.024420 0.979838
0.225000 0.026658 0.026121 0.979821
0.231250 0.028450 0.027876 0.979803
0.237500 0.030297 0.029685 0.979786
0.243750 0.032199 0.031547 0.979768
0.250000 0.034154 0.033462 0.979749
0.256250 0.036160 0.035427 0.979731
0.262500 0.038217 0.037442 0.979713
0.268750 0.040324 0.039505 0.979695
0.275000 0.042479 0.041616 0.979677
0.281250 0.044681 0.043772 0.979659
0.287500 0.046928 0.045973 0.979642
0.293750 0.049219 0.048216 0.979624
0.300000 0.051553 0.050502 0.979607
0.306250 0.053928 0.052827 0.979591
0.312500 0.056342 0.055191 0.979575
0.318750 0.058795 0.057593 0.979559
0.325000 0.061284 0.060030 0.979543
0.331250 0.063808 0.062502 0.979528
0.337500 0.066365 0.065006 0.979514
0.343750 0.068955 0.067541 0.979499
0.350000 0.071574 0.070106 0.979485
0.356250 0.074222 0.072699 0.979472
0.362500 0.076897 0.075318 0.979458
0.368750 0.079598 0.077962 0.979446
0.375000 0.082322 0.080629 0.979433
0.381250 0.085069 0.083318 0.979421
0.387500 0.087836 0.086028 0.979409
0.393750 0.090623 0.088756 0.979397
0.400000 0.093427 0.091501 0.979386
0.406250 0.096246 0.094261 0.979375
0.412500 0.099080 0.097035 0.979365
0.418750 0.101926 0.099822 0.979354
0.425000 0.104784 0.102620 0.979344
0.431250 0.107651 0.105427 0.979335
0.437500 0.110526 0.108241 0.979325
0.443750 0.113408 0.111062 0.979316
0.450000 0.116295 0.113888 0.979307
0.456250 0.119185 0.116718 0.979298
0.462500 0.122077 0.119549 0.97929
0.468750 0.124970 0.122380 0.979282
0.475000 0.127861 0.125211 0.979274
0.481250 0.130751 0.128040 0.979266
0.487500 0.133636 0.130865 0.979258
0.493750 0.136517 0.133684 0.979251
0.500000 0.139391 0.136498 0.979243
0.506250 0.142257 0.139303 0.979236
0.512500 0.145114 0.142100 0.979229
0.518750 0.147960 0.144886 0.979222
0.525000 0.150795 0.147661 0.979215
0.531250 0.153617 0.150423 0.979209
0.537500 0.156424 0.153171 0.979202
0.543750 0.159216 0.155904 0.979196
0.550000 0.161992 0.158620 0.979189
0.556250 0.164749 0.161320 0.979183
0.562500 0.167488 0.164000 0.979177
0.568750 0.170206 0.166661 0.979171
0.575000 0.172903 0.169301 0.979165
0.581250 0.175579 0.171919 0.97916
0.587500 0.178230 0.174515 0.979154
0.593750 0.180858 0.177087 0.979149
0.600000 0.183460 0.179634 0.979143
0.606250 0.186036 0.182155 0.979138
0.612500 0.188585 0.184650 0.979133
0.618750 0.191106 0.187117 0.979127
0.625000 0.193598 0.189556 0.979122
0.631250 0.196060 0.191966 0.979117
0.637500 0.198491 0.194345 0.979112
0.643750 0.200891 0.196694 0.979108
0.650000 0.203259 0.199011 0.979103
0.656250 0.205593 0.201296 0.979098
0.662500 0.207894 0.203548 0.979093
0.668750 0.210161 0.205766 0.979089
0.675000 0.212392 0.207949 0.979084
0.681250 0.214587 0.210098 0.979079
0.687500 0.216746 0.212211 0.979075
0.693750 0.218868 0.214287 0.97907
0.700000 0.220953 0.216327 0.979066
0.706250 0.222999 0.218329 0.979061
0.712500 0.225006 0.220294 0.979057
0.718750 0.226974 0.222220 0.979053
0.725000 0.228903 0.224107 0.979048
0.731250 0.230791 0.225954 0.979044
0.737500 0.232638 0.227762 0.979039
0.743750 0.234445 0.229530 0.979035
0.750000 0.236210 0.231257 0.979031
0.756250 0.237933 0.232943 0.979027
0.762500 0.239614 0.234587 0.979022
0.768750 0.241252 0.236190 0.979018
0.775000 0.242848 0.237751 0.979014
0.781250 0.244400 0.239270 0.97901
0.787500 0.245909 0.240746 0.979006
0.793750 0.247374 0.242180 0.979002
0.800000 0.248796 0.243570 0.978998
0.806250 0.250173 0.244918 0.978993
0.812500 0.251506 0.246221 0.978989
0.818750 0.252794 0.247482 0.978985
0.825000 0.254038 0.248699 0.978981
0.831250 0.255237 0.249871 0.978977
0.837500 0.256391 0.251000 0.978973
0.843750 0.257500 0.252085 0.97897
0.850000 0.258565 0.253126 0.978966
0.856250 0.259584 0.254122 0.978962
0.862500 0.260558 0.255075 0.978958
0.868750 0.261486 0.255983 0.978954
0.875000 0.262370 0.256847 0.97895
0.881250 0.263208 0.257667 0.978946
0.887500 0.264001 0.258442 0.978942
0.893750 0.264749 0.259173 0.978939
0.900000 0.265452 0.259860 0.978935
0.906250 0.266110 0.260503 0.978931
0.912500 0.266723 0.261103 0.978927
0.918750 0.267291 0.261658 0.978924
0.925000 0.267815 0.262169 0.97892
0.931250 0.268294 0.262637 0.978916
0.937500 0.268728 0.263061 0.978913
0.943750 0.269118 0.263442 0.978909
0.950000 0.269464 0.263780 0.978905
0.956250 0.269766 0.264074 0.978902
0.962500 0.270024 0.264326 0.978898
0.968750 0.270239 0.264535 0.978894
0.975000 0.270410 0.264702 0.978891
0.981250 0.270538 0.264826 0.978887
0.987500 0.270623 0.264908 0.978884
0.993750 0.270665 0.264949 0.97888
1.000000 0.270665 0.264948 0.978876
1.006250 0.270623 0.264906 0.978873
1.012500 0.270539 0.264822 0.978869
1.018750 0.270413 0.264699 0.978866
1.025000 0.270247 0.264534 0.978862
1.031250 0.270039 0.264330 0.978859
1.037500 0.269790 0.264085 0.978855
1.043750 0.269501 0.263801 0.978852
1.050000 0.269172 0.263478 0.978848
1.056250 0.268803 0.263117 0.978845
1.062500 0.268395 0.262716 0.978841
1.068750 0.267948 0.262277 0.978838
1.075000 0.267462 0.261801 0.978835
1.081250 0.266938 0.261287 0.978831
1.087500 0.266376 0.260736 0.978828
1.093750 0.265776 0.260148 0.978824
1.100000 0.265139 0.259524 0.978821
1.106250 0.264466 0.258864 0.978818
1.112500 0.263756 0.258168 0.978814
1.118750 0.263010 0.257437 0.978811
1.125000 0.262228 0.256671 0.978807
1.131250 0.261411 0.255870 0.978804
1.137500 0.260560 0.255036 0.978801
1.143750 0.259674 0.254168 0.978797
1.150000 0.258754 0.253267 0.978794
1.156250 0.257801 0.252333 0.978791
1.162500 0.256814 0.251366 0.978787
1.168750 0.255795 0.250368 0.978784
1.175000 0.254744 0.249338 0.978781
1.181250 0.253661 0.248277 0.978777
1.187500 0.252546 0.247186 0.978774
1.193750 0.251401 0.246064 0.97877
1.200000 0.250225 0.244912 0.978767
1.206250 0.249020 0.243731 0.978763
1.212500 0.247785 0.242522 0.97876
1.218750 0.246520 0.241283 0.978757
1.225000 0.245227 0.240017 0.978753
1.231250 0.243906 0.238723 0.97875
1.237500 0.242557 0.237402 0.978746
1.243750 0.241181 0.236055 0.978743
1.250000 0.239779 0.234681 0.978739
1.256250 0.238350 0.233281 0.978736
1.262500 0.236895 0.231856 0.978733
1.268750 0.235414 0.230407 0.978729
1.275000 0.233909 0.228933 0.978726
1.281250 0.232379 0.227435 0.978722
1.287500 0.230825 0.225913 0.978719
1.293750 0.229248 0.224369 0.978716
1.300000 0.227648 0.222801 0.978712
1.306250 0.226025 0.221212 0.978709
1.312500 0.224379 0.219601 0.978705
1.318750 0.222713 0.217969 0.978702
1.325000 0.221025 0.216316 0.978698
1.331250 0.219316 0.214643 0.978695
1.337500 0.217587 0.212950 0.978691
1.343750 0.215838 0.211238 0.978688
1.350000 0.214069 0.209506 0.978684
1.356250 0.212282 0.207756 0.97868
1.362500 0.210477 0.205988 0.978677
1.368750 0.208653 0.204203 0.978673
1.375000 0.206812 0.202400 0.978669
1.381250 0.204953 0.200581 0.978665
1.387500 0.203078 0.198745 0.978662
1.393750 0.201187 0.196893 0.978658
1.400000 0.199280 0.195026 0.978654
1.406250 0.197358 0.193144 0.97865
1.412500 0.195420 0.191247 0.978646
1.418750 0.193469 0.189337 0.978642
1.425000 0.191503 0.187412 0.978638
1.431250 0.189524 0.185475 0.978635
1.437500 0.187532 0.183524 0.978631
1.443750 0.185527 0.181562 0.978627
1.450000 0.183510 0.179587 0.978623
1.456250 0.181480 0.177600 0.978619
1.462500 0.179440 0.175603 0.978615
1.468750 0.177388 0.173594 0.978611
1.475000 0.175326 0.171576 0.978607
1.481250 0.173254 0.169547 0.978603
1.487500 0.171172 0.167509 0.978599
1.493750 0.169080 0.165461 0.978595
1.500000 0.166980 0.163405 0.978591
1.506250 0.164871 0.161341 0.978586
1.512500 0.162754 0.159268 0.978582
1.518750 0.160629 0.157188 0.978578
1.525000 0.158497 0.155101 0.978573
1.531250 0.156358 0.153007 0.978568
1.537500 0.154212 0.150906 0.978564
1.543750 0.152060 0.148800 0.978559
1.550000 0.149902 0.146687 0.978554
1.556250 0.147739 0.144570 0.978549
1.562500 0.145571 0.142447 0.978544
1.568750 0.143397 0.140320 0.978539
1.575000 0.141220 0.138188 0.978534
1.581250 0.139038 0.136053 0.978529
1.587500 0.136853 0.133914 0.978523
1.593750 0.134665 0.131772 0.978518
1.600000 0.132474 0.129627 0.978513
1.606250 0.130280 0.127480 0.978507
1.612500 0.128083 0.125330 0.978502
1.618750 0.125885 0.123178 0.978496
1.625000 0.123686 0.121025 0.97849
1.631250 0.121485 0.118871 0.978484
1.637500 0.119283 0.116715 0.978478
1.643750 0.117080 0.114560 0.978472
1.650000 0.114877 0.112403 0.978466
1.656250 0.112674 0.110247 0.978459
1.662500 0.110472 0.108091 0.978452
1.668750 0.108270 0.105936 0.978445
1.675000 0.106069 0.103782 0.978437
1.681250 0.103870 0.101629 0.97843
1.687500 0.101671 0.099478 0.978422
1.693750 0.099475 0.097328 0.978413
1.700000 0.097281 0.095180 0.978405
1.706250 0.095089 0.093035 0.978396
1.712500 0.092900 0.090892 0.978387
1.718750 0.090714 0.088752 0.978378
1.725000 0.088531 0.086616 0.978368
1.731250 0.086351 0.084482 0.978358
1.737500 0.084176 0.082353 0.978347
1.743750 0.082004 0.080227 0.978336
1.750000 0.079836 0.078106 0.978325
1.756250 0.077673 0.075989 0.978312
1.762500 0.075515 0.073876 0.978299
1.768750 0.073362 0.071769 0.978286
1.775000 0.071214 0.069667 0.978271
1.781250 0.069072 0.067570 0.978256
1.787500 0.066935 0.065478 0.978239
1.793750 0.064804 0.063393 0.978221
1.800000 0.062679 0.061313 0.978203
1.806250 0.060561 0.059240 0.978183
1.812500 0.058449 0.057173 0.978161
1.818750 0.056344 0.055113 0.978139
1.825000 0.054246 0.053059 0.978114
1.831250 0.052156 0.051013 0.978088
1.837500 0.050073 0.048974 0.978059
1.843750 0.047997 0.046942 0.978028
1.850000 0.045929 0.044918 0.977993
1.856250 0.043869 0.042902 0.977955
1.862500 0.041818 0.040894 0.977914
1.868750 0.039774 0.038894 0.977868
1.875000 0.037740 0.036903 0.977817
1.881250 0.035714 0.034920 0.97776
1.887500 0.033697 0.032945 0.977697
1.893750 0.031689 0.030980 0.977626
1.900000 0.029690 0.029023 0.977545
1.906250 0.027701 0.027076 0.977451
1.912500 0.025721 0.025138 0.977343
1.918750 0.023751 0.023210 0.977216
1.925000 0.021790 0.021291 0.977065
1.931250 0.019840 0.019382 0.976884
1.937500 0.017900 0.017482 0.976665
1.943750 0.015970 0.015593 0.976394
1.950000 0.014051 0.013714 0.976049
1.956250 0.012142 0.011846 0.975594
1.962500 0.010244 0.009987 0.974966
1.968750 0.008356 0.008139 0.974056
1.975000 0.006480 0.006302 0.972625
1.981250 0.004614 0.004476 0.970086
1.987500 0.002760 0.002662 0.964547
1.993750 0.000917 0.000863 0.94078
2.000000 -0.000914 -0.000918 1.00365
2.006250 -0.002731 -0.002674 0.979112
2.012500 -0.004528 -0.004402 0.972114
2.018750 -0.006300 -0.006096 0.967677
2.025000 -0.008042 -0.007753 0.96413
2.031250 -0.009749 -0.009368 0.961012
2.037500 -0.011416 -0.010939 0.958141
2.043750 -0.013041 -0.012460 0.955429
2.050000 -0.014619 -0.013930 0.952826
2.056250 -0.016148 -0.015345 0.9503
2.062500 -0.017622 -0.016703 0.947831
2.068750 -0.019041 -0.018001 0.945402
2.075000 -0.020401 -0.019238 0.943001
2.081250 -0.021699 -0.020411 0.940617
2.087500 -0.022934 -0.021518 0.938241
2.093750 -0.024104 -0.022558 0.935864
2.100000 -0.025206 -0.023530 0.933481
2.106250 -0.026240 -0.024432 0.931082
2.112500 -0.027204 -0.025263 0.92866
2.118750 -0.028096 -0.026023 0.926209
2.125000 -0.028916 -0.026710 0.923721
2.131250 -0.029662 -0.027324 0.92119
2.137500 -0.030335 -0.027866 0.918606
2.143750 -0.030933 -0.028333 0.915963
2.150000 -0.031456 -0.028727 0.913252
2.156250 -0.031904 -0.029048 0.910464
2.162500 -0.032277 -0.029294 0.907589
2.168750 -0.032574 -0.029467 0.904619
2.175000 -0.032797 -0.029568 0.901541
2.181250 -0.032944 -0.029595 0.898343
2.187500 -0.033017 -0.029550 0.895012
2.193750 -0.033015 -0.029434 0.891534
2.200000 -0.032940 -0.029247 0.88789
2.206250 -0.032791 -0.028989 0.884063
2.212500 -0.032570 -0.028663 0.88003
2.218750 -0.032278 -0.028268 0.875768
2.225000 -0.031914 -0.027805 0.871248
2.231250 -0.031481 -0.027277 0.866439
2.237500 -0.030979 -0.026683 0.861302
2.243750 -0.030410 -0.026024 0.855796
2.250000 -0.029773 -0.025303 0.849868
2.256250 -0.029071 -0.024520 0.843458
2.262500 -0.028305 -0.023677 0.836496
2.268750 -0.027475 -0.022774 0.828897
2.275000 -0.026584 -0.021814 0.820555
2.281250 -0.025633 -0.020797 0.811347
2.287500 -0.024623 -0.019725 0.801114
2.293750 -0.023555 -0.018600 0.789663
2.300000 -0.022431 -0.017423 0.776746
2.306250 -0.021252 -0.016195 0.762045
2.312500 -0.020020 -0.014918 0.745146
2.318750 -0.018737 -0.013593 0.725491
2.325000 -0.017403 -0.012223 0.702324
2.331250 -0.016022 -0.010808 0.674583
2.337500 -0.014593 -0.009350 0.640728
2.343750 -0.013119 -0.007851 0.598446
2.350000 -0.011601 -0.006312 0.544094
2.356250 -0.010042 -0.004735 0.471568
2.362500 -0.008442 -0.003122 0.369829
2.368750 -0.006803 -0.001474 0.216627
2.375000 -0.005127 0.000208 -0.0405595
2.381250 -0.003415 0.001921 -0.56255
2.387500 -0.001670 0.003665 -2.19458
2.393750 0.000108 0.005437 50.461
2.400000 0.001916 0.007236 3.77645
2.406250 0.003753 0.009060 2.41391
2.412500 0.005618 0.010908 1.94169
2.418750 0.007508 0.012779 1.70194
2.425000 0.009423 0.014670 1.55683
2.431250 0.011360 0.016580 1.45952
2.437500 0.013318 0.018508 1.38969
2.443750 0.015296 0.020453 1.33713
2.450000 0.017291 0.022411 1.29611
2.456250 0.019303 0.024384 1.26319
2.462500 0.021330 0.026367 1.23618
2.468750 0.023370 0.028362 1.2136
2.475000 0.025421 0.030365 1.19444
2.481250 0.027484 0.032375 1.17798
2.487500 0.029554 0.034391 1.16367
2.493750 0.031633 0.036413 1.15111
2.500000 0.033717 0.038437 1.13999
2.506250 0.035806 0.040464 1.13008
2.512500 0.037899 0.042491 1.12118
2.518750 0.039993 0.044518 1.11315
2.525000 0.042087 0.046543 1.10586
2.531250 0.044181 0.048565 1.09921
2.537500 0.046273 0.050582 1.09312
2.543750 0.048362 0.052594 1.08752
2.550000 0.050446 0.054600 1.08235
2.556250 0.052524 0.056597 1.07755
2.562500 0.054595 0.058586 1.0731
2.568750 0.056658 0.060565 1.06895
2.575000 0.058712 0.062532 1.06507
2.581250 0.060756 0.064488 1.06143
2.587500 0.062787 0.066430 1.05801
2.593750 0.064807 0.068358 1.0548
2.600000 0.066812 0.070271 1.05177
2.606250 0.068803 0.072168 1.0489
2.612500 0.070778 0.074047 1.04619
2.618750 0.072737 0.075909 1.04361
2.625000 0.074678 0.077752 1.04116
2.631250 0.076601 0.079575 1.03883
2.637500 0.078504 0.081378 1.03661
2.643750 0.080386 0.083159 1.03449
2.650000 0.082248 0.084918 1.03247
2.656250 0.084087 0.086654 1.03053
2.662500 0.085904 0.088367 1.02867
2.668750 0.087697 0.090055 1.02689
2.675000 0.089466 0.091718 1.02517
2.681250 0.091210 0.093356 1.02352
2.687500 0.092928 0.094967 1.02194
2.693750 0.094620 0.096551 1.02041
2.700000 0.096284 0.098107 1.01893
2.706250 0.097921 0.099635 1.01751
2.712500 0.099529 0.101135 1.01613
2.718750 0.101109 0.102605 1.0148
2.725000 0.102659 0.104046 1.01351
2.731250 0.104179 0.105456 1.01226
2.737500 0.105669 0.106836 1.01104
2.743750 0.107127 0.108184 1.00987
2.750000 0.108554 0.109501 1.00872
2.756250 0.109949 0.110786 1.00761
2.762500 0.111312 0.112039 1.00653
2.768750 0.112641 0.113259 1.00548
2.775000 0.113938 0.114446 1.00446
2.781250 0.115201 0.115599 1.00346
2.787500 0.116430 0.116719 1.00248
2.793750 0.117625 0.117805 1.00153
2.800000 0.118786 0.118857 1.0006
2.806250 0.119911 0.119874 0.999691
2.812500 0.121002 0.120857 0.998803
2.818750 0.122057 0.121805 0.997934
2.825000 0.123077 0.122717 0.997082
2.831250 0.124060 0.123595 0.996248
2.837500 0.125008 0.124437 0.995431
2.843750 0.125920 0.125244 0.994629
2.850000 0.126796 0.126015 0.993842
2.856250 0.127635 0.126751 0.993069
2.862500 0.128438 0.127450 0.99231
2.868750 0.129204 0.128114 0.991564
2.875000 0.129933 0.128742 0.99083
2.881250 0.130626 0.129334 0.990108
2.887500 0.131282 0.129890 0.989396
2.893750 0.131900 0.130409 0.988696
2.900000 0.132482 0.130893 0.988006
2.906250 0.133028 0.131341 0.987325
2.912500 0.133536 0.131753 0.986653
2.918750 0.134007 0.132130 0.98599
2.925000 0.134442 0.132470 0.985335
2.931250 0.134839 0.132775 0.984688
2.937500 0.135200 0.133044 0.984048
2.943750 0.135525 0.133277 0.983416
2.950000 0.135812 0.133475 0.982789
2.956250 0.136064 0.133638 0.982169
2.962500 0.136279 0.133765 0.981555
2.968750 0.136458 0.133858 0.980946
2.975000 0.136600 0.133915 0.980343
2.981250 0.136707 0.133938 0.979744
2.987500 0.136778 0.133926 0.97915
2.993750 0.136814 0.133880 0.978559
3.000000 0.136814 0.133800 0.977973
3.006250 0.136778 0.133686 0.97739
3.012500 0.136708 0.133538 0.97681
3.018750 0.136603 0.133356 0.976233
3.025000 0.136463 0.133142 0.975659
3.031250 0.136289 0.132894 0.975087
3.037500 0.136081 0.132613 0.974516
3.043750 0.135839 0.132300 0.973948
3.050000 0.135564 0.131955 0.973381
3.056250 0.135255 0.131578 0.972815
3.062500 0.134913 0.131169 0.972249
3.068750 0.134538 0.130728 0.971685
3.075000 0.134130 0.130257 0.97112
3.081250 0.133691 0.129754 0.970555
3.087500 0.133219 0.129221 0.96999
3.093750 0.132716 0.128658 0.969424
3.100000 0.132182 0.128065 0.968857
3.106250 0.131616 0.127443 0.968289
3.112500 0.131020 0.126791 0.967719
3.118750 0.130394 0.126110 0.967147
3.125000 0.129737 0.125401 0.966572
3.131250 0.129051 0.124663 0.965995
3.137500 0.128336 0.123897 0.965415
3.143750 0.127592 0.123104 0.964831
3.150000 0.126819 0.122284 0.964244
3.156250 0.126018 0.121437 0.963653
3.162500 0.125188 0.120564 0.963057
3.168750 0.124332 0.119664 0.962456
3.175000 0.123448 0.118739 0.96185
3.181250 0.122538 0.117788 0.961238
3.187500 0.121601 0.116812 0.960621
3.193750 0.120638 0.115812 0.959996
3.200000 0.119649 0.114787 0.959365
3.206250 0.118636 0.113739 0.958726
3.212500 0.117597 0.112667 0.958079
3.218750 0.116534 0.111572 0.957424
3.225000 0.115447 0.110455 0.956759
3.231250 0.114336 0.109315 0.956086
3.237500 0.113202 0.108153 0.955401
3.243750 0.112045 0.106970 0.954706
3.250000 0.110865 0.105765 0.954
3.256250 0.109664 0.104540 0.953281
3.262500 0.108440 0.103295 0.952549
3.268750 0.107196 0.102029 0.951804
3.275000 0.105930 0.100745 0.951044
3.281250 0.104645 0.099440 0.950268
3.287500 0.103339 0.098118 0.949476
3.293750 0.102013 0.096776 0.948667
3.300000 0.100668 0.095417 0.947839
3.306250 0.099305 0.094041 0.946992
3.312500 0.097922 0.092647 0.946124
3.318750 0.096522 0.091236 0.945233
3.325000 0.095104 0.089809 0.94432
3.331250 0.093669 0.088366 0.943382
3.337500 0.092218 0.086907 0.942417
3.343750 0.090749 0.085434 0.941424
3.350000 0.089265 0.083945 0.940401
3.356250 0.087765 0.082442 0.939347
3.362500 0.086250 0.080925 0.938259
3.368750 0.084720 0.079394 0.937135
3.375000 0.083176 0.077850 0.935973
3.381250 0.081618 0.076294 0.934769
3.387500 0.080046 0.074724 0.933522
3.393750 0.078460 0.073143 0.932228
3.400000 0.076863 0.071550 0.930885
3.406250 0.075252 0.069946 0.929487
3.412500 0.073630 0.068331 0.928031
3.418750 0.071996 0.066705 0.926514
3.425000 0.070350 0.065069 0.924929
3.431250 0.068694 0.063423 0.923271
3.437500 0.067027 0.061768 0.921536
3.443750 0.065350 0.060104 0.919715
3.450000 0.063664 0.058430 0.917802
3.456250 0.061968 0.056749 0.915788
3.462500 0.060262 0.055060 0.913664
3.468750 0.058549 0.053363 0.911421
3.475000 0.056827 0.051658 0.909046
3.481250 0.055097 0.049947 0.906526
3.487500 0.053360 0.048229 0.903847
3.493750 0.051615 0.046505 0.900992
3.500000 0.049864 0.044775 0.897941
3.506250 0.048106 0.043039 0.894673
3.512500 0.046342 0.041299 0.891162
3.518750 0.044573 0.039553 0.887377
3.525000 0.042798 0.037803 0.883285
3.531250 0.041018 0.036048 0.878844
3.537500 0.039233 0.034290 0.874007
3.543750 0.037444 0.032528 0.868715
3.550000 0.035651 0.030763 0.862899
3.556250 0.033854 0.028995 0.856475
3.562500 0.032053 0.027224 0.849339
3.568750 0.030250 0.025451 0.841364
3.575000 0.028444 0.023676 0.832388
3.581250 0.026635 0.021899 0.822207
3.587500 0.024824 0.020121 0.810556
3.593750 0.023012 0.018342 0.797088
3.600000 0.021198 0.016563 0.781334
3.606250 0.019383 0.014782 0.762653
3.612500 0.017566 0.013002 0.740136
3.618750 0.015750 0.011221 0.712457
3.625000 0.013933 0.009441 0.6776
3.631250 0.012116 0.007661 0.632339
3.637500 0.010299 0.005883 0.571179
3.643750 0.008483 0.004105 0.483926
3.650000 0.006668 0.002329 0.349305
3.656250 0.004854 0.000555 0.114286
3.662500 0.003041 -0.001218 -0.400455
3.668750 0.001230 -0.002988 -2.42964
3.675000 -0.000579 -0.004756 8.20868
3.681250 -0.002386 -0.006521 2.73257
3.687500 -0.004191 -0.008283 1.97643
3.693750 -0.005993 -0.010042 1.67568
3.700000 -0.007791 -0.011797 1.51411
3.706250 -0.009587 -0.013549 1.41324
3.712500 -0.011379 -0.015296 1.34426
3.718750 -0.013168 -0.017040 1.29409
3.725000 -0.014952 -0.018779 1.25597
3.731250 -0.016732 -0.020514 1.226
3.737500 -0.018508 -0.022244 1.20183
3.743750 -0.020280 -0.023969 1.18191
3.750000 -0.022046 -0.025688 1.16521
3.756250 -0.023807 -0.027403 1.15101
3.762500 -0.025563 -0.029111 1.13878
3.768750 -0.027314 -0.030814 1.12813
3.775000 -0.029059 -0.032511 1.11878
3.781250 -0.030798 -0.034201 1.11051
3.787500 -0.032531 -0.035885 1.10312
3.793750 -0.034257 -0.037563 1.09649
3.800000 -0.035977 -0.039234 1.09051
3.806250 -0.037690 -0.040897 1.08508
3.812500 -0.039397 -0.042554 1.08014
3.818750 -0.041096 -0.044203 1.07561
3.825000 -0.042788 -0.045845 1.07145
3.831250 -0.044473 -0.047480 1.06761
3.837500 -0.046150 -0.049106 1.06406
3.843750 -0.047819 -0.050725 1.06077
3.850000 -0.049481 -0.052336 1.0577
3.856250 -0.051134 -0.053938 1.05484
3.862500 -0.052779 -0.055532 1.05216
3.868750 -0.054415 -0.057117 1.04966
3.875000 -0.056043 -0.058694 1.0473
3.881250 -0.057662 -0.060262 1.04509
3.887500 -0.059273 -0.061821 1.043
3.893750 -0.060874 -0.063371 1.04103
3.900000 -0.062466 -0.064912 1.03916
3.906250 -0.064049 -0.066444 1.0374
3.912500 -0.065622 -0.067966 1.03572
3.918750 -0.067186 -0.069479 1.03413
3.925000 -0.068740 -0.070982 1.03262
3.931250 -0.070284 -0.072476 1.03118
3.937500 -0.071819 -0.073959 1.0298
3.943750 -0.073343 -0.075433 1.0285
3.950000 -0.074857 -0.076897 1.02725
3.956250 -0.076361 -0.078351 1.02605
3.962500 -0.077855 -0.079794 1.02491
3.968750 -0.079338 -0.081226 1.0238
3.975000 -0.080810 -0.082645 1.02271
3.981250 -0.082272 -0.084049 1.0216
3.987500 -0.083723 -0.085434 1.02044
3.993750 -0.085163 -0.086796 1.01918
4.000000 -0.086591 -0.088130 1.01777
4.006250 -0.088006 -0.089432 1.0162
4.012500 -0.089402 -0.090697 1.01449
4.018750 -0.090772 -0.091921 1.01266
4.025000 -0.092113 -0.093102 1.01073
4.031250 -0.093420 -0.094234 1.00872
4.037500 -0.094688 -0.095315 1.00663
4.043750 -0.095914 -0.096343 1.00448
4.050000 -0.097093 -0.097315 1.00228
4.056250 -0.098223 -0.098227 1.00004
4.062500 -0.099301 -0.099079 0.997766
4.068750 -0.100322 -0.099867 0.995465
4.075000 -0.101286 -0.100591 0.993142
4.081250 -0.102189 -0.101249 0.990801
4.087500 -0.103029 -0.101839 0.988447
4.093750 -0.103804 -0.102359 0.986082
4.100000 -0.104513 -0.102810 0.983709
4.106250 -0.105154 -0.103191 0.98133
4.112500 -0.105725 -0.103499 0.978946
4.118750 -0.106226 -0.103736 0.976558
4.125000 -0.106655 -0.103900 0.974167
4.131250 -0.107012 -0.103991 0.971772
4.137500 -0.107295 -0.104009 0.969375
4.143750 -0.107505 -0.103954 0.966974
4.150000 -0.107640 -0.103827 0.96457
4.156250 -0.107702 -0.103626 0.962161
4.162500 -0.107689 -0.103354 0.959748
4.168750 -0.107601 -0.103009 0.957328
4.175000 -0.107439 -0.102593 0.954901
4.181250 -0.107203 -0.102107 0.952465
4.187500 -0.106893 -0.101550 0.950019
4.193750 -0.106509 -0.100924 0.94756
4.200000 -0.106053 -0.100230 0.945088
4.206250 -0.105525 -0.099468 0.942599
4.212500 -0.104925 -0.098639 0.940092
4.218750 -0.104254 -0.097745 0.937563
4.225000 -0.103514 -0.096787 0.93501
4.231250 -0.102705 -0.095765 0.932429
4.237500 -0.101828 -0.094681 0.929818
4.243750 -0.100883 -0.093536 0.927172
4.250000 -0.099874 -0.092332 0.924488
4.256250 -0.098799 -0.091070 0.921762
4.262500 -0.097662 -0.089750 0.918988
4.268750 -0.096462 -0.088375 0.916163
4.275000 -0.095202 -0.086946 0.913281
4.281250 -0.093882 -0.085465 0.910337
4.287500 -0.092505 -0.083932 0.907323
4.293750 -0.091071 -0.082349 0.904235
4.300000 -0.089582 -0.080719 0.901063
4.306250 -0.088039 -0.079041 0.897802
4.312500 -0.086444 -0.077319 0.894441
4.318750 -0.084799 -0.075553 0.890972
4.325000 -0.083105 -0.073746 0.887383
4.331250 -0.081363 -0.071898 0.883664
4.337500 -0.079576 -0.070011 0.879802
4.343750 -0.077744 -0.068087 0.875782
4.350000 -0.075870 -0.066128 0.871589
4.356250 -0.073956 -0.064135 0.867204
4.362500 -0.072001 -0.062109 0.862607
4.368750 -0.070009 -0.060052 0.857777
4.375000 -0.067982 -0.057967 0.852686
4.381250 -0.065919 -0.055854 0.847307
4.387500 -0.063824 -0.053715 0.841605
4.393750 -0.061698 -0.051551 0.835542
4.400000 -0.059543 -0.049365 0.829073
4.406250 -0.057359 -0.047158 0.822147
4.412500 -0.055150 -0.044931 0.814703
4.418750 -0.052916 -0.042685 0.806669
4.425000 -0.050658 -0.040423 0.797961
4.431250 -0.048380 -0.038146 0.788476
4.437500 -0.046082 -0.035856 0.778092
4.443750 -0.043765 -0.033553 0.76666
4.450000 -0.041432 -0.031239 0.753997
4.456250 -0.039083 -0.028917 0.739872
4.462500 -0.036721 -0.026586 0.723997
4.468750 -0.034347 -0.024249 0.706002
4.475000 -0.031963 -0.021907 0.685406
4.481250 -0.029569 -0.019562 0.661571
4.487500 -0.027168 -0.017214 0.633633
4.493750 -0.024760 -0.014866 0.60039
4.500000 -0.022348 -0.012517 0.560123
4.506250 -0.019932 -0.010171 0.510282
4.512500 -0.017514 -0.007827 0.446912
4.518750 -0.015096 -0.005488 0.363538
4.525000 -0.012678 -0.003154 0.248765
4.531250 -0.010262 -0.000826 0.0805302
4.537500 -0.007850 0.001493 -0.190225
4.543750 -0.005442 0.003804 -0.699009
4.550000 -0.003040 0.006104 -2.0082
4.556250 -0.000645 0.008394 -13.0184
4.562500 0.001742 0.010671 6.12581
4.568750 0.004119 0.012935 3.14006
4.575000 0.006486 0.015184 2.34107
4.581250 0.008841 0.017419 1.97017
4.587500 0.011183 0.019636 1.75584
4.593750 0.013512 0.021837 1.61613
4.600000 0.015825 0.024019 1.51777
4.606250 0.018123 0.026182 1.44472
4.612500 0.020403 0.028325 1.38827
4.618750 0.022666 0.030448 1.34332
4.625000 0.024910 0.032548 1.30664
4.631250 0.027134 0.034626 1.27612
4.637500 0.029337 0.036681 1.25032
4.643750 0.031519 0.038711 1.2282
4.650000 0.033678 0.040717 1.20901
4.656250 0.035814 0.042697 1.19219
4.662500 0.037925 0.044650 1.17732
4.668750 0.040012 0.046577 1.16406
4.675000 0.042074 0.048476 1.15217
4.681250 0.044109 0.050347 1.14143
4.687500 0.046117 0.052189 1.13168
4.693750 0.048097 0.054002 1.12277
4.700000 0.050049 0.055785 1.11461
4.706250 0.051972 0.057537 1.10709
4.712500 0.053865 0.059259 1.10013
4.718750 0.055728 0.060949 1.09368
4.725000 0.057560 0.062607 1.08767
4.731250 0.059361 0.064232 1.08205
4.737500 0.061130 0.065825 1.07679
4.743750 0.062867 0.067385 1.07185
4.750000 0.064571 0.068911 1.0672
4.756250 0.066242 0.070403 1.06281
4.762500 0.067879 0.071861 1.05865
4.768750 0.069482 0.073284 1.05471
4.775000 0.071051 0.074672 1.05097
4.781250 0.072584 0.076025 1.0474
4.787500 0.074083 0.077343 1.04401
4.793750 0.075546 0.078625 1.04076
4.800000 0.076973 0.079871 1.03765
4.806250 0.078365 0.081082 1.03467
4.812500 0.079719 0.082255 1.03181
4.818750 0.081038 0.083393 1.02906
4.825000 0.082319 0.084494 1.02642
4.831250 0.083563 0.085558 1.02386
4.837500 0.084771 0.086585 1.0214
4.843750 0.085940 0.087575 1.01902
4.850000 0.087073 0.088528 1.01672
4.856250 0.088167 0.089444 1.01448
4.862500 0.089224 0.090323 1.01232
4.868750 0.090243 0.091165 1.01022
4.875000 0.091224 0.091970 1.00817
4.881250 0.092167 0.092737 1.00618
4.887500 0.093072 0.093467 1.00425
4.893750 0.093939 0.094160 1.00236
4.900000 0.094767 0.094816 1.00051
4.906250 0.095558 0.095435 0.998711
4.912500 0.096310 0.096016 0.996949
4.918750 0.097025 0.096561 0.995224
4.925000 0.097701 0.097069 0.993534
4.931250 0.098339 0.097540 0.991876
4.937500 0.098939 0.097974 0.99025
4.943750 0.099501 0.098372 0.988652
4.950000 0.100026 0.098734 0.987081
4.956250 0.100513 0.099059 0.985535
4.962500 0.100962 0.099348 0.984012
4.968750 0.101374 0.099601 0.982512
4.975000 0.101748 0.099818 0.981032
4.981250 0.102086 0.100000 0.979571
4.987500 0.102386 0.100147 0.978127
4.993750 0.102650 0.100258 0.9767
5.000000 0.102877 0.100335 0.975288
5.006250 0.103068 0.100376 0.973889
5.012500 0.103222 0.100384 0.972503
5.018750 0.103340 0.100357 0.971129
5.025000 0.103423 0.100296 0.969764
5.031250 0.103470 0.100201 0.968409
5.037500 0.103482 0.100073 0.967062
5.043750 0.103458 0.099912 0.965721
5.050000 0.103400 0.099718 0.964387
5.056250 0.103307 0.099491 0.963058
5.062500 0.103180 0.099232 0.961732
5.068750 0.103019 0.098941 0.960409
5.075000 0.102825 0.098618 0.959088
5.081250 0.102597 0.098264 0.957768
5.087500 0.102336 0.097879 0.956448
5.093750 0.102042 0.097463 0.955126
5.100000 0.101715 0.097017 0.953803
5.106250 0.101357 0.096540 0.952476
5.112500 0.100967 0.096034 0.951145
5.118750 0.100545 0.095498 0.949809
5.125000 0.100092 0.094934 0.948466
5.131250 0.099608 0.094341 0.947116
5.137500 0.099094 0.093719 0.945758
5.143750 0.098550 0.093070 0.94439
5.150000 0.097976 0.092393 0.943012
5.156250 0.097373 0.091688 0.941621
5.162500 0.096740 0.090957 0.940218
5.168750 0.096079 0.090199 0.9388
5.175000 0.095390 0.089416 0.937367
5.181250 0.094673 0.088606 0.935917
5.187500 0.093929 0.087771 0.934449
5.193750 0.093157 0.086912 0.932961
5.200000 0.092358 0.086027 0.931453
5.206250 0.091534 0.085119 0.929921
5.212500 0.090683 0.084187 0.928365
5.218750 0.089807 0.083231 0.926783
5.225000 0.088905 0.082253 0.925174
5.231250 0.087979 0.081252 0.923534
5.237500 0.087028 0.080228 0.921863
5.243750 0.086054 0.079183 0.920157
5.250000 0.085056 0.078117 0.918416
5.256250 0.084035 0.077029 0.916635
5.262500 0.082991 0.075921 0.914813
5.268750 0.081924 0.074793 0.912947
5.275000 0.080836 0.073645 0.911034
5.281250 0.079727 0.072477 0.90907
5.287500 0.078596 0.071290 0.907053
5.293750 0.077444 0.070085 0.904978
5.300000 0.076272 0.068862 0.902842
5.306250 0.075081 0.067621 0.90064
5.312500 0.073870 0.066362 0.898369
5.318750 0.072639 0.065087 0.896022
5.325000 0.071391 0.063794 0.893596
5.331250 0.070124 0.062486 0.891083
5.337500 0.068839 0.061162 0.888478
5.343750 0.067536 0.059822 0.885774
5.350000 0.066217 0.058467 0.882964
5.356250 0.064881 0.057098 0.880039
5.362500 0.063529 0.055714 0.876991
5.368750 0.062161 0.054317 0.87381
5.375000 0.060777 0.052906 0.870486
5.381250 0.059379 0.051482 0.867005
5.387500 0.057966 0.050045 0.863355
5.393750 0.056539 0.048596 0.859522
5.400000 0.055098 0.047136 0.855488
5.406250 0.053644 0.045663 0.851236
5.412500 0.052176 0.044180 0.846744
5.418750 0.050696 0.042686 0.841989
5.425000 0.049204 0.041181 0.836944
5.431250 0.047700 0.039667 0.83158
5.437500 0.046185 0.038142 0.825862
5.443750 0.044658 0.036609 0.819751
5.450000 0.043121 0.035066 0.813201
5.456250 0.041573 0.033515 0.806161
5.462500 0.040016 0.031956 0.798568
5.468750 0.038449 0.030388 0.790352
5.475000 0.036873 0.028813 0.781428
5.481250 0.035288 0.027232 0.771696
5.487500 0.033694 0.025643 0.761037
5.493750 0.032093 0.024047 0.749307
5.500000 0.030484 0.022446 0.736329
5.506250 0.028867 0.020839 0.721889
5.512500 0.027244 0.019226 0.705715
5.518750 0.025613 0.017609 0.687471
5.525000 0.023977 0.015986 0.666721
5.531250 0.022335 0.014359 0.642904
5.537500 0.020687 0.012728 0.615273
5.543750 0.019033 0.011093 0.58282
5.550000 0.017375 0.009455 0.544148
5.556250 0.015712 0.007813 0.49726
5.562500 0.014045 0.006169 0.439205
5.568750 0.012374 0.004522 0.365423
5.575000 0.010700 0.002873 0.268488
5.581250 0.009022 0.001222 0.135416
5.587500 0.007341 -0.000431 -0.0587076
5.593750 0.005657 -0.002085 -0.368533
5.600000 0.003972 -0.003740 -0.94167
5.606250 0.002284 -0.005396 -2.3626
5.612500 0.000594 -0.007052 -11.8664
5.618750 -0.001097 -0.008708 7.94091
5.625000 -0.002789 -0.010365 3.71671
5.631250 -0.004482 -0.012021 2.68228
5.637500 -0.006175 -0.013676 2.21478
5.643750 -0.007869 -0.015331 1.94834
5.650000 -0.009562 -0.016984 1.77617
5.656250 -0.011255 -0.018636 1.65573
5.662500 -0.012948 -0.020286 1.56673
5.668750 -0.014640 -0.021935 1.49827
5.675000 -0.016331 -0.023581 1.44396
5.681250 -0.018020 -0.025224 1.39981
5.687500 -0.019707 -0.026865 1.3632
5.693750 -0.021393 -0.028503 1.33236
5.700000 -0.023076 -0.030138 1.306
5.706250 -0.024757 -0.031769 1.28322
5.712500 -0.026436 -0.033397 1.26333
5.718750 -0.028111 -0.035021 1.24581
5.725000 -0.029783 -0.036641 1.23025
5.731250 -0.031452 -0.038256 1.21634
5.737500 -0.033117 -0.039867 1.20383
5.743750 -0.034778 -0.041473 1.19251
5.750000 -0.036435 -0.043075 1.18223
5.756250 -0.038088 -0.044671 1.17284
5.762500 -0.039736 -0.046262 1.16423
5.768750 -0.041379 -0.047847 1.1563
5.775000 -0.043018 -0.049427 1.14898
5.781250 -0.044651 -0.051000 1.1422
5.787500 -0.046279 -0.052568 1.1359
5.793750 -0.047901 -0.054130 1.13003
5.800000 -0.049517 -0.055685 1.12455
5.806250 -0.051128 -0.057233 1.11941
5.812500 -0.052732 -0.058775 1.11459
5.818750 -0.054330 -0.060310 1.11006
5.825000 -0.055921 -0.061837 1.10579
5.831250 -0.057506 -0.063358 1.10176
5.837500 -0.059083 -0.064871 1.09795
5.843750 -0.060654 -0.066376 1.09435
5.850000 -0.062217 -0.067874 1.09092
5.856250 -0.063773 -0.069364 1.08768
5.862500 -0.065321 -0.070846 1.08459
5.868750 -0.066861 -0.072321 1.08165
5.875000 -0.068394 -0.073787 1.07885
5.881250 -0.069918 -0.075245 1.07618
5.887500 -0.071434 -0.076694 1.07363
5.893750 -0.072942 -0.078135 1.07119
5.900000 -0.074442 -0.079568 1.06886
5.906250 -0.075932 -0.080992 1.06663
5.912500 -0.077414 -0.082407 1.0645
5.918750 -0.078887 -0.083814 1.06245
5.925000 -0.080351 -0.085211 1.06049
5.931250 -0.081806 -0.086600 1.05861
5.937500 -0.083251 -0.087980 1.05681
5.943750 -0.084687 -0.089351 1.05507
5.950000 -0.086113 -0.090711 1.05339
5.956250 -0.087530 -0.092060 1.05175
5.962500 -0.088937 -0.093396 1.05014
5.968750 -0.090334 -0.094717 1.04852
5.975000 -0.091721 -0.096018 1.04685
5.981250 -0.093098 -0.097298 1.04511
5.987500 -0.094465 -0.098550 1.04324
5.993750 -0.095821 -0.099771 1.04122
6.000000 -0.097167 -0.100956 1.03899
6.006250 -0.098500 -0.102102 1.03657
6.012500 -0.099813 -0.103204 1.03397
6.018750 -0.101103 -0.104259 1.03122
6.025000 -0.102363 -0.105265 1.02835
6.031250 -0.103590 -0.106218 1.02537
6.037500 -0.104778 -0.107115 1.0223
6.043750 -0.105925 -0.107954 1.01915
6.050000 -0.107026 -0.108733 1.01594
6.056250 -0.108078 -0.109449 1.01268
6.062500 -0.109079 -0.110102 1.00938
6.068750 -0.110024 -0.110689 1.00605
6.075000 -0.110911 -0.111209 1.00269
6.081250 -0.111738 -0.111661 0.999304
6.087500 -0.112503 -0.112043 0.995907
6.093750 -0.113204 -0.112355 0.9925
6.100000 -0.113839 -0.112596 0.989084
6.106250 -0.114406 -0.112766 0.985663
6.112500 -0.114905 -0.112864 0.982237
6.118750 -0.115333 -0.112889 0.97881
6.125000 -0.115690 -0.112842 0.975381
6.131250 -0.115976 -0.112723 0.971951
6.137500 -0.116188 -0.112531 0.96852
6.143750 -0.116328 -0.112266 0.965088
6.150000 -0.116393 -0.111930 0.961656
6.156250 -0.116385 -0.111523 0.958221
6.162500 -0.116303 -0.111045 0.954784
6.168750 -0.116147 -0.110496 0.951343
6.175000 -0.115918 -0.109878 0.947896
6.181250 -0.115614 -0.109191 0.944441
6.187500 -0.115237 -0.108436 0.940977
6.193750 -0.114788 -0.107613 0.937501
6.200000 -0.114266 -0.106725 0.93401
6.206250 -0.113672 -0.105772 0.930502
6.212500 -0.113007 -0.104754 0.926973
6.218750 -0.112272 -0.103674 0.92342
6.225000 -0.111468 -0.102532 0.919839
6.231250 -0.110595 -0.101330 0.916227
6.237500 -0.109655 -0.100068 0.912578
6.243750 -0.108648 -0.098749 0.908888
6.250000 -0.107576 -0.097373 0.905154
6.256250 -0.106440 -0.095942 0.901368
6.262500 -0.105242 -0.094457 0.897526
6.268750 -0.103981 -0.092920 0.893622
6.275000 -0.102661 -0.091332 0.889649
6.281250 -0.101281 -0.089695 0.885601
6.287500 -0.099844 -0.088010 0.881469
6.293750 -0.098351 -0.086278 0.877247
6.300000 -0.096804 -0.084502 0.872924
6.306250 -0.095203 -0.082683 0.868492
6.312500 -0.093550 -0.080822 0.863941
6.318750 -0.091848 -0.078921 0.859258
6.325000 -0.090097 -0.076982 0.854432
6.331250 -0.088299 -0.075006 0.84945
6.337500 -0.086456 -0.072994 0.844295
6.343750 -0.084569 -0.070949 0.838952
6.350000 -0.082640 -0.068872 0.833402
6.356250 -0.080670 -0.066765 0.827625
6.362500 -0.078662 -0.064628 0.821598
6.368750 -0.076616 -0.062465 0.815296
6.375000 -0.074534 -0.060275 0.808689
6.381250 -0.072419 -0.058062 0.801747
6.387500 -0.070271 -0.055826 0.794431
6.393750 -0.068093 -0.053569 0.786701
6.400000 -0.065886 -0.051292 0.778508
6.406250 -0.063651 -0.048998 0.769798
6.412500 -0.061390 -0.046687 0.760507
6.418750 -0.059105 -0.044362 0.750561
6.425000 -0.056798 -0.042023 0.739875
6.431250 -0.054469 -0.039672 0.728346
6.437500 -0.052121 -0.037311 0.715854
6.443750 -0.049755 -0.034941 0.702255
6.450000 -0.047373 -0.032563 0.687376
6.456250 -0.044976 -0.030179 0.671006
6.462500 -0.042566 -0.027791 0.652884
6.468750 -0.040144 -0.025399 0.632689
6.475000 -0.037712 -0.023005 0.610012
6.481250 -0.035272 -0.020610 0.584336
6.487500 -0.032824 -0.018217 0.554985
6.493750 -0.030370 -0.015825 0.521067
6.500000 -0.027911 -0.013436 0.481377
6.506250 -0.025450 -0.011052 0.434247
6.512500 -0.022987 -0.008673 0.377298
6.518750 -0.020523 -0.006301 0.307018
6.525000 -0.018061 -0.003937 0.217999
6.531250 -0.015601 -0.001583 0.101451
6.537500 -0.013145 0.000761 -0.0579306
6.543750 -0.010694 0.003094 -0.289365
6.550000 -0.008248 0.005415 -0.65646
6.556250 -0.005810 0.007721 -1.3289
6.562500 -0.003381 0.010014 -2.96166
6.568750 -0.000962 0.012290 -12.7821
6.575000 0.001447 0.014550 10.0544
6.581250 0.003844 0.016793 4.36878
6.587500 0.006227 0.019017 3.05375
6.593750 0.008597 0.021221 2.46856
6.600000 0.010951 0.023406 2.13736
6.606250 0.013289 0.025569 1.92413
6.612500 0.015609 0.027710 1.77525
6.618750 0.017912 0.029829 1.66533
6.625000 0.020195 0.031924 1.58079
6.631250 0.022458 0.033994 1.51369
6.637500 0.024700 0.036039 1.4591
6.643750 0.026920 0.038059 1.41379
6.650000 0.029117 0.040052 1.37555
6.656250 0.031291 0.042018 1.34281
6.662500 0.033440 0.043956 1.31446
6.668750 0.035565 0.045865 1.28963
6.675000 0.037663 0.047746 1.26771
6.681250 0.039735 0.049597 1.24819
6.687500 0.041779 0.051417 1.23069
6.693750 0.043796 0.053207 1.2149
6.700000 0.045783 0.054966 1.20056
6.706250 0.047742 0.056693 1.18749
6.712500 0.049670 0.058387 1.1755
6.718750 0.051568 0.060050 1.16447
6.725000 0.053435 0.061679 1.15427
6.731250 0.055271 0.063274 1.14481
6.737500 0.057074 0.064836 1.136
6.743750 0.058845 0.066364 1.12778
6.750000 0.060583 0.067857 1.12008
6.756250 0.062287 0.069315 1.11284
6.762500 0.063957 0.070739 1.10604
6.768750 0.065593 0.072127 1.09961
6.775000 0.067194 0.073479 1.09353
6.781250 0.068760 0.074795 1.08776
6.787500 0.070291 0.076075 1.08229
6.793750 0.071786 0.077319 1.07708
6.800000 0.073245 0.078526 1.07211
6.806250 0.074667 0.079697 1.06736
6.812500 0.076053 0.080830 1.06281
6.818750 0.077402 0.081927 1.05846
6.825000 0.078714 0.082987 1.05428
6.831250 0.079989 0.084009 1.05026
6.837500 0.081226 0.084995 1.04639
6.843750 0.082426 0.085943 1.04266
6.850000 0.083588 0.086853 1.03906
6.856250 0.084712 0.087726 1.03558
6.862500 0.085798 0.088562 1.03221
6.868750 0.086846 0.089360 1.02895
6.875000 0.087856 0.090121 1.02578
6.881250 0.088827 0.090844 1.02271
6.887500 0.089760 0.091530 1.01972
6.893750 0.090655 0.092179 1.01681
6.900000 0.091512 0.092790 1.01397
6.906250 0.092330 0.093364 1.01121
6.912500 0.093109 0.093901 1.00851
6.918750 0.093851 0.094401 1.00587
6.925000 0.094554 0.094865 1.00329
6.931250 0.095219 0.095291 1.00076
6.937500 0.095845 0.095681 0.998282
6.943750 0.096434 0.096034 0.995852
6.950000 0.096985 0.096351 0.993466
6.956250 0.097497 0.096632 0.991122
6.962500 0.097972 0.096877 0.988816
6.968750 0.098410 0.097086 0.986547
6.975000 0.098810 0.097259 0.984311
6.981250 0.099172 0.097397 0.982107
6.987500 0.099497 0.097500 0.979931
6.993750 0.099786 0.097569 0.977783
7.000000 0.100037 0.097602 0.975659
7.006250 0.100252 0.097601 0.973559
7.012500 0.100430 0.097566 0.971479
7.018750 0.100572 0.097497 0.969418
7.025000 0.100679 0.097394 0.967375
7.031250 0.100749 0.097258 0.965347
7.037500 0.100784 0.097089 0.963333
7.043750 0.100784 0.096887 0.961331
7.050000 0.100749 0.096652 0.959339
7.056250 0.100679 0.096385 0.957357
7.062500 0.100574 0.096087 0.955381
7.068750 0.100436 0.095757 0.953411
7.075000 0.100263 0.095395 0.951446
7.081250 0.100057 0.095003 0.949482
7.087500 0.099818 0.094580 0.94752
7.093750 0.099546 0.094126 0.945558
7.100000 0.099241 0.093643 0.943593
7.106250 0.098904 0.093130 0.941625
7.112500 0.098534 0.092588 0.939651
7.118750 0.098134 0.092017 0.937671
7.125000 0.097701 0.091418 0.935682
7.131250 0.097238 0.090790 0.933684
7.137500 0.096745 0.090134 0.931674
7.143750 0.096221 0.089452 0.929651
7.150000 0.095667 0.088742 0.927612
7.156250 0.095083 0.088005 0.925558
7.162500 0.094471 0.087242 0.923485
7.168750 0.093830 0.086454 0.921391
7.175000 0.093160 0.085640 0.919276
7.181250 0.092462 0.084800 0.917136
7.187500 0.091736 0.083936 0.914971
7.193750 0.090984 0.083048 0.912777
7.200000 0.090204 0.082136 0.910552
7.206250 0.089398 0.081200 0.908295
7.212500 0.088566 0.080241 0.906002
7.218750 0.087708 0.079259 0.903671
7.225000 0.086825 0.078255 0.9013
7.231250 0.085916 0.077229 0.898884
7.237500 0.084984 0.076181 0.896422
7.243750 0.084027 0.075113 0.89391
7.250000 0.083047 0.074023 0.891344
7.256250 0.082043 0.072913 0.888721
7.262500 0.081016 0.071783 0.886036
7.268750 0.079967 0.070634 0.883287
7.275000 0.078896 0.069465 0.880467
7.281250 0.077803 0.068278 0.877572
7.287500 0.076689 0.067072 0.874598
7.293750 0.075554 0.065848 0.871539
7.300000 0.074399 0.064607 0.868388
7.306250 0.073224 0.063349 0.86514
7.312500 0.072029 0.062073 0.861787
7.318750 0.070814 0.060782 0.858323
7.325000 0.069582 0.059474 0.854739
7.331250 0.068330 0.058151 0.851027
7.337500 0.067061 0.056812 0.847176
7.343750 0.065774 0.055459 0.843178
7.350000 0.064470 0.054092 0.83902
7.356250 0.063150 0.052710 0.834691
7.362500 0.061813 0.051315 0.830176
7.368750 0.060460 0.049907 0.825461
7.375000 0.059091 0.048486 0.820528
7.381250 0.057708 0.047052 0.815361
7.387500 0.056309 0.045607 0.809938
7.393750 0.054897 0.044150 0.804236
7.400000 0.053470 0.042681 0.79823
7.406250 0.052030 0.041202 0.791891
7.412500 0.050577 0.039712 0.785187
7.418750 0.049111 0.038212 0.778081
7.425000 0.047633 0.036702 0.770531
7.431250 0.046142 0.035183 0.762491
7.437500 0.044641 0.033655 0.753907
7.443750 0.043128 0.032118 0.744716
7.450000 0.041604 0.030572 0.734846
7.456250 0.040070 0.029019 0.724213
7.462500 0.038526 0.027458 0.712722
7.468750 0.036972 0.025890 0.700255
7.475000 0.035409 0.024314 0.686678
7.481250 0.033837 0.022732 0.671829
7.487500 0.032256 0.021144 0.655511
7.493750 0.030667 0.019550 0.637488
7.500000 0.029070 0.017950 0.617469
7.506250 0.027466 0.016345 0.595093
7.512500 0.025855 0.014735 0.569908
7.518750 0.024237 0.013121 0.541337
7.525000 0.022613 0.011502 0.508635
7.531250 0.020983 0.009879 0.47082
7.537500 0.019346 0.008253 0.426573
7.543750 0.017705 0.006623 0.374079
7.550000 0.016059 0.004991 0.310771
7.556250 0.014407 0.003355 0.232889
7.562500 0.012752 0.001718 0.134709
7.568750 0.011092 0.000078 0.00705057
7.575000 0.009429 -0.001563 -0.165775
7.581250 0.007763 -0.003206 -0.412995
7.587500 0.006093 -0.004850 -0.795982
7.593750 0.004421 -0.006495 -1.46921
7.600000 0.002746 -0.008140 -2.96464
7.606250 0.001069 -0.009786 -9.1558
7.612500 -0.000610 -0.011432 18.7433
7.618750 -0.002290 -0.013077 5.71027
7.625000 -0.003972 -0.014722 3.70694
7.631250 -0.005654 -0.016367 2.89476
7.637500 -0.007337 -0.018010 2.45473
7.643750 -0.009020 -0.019652 2.17867
7.650000 -0.010704 -0.021293 1.98929
7.656250 -0.012387 -0.022931 1.85127
7.662500 -0.014069 -0.024568 1.74619
7.668750 -0.015751 -0.026202 1.66348
7.675000 -0.017432 -0.027833 1.59669
7.681250 -0.019111 -0.029462 1.54159
7.687500 -0.020789 -0.031087 1.49537
7.693750 -0.022465 -0.032709 1.45602
7.700000 -0.024139 -0.034328 1.42211
7.706250 -0.025810 -0.035943 1.39258
7.712500 -0.027479 -0.037554 1.36662
7.718750 -0.029145 -0.039160 1.34363
7.725000 -0.030808 -0.040762 1.32311
7.731250 -0.032468 -0.042360 1.30468
7.737500 -0.034124 -0.043952 1.28803
7.743750 -0.035776 -0.045540 1.27292
7.750000 -0.037424 -0.047122 1.25914
7.756250 -0.039068 -0.048699 1.24652
7.762500 -0.040707 -0.050270 1.23491
7.768750 -0.042342 -0.051835 1.2242
7.775000 -0.043972 -0.053394 1.21428
7.781250 -0.045596 -0.054947 1.20507
7.787500 -0.047216 -0.056493 1.19649
7.793750 -0.048829 -0.058033 1.18849
7.800000 -0.050437 -0.059566 1.18099
7.806250 -0.052040 -0.061092 1.17396
7.812500 -0.053636 -0.062611 1.16735
7.818750 -0.055225 -0.064123 1.16112
7.825000 -0.056808 -0.065628 1.15525
7.831250 -0.058385 -0.067125 1.14969
7.837500 -0.059955 -0.068614 1.14443
7.843750 -0.061517 -0.070096 1.13945
7.850000 -0.063073 -0.071570 1.13472
7.856250 -0.064621 -0.073036 1.13023
7.862500 -0.066161 -0.074494 1.12595
7.868750 -0.067694 -0.075945 1.12188
7.875000 -0.069219 -0.077387 1.11799
7.881250 -0.070736 -0.078821 1.11429
7.887500 -0.072245 -0.080246 1.11075
7.893750 -0.073746 -0.081664 1.10737
7.900000 -0.075238 -0.083073 1.10415
7.906250 -0.076721 -0.084475 1.10106
7.912500 -0.078196 -0.085868 1.09811
7.918750 -0.079662 -0.087253 1.09529
7.925000 -0.081119 -0.088629 1.09258
7.931250 -0.082566 -0.089996 1.08998
7.937500 -0.084005 -0.091353 1.08747
7.943750 -0.085434 -0.092698 1.08503
7.950000 -0.086854 -0.094030 1.08262
7.956250 -0.088264 -0.095345 1.08023
7.962500 -0.089664 -0.096641 1.07781
7.968750 -0.091054 -0.097914 1.07534
7.975000 -0.092435 -0.099161 1.07276
7.981250 -0.093805 -0.100376 1.07004
7.987500 -0.095166 -0.101556 1.06715
7.993750 -0.096516 -0.102697 1.06404
8.000000 -0.097856 -0.103795 1.0607
8.006250 -0.099182 -0.104847 1.05712
8.012500 -0.100489 -0.105850 1.05335
8.018750 -0.101772 -0.106800 1.0494
8.025000 -0.103027 -0.107694 1.0453
8.031250 -0.104247 -0.108531 1.04109
8.037500 -0.105430 -0.109308 1.03678
8.043750 -0.106571 -0.110023 1.03239
8.050000 -0.107666 -0.110674 1.02794
8.056250 -0.108712 -0.111260 1.02343
8.062500 -0.109707 -0.111779 1.01889
8.068750 -0.110646 -0.112230 1.01431
8.075000 -0.111528 -0.112612 1.00972
8.081250 -0.112350 -0.112923 1.00511
8.087500 -0.113109 -0.113164 1.00049
8.093750 -0.113804 -0.113334 0.995863
8.100000 -0.114434 -0.113431 0.991237
8.106250 -0.114996 -0.113456 0.986612
8.112500 -0.115489 -0.113409 0.98199
8.118750 -0.115912 -0.113289 0.977373
8.125000 -0.116264 -0.113097 0.972761
8.131250 -0.116544 -0.112832 0.968156
8.137500 -0.116751 -0.112496 0.963556
8.143750 -0.116885 -0.112089 0.958962
8.150000 -0.116946 -0.111610 0.954373
8.156250 -0.116933 -0.111061 0.949787
8.162500 -0.116846 -0.110443 0.945202
8.168750 -0.116685 -0.109756 0.940616
8.175000 -0.116450 -0.109001 0.936028
8.181250 -0.116142 -0.108178 0.931434
8.187500 -0.115760 -0.107290 0.926831
8.193750 -0.115306 -0.106337 0.922216
8.200000 -0.114779 -0.105319 0.917584
8.206250 -0.114180 -0.104239 0.912932
8.212500 -0.113511 -0.103097 0.908256
8.218750 -0.112771 -0.101895 0.903549
8.225000 -0.111963 -0.100633 0.898809
8.231250 -0.111085 -0.099313 0.894028
8.237500 -0.110140 -0.097937 0.889202
8.243750 -0.109129 -0.096506 0.884324
8.250000 -0.108053 -0.095021 0.879387
8.256250 -0.106913 -0.093483 0.874386
8.262500 -0.105710 -0.091895 0.869311
8.268750 -0.104445 -0.090257 0.864156
8.275000 -0.103120 -0.088571 0.858912
8.281250 -0.101737 -0.086839 0.853569
8.287500 -0.100295 -0.085062 0.848118
8.293750 -0.098798 -0.083242 0.842549
8.300000 -0.097246 -0.081381 0.836849
8.306250 -0.095642 -0.079479 0.831006
8.312500 -0.093985 -0.077538 0.825007
8.318750 -0.092279 -0.075561 0.818836
8.325000 -0.090524 -0.073549 0.812478
8.331250 -0.088722 -0.071502 0.805914
8.337500 -0.086875 -0.069424 0.799125
8.343750 -0.084984 -0.067315 0.79209
8.350000 -0.083051 -0.065177 0.784783
8.356250 -0.081078 -0.063012 0.777179
8.362500 -0.079065 -0.060821 0.769248
8.368750 -0.077016 -0.058606 0.760956
8.375000 -0.074931 -0.056368 0.752265
8.381250 -0.072812 -0.054109 0.743135
8.387500 -0.070660 -0.051830 0.733515
8.393750 -0.068478 -0.049534 0.723353
8.400000 -0.066267 -0.047221 0.712586
8.406250 -0.064029 -0.044893 0.701141
8.412500 -0.061765 -0.042552 0.688937
8.418750 -0.059476 -0.040199 0.675878
8.425000 -0.057165 -0.037835 0.661851
8.431250 -0.054834 -0.035462 0.646725
8.437500 -0.052482 -0.033082 0.630342
8.443750 -0.050113 -0.030695 0.612517
8.450000 -0.047728 -0.028304 0.593025
8.456250 -0.045327 -0.025909 0.571591
8.462500 -0.042914 -0.023512 0.547881
8.468750 -0.040489 -0.021114 0.521478
8.475000 -0.038054 -0.018717 0.491858
8.481250 -0.035610 -0.016322 0.458353
8.487500 -0.033159 -0.013930 0.420097
8.493750 -0.030702 -0.011542 0.375947
8.500000 -0.028240 -0.009160 0.324365
8.506250 -0.025776 -0.006785 0.263227
8.512500 -0.023310 -0.004418 0.189518
8.518750 -0.020843 -0.002059 0.0988063
8.525000 -0.018378 0.000288 -0.0156938
8.531250 -0.015915 0.002625 -0.164933
8.537500 -0.013456 0.004949 -0.367792
8.543750 -0.011002 0.007260 -0.65986
8.550000 -0.008554 0.009556 -1.11715
8.556250 -0.006113 0.011836 -1.93627
8.562500 -0.003681 0.014100 -3.8308
8.568750 -0.001258 0.016347 -12.9905
8.575000 0.001153 0.018575 16.1085
8.581250 0.003552 0.020783 5.85036
8.587500 0.005939 0.022972 3.86813
8.593750 0.008311 0.025139 3.02489
8.600000 0.010668 0.027285 2.55773
8.606250 0.013008 0.029407 2.26071
8.612500 0.015331 0.031506 2.05506
8.618750 0.017636 0.033581 1.90412
8.625000 0.019922 0.035631 1.78854
8.631250 0.022187 0.037655 1.69713
8.637500 0.024432 0.039652 1.62297
8.643750 0.026655 0.041623 1.56156
8.650000 0.028854 0.043565 1.50983
8.656250 0.031031 0.045479 1.46562
8.662500 0.033182 0.047364 1.42738
8.668750 0.035309 0.049219 1.39395
8.675000 0.037410 0.051044 1.36446
8.681250 0.039484 0.052839 1.33823
8.687500 0.041531 0.054602 1.31473
8.693750 0.043550 0.056333 1.29355
8.700000 0.045540 0.058032 1.27433
8.706250 0.047500 0.059699 1.25682
8.712500 0.049431 0.061333 1.24077
8.718750 0.051331 0.062933 1.22601
8.725000 0.053201 0.064499 1.21238
8.731250 0.055038 0.066031 1.19974
8.737500 0.056844 0.067529 1.18798
8.743750 0.058617 0.068992 1.177
8.750000 0.060357 0.070420 1.16673
8.756250 0.062063 0.071812 1.15708
8.762500 0.063735 0.073169 1.14801
8.768750 0.065373 0.074489 1.13945
8.775000 0.066976 0.075774 1.13135
8.781250 0.068545 0.077022 1.12368
8.787500 0.070077 0.078234 1.11639
8.793750 0.071574 0.079409 1.10946
8.800000 0.073035 0.080547 1.10285
8.806250 0.074460 0.081648 1.09654
8.812500 0.075847 0.082712 1.09051
8.818750 0.077198 0.083739 1.08473
8.825000 0.078512 0.084729 1.07918
8.831250 0.079789 0.085681 1.07385
8.837500 0.081028 0.086596 1.06871
8.843750 0.082230 0.087474 1.06377
8.850000 0.083394 0.088314 1.059
8.856250 0.084520 0.089116 1.05439
8.862500 0.085607 0.089881 1.04992
8.868750 0.086657 0.090609 1.0456
8.875000 0.087669 0.091299 1.04141
8.881250 0.088642 0.091952 1.03734
8.887500 0.089577 0.092568 1.03339
8.893750 0.090473 0.093146 1.02954
8.900000 0.091332 0.093687 1.0258
8.906250 0.092151 0.094192 1.02214
8.912500 0.092933 0.094659 1.01858
8.918750 0.093676 0.095089 1.01509
8.925000 0.094381 0.095483 1.01168
8.931250 0.095047 0.095841 1.00835
8.937500 0.095675 0.096162 1.00508
8.943750 0.096266 0.096446 1.00188
8.950000 0.096818 0.096695 0.998734
8.956250 0.097332 0.096908 0.995645
8.962500 0.097809 0.097086 0.992609
8.968750 0.098247 0.097228 0.989621
8.975000 0.098649 0.097335 0.986678
8.981250 0.099013 0.097407 0.983777
8.987500 0.099340 0.097444 0.980916
8.993750 0.099629 0.097447 0.978091
9.000000 0.099882 0.097415 0.9753
9.006250 0.100099 0.097350 0.972539
9.012500 0.100278 0.097251 0.969807
9.018750 0.100422 0.097118 0.967101
9.025000 0.100530 0.096953 0.964418
9.031250 0.100602 0.096754 0.961757
9.037500 0.100638 0.096523 0.959114
9.043750 0.100639 0.096260 0.956488
9.050000 0.100605 0.095965 0.953876
9.056250 0.100537 0.095638 0.951277
9.062500 0.100434 0.095280 0.948688
9.068750 0.100296 0.094891 0.946107
9.075000 0.100125 0.094471 0.943532
9.081250 0.099921 0.094021 0.940961
9.087500 0.099683 0.093541 0.938392
9.093750 0.099412 0.093032 0.935822
9.100000 0.099108 0.092493 0.933251
9.106250 0.098772 0.091925 0.930676
9.112500 0.098404 0.091328 0.928095
9.118750 0.098005 0.090704 0.925505
9.125000 0.097574 0.090051 0.922905
9.131250 0.097112 0.089371 0.920293
9.137500 0.096619 0.088664 0.917667
9.143750 0.096097 0.087931 0.915023
9.150000 0.095544 0.087171 0.912362
9.156250 0.094962 0.086385 0.909679
9.162500 0.094350 0.085573 0.906973
9.168750 0.093710 0.084736 0.904241
9.175000 0.093041 0.083875 0.901481
9.181250 0.092345 0.082989 0.89869
9.187500 0.091620 0.082080 0.895866
9.193750 0.090869 0.081146 0.893006
9.200000 0.090090 0.080190 0.890106
9.206250 0.089285 0.079211 0.887164
9.212500 0.088454 0.078209 0.884176
9.218750 0.087597 0.077185 0.88114
9.225000 0.086715 0.076140 0.878051
9.231250 0.085808 0.075074 0.874905
9.237500 0.084876 0.073986 0.871698
9.243750 0.083921 0.072879 0.868427
9.250000 0.082941 0.071751 0.865087
9.256250 0.081938 0.070604 0.861672
9.262500 0.080913 0.069438 0.858178
9.268750 0.079865 0.068252 0.854599
9.275000 0.078794 0.067049 0.85093
9.281250 0.077703 0.065827 0.847164
9.287500 0.076590 0.064588 0.843295
9.293750 0.075456 0.063331 0.839315
9.300000 0.074301 0.062058 0.835217
9.306250 0.073127 0.060768 0.830993
9.312500 0.071933 0.059462 0.826633
9.318750 0.070720 0.058141 0.822129
9.325000 0.069488 0.056804 0.81747
9.331250 0.068237 0.055453 0.812645
9.337500 0.066969 0.054087 0.807641
9.343750 0.065683 0.052707 0.802445
9.350000 0.064380 0.051313 0.797043
9.356250 0.063060 0.049907 0.791419
9.362500 0.061724 0.048487 0.785554
9.368750 0.060372 0.047056 0.77943
9.375000 0.059004 0.045612 0.773024
9.381250 0.057621 0.044156 0.766314
9.387500 0.056224 0.042689 0.759271
9.393750 0.054812 0.041211 0.751868
9.400000 0.053386 0.039723 0.744069
9.406250 0.051947 0.038225 0.735839
9.412500 0.050495 0.036716 0.727135
9.418750 0.049030 0.035199 0.717909
9.425000 0.047552 0.033672 0.708108
9.431250 0.046063 0.032137 0.69767
9.437500 0.044562 0.030593 0.686525
9.443750 0.043049 0.029041 0.674593
9.450000 0.041526 0.027481 0.661779
9.456250 0.039993 0.025914 0.647974
9.462500 0.038450 0.024341 0.633053
9.468750 0.036896 0.022760 0.616864
9.475000 0.035334 0.021173 0.599232
9.481250 0.033763 0.019581 0.579945
9.487500 0.032183 0.017982 0.558749
9.493750 0.030595 0.016378 0.535335
9.500000 0.028999 0.014770 0.509324
9.506250 0.027395 0.013157 0.480246
9.512500 0.025785 0.011539 0.44751
9.518750 0.024168 0.009918 0.410365
9.525000 0.022544 0.008292 0.367836
9.531250 0.020914 0.006664 0.318641
9.537500 0.019279 0.005033 0.261055
9.543750 0.017638 0.003399 0.192699
9.550000 0.015992 0.001762 0.110209
9.556250 0.014342 0.000124 0.00865131
9.562500 0.012687 -0.001516 -0.119503
9.568750 0.011028 -0.003158 -0.286344
9.575000 0.009365 -0.004801 -0.512598
9.581250 0.007699 -0.006444 -0.837011
9.587500 0.006030 -0.008089 -1.34137
9.593750 0.004359 -0.009734 -2.23324
9.600000 0.002684 -0.011379 -4.23888
9.606250 0.001008 -0.013023 -12.9197
9.612500 -0.000670 -0.014668 21.8884
9.618750 -0.002350 -0.016311 6.94169
9.625000 -0.004031 -0.017954 4.45439
9.631250 -0.005712 -0.019595 3.43032
9.637500 -0.007395 -0.021235 2.87164
9.643750 -0.009078 -0.022873 2.51977
9.650000 -0.010760 -0.024509 2.27775
9.656250 -0.012443 -0.026143 2.10104
9.662500 -0.014125 -0.027774 1.96632
9.668750 -0.015806 -0.029403 1.86019
9.675000 -0.017486 -0.031028 1.7744
9.681250 -0.019165 -0.032650 1.70359
9.687500 -0.020843 -0.034268 1.64415
9.693750 -0.022518 -0.035883 1.59353
9.700000 -0.024191 -0.037494 1.54989
9.706250 -0.025862 -0.039100 1.51187
9.712500 -0.027531 -0.040703 1.47845
9.718750 -0.029196 -0.042300 1.44882
9.725000 -0.030859 -0.043893 1.42238
9.731250 -0.032518 -0.045480 1.39863
9.737500 -0.034173 -0.047062 1.37717
9.743750 -0.035825 -0.048639 1.35769
9.750000 -0.037472 -0.050210 1.33991
9.756250 -0.039116 -0.051775 1.32363
9.762500 -0.040755 -0.053334 1.30866
9.768750 -0.042389 -0.054887 1.29483
9.775000 -0.044018 -0.056433 1.28204
9.781250 -0.045642 -0.057973 1.27015
9.787500 -0.047261 -0.059505 1.25907
9.793750 -0.048875 -0.061031 1.24872
9.800000 -0.050482 -0.062549 1.23904
9.806250 -0.052084 -0.064061 1.22995
9.812500 -0.053680 -0.065564 1.2214
9.818750 -0.055269 -0.067060 1.21334
9.825000 -0.056852 -0.068548 1.20574
9.831250 -0.058428 -0.070029 1.19856
9.837500 -0.059997 -0.071502 1.19176
9.843750 -0.061559 -0.072967 1.18531
9.850000 -0.063114 -0.074424 1.17919
9.856250 -0.064662 -0.075873 1.17337
9.862500 -0.066202 -0.077314 1.16784
9.868750 -0.067735 -0.078746 1.16257
9.875000 -0.069259 -0.080172 1.15756
9.881250 -0.070776 -0.081589 1.15278
9.887500 -0.072284 -0.082999 1.14823
9.893750 -0.073784 -0.084401 1.14389
9.900000 -0.075276 -0.085796 1.13975
9.906250 -0.076759 -0.087183 1.1358
9.912500 -0.078234 -0.088562 1.13202
9.918750 -0.079699 -0.089932 1.12839
9.925000 -0.081156 -0.091292 1.1249
9.931250 -0.082603 -0.092639 1.1215
9.937500 -0.084041 -0.093973 1.11818
9.943750 -0.085470 -0.095289 1.11489
9.950000 -0.086889 -0.096586 1.1116
9.956250 -0.088299 -0.097860 1.10828
9.962500 -0.089699 -0.099106 1.10488
9.968750 -0.091089 -0.100322 1.10137
9.975000 -0.092469 -0.101504 1.0977
9.981250 -0.093839 -0.102646 1.09385
9.987500 -0.095199 -0.103746 1.08978
9.993750 -0.096549 -0.104800 1.08546
10.000000 -0.097888 -0.105805 1.08087
10.006250 -0.099214 -0.106757 1.07603
10.012500 -0.100521 -0.107655 1.07097
10.018750 -0.101804 -0.108495 1.06573
10.025000 -0.103058 -0.109276 1.06034
10.031250 -0.104278 -0.109995 1.05482
10.037500 -0.105461 -0.110650 1.04921
10.043750 -0.106601 -0.111240 1.04352
10.050000 -0.107696 -0.111764 1.03777
10.056250 -0.108742 -0.112219 1.03197
10.062500 -0.109737 -0.112606 1.02614
10.068750 -0.110676 -0.112922 1.0203
10.075000 -0.111557 -0.113167 1.01444
10.081250 -0.112378 -0.113342 1.00857
10.087500 -0.113138 -0.113444 1.00271
10.093750 -0.113833 -0.113474 0.996847
10.100000 -0.114462 -0.113431 0.990997
10.106250 -0.115023 -0.113316 0.985157
10.112500 -0.115516 -0.113129 0.979332
10.118750 -0.115939 -0.112869 0.973521
10.125000 -0.116291 -0.112537 0.967726
10.131250 -0.116570 -0.112134 0.961947
10.137500 -0.116777 -0.111661 0.956182
10.143750 -0.116911 -0.111116 0.950432
10.150000 -0.116972 -0.110502 0.944693
10.156250 -0.116959 -0.109820 0.938964
10.162500 -0.116871 -0.109069 0.933242
10.168750 -0.116710 -0.108251 0.927525
10.175000 -0.116475 -0.107368 0.921808
10.181250 -0.116166 -0.106419 0.916088
10.187500 -0.115785 -0.105406 0.91036
10.193750 -0.115330 -0.104330 0.90462
10.200000 -0.114803 -0.103192 0.898862
10.206250 -0.114204 -0.101994 0.893082
10.212500 -0.113534 -0.100736 0.887273
10.218750 -0.112795 -0.099421 0.88143
10.225000 -0.111986 -0.098048 0.875546
10.231250 -0.111108 -0.096621 0.869614
10.237500 -0.110163 -0.095140 0.863626
10.243750 -0.109152 -0.093606 0.857576
10.250000 -0.108075 -0.092021 0.851454
10.256250 -0.106935 -0.090387 0.845253
10.262500 -0.105731 -0.088705 0.838962
10.268750 -0.104467 -0.086976 0.832572
10.275000 -0.103142 -0.085202 0.826072
10.281250 -0.101758 -0.083385 0.81945
10.287500 -0.100316 -0.081527 0.812695
10.293750 -0.098819 -0.079628 0.805794
10.300000 -0.097267 -0.077690 0.79873
10.306250 -0.095662 -0.075715 0.79149
10.312500 -0.094005 -0.073705 0.784056
10.318750 -0.092299 -0.071661 0.776409
10.325000 -0.090543 -0.069585 0.76853
10.331250 -0.088741 -0.067479 0.760396
10.337500 -0.086894 -0.065343 0.751982
10.343750 -0.085003 -0.063179 0.743262
10.350000 -0.083070 -0.060990 0.734206
10.356250 -0.081096 -0.058777 0.72478
10.362500 -0.079084 -0.056541 0.714947
10.368750 -0.077034 -0.054283 0.704667
10.375000 -0.074949 -0.052006 0.693891
10.381250 -0.072830 -0.049711 0.682568
10.387500 -0.070678 -0.047399 0.670637
10.393750 -0.068496 -0.045073 0.658032
10.400000 -0.066285 -0.042732 0.644675
10.406250 -0.064046 -0.040380 0.630476
10.412500 -0.061782 -0.038016 0.615334
10.418750 -0.059493 -0.035644 0.599129
10.425000 -0.057182 -0.033264 0.581721
10.431250 -0.054850 -0.030878 0.562948
10.437500 -0.052499 -0.028486 0.542614
10.443750 -0.050129 -0.026092 0.520487
10.450000 -0.047744 -0.023695 0.496289
10.456250 -0.045343 -0.021297 0.46968
10.462500 -0.042930 -0.018900 0.440243
10.468750 -0.040505 -0.016504 0.40746
10.475000 -0.038069 -0.014112 0.370681
10.481250 -0.035625 -0.011723 0.329076
10.487500 -0.033174 -0.009341 0.28157
10.493750 -0.030717 -0.006965 0.226744
10.500000 -0.028255 -0.004597 0.162689
10.506250 -0.025790 -0.002238 0.0867685
10.512500 -0.023324 0.000111 -0.00475863
10.518750 -0.020858 0.002448 -0.11739
10.525000 -0.018392 0.004774 -0.259544
10.531250 -0.015929 0.007085 -0.444798
10.537500 -0.013470 0.009383 -0.696556
10.543750 -0.011016 0.011664 -1.0589
10.550000 -0.008567 0.013930 -1.62592
10.556250 -0.006126 0.016178 -2.64064
10.562500 -0.003694 0.018407 -4.98281
10.568750 -0.001272 0.020617 -16.2132
10.575000 0.001140 0.022808 20.0081
10.581250 0.003539 0.024977 7.05666
10.587500 0.005926 0.027124 4.57723
10.593750 0.008298 0.029248 3.52476
10.600000 0.010655 0.031349 2.94226
10.606250 0.012995 0.033426 2.57213
10.612500 0.015319 0.035478 2.31597
10.618750 0.017624 0.037504 2.12802
10.625000 0.019910 0.039503 1.98413
10.631250 0.022175 0.041476 1.87035
10.637500 0.024420 0.043420 1.77806
10.643750 0.026643 0.045337 1.70165
10.650000 0.028843 0.047224 1.63728
10.656250 0.031019 0.049081 1.58229
10.662500 0.033171 0.050909 1.53473
10.668750 0.035298 0.052705 1.49316
10.675000 0.037399 0.054471 1.45649
10.681250 0.039473 0.056204 1.42388
10.687500 0.041520 0.057906 1.39466
10.693750 0.043539 0.059575 1.36833
10.700000 0.045529 0.061211 1.34445
10.706250 0.047490 0.062814 1.32268
10.712500 0.049421 0.064383 1.30275
10.718750 0.051321 0.065917 1.28441
10.725000 0.053190 0.067417 1.26747
10.731250 0.055028 0.068883 1.25177
10.737500 0.056834 0.070313 1.23717
10.743750 0.058607 0.071708 1.22354
10.750000 0.060347 0.073067 1.21078
10.756250 0.062053 0.074390 1.19881
10.762500 0.063725 0.075677 1.18755
10.768750 0.065364 0.076928 1.17692
10.775000 0.066967 0.078142 1.16688
10.781250 0.068535 0.079320 1.15736
10.787500 0.070068 0.080460 1.14832
10.793750 0.071565 0.081564 1.13972
10.800000 0.073026 0.082631 1.13153
10.806250 0.074450 0.083660 1.1237
10.812500 0.075838 0.084653 1.11622
10.818750 0.077190 0.085607 1.10905
10.825000 0.078504 0.086525 1.10218
10.831250 0.079780 0.087405 1.09557
10.837500 0.081020 0.088248 1.08921
10.843750 0.082221 0.089053 1.08308
10.850000 0.083385 0.089820 1.07717
10.856250 0.084511 0.090551 1.07146
10.862500 0.085599 0.091243 1.06594
10.868750 0.086649 0.091899 1.06059
10.875000 0.087661 0.092517 1.0554
10.881250 0.088634 0.093098 1.05036
10.887500 0.089569 0.093642 1.04547
10.893750 0.090465 0.094148 1.04071
10.900000 0.091324 0.094618 1.03607
10.906250 0.092144 0.095051 1.03155
10.912500 0.092925 0.095447 1.02714
10.918750 0.093668 0.095807 1.02283
10.925000 0.094373 0.096130 1.01862
10.931250 0.095040 0.096417 1.0145
10.937500 0.095668 0.096669 1.01046
10.943750 0.096258 0.096884 1.0065
10.950000 0.096811 0.097064 1.00262
10.956250 0.097325 0.097208 0.9988
10.962500 0.097802 0.097317 0.99505
10.968750 0.098240 0.097392 0.99136
10.975000 0.098642 0.097431 0.987726
10.981250 0.099006 0.097436 0.984146
10.987500 0.099333 0.097407 0.980615
10.993750 0.099623 0.097344 0.977129
11.000000 0.099876 0.097247 0.973685
11.006250 0.100092 0.097117 0.97028
11.012500 0.100272 0.096954 0.96691
11.018750 0.100416 0.096758 0.963573
11.025000 0.100523 0.096529 0.960265
11.031250 0.100595 0.096268 0.956984
11.037500 0.100632 0.095975 0.953726
11.043750 0.100633 0.095651 0.95049
11.050000 0.100599 0.095295 0.947271
11.056250 0.100531 0.094908 0.944068
11.062500 0.100428 0.094490 0.940878
11.068750 0.100290 0.094042 0.937699
11.075000 0.100119 0.093564 0.934527
11.081250 0.099915 0.093057 0.931361
11.087500 0.099677 0.092520 0.928198
11.093750 0.099406 0.091954 0.925034
11.100000 0.099102 0.091359 0.921869
11.106250 0.098766 0.090737 0.918699
11.112500 0.098399 0.090086 0.915522
11.118750 0.097999 0.089408 0.912336
11.125000 0.097568 0.088703 0.909137
11.131250 0.097106 0.087971 0.905924
11.137500 0.096614 0.087213 0.902694
11.143750 0.096091 0.086429 0.899443
11.150000 0.095539 0.085619 0.89617
11.156250 0.094956 0.084784 0.892872
11.162500 0.094345 0.083924 0.889546
11.168750 0.093705 0.083040 0.886189
11.175000 0.093036 0.082132 0.882797
11.181250 0.092340 0.081201 0.879368
11.187500 0.091615 0.080246 0.875898
11.193750 0.090864 0.079268 0.872383
11.200000 0.090085 0.078268 0.868821
11.206250 0.089280 0.077246 0.865207
11.212500 0.088449 0.076202 0.861538
11.218750 0.087592 0.075138 0.857808
11.225000 0.086710 0.074052 0.854014
11.231250 0.085803 0.072946 0.85015
11.237500 0.084872 0.071819 0.846212
11.243750 0.083916 0.070674 0.842195
11.250000 0.082937 0.069509 0.838092
11.256250 0.081934 0.068325 0.833899
11.262500 0.080908 0.067122 0.829608
11.268750 0.079860 0.065902 0.825213
11.275000 0.078790 0.064664 0.820707
11.281250 0.077698 0.063408 0.816082
11.287500 0.076585 0.062136 0.81133
11.293750 0.075451 0.060847 0.806443
11.300000 0.074297 0.059543 0.801412
11.306250 0.073123 0.058222 0.796225
11.312500 0.071929 0.056886 0.790872
11.318750 0.070716 0.055536 0.785343
11.325000 0.069484 0.054171 0.779622
11.331250 0.068233 0.052792 0.773698
11.337500 0.066965 0.051399 0.767556
11.343750 0.065679 0.049993 0.761177
11.350000 0.064376 0.048575 0.754546
11.356250 0.063056 0.047143 0.747641
11.362500 0.061720 0.045700 0.740442
11.368750 0.060368 0.044245 0.732925
11.375000 0.059000 0.042779 0.725062
11.381250 0.057618 0.041302 0.716824
11.387500 0.056220 0.039814 0.70818
11.393750 0.054809 0.038316 0.699092
11.400000 0.053383 0.036809 0.689519
11.406250 0.051944 0.035291 0.679417
11.412500 0.050491 0.033765 0.668733
11.418750 0.049026 0.032230 0.65741
11.425000 0.047549 0.030687 0.64538
11.431250 0.046059 0.029136 0.632569
11.437500 0.044558 0.027577 0.618891
11.443750 0.043046 0.026010 0.604245
11.450000 0.041523 0.024437 0.588517
11.456250 0.039990 0.022857 0.571573
11.462500 0.038446 0.021271 0.553259
11.468750 0.036893 0.019679 0.533389
11.475000 0.035331 0.018081 0.511749
11.481250 0.033760 0.016477 0.488078
11.487500 0.032180 0.014869 0.462065
11.493750 0.030592 0.013256 0.433331
11.500000 0.028996 0.011639 0.401413
11.506250 0.027392 0.010018 0.365733
11.512500 0.025782 0.008394 0.325566
11.518750 0.024165 0.006766 0.279991
11.525000 0.022541 0.005135 0.227811
11.531250 0.020911 0.003502 0.167453
11.537500 0.019276 0.001866 0.0967986
11.543750 0.017635 0.000228 0.0129322
11.550000 0.015990 -0.001412 -0.0882783
11.556250 0.014339 -0.003053 -0.212887
11.562500 0.012684 -0.004695 -0.370134
11.568750 0.011025 -0.006338 -0.574862
11.575000 0.009363 -0.007982 -0.852514
11.581250 0.007697 -0.009626 -1.25066
11.587500 0.006028 -0.011270 -1.86975
11.593750 0.004356 -0.012915 -2.96477
11.600000 0.002682 -0.014558 -5.42851
11.606250 0.001006 -0.016202 -16.1122
11.612500 -0.000673 -0.017844 26.5306
11.618750 -0.002352 -0.019485 8.28358
11.625000 -0.004033 -0.021124 5.23775
11.631250 -0.005715 -0.022762 3.98295
11.637500 -0.007397 -0.024397 3.2982
11.643750 -0.009080 -0.026031 2.86686
11.650000 -0.010763 -0.027662 2.57016
11.656250 -0.012445 -0.029290 2.35351
11.662500 -0.014127 -0.030915 2.18833
11.668750 -0.015808 -0.032537 2.05821
11.675000 -0.017489 -0.034156 1.95302
11.681250 -0.019167 -0.035771 1.86621
11.687500 -0.020845 -0.037382 1.79333
11.693750 -0.022520 -0.038988 1.73127
11.700000 -0.024193 -0.040591 1.67776
11.706250 -0.025864 -0.042189 1.63115
11.712500 -0.027533 -0.043782 1.59017
11.718750 -0.029198 -0.045370 1.55385
11.725000 -0.030861 -0.046952 1.52144
11.731250 -0.032520 -0.048530 1.49232
11.737500 -0.034175 -0.050101 1.46602
11.743750 -0.035827 -0.051667 1.44214
11.750000 -0.037474 -0.053227 1.42035
11.756250 -0.039118 -0.054780 1.4004
11.762500 -0.040757 -0.056327 1.38204
11.768750 -0.042391 -0.057868 1.3651
11.775000 -0.044020 -0.059401 1.34941
11.781250 -0.045644 -0.060927 1.33482
11.787500 -0.047263 -0.062446 1.32124
11.793750 -0.048877 -0.063957 1.30855
11.800000 -0.050484 -0.065461 1.29666
11.806250 -0.052086 -0.066957 1.28551
11.812500 -0.053681 -0.068445 1.27502
11.818750 -0.055271 -0.069925 1.26514
11.825000 -0.056853 -0.071397 1.25581
11.831250 -0.058429 -0.072861 1.24699
11.837500 -0.059999 -0.074317 1.23864
11.843750 -0.061561 -0.075765 1.23073
11.850000 -0.063116 -0.077205 1.22322
11.856250 -0.064664 -0.078637 1.21609
11.862500 -0.066204 -0.080062 1.20932
11.868750 -0.067736 -0.081479 1.20288
11.875000 -0.069261 -0.082889 1.19676
11.881250 -0.070777 -0.084292 1.19095
11.887500 -0.072286 -0.085689 1.18541
11.893750 -0.073786 -0.087078 1.18014
11.900000 -0.075278 -0.088460 1.17511
11.906250 -0.076761 -0.089832 1.17029
11.912500 -0.078235 -0.091195 1.16565
11.918750 -0.079701 -0.092545 1.16116
11.925000 -0.081157 -0.093881 1.15678
11.931250 -0.082604 -0.095199 1.15247
11.937500 -0.084043 -0.096498 1.1482
11.943750 -0.085471 -0.097772 1.14392
11.950000 -0.086891 -0.099020 1.13959
11.956250 -0.088300 -0.100237 1.13518
11.962500 -0.089700 -0.101419 1.13065
11.968750 -0.091090 -0.102563 1.12595
11.975000 -0.092470 -0.103665 1.12106
11.981250 -0.093841 -0.104722 1.11595
11.987500 -0.095201 -0.105729 1.11059
11.993750 -0.096550 -0.106685 1.10497
12.000000 -0.097890 -0.107586 1.09905
12.006250 -0.099216 -0.108430 1.09287
12.012500 -0.100523 -0.109214 1.08647
12.018750 -0.101805 -0.109937 1.07988
12.025000 -0.103059 -0.110597 1.07314
12.031250 -0.104280 -0.111191 1.06628
12.037500 -0.105462 -0.111720 1.05933
12.043750 -0.106603 -0.112180 1.05232
12.050000 -0.107698 -0.112571 1.04525
12.056250 -0.108744 -0.112892 1.03815
12.062500 -0.109738 -0.113143 1.03103
12.068750 -0.110677 -0.113322 1.0239
12.075000 -0.111558 -0.113429 1.01677
12.081250 -0.112380 -0.113464 1.00965
12.087500 -0.113139 -0.113427 1.00255
12.093750 -0.113834 -0.113317 0.995458
12.100000 -0.114463 -0.113134 0.988393
12.106250 -0.115024 -0.112879 0.981352
12.112500 -0.115517 -0.112553 0.974338
12.118750 -0.115940 -0.112155 0.967351
12.125000 -0.116292 -0.111686 0.960392
12.131250 -0.116571 -0.111146 0.95346
12.137500 -0.116778 -0.110537 0.946554
12.143750 -0.116912 -0.109859 0.939671
12.150000 -0.116973 -0.109113 0.932808
12.156250 -0.116960 -0.108300 0.925963
12.162500 -0.116872 -0.107421 0.919132
12.168750 -0.116711 -0.106477 0.91231
12.175000 -0.116476 -0.105468 0.905492
12.181250 -0.116167 -0.104397 0.898675
12.187500 -0.115785 -0.103263 0.891851
12.193750 -0.115331 -0.102070 0.885016
12.200000 -0.114804 -0.100816 0.878163
12.206250 -0.114205 -0.099505 0.871285
12.212500 -0.113535 -0.098137 0.864375
12.218750 -0.112796 -0.096714 0.857426
12.225000 -0.111986 -0.095237 0.85043
12.231250 -0.111109 -0.093707 0.843378
12.237500 -0.110164 -0.092126 0.836261
12.243750 -0.109153 -0.090495 0.829071
12.250000 -0.108076 -0.088817 0.821797
12.256250 -0.106936 -0.087091 0.814429
12.262500 -0.105732 -0.085321 0.806955
12.268750 -0.104467 -0.083507 0.799364
12.275000 -0.103142 -0.081652 0.791643
12.281250 -0.101758 -0.079756 0.783777
12.287500 -0.100317 -0.077821 0.775753
12.293750 -0.098820 -0.075850 0.767555
12.300000 -0.097268 -0.073842 0.759165
12.306250 -0.095663 -0.071801 0.750564
12.312500 -0.094006 -0.069727 0.741733
12.318750 -0.092299 -0.067623 0.732648
12.325000 -0.090544 -0.065489 0.723287
12.331250 -0.088742 -0.063328 0.713622
12.337500 -0.086895 -0.061141 0.703624
12.343750 -0.085004 -0.058930 0.693261
12.350000 -0.083071 -0.056695 0.682497
12.356250 -0.081097 -0.054440 0.671292
12.362500 -0.079084 -0.052164 0.659603
12.368750 -0.077035 -0.049871 0.647379
12.375000 -0.074950 -0.047560 0.634564
12.381250 -0.072830 -0.045235 0.621097
12.387500 -0.070679 -0.042895 0.606906
12.393750 -0.068497 -0.040544 0.59191
12.400000 -0.066285 -0.038182 0.576017
12.406250 -0.064047 -0.035810 0.559122
12.412500 -0.061783 -0.033431 0.541102
12.418750 -0.059494 -0.031045 0.521814
12.425000 -0.057183 -0.028654 0.501093
12.431250 -0.054851 -0.026259 0.478743
12.437500 -0.052499 -0.023863 0.454533
12.443750 -0.050130 -0.021465 0.428186
12.450000 -0.047744 -0.019068 0.399369
12.456250 -0.045344 -0.016672 0.367678
12.462500 -0.042931 -0.014279 0.332614
12.468750 -0.040505 -0.011891 0.293562
12.475000 -0.038070 -0.009508 0.249745
12.481250 -0.035626 -0.007131 0.200174
12.487500 -0.033174 -0.004763 0.143567
12.493750 -0.030717 -0.002403 0.0782345
12.500000 -0.028256 -0.000054 0.00189803
12.506250 -0.025791 0.002285 -0.0885841
12.512500 -0.023325 0.004611 -0.197673
12.518750 -0.020858 0.006923 -0.331923
12.525000 -0.018393 0.009222 -0.50137
12.531250 -0.015930 0.011505 -0.7222
12.537500 -0.013470 0.013771 -1.02231
12.543750 -0.011016 0.016020 -1.45426
12.550000 -0.008568 0.018251 -2.13021
12.556250 -0.006127 0.020463 -3.33982
12.562500 -0.003695 0.022654 -6.13168
12.568750 -0.001272 0.024825 -19.5141
12.575000 0.001139 0.026974 23.6733
12.581250 0.003539 0.029100 8.22277
12.587500 0.005925 0.031203 5.26598
12.593750 0.008298 0.033281 4.01099
12.600000 0.010654 0.035335 3.31645
12.606250 0.012995 0.037363 2.87515
12.612500 0.015318 0.039364 2.56974
12.618750 0.017623 0.041339 2.34566
12.625000 0.019909 0.043285 2.17413
12.631250 0.022175 0.045203 2.0385
12.637500 0.024420 0.047093 1.92848
12.643750 0.026642 0.048952 1.8374
12.650000 0.028842 0.050782 1.76068
12.656250 0.031019 0.052581 1.69514
12.662500 0.033171 0.054349 1.63846
12.668750 0.035297 0.056085 1.58892
12.675000 0.037398 0.057789 1.54523
12.681250 0.039472 0.059460 1.50637
12.687500 0.041519 0.061099 1.47157
12.693750 0.043538 0.062704 1.4402
12.700000 0.045528 0.064275 1.41175
12.706250 0.047489 0.065812 1.38583
12.712500 0.049420 0.067314 1.36208
12.718750 0.051321 0.068782 1.34025
12.725000 0.053190 0.070215 1.32008
12.731250 0.055028 0.071612 1.30138
12.737500 0.056833 0.072974 1.284
12.743750 0.058606 0.074300 1.26777
12.750000 0.060346 0.075589 1.25259
12.756250 0.062053 0.076843 1.23834
12.762500 0.063725 0.078059 1.22494
12.768750 0.065363 0.079239 1.2123
12.775000 0.066967 0.080383 1.20034
12.781250 0.068535 0.081489 1.18902
12.787500 0.070068 0.082558 1.17827
12.793750 0.071565 0.083590 1.16804
12.800000 0.073026 0.084585 1.1583
12.806250 0.074450 0.085543 1.14899
12.812500 0.075838 0.086463 1.1401
12.818750 0.077189 0.087345 1.13158
12.825000 0.078503 0.088191 1.1234
12.831250 0.079780 0.088998 1.11555
12.837500 0.081019 0.089769 1.10799
12.843750 0.082221 0.090501 1.10071
12.850000 0.083385 0.091197 1.09368
12.856250 0.084511 0.091855 1.0869
12.862500 0.085599 0.092475 1.08033
12.868750 0.086649 0.093059 1.07398
12.875000 0.087660 0.093605 1.06782
12.881250 0.088634 0.094114 1.06183
12.887500 0.089569 0.094586 1.05602
12.893750 0.090465 0.095022 1.05037
12.900000 0.091323 0.095420 1.04486
12.906250 0.092143 0.095782 1.03949
12.912500 0.092925 0.096108 1.03426
12.918750 0.093668 0.096398 1.02914
12.925000 0.094373 0.096651 1.02414
12.931250 0.095039 0.096869 1.01925
12.937500 0.095668 0.097051 1.01446
12.943750 0.096258 0.097197 1.00976
12.950000 0.096810 0.097309 1.00515
12.956250 0.097325 0.097385 1.00062
12.962500 0.097801 0.097427 0.996171
12.968750 0.098240 0.097434 0.991794
12.975000 0.098642 0.097407 0.987485
12.981250 0.099006 0.097346 0.983238
12.987500 0.099333 0.097252 0.97905
12.993750 0.099622 0.097123 0.974916
13.000000 0.099875 0.096962 0.970832
13.006250 0.100092 0.096768 0.966795
13.012500 0.100272 0.096542 0.962799
13.018750 0.100415 0.096283 0.958842
13.025000 0.100523 0.095992 0.954921
13.031250 0.100595 0.095669 0.951031
13.037500 0.100632 0.095315 0.947169
13.043750 0.100633 0.094930 0.943332
13.050000 0.100599 0.094514 0.939517
13.056250 0.100530 0.094068 0.935721
13.062500 0.100427 0.093592 0.93194
13.068750 0.100290 0.093086 0.928171
13.075000 0.100119 0.092551 0.924412
13.081250 0.099915 0.091987 0.92066
13.087500 0.099677 0.091395 0.916911
13.093750 0.099406 0.090774 0.913163
13.100000 0.099102 0.090125 0.909412
13.106250 0.098766 0.089448 0.905657
13.112500 0.098398 0.088745 0.901893
13.118750 0.097999 0.088015 0.898119
13.125000 0.097568 0.087258 0.89433
13.131250 0.097106 0.086475 0.890525
13.137500 0.096614 0.085667 0.886699
13.143750 0.096091 0.084834 0.88285
13.150000 0.095538 0.083976 0.878975
13.156250 0.094956 0.083093 0.875071
13.162500 0.094345 0.082187 0.871133
13.168750 0.093705 0.081257 0.867158
13.175000 0.093036 0.080304 0.863144
13.181250 0.092340 0.079327 0.859085
13.187500 0.091615 0.078329 0.854978
13.193750 0.090864 0.077308 0.850818
13.200000 0.090085 0.076266 0.846603
13.206250 0.089280 0.075203 0.842326
13.212500 0.088449 0.074119 0.837982
13.218750 0.087592 0.073014 0.833568
13.225000 0.086710 0.071889 0.829077
13.231250 0.085803 0.070745 0.824505
13.237500 0.084872 0.069581 0.819844
13.243750 0.083916 0.068399 0.815089
13.250000 0.082936 0.067198 0.810234
13.256250 0.081934 0.065979 0.805271
13.262500 0.080908 0.064742 0.800192
13.268750 0.079860 0.063488 0.794991
13.275000 0.078790 0.062217 0.789658
13.281250 0.077698 0.060930 0.784185
13.287500 0.076585 0.059626 0.778562
13.293750 0.075451 0.058307 0.772779
13.300000 0.074297 0.056973 0.766824
13.306250 0.073123 0.055623 0.760686
13.312500 0.071929 0.054259 0.754352
13.318750 0.070715 0.052882 0.747808
13.325000 0.069483 0.051490 0.741038
13.331250 0.068233 0.050085 0.734027
13.337500 0.066965 0.048667 0.726757
13.343750 0.065679 0.047237 0.719207
13.350000 0.064376 0.045794 0.711358
13.356250 0.063056 0.044340 0.703185
13.362500 0.061720 0.042875 0.694663
13.368750 0.060368 0.041398 0.685763
13.375000 0.059000 0.039911 0.676454
13.381250 0.057618 0.038414 0.666702
13.387500 0.056220 0.036907 0.656466
13.393750 0.054808 0.035390 0.645706
13.400000 0.053383 0.033864 0.634371
13.406250 0.051944 0.032330 0.622409
13.412500 0.050491 0.030787 0.609757
13.418750 0.049026 0.029237 0.596347
13.425000 0.047549 0.027678 0.5821
13.431250 0.046059 0.026112 0.566926
13.437500 0.044558 0.024539 0.550723
13.443750 0.043046 0.022960 0.533372
13.450000 0.041523 0.021374 0.514739
13.456250 0.039990 0.019782 0.494665
13.462500 0.038446 0.018184 0.472966
13.468750 0.036893 0.016581 0.449425
13.475000 0.035331 0.014973 0.423785
13.481250 0.033760 0.013360 0.395741
13.487500 0.032180 0.011743 0.364923
13.493750 0.030592 0.010122 0.330883
13.500000 0.028996 0.008498 0.293071
13.506250 0.027392 0.006870 0.250803
13.512500 0.025782 0.005239 0.203222
13.518750 0.024165 0.003606 0.149233
13.525000 0.022541 0.001971 0.0874222
13.531250 0.020911 0.000333 0.0159234
13.537500 0.019276 -0.001306 -0.0677713
13.543750 0.017635 -0.002947 -0.167117
13.550000 0.015989 -0.004589 -0.287008
13.556250 0.014339 -0.006232 -0.434616
13.562500 0.012684 -0.007875 -0.620889
13.568750 0.011025 -0.009519 -0.863407
13.575000 0.009363 -0.011163 -1.19231
13.581250 0.007697 -0.012807 -1.66396
13.587500 0.006028 -0.014450 -2.39733
13.593750 0.004356 -0.016093 -3.69449
13.600000 0.002682 -0.017735 -6.61306
13.606250 0.001005 -0.019375 -19.2699
13.612500 -0.000673 -0.021014 31.2402
13.618750 -0.002352 -0.022651 9.62939
13.625000 -0.004033 -0.024286 6.02167
13.631250 -0.005715 -0.025919 4.53535
13.637500 -0.007397 -0.027549 3.72426
13.643750 -0.009080 -0.029177 3.21333
13.650000 -0.010763 -0.030802 2.86188
13.656250 -0.012445 -0.032423 2.60527
13.662500 -0.014127 -0.034042 2.40963
13.668750 -0.015809 -0.035656 2.2555
13.675000 -0.017489 -0.037267 2.13091
13.681250 -0.019168 -0.038874 2.0281
13.687500 -0.020845 -0.040476 1.94178
13.693750 -0.022520 -0.042074 1.86827
13.700000 -0.024194 -0.043667 1.8049
13.706250 -0.025864 -0.045255 1.7497
13.712500 -0.027533 -0.046838 1.70117
13.718750 -0.029198 -0.048415 1.65816
13.725000 -0.030861 -0.049987 1.61978
13.731250 -0.032520 -0.051554 1.58531
13.737500 -0.034175 -0.053114 1.55418
13.743750 -0.035827 -0.054669 1.52591
13.750000 -0.037474 -0.056216 1.50013
13.756250 -0.039118 -0.057758 1.4765
13.762500 -0.040757 -0.059292 1.45477
13.768750 -0.042391 -0.060819 1.43471
13.775000 -0.044020 -0.062338 1.41613
13.781250 -0.045644 -0.063850 1.39886
13.787500 -0.047263 -0.065354 1.38277
13.793750 -0.048877 -0.066851 1.36774
13.800000 -0.050484 -0.068339 1.35367
13.806250 -0.052086 -0.069819 1.34046
13.812500 -0.053681 -0.071291 1.32803
13.818750 -0.055271 -0.072754 1.31633
13.825000 -0.056853 -0.074210 1.30528
13.831250 -0.058430 -0.075657 1.29484
13.837500 -0.059999 -0.077096 1.28496
13.843750 -0.061561 -0.078527 1.2756
13.850000 -0.063116 -0.079951 1.26673
13.856250 -0.064664 -0.081368 1.25833
13.862500 -0.066204 -0.082778 1.25036
13.868750 -0.067736 -0.084183 1.2428
13.875000 -0.069261 -0.085580 1.23563
13.881250 -0.070777 -0.086972 1.22881
13.887500 -0.072286 -0.088356 1.22231
13.893750 -0.073786 -0.089731 1.2161
13.900000 -0.075278 -0.091096 1.21013
13.906250 -0.076761 -0.092448 1.20437
13.912500 -0.078235 -0.093786 1.19878
13.918750 -0.079701 -0.095107 1.1933
13.925000 -0.081157 -0.096407 1.1879
13.931250 -0.082604 -0.097683 1.18254
13.937500 -0.084043 -0.098932 1.17716
13.943750 -0.085471 -0.100150 1.17174
13.950000 -0.086891 -0.101334 1.16622
13.956250 -0.088300 -0.102479 1.16058
13.962500 -0.089700 -0.103583 1.15477
13.968750 -0.091090 -0.104642 1.14877
13.975000 -0.092470 -0.105652 1.14255
13.981250 -0.093841 -0.106611 1.13609
13.987500 -0.095201 -0.107515 1.12936
13.993750 -0.096550 -0.108363 1.12235
14.000000 -0.097890 -0.109151 1.11504
14.006250 -0.099216 -0.109878 1.10747
14.012500 -0.100523 -0.110542 1.09968
14.018750 -0.101805 -0.111141 1.0917
14.025000 -0.103059 -0.111674 1.08359
14.031250 -0.104280 -0.112139 1.07537
14.037500 -0.105462 -0.112535 1.06707
14.043750 -0.106603 -0.112862 1.05871
14.050000 -0.107698 -0.113117 1.05032
14.056250 -0.108744 -0.113302 1.04191
14.062500 -0.109738 -0.113414 1.0335
14.068750 -0.110677 -0.113454 1.02509
14.075000 -0.111558 -0.113422 1.0167
14.081250 -0.112380 -0.113317 1.00834
14.087500 -0.113139 -0.113139 1
14.093750 -0.113834 -0.112889 0.991704
14.100000 -0.114463 -0.112568 0.983443
14.106250 -0.115025 -0.112175 0.975223
14.112500 -0.115517 -0.111710 0.967044
14.118750 -0.115940 -0.111176 0.958907
14.125000 -0.116292 -0.110571 0.950812
14.131250 -0.116571 -0.109898 0.942756
14.137500 -0.116779 -0.109157 0.934736
14.143750 -0.116912 -0.108349 0.926751
14.150000 -0.116973 -0.107474 0.918796
14.156250 -0.116960 -0.106534 0.910866
14.162500 -0.116872 -0.105531 0.902956
14.168750 -0.116711 -0.104464 0.895062
14.175000 -0.116476 -0.103335 0.887177
14.181250 -0.116167 -0.102145 0.879295
14.187500 -0.115786 -0.100897 0.871409
14.193750 -0.115331 -0.099590 0.863512
14.200000 -0.114804 -0.098226 0.855597
14.206250 -0.114205 -0.096807 0.847655
14.212500 -0.113535 -0.095333 0.839678
14.218750 -0.112796 -0.093807 0.831658
14.225000 -0.111986 -0.092230 0.823584
14.231250 -0.111109 -0.090603 0.815447
14.237500 -0.110164 -0.088928 0.807237
14.243750 -0.109153 -0.087207 0.798942
14.250000 -0.108076 -0.085440 0.790551
14.256250 -0.106936 -0.083629 0.782053
14.262500 -0.105732 -0.081777 0.773432
14.268750 -0.104467 -0.079884 0.764677
14.275000 -0.103142 -0.077952 0.755772
14.281250 -0.101758 -0.075983 0.7467
14.287500 -0.100317 -0.073978 0.737445
14.293750 -0.098820 -0.071940 0.727989
14.300000 -0.097268 -0.069868 0.71831
14.306250 -0.095663 -0.067766 0.708389
14.312500 -0.094006 -0.065635 0.6982
14.318750 -0.092299 -0.063476 0.687719
14.325000 -0.090544 -0.061291 0.676917
14.331250 -0.088742 -0.059081 0.665763
14.337500 -0.086895 -0.056849 0.654224
14.343750 -0.085004 -0.054595 0.642262
14.350000 -0.083071 -0.052321 0.629836
14.356250 -0.081097 -0.050029 0.616899
14.362500 -0.079084 -0.047720 0.6034
14.368750 -0.077035 -0.045395 0.589281
14.375000 -0.074950 -0.043057 0.574479
14.381250 -0.072830 -0.040706 0.558921
14.387500 -0.070679 -0.038345 0.542524
14.393750 -0.068497 -0.035974 0.525195
14.400000 -0.066285 -0.033595 0.506827
14.406250 -0.064047 -0.031210 0.487299
14.412500 -0.061783 -0.028819 0.466467
14.418750 -0.059494 -0.026425 0.444167
14.425000 -0.057183 -0.024029 0.420208
14.431250 -0.054851 -0.021631 0.394362
14.437500 -0.052499 -0.019234 0.366361
14.443750 -0.050130 -0.016838 0.335886
14.450000 -0.047744 -0.014445 0.302549
14.456250 -0.045344 -0.012056 0.265883
14.462500 -0.042931 -0.009673 0.225312
14.468750 -0.040505 -0.007296 0.180122
14.475000 -0.038070 -0.004927 0.129413
14.481250 -0.035626 -0.002566 0.0720396
14.487500 -0.033174 -0.000216 0.00651797
14.493750 -0.030717 0.002123 -0.0691103
14.500000 -0.028256 0.004450 -0.157482
14.506250 -0.025791 0.006763 -0.262238
14.512500 -0.023325 0.009063 -0.388543
14.518750 -0.020858 0.011347 -0.543987
14.525000 -0.018393 0.013614 -0.740195
14.531250 -0.015930 0.015865 -0.995911
14.537500 -0.013471 0.018097 -1.34345
14.543750 -0.011016 0.020310 -1.84366
14.550000 -0.008568 0.022503 -2.62645
14.556250 -0.006127 0.024675 -4.02729
14.562500 -0.003695 0.026825 -7.26054
14.568750 -0.001272 0.028953 -22.7587
14.575000 0.001139 0.031057 27.2576
14.581250 0.003539 0.033138 9.36371
14.587500 0.005925 0.035193 5.9394
14.593750 0.008297 0.037223 4.486
14.600000 0.010654 0.039226 3.68166
14.606250 0.012995 0.041202 3.17061
14.612500 0.015318 0.043151 2.81693
14.618750 0.017623 0.045071 2.55745
14.625000 0.019909 0.046962 2.35882
14.631250 0.022175 0.048824 2.20176
14.637500 0.024420 0.050656 2.07439
14.643750 0.026642 0.052457 1.96892
14.650000 0.028842 0.054226 1.88011
14.656250 0.031019 0.055965 1.80423
14.662500 0.033171 0.057671 1.73862
14.668750 0.035297 0.059345 1.68127
14.675000 0.037398 0.060985 1.6307
14.681250 0.039472 0.062592 1.58573
14.687500 0.041519 0.064166 1.54545
14.693750 0.043538 0.065705 1.50914
14.700000 0.045528 0.067210 1.47623
14.706250 0.047489 0.068680 1.44623
14.712500 0.049420 0.070116 1.41877
14.718750 0.051321 0.071515 1.3935
14.725000 0.053190 0.072879 1.37017
14.731250 0.055028 0.074208 1.34855
14.737500 0.056833 0.075500 1.32844
14.743750 0.058606 0.076755 1.30968
14.750000 0.060346 0.077975 1.29212
14.756250 0.062053 0.079157 1.27565
14.762500 0.063725 0.080303 1.26015
14.768750 0.065363 0.081412 1.24554
14.775000 0.066966 0.082484 1.23172
14.781250 0.068535 0.083519 1.21863
14.787500 0.070068 0.084516 1.20621
14.793750 0.071565 0.085476 1.19439
14.800000 0.073025 0.086399 1.18313
14.806250 0.074450 0.087284 1.17238
14.812500 0.075838 0.088132 1.1621
14.818750 0.077189 0.088942 1.15226
14.825000 0.078503 0.089715 1.14282
14.831250 0.079780 0.090450 1.13375
14.837500 0.081019 0.091148 1.12502
14.843750 0.082221 0.091809 1.11661
14.850000 0.083385 0.092432 1.1085
14.856250 0.084511 0.093018 1.10067
14.862500 0.085599 0.093567 1.09309
14.868750 0.086649 0.094079 1.08575
14.875000 0.087660 0.094554 1.07864
14.881250 0.088634 0.094992 1.07173
14.887500 0.089569 0.095393 1.06502
14.893750 0.090465 0.095757 1.0585
14.900000 0.091323 0.096086 1.05215
14.906250 0.092143 0.096377 1.04595
14.912500 0.092925 0.096633 1.03991
14.918750 0.093668 0.096853 1.03401
14.925000 0.094373 0.097038 1.02824
14.931250 0.095039 0.097187 1.0226
14.937500 0.095668 0.097301 1.01707
14.943750 0.096258 0.097379 1.01165
14.950000 0.096810 0.097423 1.00633
14.956250 0.097325 0.097433 1.00111
14.962500 0.097801 0.097408 0.995982
14.968750 0.098240 0.097350 0.990935
14.975000 0.098642 0.097257 0.985965
14.981250 0.099006 0.097131 0.981069
14.987500 0.099333 0.096972 0.97624
14.993750 0.099622 0.096780 0.971473
15.000000 0.099875 0.096556 0.966764
15.006250 0.100092 0.096299 0.962108
15.012500 0.100272 0.096010 0.957501
15.018750 0.100415 0.095690 0.952938
15.025000 0.100523 0.095338 0.948416
15.031250 0.100595 0.094955 0.94393
15.037500 0.100632 0.094541 0.939477
15.043750 0.100633 0.094097 0.935052
15.050000 0.100599 0.093623 0.930652
15.056250 0.100530 0.093119 0.926274
15.062500 0.100427 0.092585 0.921913
15.068750 0.100290 0.092023 0.917567
15.075000 0.100119 0.091432 0.913232
15.081250 0.099915 0.090813 0.908904
15.087500 0.099677 0.090165 0.90458
15.093750 0.099406 0.089491 0.900257
15.100000 0.099102 0.088789 0.895932
15.106250 0.098766 0.088060 0.8916
15.112500 0.098398 0.087305 0.88726
15.118750 0.097999 0.086524 0.882907
15.125000 0.097568 0.085717 0.878538
15.131250 0.097106 0.084885 0.87415
15.137500 0.096614 0.084029 0.869738
15.143750 0.096091 0.083148 0.8653
15.150000 0.095538 0.082242 0.860831
15.156250 0.094956 0.081314 0.856328
15.162500 0.094345 0.080362 0.851787
15.168750 0.093705 0.079387 0.847203
15.175000 0.093036 0.078390 0.842573
15.181250 0.092340 0.077371 0.837892
15.187500 0.091615 0.076330 0.833155
15.193750 0.090864 0.075268 0.828358
15.200000 0.090085 0.074185 0.823495
15.206250 0.089280 0.073081 0.818562
15.212500 0.088449 0.071958 0.813551
15.218750 0.087592 0.070815 0.808459
15.225000 0.086710 0.069652 0.803278
15.231250 0.085803 0.068471 0.798003
15.237500 0.084872 0.067271 0.792626
15.243750 0.083916 0.066054 0.787141
15.250000 0.082936 0.064818 0.78154
15.256250 0.081934 0.063565 0.775814
15.262500 0.080908 0.062296 0.769956
15.268750 0.079860 0.061010 0.763956
15.275000 0.078790 0.059708 0.757805
15.281250 0.077698 0.058390 0.751492
15.287500 0.076585 0.057056 0.745006
15.293750 0.075451 0.055708 0.738335
15.300000 0.074297 0.054346 0.731466
15.306250 0.073123 0.052969 0.724386
15.312500 0.071929 0.051579 0.717079
15.318750 0.070715 0.050175 0.70953
15.325000 0.069483 0.048758 0.701721
15.331250 0.068233 0.047329 0.693633
15.337500 0.066965 0.045887 0.685245
15.343750 0.065679 0.044434 0.676536
15.350000 0.064376 0.042970 0.667479
15.356250 0.063056 0.041494 0.658049
15.362500 0.061720 0.040008 0.648216
15.368750 0.060368 0.038511 0.637946
15.375000 0.059000 0.037005 0.627204
15.381250 0.057618 0.035490 0.61595
15.387500 0.056220 0.033965 0.604138
15.393750 0.054808 0.032431 0.591719
15.400000 0.053383 0.030889 0.578637
15.406250 0.051944 0.029339 0.564829
15.412500 0.050491 0.027781 0.550223
15.418750 0.049026 0.026216 0.53474
15.425000 0.047549 0.024644 0.518288
15.431250 0.046059 0.023065 0.500764
15.437500 0.044558 0.021479 0.48205
15.443750 0.043046 0.019888 0.462008
15.450000 0.041523 0.018290 0.440484
15.456250 0.039990 0.016687 0.417294
15.462500 0.038446 0.015080 0.392225
15.468750 0.036893 0.013467 0.365029
15.475000 0.035331 0.011850 0.335409
15.481250 0.033760 0.010229 0.30301
15.487500 0.032180 0.008605 0.267406
15.493750 0.030592 0.006977 0.22808
15.500000 0.028996 0.005347 0.184394
15.506250 0.027392 0.003713 0.135561
15.512500 0.025782 0.002078 0.0805865
15.518750 0.024165 0.000440 0.0182082
15.525000 0.022541 -0.001199 -0.0532101
15.531250 0.020911 -0.002840 -0.135824
15.537500 0.019276 -0.004482 -0.232531
15.543750 0.017635 -0.006125 -0.347327
15.550000 0.015989 -0.007769 -0.485866
15.556250 0.014339 -0.009413 -0.656437
15.562500 0.012684 -0.011057 -0.871689
15.568750 0.011025 -0.012700 -1.15194
15.575000 0.009363 -0.014344 -1.53201
15.581250 0.007697 -0.015986 -2.07703
15.587500 0.006028 -0.017628 -2.92448
15.593750 0.004356 -0.019268 -4.42341
15.600000 0.002682 -0.020907 -7.79592
15.606250 0.001005 -0.022544 -22.4213
15.612500 -0.000673 -0.024178 35.9444
15.618750 -0.002352 -0.025811 10.9726
15.625000 -0.004033 -0.027441 6.80383
15.631250 -0.005715 -0.029068 5.08635
15.637500 -0.007397 -0.030692 4.14912
15.643750 -0.009080 -0.032313 3.55874
15.650000 -0.010763 -0.033931 3.15263
15.656250 -0.012445 -0.035545 2.85611
15.662500 -0.014127 -0.037155 2.63005
15.668750 -0.015809 -0.038762 2.45195
15.675000 -0.017489 -0.040364 2.30798
15.681250 -0.019168 -0.041961 2.18917
15.687500 -0.020845 -0.043554 2.08943
15.693750 -0.022520 -0.045142 2.00449
15.700000 -0.024194 -0.046724 1.93127
15.706250 -0.025864 -0.048302 1.86749
15.712500 -0.027533 -0.049874 1.81143
15.718750 -0.029198 -0.051440 1.76176
15.725000 -0.030861 -0.053001 1.71743
15.731250 -0.032520 -0.054556 1.67762
15.737500 -0.034175 -0.056104 1.64166
15.743750 -0.035827 -0.057646 1.60901
15.750000 -0.037474 -0.059181 1.57922
15.756250 -0.039118 -0.060708 1.55193
15.762500 -0.040757 -0.062229 1.52683
15.768750 -0.042391 -0.063741 1.50365
15.775000 -0.044020 -0.065246 1.48219
15.781250 -0.045644 -0.066743 1.46224
15.787500 -0.047263 -0.068232 1.44366
15.793750 -0.048877 -0.069712 1.42629
15.800000 -0.050484 -0.071184 1.41003
15.806250 -0.052086 -0.072648 1.39477
15.812500 -0.053681 -0.074103 1.38041
15.818750 -0.055271 -0.075549 1.36689
15.825000 -0.056853 -0.076987 1.35414
15.831250 -0.058430 -0.078418 1.34209
15.837500 -0.059999 -0.079841 1.33072
15.843750 -0.061561 -0.081258 1.31996
15.850000 -0.063116 -0.082669 1.30979
15.856250 -0.064664 -0.084074 1.30017
15.862500 -0.066204 -0.085473 1.29106
15.868750 -0.067736 -0.086866 1.28241
15.875000 -0.069261 -0.088252 1.27419
15.881250 -0.070777 -0.089629 1.26635
15.887500 -0.072286 -0.090996 1.25884
15.893750 -0.073786 -0.092351 1.2516
15.900000 -0.075278 -0.093691 1.2446
15.906250 -0.076761 -0.095013 1.23778
15.912500 -0.078235 -0.096315 1.23109
15.918750 -0.079701 -0.097592 1.22449
15.925000 -0.081157 -0.098843 1.21792
15.931250 -0.082604 -0.100062 1.21134
15.937500 -0.084043 -0.101248 1.20472
15.943750 -0.085471 -0.102395 1.198
15.950000 -0.086891 -0.103501 1.19116
15.956250 -0.088300 -0.104562 1.18416
15.962500 -0.089700 -0.105575 1.17697
15.968750 -0.091090 -0.106536 1.16957
15.975000 -0.092470 -0.107444 1.16193
15.981250 -0.093841 -0.108295 1.15403
15.987500 -0.095201 -0.109087 1.14587
15.993750 -0.096550 -0.109818 1.13742
16.000000 -0.097890 -0.110486 1.12868
16.006250 -0.099216 -0.111090 1.11968
16.012500 -0.100523 -0.111627 1.11047
16.018750 -0.101805 -0.112097 1.10109
16.025000 -0.103059 -0.112498 1.09159
16.031250 -0.104280 -0.112829 1.08199
16.037500 -0.105462 -0.113090 1.07233
16.043750 -0.106603 -0.113280 1.06263
16.050000 -0.107698 -0.113397 1.05292
16.056250 -0.108744 -0.113442 1.04321
16.062500 -0.109738 -0.113415 1.03351
16.068750 -0.110677 -0.113315 1.02384
16.075000 -0.111558 -0.113143 1.0142
16.081250 -0.112380 -0.112898 1.00461
16.087500 -0.113139 -0.112581 0.995072
16.093750 -0.113834 -0.112193 0.985585
16.100000 -0.114463 -0.111734 0.976156
16.106250 -0.115025 -0.111204 0.966784
16.112500 -0.115517 -0.110605 0.957472
16.118750 -0.115940 -0.109936 0.948217
16.125000 -0.116292 -0.109200 0.939017
16.131250 -0.116571 -0.108396 0.92987
16.137500 -0.116779 -0.107526 0.920772
16.143750 -0.116912 -0.106591 0.911719
16.150000 -0.116973 -0.105592 0.902705
16.156250 -0.116960 -0.104530 0.893725
16.162500 -0.116872 -0.103405 0.884773
16.168750 -0.116711 -0.102221 0.875843
16.175000 -0.116476 -0.100976 0.866926
16.181250 -0.116167 -0.099673 0.858016
16.187500 -0.115786 -0.098314 0.849104
16.193750 -0.115331 -0.096899 0.840183
16.200000 -0.114804 -0.095430 0.831242
16.206250 -0.114205 -0.093908 0.822274
16.212500 -0.113535 -0.092335 0.813267
16.218750 -0.112796 -0.090712 0.804213
16.225000 -0.111986 -0.089040 0.795099
16.231250 -0.111109 -0.087322 0.785916
16.237500 -0.110164 -0.085559 0.77665
16.243750 -0.109153 -0.083752 0.767289
16.250000 -0.108076 -0.081902 0.757821
16.256250 -0.106936 -0.080013 0.748231
16.262500 -0.105732 -0.078084 0.738504
16.268750 -0.104467 -0.076118 0.728624
16.275000 -0.103142 -0.074116 0.718575
16.281250 -0.101758 -0.072079 0.708338
16.287500 -0.100317 -0.070011 0.697893
16.293750 -0.098820 -0.067911 0.687221
16.300000 -0.097268 -0.065782 0.676297
16.306250 -0.095663 -0.063625 0.665097
16.312500 -0.094006 -0.061442 0.653595
16.318750 -0.092299 -0.059234 0.641761
16.325000 -0.090544 -0.057003 0.629564
16.331250 -0.088742 -0.054751 0.616967
16.337500 -0.086895 -0.052479 0.603934
16.343750 -0.085004 -0.050188 0.59042
16.350000 -0.083071 -0.047880 0.57638
16.356250 -0.081097 -0.045557 0.56176
16.362500 -0.079084 -0.043220 0.546503
16.368750 -0.077035 -0.040870 0.530543
16.375000 -0.074950 -0.038510 0.513808
16.381250 -0.072830 -0.036140 0.496216
16.387500 -0.070679 -0.033761 0.477673
16.393750 -0.068497 -0.031377 0.458074
16.400000 -0.066286 -0.028986 0.437297
16.406250 -0.064047 -0.026593 0.415204
16.412500 -0.061783 -0.024196 0.391633
16.418750 -0.059494 -0.021798 0.366398
16.425000 -0.057183 -0.019401 0.339281
16.431250 -0.054851 -0.017005 0.310025
16.437500 -0.052499 -0.014612 0.278327
16.443750 -0.050130 -0.012223 0.243822
16.450000 -0.047744 -0.009839 0.206074
16.456250 -0.045344 -0.007461 0.164551
16.462500 -0.042931 -0.005092 0.118601
16.468750 -0.040505 -0.002731 0.0674139
16.475000 -0.038070 -0.000380 0.00997019
16.481250 -0.035626 0.001960 -0.0550288
16.487500 -0.033174 0.004288 -0.129266
16.493750 -0.030717 0.006603 -0.214961
16.500000 -0.028256 0.008903 -0.315104
16.506250 -0.025791 0.011189 -0.433819
16.512500 -0.023325 0.013458 -0.576965
16.518750 -0.020858 0.015709 -0.753144
16.525000 -0.018393 0.017943 -0.975533
16.531250 -0.015930 0.020157 -1.26538
16.537500 -0.013471 0.022352 -1.65932
16.543750 -0.011016 0.024526 -2.22634
16.550000 -0.008568 0.026677 -3.11369
16.556250 -0.006127 0.028807 -4.70168
16.562500 -0.003695 0.030913 -8.36692
16.568750 -0.001272 0.032995 -25.9359
16.575000 0.001139 0.035052 30.7636
16.581250 0.003539 0.037084 10.4788
16.587500 0.005925 0.039089 6.59691
16.593750 0.008297 0.041067 4.94933
16.600000 0.010654 0.043018 4.03755
16.606250 0.012995 0.044940 3.45824
16.612500 0.015318 0.046833 3.05733
16.618750 0.017623 0.048697 2.76321
16.625000 0.019909 0.050531 2.53806
16.631250 0.022175 0.052334 2.36005
16.637500 0.024420 0.054106 2.21569
16.643750 0.026642 0.055847 2.09616
16.650000 0.028842 0.057555 1.99551
16.656250 0.031019 0.059231 1.90953
16.662500 0.033171 0.060874 1.83517
16.668750 0.035297 0.062483 1.7702
16.675000 0.037398 0.064059 1.71289
16.681250 0.039472 0.065601 1.66194
16.687500 0.041519 0.067108 1.61631
16.693750 0.043538 0.068580 1.57518
16.700000 0.045528 0.070018 1.5379
16.706250 0.047489 0.071420 1.50392
16.712500 0.049420 0.072786 1.47281
16.718750 0.051321 0.074117 1.4442
16.725000 0.053190 0.075411 1.41778
16.731250 0.055028 0.076670 1.39329
16.737500 0.056833 0.077891 1.37052
16.743750 0.058606 0.079076 1.34928
16.750000 0.060346 0.080225 1.32941
16.756250 0.062053 0.081336 1.31076
16.762500 0.063725 0.082410 1.29321
16.768750 0.065363 0.083447 1.27667
16.775000 0.066966 0.084447 1.26103
16.781250 0.068535 0.085410 1.24622
16.787500 0.070068 0.086335 1.23216
16.793750 0.071565 0.087222 1.21879
16.800000 0.073025 0.088073 1.20605
16.806250 0.074450 0.088885 1.19389
16.812500 0.075838 0.089661 1.18227
16.818750 0.077189 0.090399 1.17113
16.825000 0.078503 0.091099 1.16045
16.831250 0.079780 0.091762 1.15019
16.837500 0.081019 0.092388 1.14032
16.843750 0.082221 0.092977 1.13081
16.850000 0.083385 0.093528 1.12164
16.856250 0.084511 0.094042 1.11278
16.862500 0.085599 0.094519 1.10421
16.868750 0.086649 0.094960 1.09592
16.875000 0.087660 0.095363 1.08787
16.881250 0.088634 0.095730 1.08007
16.887500 0.089569 0.096061 1.07249
16.893750 0.090465 0.096355 1.06511
16.900000 0.091323 0.096614 1.05793
16.906250 0.092143 0.096836 1.05093
16.912500 0.092925 0.097023 1.0441
16.918750 0.093668 0.097174 1.03744
16.925000 0.094373 0.097291 1.03092
16.931250 0.095039 0.097372 1.02454
16.937500 0.095668 0.097418 1.0183
16.943750 0.096258 0.097430 1.01217
16.950000 0.096810 0.097408 1.00617
16.956250 0.097325 0.097351 1.00027
16.962500 0.097801 0.097261 0.994477
16.968750 0.098240 0.097138 0.988776
16.975000 0.098642 0.096981 0.983163
16.981250 0.099006 0.096791 0.977633
16.987500 0.099333 0.096569 0.972178
16.993750 0.099622 0.096314 0.966794
17.000000 0.099875 0.096028 0.961475
17.006250 0.100092 0.095709 0.956216
17.012500 0.100272 0.095360 0.951012
17.018750 0.100415 0.094979 0.945858
17.025000 0.100523 0.094567 0.94075
17.031250 0.100595 0.094125 0.935683
17.037500 0.100632 0.093653 0.930652
17.043750 0.100633 0.093151 0.925653
17.050000 0.100599 0.092620 0.920682
17.056250 0.100530 0.092059 0.915735
17.062500 0.100427 0.091470 0.910808
17.068750 0.100290 0.090853 0.905897
17.075000 0.100119 0.090207 0.900998
17.081250 0.099915 0.089534 0.896108
17.087500 0.099677 0.088834 0.891222
17.093750 0.099406 0.088107 0.886338
17.100000 0.099102 0.087354 0.88145
17.106250 0.098766 0.086574 0.876556
17.112500 0.098398 0.085769 0.871651
17.118750 0.097999 0.084939 0.866731
17.125000 0.097568 0.084084 0.861794
17.131250 0.097106 0.083204 0.856834
17.137500 0.096614 0.082300 0.851848
17.143750 0.096091 0.081373 0.846831
17.150000 0.095538 0.080422 0.841779
17.156250 0.094956 0.079449 0.836688
17.162500 0.094345 0.078453 0.831553
17.168750 0.093705 0.077435 0.82637
17.175000 0.093036 0.076395 0.821134
17.181250 0.092340 0.075334 0.815839
17.187500 0.091615 0.074252 0.810481
17.193750 0.090864 0.073150 0.805053
17.200000 0.090085 0.072028 0.799551
17.206250 0.089280 0.070886 0.793968
17.212500 0.088449 0.069724 0.788297
17.218750 0.087592 0.068544 0.782534
17.225000 0.086710 0.067345 0.77667
17.231250 0.085803 0.066128 0.770699
17.237500 0.084872 0.064894 0.764612
17.243750 0.083916 0.063642 0.758403
17.250000 0.082936 0.062373 0.752063
17.256250 0.081934 0.061088 0.745582
17.262500 0.080908 0.059787 0.738951
17.268750 0.079860 0.058470 0.732159
17.275000 0.078790 0.057138 0.725196
17.281250 0.077698 0.055791 0.718049
17.287500 0.076585 0.054430 0.710706
17.293750 0.075451 0.053054 0.703154
17.300000 0.074297 0.051664 0.695378
17.306250 0.073123 0.050262 0.687362
17.312500 0.071929 0.048846 0.67909
17.318750 0.070715 0.047418 0.670543
17.325000 0.069483 0.045977 0.661701
17.331250 0.068233 0.044525 0.652543
17.337500 0.066965 0.043061 0.643046
17.343750 0.065679 0.041587 0.633184
17.350000 0.064376 0.040102 0.622929
17.356250 0.063056 0.038606 0.612252
17.362500 0.061720 0.037101 0.601117
17.368750 0.060368 0.035586 0.589488
17.375000 0.059000 0.034062 0.577325
17.381250 0.057618 0.032530 0.56458
17.387500 0.056220 0.030989 0.551204
17.393750 0.054808 0.029440 0.53714
17.400000 0.053383 0.027883 0.522322
17.406250 0.051944 0.026319 0.50668
17.412500 0.050491 0.024747 0.490133
17.418750 0.049026 0.023169 0.47259
17.425000 0.047549 0.021585 0.453947
17.431250 0.046059 0.019994 0.434087
17.437500 0.044558 0.018397 0.412876
17.443750 0.043046 0.016795 0.390161
17.450000 0.041523 0.015188 0.365764
17.456250 0.039990 0.013576 0.339479
17.462500 0.038446 0.011959 0.311065
17.468750 0.036893 0.010339 0.280238
17.475000 0.035331 0.008715 0.246663
17.481250 0.033760 0.007087 0.209936
17.487500 0.032180 0.005457 0.169575
17.493750 0.030592 0.003824 0.124992
17.500000 0.028996 0.002188 0.0754656
17.506250 0.027392 0.000551 0.0200994
17.512500 0.025782 -0.001089 -0.0422316
17.518750 0.024165 -0.002730 -0.112961
17.525000 0.022541 -0.004372 -0.193946
17.531250 0.020911 -0.006015 -0.287631
17.537500 0.019276 -0.007658 -0.397305
17.543750 0.017635 -0.009303 -0.527497
17.550000 0.015989 -0.010947 -0.684623
17.556250 0.014339 -0.012591 -0.878082
17.562500 0.012684 -0.014234 -1.12222
17.568750 0.011025 -0.015877 -1.44008
17.575000 0.009363 -0.017519 -1.87116
17.581250 0.007697 -0.019159 -2.4893
17.587500 0.006028 -0.020798 -3.45045
17.593750 0.004356 -0.022435 -5.15049
17.600000 0.002682 -0.024070 -8.97547
17.606250 0.001005 -0.025703 -25.563
17.612500 -0.000673 -0.027332 40.6332
17.618750 -0.002352 -0.028960 12.3112
17.625000 -0.004033 -0.030584 7.58309
17.631250 -0.005715 -0.032204 5.63519
17.637500 -0.007397 -0.033822 4.57222
17.643750 -0.009080 -0.035436 3.90263
17.650000 -0.010763 -0.037046 3.44203
17.656250 -0.012445 -0.038652 3.10572
17.662500 -0.014127 -0.040253 2.84931
17.668750 -0.015809 -0.041850 2.64731
17.675000 -0.017489 -0.043442 2.48402
17.681250 -0.019168 -0.045030 2.34927
17.687500 -0.020845 -0.046612 2.23615
17.693750 -0.022520 -0.048189 2.13982
17.700000 -0.024194 -0.049761 2.05679
17.706250 -0.025864 -0.051327 1.98447
17.712500 -0.027533 -0.052888 1.92091
17.718750 -0.029198 -0.054443 1.86458
17.725000 -0.030861 -0.055991 1.81432
17.731250 -0.032520 -0.057533 1.76918
17.737500 -0.034175 -0.059068 1.7284
17.743750 -0.035827 -0.060597 1.69138
17.750000 -0.037474 -0.062118 1.6576
17.756250 -0.039118 -0.063631 1.62665
17.762500 -0.040757 -0.065137 1.59819
17.768750 -0.042391 -0.066635 1.57191
17.775000 -0.044020 -0.068124 1.54756
17.781250 -0.045644 -0.069605 1.52494
17.787500 -0.047263 -0.071077 1.50386
17.793750 -0.048877 -0.072541 1.48416
17.800000 -0.050484 -0.073995 1.46571
17.806250 -0.052086 -0.075442 1.44841
17.812500 -0.053681 -0.076880 1.43214
17.818750 -0.055271 -0.078310 1.41684
17.825000 -0.056853 -0.079733 1.40243
17.831250 -0.058430 -0.081150 1.38885
17.837500 -0.059999 -0.082561 1.37605
17.843750 -0.061561 -0.083967 1.36396
17.850000 -0.063116 -0.085367 1.35254
17.856250 -0.064664 -0.086761 1.34173
17.862500 -0.066204 -0.088149 1.33148
17.868750 -0.067736 -0.089528 1.32172
17.875000 -0.069261 -0.090897 1.31239
17.881250 -0.070777 -0.092254 1.30344
17.887500 -0.072286 -0.093596 1.2948
17.893750 -0.073786 -0.094920 1.28642
17.900000 -0.075278 -0.096223 1.27824
17.906250 -0.076761 -0.097503 1.27022
17.912500 -0.078235 -0.098755 1.26228
17.918750 -0.079701 -0.099976 1.25439
17.925000 -0.081157 -0.101163 1.24651
17.931250 -0.082604 -0.102312 1.23858
17.937500 -0.084043 -0.103420 1.23056
17.943750 -0.085471 -0.104483 1.22243
17.950000 -0.086891 -0.105498 1.21415
17.956250 -0.088300 -0.106463 1.20569
17.962500 -0.089700 -0.107374 1.19703
17.968750 -0.091090 -0.108228 1.18814
17.975000 -0.092470 -0.109024 1.17901
17.981250 -0.093841 -0.109759 1.16963
17.987500 -0.095201 -0.110431 1.15999
17.993750 -0.096550 -0.111039 1.15007
18.000000 -0.097890 -0.111581 1.13987
18.006250 -0.099216 -0.112056 1.12942
18.012500 -0.100523 -0.112462 1.11877
18.018750 -0.101805 -0.112798 1.10797
18.025000 -0.103059 -0.113063 1.09707
18.031250 -0.104280 -0.113258 1.0861
18.037500 -0.105462 -0.113380 1.07508
18.043750 -0.106603 -0.113430 1.06405
18.050000 -0.107698 -0.113408 1.05302
18.056250 -0.108744 -0.113313 1.04202
18.062500 -0.109738 -0.113146 1.03106
18.068750 -0.110677 -0.112906 1.02014
18.075000 -0.111558 -0.112594 1.00929
18.081250 -0.112380 -0.112211 0.998499
18.087500 -0.113139 -0.111756 0.987782
18.093750 -0.113834 -0.111232 0.97714
18.100000 -0.114463 -0.110637 0.966574
18.106250 -0.115025 -0.109973 0.956086
18.112500 -0.115517 -0.109242 0.945674
18.118750 -0.115940 -0.108443 0.935335
18.125000 -0.116292 -0.107577 0.925066
18.131250 -0.116571 -0.106647 0.914864
18.137500 -0.116779 -0.105652 0.904724
18.143750 -0.116912 -0.104594 0.894639
18.150000 -0.116973 -0.103475 0.884604
18.156250 -0.116960 -0.102294 0.874611
18.162500 -0.116872 -0.101054 0.864653
18.168750 -0.116711 -0.099756 0.854723
18.175000 -0.116476 -0.098400 0.844812
18.181250 -0.116167 -0.096990 0.834912
18.187500 -0.115786 -0.095524 0.825012
18.193750 -0.115331 -0.094006 0.815103
18.200000 -0.114804 -0.092437 0.805176
18.206250 -0.114205 -0.090818 0.795218
18.212500 -0.113535 -0.089150 0.785221
18.218750 -0.112796 -0.087436 0.775171
18.225000 -0.111986 -0.085676 0.765056
18.231250 -0.111109 -0.083872 0.754865
18.237500 -0.110164 -0.082026 0.744582
18.243750 -0.109153 -0.080139 0.734196
18.250000 -0.108076 -0.078214 0.72369
18.256250 -0.106936 -0.076250 0.713048
18.262500 -0.105732 -0.074251 0.702255
18.268750 -0.104467 -0.072217 0.691291
18.275000 -0.103142 -0.070151 0.68014
18.281250 -0.101758 -0.068054 0.668779
18.287500 -0.100317 -0.065927 0.657187
18.293750 -0.098820 -0.063772 0.645341
18.300000 -0.097268 -0.061591 0.633215
18.306250 -0.095663 -0.059386 0.620781
18.312500 -0.094006 -0.057157 0.60801
18.318750 -0.092299 -0.054906 0.594869
18.325000 -0.090544 -0.052635 0.581322
18.331250 -0.088742 -0.050346 0.56733
18.337500 -0.086895 -0.048040 0.552849
18.343750 -0.085004 -0.045718 0.537833
18.350000 -0.083071 -0.043382 0.52223
18.356250 -0.081097 -0.041033 0.50598
18.362500 -0.079084 -0.038674 0.489019
18.368750 -0.077035 -0.036305 0.471275
18.375000 -0.074950 -0.033927 0.452666
18.381250 -0.072830 -0.031543 0.433101
18.387500 -0.070679 -0.029153 0.412476
18.393750 -0.068497 -0.026760 0.390673
18.400000 -0.066286 -0.024364 0.367556
18.406250 -0.064047 -0.021966 0.342971
18.412500 -0.061783 -0.019569 0.316738
18.418750 -0.059494 -0.017173 0.28865
18.425000 -0.057183 -0.014780 0.258462
18.431250 -0.054851 -0.012390 0.22589
18.437500 -0.052499 -0.010006 0.190593
18.443750 -0.050130 -0.007628 0.152167
18.450000 -0.047744 -0.005258 0.110124
18.456250 -0.045344 -0.002896 0.0638714
18.462500 -0.042931 -0.000544 0.0126814
18.468750 -0.040505 0.001796 -0.0443496
18.475000 -0.038070 0.004125 -0.108358
18.481250 -0.035626 0.006441 -0.180791
18.487500 -0.033174 0.008742 -0.263527
18.493750 -0.030717 0.011029 -0.359039
18.500000 -0.028256 0.013299 -0.470663
18.506250 -0.025791 0.015552 -0.602997
18.512500 -0.023325 0.017787 -0.762573
18.518750 -0.020858 0.020003 -0.958984
18.525000 -0.018393 0.022199 -1.20692
18.531250 -0.015930 0.024374 -1.53009
18.537500 -0.013471 0.026528 -1.96932
18.543750 -0.011016 0.028659 -2.60155
18.550000 -0.008568 0.030767 -3.59097
18.556250 -0.006127 0.032850 -5.36165
18.562500 -0.003695 0.034909 -9.44861
18.568750 -0.001272 0.036943 -29.0392
18.575000 0.001139 0.038950 34.1847
18.581250 0.003539 0.040930 11.5657
18.587500 0.005925 0.042883 7.23724
18.593750 0.008297 0.044807 5.4001
18.600000 0.010654 0.046703 4.38343
18.606250 0.012995 0.048569 3.7375
18.612500 0.015318 0.050405 3.29049
18.618750 0.017623 0.052210 2.96256
18.625000 0.019909 0.053985 2.71154
18.631250 0.022175 0.055727 2.51309
18.637500 0.024420 0.057438 2.35214
18.643750 0.026642 0.059116 2.2189
18.650000 0.028842 0.060762 2.10669
18.656250 0.031019 0.062374 2.01085
18.662500 0.033171 0.063952 1.92797
18.668750 0.035297 0.065496 1.85555
18.675000 0.037398 0.067006 1.79168
18.681250 0.039472 0.068481 1.7349
18.687500 0.041519 0.069921 1.68405
18.693750 0.043538 0.071325 1.63822
18.700000 0.045528 0.072694 1.59668
18.706250 0.047489 0.074027 1.55882
18.712500 0.049420 0.075324 1.52416
18.718750 0.051321 0.076585 1.49228
18.725000 0.053190 0.077809 1.46285
18.731250 0.055028 0.078997 1.43558
18.737500 0.056833 0.080147 1.41022
18.743750 0.058606 0.081261 1.38656
18.750000 0.060346 0.082338 1.36442
18.756250 0.062053 0.083377 1.34366
18.762500 0.063725 0.084380 1.32412
18.768750 0.065363 0.085345 1.3057
18.775000 0.066966 0.086272 1.28829
18.781250 0.068535 0.087162 1.2718
18.787500 0.070068 0.088015 1.25615
18.793750 0.071565 0.088830 1.24126
18.800000 0.073025 0.089608 1.22708
18.806250 0.074450 0.090348 1.21354
18.812500 0.075838 0.091051 1.2006
18.818750 0.077189 0.091717 1.18821
18.825000 0.078503 0.092345 1.17632
18.831250 0.079780 0.092936 1.1649
18.837500 0.081019 0.093490 1.15392
18.843750 0.082221 0.094006 1.14334
18.850000 0.083385 0.094486 1.13313
18.856250 0.084511 0.094929 1.12327
18.862500 0.085599 0.095335 1.11374
18.868750 0.086649 0.095704 1.10451
18.875000 0.087660 0.096037 1.09556
18.881250 0.088634 0.096334 1.08687
18.887500 0.089569 0.096594 1.07844
18.893750 0.090465 0.096819 1.07023
18.900000 0.091323 0.097008 1.06225
18.906250 0.092143 0.097161 1.05446
18.912500 0.092925 0.097280 1.04687
18.918750 0.093668 0.097363 1.03945
18.925000 0.094373 0.097412 1.0322
18.931250 0.095039 0.097426 1.02511
18.937500 0.095668 0.097406 1.01817
18.943750 0.096258 0.097351 1.01136
18.950000 0.096810 0.097264 1.00468
18.956250 0.097325 0.097142 0.998124
18.962500 0.097801 0.096988 0.99168
18.968750 0.098240 0.096800 0.985341
18.975000 0.098642 0.096580 0.9791
18.981250 0.099006 0.096328 0.97295
18.987500 0.099333 0.096043 0.966884
18.993750 0.099622 0.095727 0.960897
19.000000 0.099875 0.095379 0.954983
19.006250 0.100092 0.095001 0.949135
19.012500 0.100272 0.094591 0.943348
19.018750 0.100415 0.094151 0.937616
19.025000 0.100523 0.093681 0.931935
19.031250 0.100595 0.093181 0.926299
19.037500 0.100632 0.092652 0.920704
19.043750 0.100633 0.092093 0.915144
19.050000 0.100599 0.091506 0.909615
19.056250 0.100530 0.090891 0.904113
19.062500 0.100427 0.090247 0.898633
19.068750 0.100290 0.089576 0.893171
19.075000 0.100119 0.088878 0.887723
19.081250 0.099915 0.088153 0.882284
19.087500 0.099677 0.087401 0.876851
19.093750 0.099406 0.086624 0.871418
19.100000 0.099102 0.085821 0.865981
19.106250 0.098766 0.084992 0.860538
19.112500 0.098398 0.084139 0.855082
19.118750 0.097999 0.083261 0.84961
19.125000 0.097568 0.082359 0.844117
19.131250 0.097106 0.081433 0.838599
19.137500 0.096614 0.080484 0.83305
19.143750 0.096091 0.079512 0.827468
19.150000 0.095538 0.078518 0.821846
19.156250 0.094956 0.077501 0.816179
19.162500 0.094345 0.076463 0.810463
19.168750 0.093705 0.075403 0.804692
19.175000 0.093036 0.074323 0.798861
19.181250 0.092340 0.073222 0.792963
19.187500 0.091615 0.072101 0.786993
19.193750 0.090864 0.070960 0.780946
19.200000 0.090085 0.069799 0.774814
19.206250 0.089280 0.068620 0.768591
19.212500 0.088449 0.067422 0.762271
19.218750 0.087592 0.066206 0.755845
19.225000 0.086710 0.064973 0.749308
19.231250 0.085803 0.063722 0.742651
19.237500 0.084872 0.062454 0.735864
19.243750 0.083916 0.061170 0.728941
19.250000 0.082936 0.059869 0.72187
19.256250 0.081934 0.058553 0.714642
19.262500 0.080908 0.057222 0.707246
19.268750 0.079860 0.055876 0.69967
19.275000 0.078790 0.054515 0.691901
19.281250 0.077698 0.053140 0.683928
19.287500 0.076585 0.051751 0.675736
19.293750 0.075451 0.050349 0.667309
19.300000 0.074297 0.048934 0.658632
19.306250 0.073123 0.047507 0.649686
19.312500 0.071929 0.046067 0.640454
19.318750 0.070715 0.044615 0.630914
19.325000 0.069483 0.043152 0.621045
19.331250 0.068233 0.041678 0.610824
19.337500 0.066965 0.040194 0.600223
19.343750 0.065679 0.038699 0.589215
19.350000 0.064376 0.037194 0.577769
19.356250 0.063056 0.035680 0.56585
19.362500 0.061720 0.034157 0.553422
19.368750 0.060368 0.032625 0.540442
19.375000 0.059000 0.031085 0.526864
19.381250 0.057618 0.029537 0.512638
19.387500 0.056220 0.027981 0.497704
19.393750 0.054808 0.026418 0.482
19.400000 0.053383 0.024847 0.465453
19.406250 0.051944 0.023270 0.447984
19.412500 0.050491 0.021686 0.429503
19.418750 0.049026 0.020096 0.409907
19.425000 0.047549 0.018500 0.389083
19.431250 0.046059 0.016899 0.366898
19.437500 0.044558 0.015293 0.343205
19.443750 0.043046 0.013681 0.317831
19.450000 0.041523 0.012066 0.290578
19.456250 0.039990 0.010446 0.261216
19.462500 0.038446 0.008822 0.229476
19.468750 0.036893 0.007196 0.195039
19.475000 0.035331 0.005566 0.157531
19.481250 0.033760 0.003933 0.116502
19.487500 0.032180 0.002298 0.0714109
19.493750 0.030592 0.000661 0.0216
19.500000 0.028996 -0.000978 -0.0337377
19.506250 0.027392 -0.002619 -0.0956039
19.512500 0.025782 -0.004261 -0.165258
19.518750 0.024165 -0.005903 -0.244303
19.525000 0.022541 -0.007547 -0.334815
19.531250 0.020911 -0.009191 -0.439528
19.537500 0.019276 -0.010835 -0.562119
19.543750 0.017635 -0.012480 -0.707649
19.550000 0.015989 -0.014123 -0.883289
19.556250 0.014339 -0.015766 -1.09955
19.562500 0.012684 -0.017408 -1.37246
19.568750 0.011025 -0.019049 -1.72777
19.575000 0.009363 -0.020688 -2.20965
19.581250 0.007697 -0.022325 -2.90065
19.587500 0.006028 -0.023961 -3.97507
19.593750 0.004356 -0.025593 -5.87548
19.600000 0.002682 -0.027223 -10.1513
19.606250 0.001005 -0.028851 -28.694
19.612500 -0.000673 -0.030475 45.3049
19.618750 -0.002352 -0.032096 13.6445
19.625000 -0.004033 -0.033713 8.35909
19.631250 -0.005715 -0.035327 6.18159
19.637500 -0.007397 -0.036937 4.99332
19.643750 -0.009080 -0.038543 4.24478
19.650000 -0.010763 -0.040144 3.72989
19.656250 -0.012445 -0.041740 3.35392
19.662500 -0.014127 -0.043332 3.06728
19.668750 -0.015809 -0.044919 2.84147
19.675000 -0.017489 -0.046501 2.65894
19.681250 -0.019168 -0.048078 2.50831
19.687500 -0.020845 -0.049649 2.38186
19.693750 -0.022520 -0.051215 2.27419
19.700000 -0.024194 -0.052775 2.18139
19.706250 -0.025864 -0.054330 2.10056
19.712500 -0.027533 -0.055878 2.02951
19.718750 -0.029198 -0.057420 1.96655
19.725000 -0.030861 -0.058955 1.91037
19.731250 -0.032520 -0.060484 1.85991
19.737500 -0.034175 -0.062005 1.81433
19.743750 -0.035827 -0.063519 1.77295
19.750000 -0.037474 -0.065025 1.73519
19.756250 -0.039118 -0.066524 1.7006
19.762500 -0.040757 -0.068014 1.66877
19.768750 -0.042391 -0.069495 1.63938
19.775000 -0.044020 -0.070967 1.61216
19.781250 -0.045644 -0.072431 1.58686
19.787500 -0.047263 -0.073886 1.56328
19.793750 -0.048877 -0.075332 1.54127
19.800000 -0.050484 -0.076770 1.52067
19.806250 -0.052086 -0.078200 1.50137
19.812500 -0.053681 -0.079624 1.48326
19.818750 -0.055271 -0.081041 1.46626
19.825000 -0.056853 -0.082453 1.45027
19.831250 -0.058430 -0.083859 1.43522
19.837500 -0.059999 -0.085260 1.42103
19.843750 -0.061561 -0.086656 1.40764
19.850000 -0.063116 -0.088045 1.39497
19.856250 -0.064664 -0.089426 1.38294
19.862500 -0.066204 -0.090797 1.37147
19.868750 -0.067736 -0.092155 1.3605
19.875000 -0.069261 -0.093499 1.34995
19.881250 -0.070777 -0.094825 1.33976
19.887500 -0.072286 -0.096130 1.32986
19.893750 -0.073786 -0.097411 1.32019
19.900000 -0.075278 -0.098665 1.31068
19.906250 -0.076761 -0.099888 1.30129
19.912500 -0.078235 -0.101077 1.29197
19.918750 -0.079701 -0.102228 1.28265
19.925000 -0.081157 -0.103338 1.27331
19.931250 -0.082604 -0.104404 1.2639
19.937500 -0.084043 -0.105422 1.25439
19.943750 -0.085471 -0.106389 1.24474
19.950000 -0.086891 -0.107303 1.23492
19.956250 -0.088300 -0.108161 1.22493
19.962500 -0.089700 -0.108961 1.21472
19.968750 -0.091090 -0.109700 1.2043
19.975000 -0.092470 -0.110377 1.19364
19.981250 -0.093841 -0.110989 1.18274
19.987500 -0.095201 -0.111536 1.17158
19.993750 -0.096550 -0.112015 1.16017
