0.000000 0.000000 0.000000 1.99184
0.003125 0.000000 0.000000 1.09769
0.006250 0.000002 0.000002 1.02789
0.009375 0.000005 0.000005 1.00873
0.012500 0.000011 0.000011 1.00088
0.015625 0.000019 0.000019 0.996928
0.018750 0.000032 0.000032 0.994661
0.021875 0.000049 0.000048 0.993245
0.025000 0.000070 0.000070 0.992303
0.028125 0.000097 0.000096 0.991645
0.031250 0.000130 0.000129 0.991168
0.034375 0.000170 0.000168 0.990812
0.037500 0.000216 0.000214 0.990538
0.040625 0.000270 0.000268 0.990325
0.043750 0.000332 0.000329 0.990154
0.046875 0.000403 0.000399 0.990017
0.050000 0.000482 0.000477 0.989904
0.053125 0.000570 0.000565 0.98981
0.056250 0.000669 0.000662 0.989731
0.059375 0.000777 0.000769 0.989665
0.062500 0.000896 0.000886 0.989608
0.065625 0.001025 0.001014 0.989559
0.068750 0.001166 0.001153 0.989517
0.071875 0.001318 0.001304 0.98948
0.075000 0.001481 0.001466 0.989447
0.078125 0.001657 0.001640 0.989419
0.081250 0.001845 0.001826 0.989393
0.084375 0.002046 0.002024 0.989371
0.087500 0.002259 0.002235 0.98935
0.090625 0.002486 0.002460 0.989332
0.093750 0.002726 0.002697 0.989316
0.096875 0.002979 0.002947 0.989301
0.100000 0.003246 0.003212 0.989287
0.103125 0.003527 0.003490 0.989275
0.106250 0.003823 0.003782 0.989263
0.109375 0.004132 0.004088 0.989253
0.112500 0.004456 0.004408 0.989243
0.115625 0.004794 0.004742 0.989234
0.118750 0.005147 0.005091 0.989227
0.121875 0.005515 0.005455 0.98922
0.125000 0.005897 0.005834 0.989213
0.128125 0.006295 0.006227 0.989207
0.131250 0.006708 0.006635 0.989202
0.134375 0.007136 0.007059 0.989197
0.137500 0.007579 0.007497 0.989192
0.140625 0.008037 0.007950 0.989188
0.143750 0.008511 0.008419 0.989185
0.146875 0.009001 0.008903 0.989181
0.150000 0.009505 0.009402 0.989178
0.153125 0.010025 0.009917 0.989174
0.156250 0.010561 0.010447 0.989171
0.159375 0.011112 0.010992 0.989168
0.162500 0.011679 0.011553 0.989165
0.165625 0.012261 0.012129 0.989162
0.168750 0.012859 0.012720 0.989159
0.171875 0.013472 0.013326 0.989156
0.175000 0.014101 0.013948 0.989153
0.178125 0.014745 0.014585 0.989151
0.181250 0.015405 0.015238 0.989148
0.184375 0.016080 0.015905 0.989145
0.187500 0.016770 0.016588 0.989142
0.190625 0.017475 0.017286 0.989139
0.193750 0.018196 0.017998 0.989135
0.196875 0.018932 0.018726 0.989132
0.200000 0.019682 0.019468 0.989128
0.203125 0.020448 0.020226 0.989124
0.206250 0.021229 0.020998 0.989119
0.209375 0.022024 0.021784 0.989115
0.212500 0.022834 0.022586 0.98911
0.215625 0.023659 0.023401 0.989105
0.218750 0.024498 0.024231 0.989099
0.221875 0.025351 0.025075 0.989094
0.225000 0.026219 0.025933 0.989088
0.228125 0.027101 0.026805 0.989082
0.231250 0.027997 0.027691 0.989076
0.234375 0.028907 0.028591 0.98907
0.237500 0.029831 0.029504 0.989063
0.240625 0.030768 0.030431 0.989056
0.243750 0.031719 0.031371 0.98905
0.246875 0.032683 0.032325 0.989043
0.250000 0.033660 0.033291 0.989035
0.253125 0.034650 0.034270 0.989028
0.256250 0.035654 0.035262 0.989021
0.259375 0.036670 0.036267 0.989013
0.262500 0.037698 0.037284 0.989006
0.265625 0.038739 0.038313 0.988998
0.268750 0.039793 0.039355 0.988991
0.271875 0.040858 0.040408 0.988983
0.275000 0.041936 0.041474 0.988976
0.278125 0.043025 0.042551 0.988968
0.281250 0.044126 0.043639 0.98896
0.284375 0.045238 0.044739 0.988953
0.287500 0.046362 0.045850 0.988945
0.290625 0.047497 0.046971 0.988937
0.293750 0.048642 0.048104 0.98893
0.296875 0.049799 0.049247 0.988922
0.300000 0.050966 0.050401 0.988915
0.303125 0.052143 0.051565 0.988907
0.306250 0.053330 0.052738 0.9889
0.309375 0.054528 0.053922 0.988893
0.312500 0.055735 0.055116 0.988885
0.315625 0.056952 0.056319 0.988878
0.318750 0.058178 0.057531 0.988871
0.321875 0.059414 0.058752 0.988864
0.325000 0.060658 0.059982 0.988857
0.328125 0.061912 0.061221 0.98885
0.331250 0.063174 0.062469 0.988843
0.334375 0.064444 0.063725 0.988836
0.337500 0.065723 0.064989 0.98883
0.340625 0.067010 0.066261 0.988823
0.343750 0.068304 0.067540 0.988816
0.346875 0.069607 0.068828 0.98881
0.350000 0.070916 0.070122 0.988803
0.353125 0.072233 0.071424 0.988797
0.356250 0.073558 0.072733 0.98879
0.359375 0.074889 0.074049 0.988784
0.362500 0.076226 0.075371 0.988778
0.365625 0.077570 0.076699 0.988772
0.368750 0.078921 0.078034 0.988766
0.371875 0.080277 0.079375 0.98876
0.375000 0.081639 0.080721 0.988754
0.378125 0.083007 0.082073 0.988748
0.381250 0.084380 0.083431 0.988742
0.384375 0.085759 0.084793 0.988737
0.387500 0.087143 0.086161 0.988731
0.390625 0.088531 0.087533 0.988726
0.393750 0.089925 0.088910 0.98872
0.396875 0.091322 0.090292 0.988715
0.400000 0.092724 0.091677 0.98871
0.403125 0.094130 0.093067 0.988704
0.406250 0.095540 0.094460 0.988699
0.409375 0.096953 0.095857 0.988694
0.412500 0.098370 0.097258 0.988689
0.415625 0.099790 0.098661 0.988684
0.418750 0.101214 0.100068 0.988679
0.421875 0.102640 0.101477 0.988674
0.425000 0.104069 0.102890 0.98867
0.428125 0.105500 0.104304 0.988665
0.431250 0.106934 0.105721 0.98866
0.434375 0.108369 0.107140 0.988656
0.437500 0.109807 0.108561 0.988651
0.440625 0.111246 0.109983 0.988647
0.443750 0.112687 0.111407 0.988642
0.446875 0.114129 0.112833 0.988638
0.450000 0.115573 0.114259 0.988633
0.453125 0.117017 0.115686 0.988629
0.456250 0.118462 0.117115 0.988625
0.459375 0.119908 0.118543 0.988621
0.462500 0.121354 0.119972 0.988617
0.465625 0.122800 0.121402 0.988613
0.468750 0.124246 0.122831 0.988609
0.471875 0.125693 0.124260 0.988605
0.475000 0.127139 0.125689 0.988601
0.478125 0.128584 0.127118 0.988597
0.481250 0.130029 0.128545 0.988593
0.484375 0.131473 0.129972 0.988589
0.487500 0.132915 0.131398 0.988586
0.490625 0.134357 0.132823 0.988582
0.493750 0.135797 0.134246 0.988578
0.496875 0.137236 0.135668 0.988575
0.500000 0.138673 0.137088 0.988571
0.503125 0.140108 0.138506 0.988568
0.506250 0.141541 0.139923 0.988564
0.509375 0.142972 0.141337 0.988561
0.512500 0.144401 0.142748 0.988557
0.515625 0.145827 0.144158 0.988554
0.518750 0.147250 0.145564 0.98855
0.521875 0.148670 0.146968 0.988547
0.525000 0.150088 0.148368 0.988544
0.528125 0.151502 0.149766 0.98854
0.531250 0.152913 0.151160 0.988537
0.534375 0.154320 0.152551 0.988534
0.537500 0.155724 0.153938 0.988531
0.540625 0.157124 0.155321 0.988528
0.543750 0.158520 0.156701 0.988524
0.546875 0.159912 0.158076 0.988521
0.550000 0.161299 0.159447 0.988518
0.553125 0.162683 0.160814 0.988515
0.556250 0.164061 0.162177 0.988512
0.559375 0.165436 0.163535 0.988509
0.562500 0.166805 0.164888 0.988506
0.565625 0.168169 0.166236 0.988503
0.568750 0.169528 0.167579 0.9885
0.571875 0.170882 0.168917 0.988497
0.575000 0.172231 0.170250 0.988494
0.578125 0.173574 0.171577 0.988492
0.581250 0.174912 0.172898 0.988489
0.584375 0.176244 0.174214 0.988486
0.587500 0.177570 0.175525 0.988483
0.590625 0.178890 0.176829 0.98848
0.593750 0.180203 0.178127 0.988478
0.596875 0.181511 0.179419 0.988475
0.600000 0.182812 0.180705 0.988472
0.603125 0.184107 0.181984 0.98847
0.606250 0.185395 0.183257 0.988467
0.609375 0.186676 0.184523 0.988464
0.612500 0.187950 0.185782 0.988462
0.615625 0.189218 0.187034 0.988459
0.618750 0.190478 0.188280 0.988456
0.621875 0.191732 0.189518 0.988454
0.625000 0.192978 0.190749 0.988451
0.628125 0.194216 0.191973 0.988449
0.631250 0.195447 0.193189 0.988446
0.634375 0.196671 0.194398 0.988444
0.637500 0.197886 0.195599 0.988442
0.640625 0.199094 0.196792 0.988439
0.643750 0.200294 0.197978 0.988437
0.646875 0.201486 0.199156 0.988434
0.650000 0.202670 0.200325 0.988432
0.653125 0.203845 0.201487 0.988429
0.656250 0.205013 0.202640 0.988427
0.659375 0.206172 0.203785 0.988425
0.662500 0.207322 0.204922 0.988422
0.665625 0.208464 0.206050 0.98842
0.668750 0.209597 0.207170 0.988418
0.671875 0.210722 0.208281 0.988415
0.675000 0.211837 0.209383 0.988413
0.678125 0.212944 0.210476 0.988411
0.681250 0.214042 0.211561 0.988409
0.684375 0.215130 0.212636 0.988406
0.687500 0.216210 0.213703 0.988404
0.690625 0.217280 0.214760 0.988402
0.693750 0.218341 0.215808 0.988399
0.696875 0.219393 0.216847 0.988397
0.700000 0.220435 0.217877 0.988395
0.703125 0.221468 0.218897 0.988393
0.706250 0.222491 0.219908 0.98839
0.709375 0.223504 0.220909 0.988388
0.712500 0.224508 0.221901 0.988386
0.715625 0.225502 0.222882 0.988384
0.718750 0.226486 0.223855 0.988382
0.721875 0.227460 0.224817 0.988379
0.725000 0.228424 0.225769 0.988377
0.728125 0.229379 0.226712 0.988375
0.731250 0.230323 0.227645 0.988373
0.734375 0.231257 0.228567 0.988371
0.737500 0.232180 0.229480 0.988369
0.740625 0.233094 0.230382 0.988366
0.743750 0.233997 0.231274 0.988364
0.746875 0.234890 0.232156 0.988362
0.750000 0.235773 0.233028 0.98836
0.753125 0.236645 0.233890 0.988358
0.756250 0.237506 0.234741 0.988356
0.759375 0.238357 0.235581 0.988354
0.762500 0.239198 0.236411 0.988351
0.765625 0.240027 0.237231 0.988349
0.768750 0.240847 0.238040 0.988347
0.771875 0.241655 0.238839 0.988345
0.775000 0.242453 0.239627 0.988343
0.778125 0.243240 0.240404 0.988341
0.781250 0.244016 0.241171 0.988339
0.784375 0.244781 0.241926 0.988337
0.787500 0.245536 0.242672 0.988335
0.790625 0.246279 0.243406 0.988333
0.793750 0.247012 0.244130 0.988331
0.796875 0.247734 0.244842 0.988328
0.800000 0.248444 0.245544 0.988326
0.803125 0.249144 0.246235 0.988324
0.806250 0.249833 0.246915 0.988322
0.809375 0.250510 0.247584 0.98832
0.812500 0.251177 0.248243 0.988318
0.815625 0.251832 0.248890 0.988316
0.818750 0.252476 0.249526 0.988314
0.821875 0.253109 0.250151 0.988312
0.825000 0.253731 0.250765 0.98831
0.828125 0.254342 0.251368 0.988308
0.831250 0.254942 0.251960 0.988306
0.834375 0.255530 0.252541 0.988304
0.837500 0.256107 0.253111 0.988302
0.840625 0.256673 0.253670 0.9883
0.843750 0.257227 0.254217 0.988298
0.846875 0.257771 0.254754 0.988296
0.850000 0.258303 0.255279 0.988294
0.853125 0.258824 0.255793 0.988292
0.856250 0.259333 0.256296 0.98829
0.859375 0.259831 0.256788 0.988288
0.862500 0.260318 0.257269 0.988287
0.865625 0.260794 0.257739 0.988285
0.868750 0.261258 0.258197 0.988283
0.871875 0.261711 0.258644 0.988281
0.875000 0.262153 0.259080 0.988279
0.878125 0.262584 0.259505 0.988277
0.881250 0.263003 0.259919 0.988275
0.884375 0.263411 0.260322 0.988273
0.887500 0.263807 0.260713 0.988271
0.890625 0.264192 0.261093 0.988269
0.893750 0.264566 0.261462 0.988267
0.896875 0.264929 0.261820 0.988265
0.900000 0.265281 0.262167 0.988263
0.903125 0.265621 0.262503 0.988262
0.906250 0.265950 0.262828 0.98826
0.909375 0.266268 0.263141 0.988258
0.912500 0.266574 0.263443 0.988256
0.915625 0.266869 0.263735 0.988254
0.918750 0.267153 0.264015 0.988252
0.921875 0.267426 0.264284 0.98825
0.925000 0.267688 0.264542 0.988249
0.928125 0.267939 0.264789 0.988247
0.931250 0.268178 0.265026 0.988245
0.934375 0.268406 0.265251 0.988243
0.937500 0.268623 0.265465 0.988241
0.940625 0.268830 0.265668 0.988239
0.943750 0.269025 0.265860 0.988238
0.946875 0.269209 0.266042 0.988236
0.950000 0.269382 0.266212 0.988234
0.953125 0.269543 0.266372 0.988232
0.956250 0.269694 0.266520 0.98823
0.959375 0.269834 0.266658 0.988228
0.962500 0.269964 0.266785 0.988227
0.965625 0.270082 0.266901 0.988225
0.968750 0.270189 0.267007 0.988223
0.971875 0.270285 0.267102 0.988221
0.975000 0.270371 0.267186 0.988219
0.978125 0.270446 0.267259 0.988218
0.981250 0.270510 0.267322 0.988216
0.984375 0.270563 0.267374 0.988214
0.987500 0.270606 0.267416 0.988212
0.990625 0.270637 0.267447 0.98821
0.993750 0.270659 0.267467 0.988209
0.996875 0.270669 0.267477 0.988207
1.000000 0.270669 0.267477 0.988205
1.003125 0.270659 0.267466 0.988203
1.006250 0.270638 0.267445 0.988202
1.009375 0.270606 0.267413 0.9882
1.012500 0.270564 0.267371 0.988198
1.015625 0.270512 0.267319 0.988196
1.018750 0.270449 0.267256 0.988195
1.021875 0.270376 0.267183 0.988193
1.025000 0.270292 0.267100 0.988191
1.028125 0.270198 0.267007 0.988189
1.031250 0.270094 0.266904 0.988188
1.034375 0.269980 0.266791 0.988186
1.037500 0.269856 0.266667 0.988184
1.040625 0.269721 0.266534 0.988182
1.043750 0.269577 0.266391 0.988181
1.046875 0.269422 0.266238 0.988179
1.050000 0.269258 0.266074 0.988177
1.053125 0.269083 0.265902 0.988175
1.056250 0.268899 0.265719 0.988174
1.059375 0.268705 0.265526 0.988172
1.062500 0.268501 0.265324 0.98817
1.065625 0.268287 0.265113 0.988169
1.068750 0.268063 0.264891 0.988167
1.071875 0.267830 0.264660 0.988165
1.075000 0.267587 0.264420 0.988164
1.078125 0.267334 0.264170 0.988162
1.081250 0.267072 0.263910 0.98816
1.084375 0.266801 0.263641 0.988158
1.087500 0.266520 0.263363 0.988157
1.090625 0.266229 0.263076 0.988155
1.093750 0.265929 0.262779 0.988153
1.096875 0.265620 0.262473 0.988152
1.100000 0.265302 0.262158 0.98815
1.103125 0.264974 0.261834 0.988148
1.106250 0.264637 0.261501 0.988147
1.109375 0.264291 0.261158 0.988145
1.112500 0.263936 0.260807 0.988143
1.115625 0.263572 0.260447 0.988142
1.118750 0.263199 0.260078 0.98814
1.121875 0.262817 0.259700 0.988138
1.125000 0.262427 0.259313 0.988137
1.128125 0.262027 0.258918 0.988135
1.131250 0.261619 0.258514 0.988134
1.134375 0.261202 0.258102 0.988132
1.137500 0.260776 0.257680 0.98813
1.140625 0.260341 0.257251 0.988129
1.143750 0.259898 0.256813 0.988127
1.146875 0.259447 0.256366 0.988125
1.150000 0.258987 0.255911 0.988124
1.153125 0.258519 0.255448 0.988122
1.156250 0.258042 0.254977 0.98812
1.159375 0.257557 0.254497 0.988119
1.162500 0.257064 0.254009 0.988117
1.165625 0.256562 0.253513 0.988115
1.168750 0.256053 0.253009 0.988114
1.171875 0.255535 0.252497 0.988112
1.175000 0.255010 0.251978 0.98811
1.178125 0.254476 0.251450 0.988109
1.181250 0.253934 0.250914 0.988107
1.184375 0.253385 0.250371 0.988105
1.187500 0.252828 0.249820 0.988104
1.190625 0.252263 0.249261 0.988102
1.193750 0.251690 0.248695 0.9881
1.196875 0.251110 0.248121 0.988099
1.200000 0.250522 0.247540 0.988097
1.203125 0.249927 0.246951 0.988095
1.206250 0.249324 0.246355 0.988094
1.209375 0.248714 0.245752 0.988092
1.212500 0.248096 0.245141 0.98809
1.215625 0.247471 0.244523 0.988089
1.218750 0.246839 0.243898 0.988087
1.221875 0.246200 0.243266 0.988085
1.225000 0.245553 0.242627 0.988084
1.228125 0.244900 0.241981 0.988082
1.231250 0.244239 0.241328 0.98808
1.234375 0.243572 0.240668 0.988079
1.237500 0.242897 0.240001 0.988077
1.240625 0.242216 0.239328 0.988076
1.243750 0.241528 0.238648 0.988074
1.246875 0.240833 0.237961 0.988072
1.250000 0.240132 0.237267 0.988071
1.253125 0.239424 0.236567 0.988069
1.256250 0.238709 0.235861 0.988067
1.259375 0.237988 0.235148 0.988066
1.262500 0.237261 0.234429 0.988064
1.265625 0.236527 0.233703 0.988062
1.268750 0.235787 0.232972 0.988061
1.271875 0.235040 0.232234 0.988059
1.275000 0.234288 0.231490 0.988057
1.278125 0.233529 0.230739 0.988056
1.281250 0.232764 0.229983 0.988054
1.284375 0.231993 0.229221 0.988053
1.287500 0.231216 0.228453 0.988051
1.290625 0.230433 0.227679 0.988049
1.293750 0.229645 0.226900 0.988048
1.296875 0.228850 0.226114 0.988046
1.300000 0.228050 0.225323 0.988044
1.303125 0.227244 0.224527 0.988043
1.306250 0.226432 0.223725 0.988041
1.309375 0.225615 0.222917 0.98804
1.312500 0.224793 0.222104 0.988038
1.315625 0.223965 0.221285 0.988036
1.318750 0.223131 0.220462 0.988035
1.321875 0.222293 0.219632 0.988033
1.325000 0.221449 0.218798 0.988031
1.328125 0.220599 0.217959 0.98803
1.331250 0.219745 0.217114 0.988028
1.334375 0.218885 0.216265 0.988026
1.337500 0.218021 0.215410 0.988025
1.340625 0.217151 0.214550 0.988023
1.343750 0.216277 0.213686 0.988021
1.346875 0.215397 0.212817 0.98802
1.350000 0.214513 0.211943 0.988018
1.353125 0.213624 0.211064 0.988016
1.356250 0.212731 0.210181 0.988014
1.359375 0.211832 0.209293 0.988013
1.362500 0.210930 0.208401 0.988011
1.365625 0.210022 0.207504 0.988009
1.368750 0.209110 0.206603 0.988007
1.371875 0.208194 0.205697 0.988006
1.375000 0.207273 0.204787 0.988004
1.378125 0.206349 0.203873 0.988002
1.381250 0.205419 0.202954 0.988
1.384375 0.204486 0.202032 0.987999
1.387500 0.203548 0.201105 0.987997
1.390625 0.202607 0.200175 0.987995
1.393750 0.201661 0.199240 0.987993
1.396875 0.200712 0.198301 0.987991
1.400000 0.199758 0.197359 0.98799
1.403125 0.198801 0.196413 0.987988
1.406250 0.197840 0.195463 0.987986
1.409375 0.196875 0.194509 0.987984
1.412500 0.195906 0.193552 0.987982
1.415625 0.194934 0.192591 0.987981
1.418750 0.193958 0.191626 0.987979
1.421875 0.192979 0.190659 0.987977
1.425000 0.191996 0.189687 0.987975
1.428125 0.191010 0.188713 0.987973
1.431250 0.190020 0.187734 0.987972
1.434375 0.189027 0.186753 0.98797
1.437500 0.188031 0.185769 0.987968
1.440625 0.187032 0.184781 0.987966
1.443750 0.186029 0.183790 0.987965
1.446875 0.185024 0.182796 0.987963
1.450000 0.184015 0.181800 0.987961
1.453125 0.183003 0.180800 0.987959
1.456250 0.181989 0.179797 0.987957
1.459375 0.180971 0.178792 0.987956
1.462500 0.179951 0.177783 0.987954
1.465625 0.178928 0.176772 0.987952
1.468750 0.177902 0.175759 0.98795
1.471875 0.176874 0.174742 0.987948
1.475000 0.175843 0.173723 0.987947
1.478125 0.174809 0.172702 0.987945
1.481250 0.173773 0.171678 0.987943
1.484375 0.172734 0.170651 0.987941
1.487500 0.171693 0.169623 0.987939
1.490625 0.170650 0.168591 0.987937
1.493750 0.169604 0.167558 0.987935
1.496875 0.168556 0.166522 0.987934
1.500000 0.167506 0.165484 0.987932
1.503125 0.166454 0.164444 0.98793
1.506250 0.165399 0.163402 0.987928
1.509375 0.164343 0.162358 0.987926
1.512500 0.163284 0.161312 0.987924
1.515625 0.162224 0.160264 0.987922
1.518750 0.161161 0.159214 0.98792
1.521875 0.160097 0.158163 0.987918
1.525000 0.159031 0.157109 0.987916
1.528125 0.157963 0.156054 0.987914
1.531250 0.156893 0.154997 0.987911
1.534375 0.155822 0.153938 0.987909
1.537500 0.154749 0.152878 0.987907
1.540625 0.153675 0.151816 0.987905
1.543750 0.152599 0.150753 0.987903
1.546875 0.151521 0.149688 0.987901
1.550000 0.150442 0.148622 0.987899
1.553125 0.149362 0.147554 0.987896
1.556250 0.148280 0.146485 0.987894
1.559375 0.147197 0.145415 0.987892
1.562500 0.146113 0.144344 0.98789
1.565625 0.145028 0.143271 0.987887
1.568750 0.143941 0.142197 0.987885
1.571875 0.142853 0.141122 0.987883
1.575000 0.141765 0.140047 0.98788
1.578125 0.140675 0.138970 0.987878
1.581250 0.139584 0.137892 0.987876
1.584375 0.138493 0.136813 0.987874
1.587500 0.137400 0.135733 0.987871
1.590625 0.136307 0.134653 0.987869
1.593750 0.135212 0.133572 0.987867
1.596875 0.134117 0.132490 0.987864
1.600000 0.133022 0.131407 0.987862
1.603125 0.131925 0.130324 0.987859
1.606250 0.130828 0.129240 0.987857
1.609375 0.129731 0.128155 0.987855
1.612500 0.128633 0.127070 0.987852
1.615625 0.127534 0.125984 0.98785
1.618750 0.126435 0.124898 0.987847
1.621875 0.125335 0.123812 0.987845
1.625000 0.124236 0.122725 0.987842
1.628125 0.123135 0.121638 0.98784
1.631250 0.122035 0.120551 0.987837
1.634375 0.120934 0.119463 0.987834
1.637500 0.119833 0.118375 0.987832
1.640625 0.118732 0.117287 0.987829
1.643750 0.117631 0.116199 0.987826
1.646875 0.116529 0.115110 0.987823
1.650000 0.115428 0.114022 0.98782
1.653125 0.114327 0.112934 0.987818
1.656250 0.113225 0.111845 0.987815
1.659375 0.112124 0.110757 0.987812
1.662500 0.111023 0.109669 0.987809
1.665625 0.109921 0.108581 0.987805
1.668750 0.108820 0.107493 0.987802
1.671875 0.107720 0.106405 0.987799
1.675000 0.106619 0.105318 0.987796
1.678125 0.105519 0.104231 0.987792
1.681250 0.104419 0.103144 0.987789
1.684375 0.103320 0.102058 0.987786
1.687500 0.102221 0.100972 0.987782
1.690625 0.101122 0.099886 0.987778
1.693750 0.100024 0.098801 0.987775
1.696875 0.098926 0.097717 0.987771
1.700000 0.097829 0.096633 0.987767
1.703125 0.096733 0.095549 0.987764
1.706250 0.095637 0.094466 0.98776
1.709375 0.094542 0.093384 0.987756
1.712500 0.093447 0.092302 0.987752
1.715625 0.092353 0.091222 0.987748
1.718750 0.091260 0.090142 0.987744
1.721875 0.090168 0.089062 0.98774
1.725000 0.089076 0.087984 0.987735
1.728125 0.087986 0.086906 0.987731
1.731250 0.086896 0.085829 0.987727
1.734375 0.085807 0.084753 0.987722
1.737500 0.084719 0.083679 0.987717
1.740625 0.083632 0.082605 0.987713
1.743750 0.082546 0.081532 0.987708
1.746875 0.081462 0.080460 0.987703
1.750000 0.080378 0.079389 0.987698
1.753125 0.079295 0.078319 0.987693
1.756250 0.078214 0.077251 0.987687
1.759375 0.077133 0.076183 0.987682
1.762500 0.076054 0.075117 0.987676
1.765625 0.074976 0.074052 0.98767
1.768750 0.073900 0.072988 0.987664
1.771875 0.072824 0.071926 0.987658
1.775000 0.071751 0.070864 0.987651
1.778125 0.070678 0.069805 0.987645
1.781250 0.069607 0.068746 0.987638
1.784375 0.068537 0.067689 0.987631
1.787500 0.067468 0.066633 0.987623
1.790625 0.066401 0.065579 0.987616
1.793750 0.065336 0.064526 0.987608
1.796875 0.064272 0.063475 0.9876
1.800000 0.063210 0.062425 0.987592
1.803125 0.062149 0.061377 0.987583
1.806250 0.061090 0.060331 0.987575
1.809375 0.060032 0.059286 0.987565
1.812500 0.058977 0.058243 0.987556
1.815625 0.057922 0.057201 0.987546
1.818750 0.056870 0.056161 0.987536
1.821875 0.055819 0.055123 0.987526
1.825000 0.054770 0.054086 0.987515
1.828125 0.053723 0.053052 0.987504
1.831250 0.052678 0.052019 0.987492
1.834375 0.051634 0.050988 0.98748
1.837500 0.050593 0.049959 0.987467
1.840625 0.049553 0.048931 0.987454
1.843750 0.048515 0.047906 0.98744
1.846875 0.047479 0.046882 0.987425
1.850000 0.046445 0.045861 0.98741
1.853125 0.045413 0.044841 0.987394
1.856250 0.044384 0.043823 0.987377
1.859375 0.043356 0.042808 0.98736
1.862500 0.042330 0.041794 0.987341
1.865625 0.041306 0.040782 0.987322
1.868750 0.040284 0.039773 0.987302
1.871875 0.039265 0.038766 0.98728
1.875000 0.038248 0.037760 0.987257
1.878125 0.037232 0.036757 0.987234
1.881250 0.036219 0.035756 0.987208
1.884375 0.035209 0.034757 0.987182
1.887500 0.034200 0.033761 0.987154
1.890625 0.033194 0.032767 0.987124
1.893750 0.032190 0.031774 0.987092
1.896875 0.031188 0.030785 0.987058
1.900000 0.030189 0.029797 0.987022
1.903125 0.029192 0.028812 0.986983
1.906250 0.028197 0.027829 0.986942
1.909375 0.027205 0.026848 0.986897
1.912500 0.026215 0.025870 0.986849
1.915625 0.025227 0.024894 0.986796
1.918750 0.024242 0.023921 0.98674
1.921875 0.023260 0.022950 0.986678
1.925000 0.022280 0.021981 0.98661
1.928125 0.021302 0.021015 0.986537
1.931250 0.020327 0.020051 0.986456
1.934375 0.019354 0.019090 0.986367
1.937500 0.018384 0.018132 0.986269
1.940625 0.017417 0.017176 0.986161
1.943750 0.016452 0.016222 0.98604
1.946875 0.015489 0.015271 0.985904
1.950000 0.014530 0.014323 0.985751
1.953125 0.013573 0.013377 0.985575
1.956250 0.012618 0.012433 0.985372
1.959375 0.011666 0.011493 0.985135
1.962500 0.010717 0.010555 0.984855
1.965625 0.009771 0.009620 0.98452
1.968750 0.008827 0.008687 0.984114
1.971875 0.007886 0.007757 0.983612
1.975000 0.006948 0.006830 0.982978
1.978125 0.006012 0.005905 0.982148
1.981250 0.005080 0.004983 0.981026
1.984375 0.004150 0.004064 0.979435
1.987500 0.003223 0.003149 0.97703
1.990625 0.002298 0.002236 0.972962
1.993750 0.001377 0.001328 0.964235
1.996875 0.000458 0.000423 0.924152
2.000000 -0.000458 -0.000476 1.03948
2.003125 -0.001370 -0.001369 0.99918
2.006250 -0.002279 -0.002256 0.990027
2.009375 -0.003183 -0.003136 0.98534
2.012500 -0.004081 -0.004008 0.982154
2.015625 -0.004974 -0.004873 0.97966
2.018750 -0.005860 -0.005728 0.977545
2.021875 -0.006738 -0.006574 0.975662
2.025000 -0.007609 -0.007411 0.973936
2.028125 -0.008472 -0.008237 0.972318
2.031250 -0.009325 -0.009053 0.970783
2.034375 -0.010169 -0.009857 0.969309
2.037500 -0.011003 -0.010650 0.967885
2.040625 -0.011827 -0.011431 0.966501
2.043750 -0.012639 -0.012199 0.965149
2.046875 -0.013440 -0.012954 0.963825
2.050000 -0.014230 -0.013696 0.962524
2.053125 -0.015006 -0.014425 0.961242
2.056250 -0.015770 -0.015139 0.959977
2.059375 -0.016521 -0.015839 0.958725
2.062500 -0.017259 -0.016525 0.957486
2.065625 -0.017982 -0.017196 0.956257
2.068750 -0.018692 -0.017851 0.955037
2.071875 -0.019386 -0.018491 0.953824
2.075000 -0.020066 -0.019116 0.952616
2.078125 -0.020731 -0.019724 0.951413
2.081250 -0.021380 -0.020316 0.950213
2.084375 -0.022014 -0.020892 0.949015
2.087500 -0.022632 -0.021451 0.947818
2.090625 -0.023233 -0.021993 0.946622
2.093750 -0.023818 -0.022518 0.945425
2.096875 -0.024386 -0.023026 0.944226
2.100000 -0.024937 -0.023516 0.943025
2.103125 -0.025471 -0.023989 0.94182
2.106250 -0.025988 -0.024445 0.94061
2.109375 -0.026488 -0.024882 0.939395
2.112500 -0.026969 -0.025302 0.938174
2.115625 -0.027433 -0.025704 0.936946
2.118750 -0.027879 -0.026087 0.93571
2.121875 -0.028307 -0.026452 0.934465
2.125000 -0.028717 -0.026799 0.93321
2.128125 -0.029109 -0.027128 0.931944
2.131250 -0.029482 -0.027438 0.930667
2.134375 -0.029837 -0.027730 0.929377
2.137500 -0.030174 -0.028003 0.928073
2.140625 -0.030491 -0.028258 0.926755
2.143750 -0.030790 -0.028494 0.925421
2.146875 -0.031071 -0.028712 0.92407
2.150000 -0.031332 -0.028910 0.922702
2.153125 -0.031575 -0.029091 0.921315
2.156250 -0.031799 -0.029252 0.919908
2.159375 -0.032004 -0.029395 0.918479
2.162500 -0.032191 -0.029520 0.917028
2.165625 -0.032358 -0.029626 0.915553
2.168750 -0.032507 -0.029713 0.914053
2.171875 -0.032637 -0.029782 0.912527
2.175000 -0.032748 -0.029833 0.910973
2.178125 -0.032841 -0.029865 0.90939
2.181250 -0.032914 -0.029879 0.907776
2.184375 -0.032969 -0.029874 0.906129
2.187500 -0.033005 -0.029852 0.904447
2.190625 -0.033023 -0.029811 0.90273
2.193750 -0.033022 -0.029752 0.900973
2.196875 -0.033003 -0.029676 0.899177
2.200000 -0.032965 -0.029581 0.897337
2.203125 -0.032909 -0.029469 0.895453
2.206250 -0.032835 -0.029339 0.89352
2.209375 -0.032743 -0.029191 0.891538
2.212500 -0.032632 -0.029026 0.889502
2.215625 -0.032504 -0.028844 0.88741
2.218750 -0.032358 -0.028645 0.885258
2.221875 -0.032194 -0.028428 0.883043
2.225000 -0.032012 -0.028195 0.880761
2.228125 -0.031813 -0.027945 0.878409
2.231250 -0.031596 -0.027678 0.875981
2.234375 -0.031362 -0.027394 0.873473
2.237500 -0.031111 -0.027094 0.87088
2.240625 -0.030843 -0.026778 0.868197
2.243750 -0.030558 -0.026446 0.865417
2.246875 -0.030257 -0.026097 0.862534
2.250000 -0.029938 -0.025733 0.859542
2.253125 -0.029604 -0.025354 0.856432
2.256250 -0.029253 -0.024958 0.853197
2.259375 -0.028885 -0.024548 0.849828
2.262500 -0.028502 -0.024122 0.846314
2.265625 -0.028103 -0.023681 0.842645
2.268750 -0.027689 -0.023225 0.838809
2.271875 -0.027258 -0.022755 0.834794
2.275000 -0.026813 -0.022270 0.830584
2.278125 -0.026352 -0.021771 0.826165
2.281250 -0.025876 -0.021258 0.821518
2.284375 -0.025386 -0.020731 0.816623
2.287500 -0.024881 -0.020190 0.81146
2.290625 -0.024361 -0.019635 0.806003
2.293750 -0.023827 -0.019067 0.800225
2.296875 -0.023279 -0.018486 0.794095
2.300000 -0.022717 -0.017891 0.787579
2.303125 -0.022141 -0.017284 0.780635
2.306250 -0.021552 -0.016664 0.77322
2.309375 -0.020949 -0.016032 0.76528
2.312500 -0.020333 -0.015387 0.756756
2.315625 -0.019704 -0.014730 0.747578
2.318750 -0.019062 -0.014062 0.737667
2.321875 -0.018408 -0.013381 0.726927
2.325000 -0.017741 -0.012689 0.715247
2.328125 -0.017062 -0.011986 0.702495
2.331250 -0.016372 -0.011272 0.688512
2.334375 -0.015669 -0.010547 0.673108
2.337500 -0.014954 -0.009811 0.656051
2.340625 -0.014229 -0.009064 0.637055
2.343750 -0.013492 -0.008308 0.615764
2.346875 -0.012744 -0.007541 0.591731
2.350000 -0.011985 -0.006764 0.564382
2.353125 -0.011215 -0.005977 0.532974
2.356250 -0.010436 -0.005181 0.496523
2.359375 -0.009645 -0.004376 0.453699
2.362500 -0.008845 -0.003562 0.402659
2.365625 -0.008036 -0.002738 0.340775
2.368750 -0.007216 -0.001906 0.264164
2.371875 -0.006387 -0.001066 0.166839
2.375000 -0.005549 -0.000217 0.0390588
2.378125 -0.004702 0.000640 -0.136161
2.381250 -0.003846 0.001505 -0.391314
2.384375 -0.002982 0.002378 -0.797356
2.387500 -0.002109 0.003258 -1.5445
2.390625 -0.001228 0.004145 -3.3744
2.393750 -0.000340 0.005040 -14.8402
2.396875 0.000557 0.005941 10.6665
2.400000 0.001461 0.006849 4.68761
2.403125 0.002373 0.007764 3.27225
2.406250 0.003291 0.008685 2.63873
2.409375 0.004217 0.009612 2.27938
2.412500 0.005149 0.010545 2.04785
2.415625 0.006088 0.011484 1.88622
2.418750 0.007033 0.012428 1.76697
2.421875 0.007985 0.013377 1.67536
2.425000 0.008942 0.014332 1.60276
2.428125 0.009905 0.015292 1.54381
2.431250 0.010874 0.016256 1.49497
2.434375 0.011848 0.017225 1.45386
2.437500 0.012827 0.018198 1.41876
2.440625 0.013811 0.019176 1.38844
2.443750 0.014800 0.020157 1.36199
2.446875 0.015793 0.021142 1.3387
2.450000 0.016791 0.022131 1.31805
2.453125 0.017793 0.023123 1.29959
2.456250 0.018799 0.024119 1.28301
2.459375 0.019809 0.025118 1.26802
2.462500 0.020822 0.026119 1.2544
2.465625 0.021839 0.027123 1.24198
2.468750 0.022859 0.028130 1.2306
2.471875 0.023882 0.029139 1.22013
2.475000 0.024908 0.030150 1.21047
2.478125 0.025936 0.031163 1.20152
2.481250 0.026967 0.032178 1.19322
2.484375 0.028000 0.033194 1.18548
2.487500 0.029036 0.034212 1.17826
2.490625 0.030073 0.035231 1.17151
2.493750 0.031113 0.036252 1.16517
2.496875 0.032153 0.037273 1.15922
2.500000 0.033196 0.038295 1.15361
2.503125 0.034239 0.039317 1.14832
2.506250 0.035284 0.040340 1.14332
2.509375 0.036329 0.041364 1.13858
2.512500 0.037375 0.042387 1.13409
2.515625 0.038422 0.043410 1.12983
2.518750 0.039469 0.044433 1.12578
2.521875 0.040516 0.045456 1.12192
2.525000 0.041564 0.046478 1.11824
2.528125 0.042611 0.047500 1.11473
2.531250 0.043658 0.048520 1.11137
2.534375 0.044705 0.049540 1.10816
2.537500 0.045751 0.050558 1.10509
2.540625 0.046796 0.051575 1.10214
2.543750 0.047840 0.052591 1.09931
2.546875 0.048883 0.053605 1.09659
2.550000 0.049925 0.054617 1.09398
2.553125 0.050966 0.055628 1.09147
2.556250 0.052005 0.056636 1.08905
2.559375 0.053043 0.057642 1.08672
2.562500 0.054078 0.058646 1.08447
2.565625 0.055112 0.059648 1.0823
2.568750 0.056143 0.060646 1.0802
2.571875 0.057173 0.061642 1.07818
2.575000 0.058200 0.062636 1.07622
2.578125 0.059224 0.063626 1.07432
2.581250 0.060246 0.064613 1.07249
2.584375 0.061265 0.065597 1.07071
2.587500 0.062281 0.066577 1.06899
2.590625 0.063294 0.067554 1.06731
2.593750 0.064303 0.068527 1.06569
2.596875 0.065309 0.069497 1.06411
2.600000 0.066312 0.070462 1.06258
2.603125 0.067311 0.071424 1.06109
2.606250 0.068307 0.072381 1.05965
2.609375 0.069299 0.073334 1.05824
2.612500 0.070286 0.074283 1.05687
2.615625 0.071270 0.075228 1.05553
2.618750 0.072249 0.076167 1.05423
2.621875 0.073224 0.077102 1.05297
2.625000 0.074195 0.078033 1.05173
2.628125 0.075160 0.078958 1.05053
2.631250 0.076122 0.079878 1.04935
2.634375 0.077078 0.080793 1.0482
2.637500 0.078030 0.081703 1.04708
2.640625 0.078976 0.082608 1.04599
2.643750 0.079918 0.083507 1.04492
2.646875 0.080854 0.084401 1.04387
2.650000 0.081784 0.085289 1.04285
2.653125 0.082710 0.086171 1.04185
2.656250 0.083630 0.087047 1.04087
2.659375 0.084544 0.087918 1.03991
2.662500 0.085452 0.088782 1.03897
2.665625 0.086355 0.089640 1.03805
2.668750 0.087251 0.090493 1.03715
2.671875 0.088142 0.091338 1.03627
2.675000 0.089026 0.092178 1.0354
2.678125 0.089905 0.093011 1.03455
2.681250 0.090776 0.093837 1.03372
2.684375 0.091642 0.094657 1.0329
2.687500 0.092501 0.095470 1.0321
2.690625 0.093353 0.096277 1.03132
2.693750 0.094199 0.097076 1.03054
2.696875 0.095038 0.097869 1.02978
2.700000 0.095871 0.098655 1.02904
2.703125 0.096696 0.099433 1.02831
2.706250 0.097514 0.100205 1.02759
2.709375 0.098326 0.100969 1.02688
2.712500 0.099130 0.101726 1.02619
2.715625 0.099927 0.102475 1.0255
2.718750 0.100717 0.103218 1.02483
2.721875 0.101499 0.103952 1.02417
2.725000 0.102274 0.104679 1.02352
2.728125 0.103042 0.105399 1.02287
2.731250 0.103802 0.106111 1.02224
2.734375 0.104554 0.106815 1.02162
2.737500 0.105299 0.107511 1.02101
2.740625 0.106036 0.108200 1.02041
2.743750 0.106765 0.108881 1.01981
2.746875 0.107487 0.109553 1.01923
2.750000 0.108200 0.110218 1.01865
2.753125 0.108906 0.110875 1.01808
2.756250 0.109603 0.111523 1.01752
2.759375 0.110293 0.112164 1.01697
2.762500 0.110974 0.112796 1.01642
2.765625 0.111647 0.113420 1.01588
2.768750 0.112312 0.114036 1.01535
2.771875 0.112969 0.114643 1.01482
2.775000 0.113617 0.115242 1.01431
2.778125 0.114257 0.115833 1.0138
2.781250 0.114888 0.116415 1.01329
2.784375 0.115511 0.116989 1.01279
2.787500 0.116126 0.117554 1.0123
2.790625 0.116732 0.118111 1.01181
2.793750 0.117330 0.118659 1.01133
2.796875 0.117918 0.119199 1.01086
2.800000 0.118499 0.119730 1.01039
2.803125 0.119070 0.120252 1.00993
2.806250 0.119633 0.120766 1.00947
2.809375 0.120187 0.121270 1.00901
2.812500 0.120732 0.121766 1.00856
2.815625 0.121269 0.122254 1.00812
2.818750 0.121796 0.122732 1.00768
2.821875 0.122315 0.123202 1.00725
2.825000 0.122825 0.123662 1.00682
2.828125 0.123326 0.124114 1.00639
2.831250 0.123818 0.124557 1.00597
2.834375 0.124301 0.124991 1.00555
2.837500 0.124775 0.125416 1.00514
2.840625 0.125240 0.125832 1.00473
2.843750 0.125696 0.126240 1.00433
2.846875 0.126143 0.126638 1.00393
2.850000 0.126580 0.127027 1.00353
2.853125 0.127009 0.127407 1.00313
2.856250 0.127429 0.127778 1.00274
2.859375 0.127839 0.128141 1.00236
2.862500 0.128241 0.128494 1.00197
2.865625 0.128633 0.128838 1.00159
2.868750 0.129016 0.129173 1.00122
2.871875 0.129390 0.129499 1.00084
2.875000 0.129754 0.129816 1.00047
2.878125 0.130110 0.130124 1.0001
2.881250 0.130456 0.130422 0.99974
2.884375 0.130793 0.130712 0.999378
2.887500 0.131121 0.130993 0.999019
2.890625 0.131440 0.131264 0.998663
2.893750 0.131749 0.131526 0.998309
2.896875 0.132049 0.131780 0.997958
2.900000 0.132340 0.132024 0.997609
2.903125 0.132622 0.132259 0.997263
2.906250 0.132895 0.132485 0.996919
2.909375 0.133158 0.132702 0.996577
2.912500 0.133412 0.132910 0.996238
2.915625 0.133657 0.133109 0.995901
2.918750 0.133893 0.133299 0.995566
2.921875 0.134119 0.133480 0.995234
2.925000 0.134336 0.133652 0.994903
2.928125 0.134544 0.133814 0.994574
2.931250 0.134743 0.133968 0.994247
2.934375 0.134933 0.134113 0.993922
2.937500 0.135114 0.134249 0.993599
2.940625 0.135285 0.134375 0.993278
2.943750 0.135447 0.134493 0.992958
2.946875 0.135600 0.134602 0.99264
2.950000 0.135744 0.134702 0.992324
2.953125 0.135879 0.134793 0.99201
2.956250 0.136004 0.134875 0.991696
2.959375 0.136121 0.134948 0.991385
2.962500 0.136228 0.135013 0.991075
2.965625 0.136327 0.135068 0.990766
2.968750 0.136416 0.135115 0.990458
2.971875 0.136497 0.135152 0.990152
2.975000 0.136568 0.135181 0.989847
2.978125 0.136630 0.135202 0.989544
2.981250 0.136684 0.135213 0.989241
2.984375 0.136728 0.135216 0.98894
2.987500 0.136764 0.135210 0.98864
2.990625 0.136790 0.135195 0.988341
2.993750 0.136808 0.135172 0.988043
2.996875 0.136817 0.135140 0.987745
3.000000 0.136817 0.135100 0.987449
3.003125 0.136808 0.135051 0.987154
3.006250 0.136790 0.134993 0.986859
3.009375 0.136764 0.134927 0.986566
3.012500 0.136729 0.134852 0.986273
3.015625 0.136685 0.134769 0.985981
3.018750 0.136633 0.134677 0.98569
3.021875 0.136571 0.134577 0.985399
3.025000 0.136502 0.134469 0.985109
3.028125 0.136423 0.134352 0.984819
3.031250 0.136336 0.134227 0.98453
3.034375 0.136241 0.134094 0.984242
3.037500 0.136137 0.133952 0.983954
3.040625 0.136024 0.133802 0.983666
3.043750 0.135903 0.133644 0.983379
3.046875 0.135774 0.133478 0.983093
3.050000 0.135636 0.133304 0.982806
3.053125 0.135490 0.133121 0.98252
3.056250 0.135335 0.132931 0.982234
3.059375 0.135172 0.132732 0.981949
3.062500 0.135001 0.132526 0.981663
3.065625 0.134822 0.132311 0.981378
3.068750 0.134635 0.132089 0.981093
3.071875 0.134439 0.131859 0.980807
3.075000 0.134235 0.131621 0.980522
3.078125 0.134024 0.131375 0.980237
3.081250 0.133804 0.131121 0.979952
3.084375 0.133576 0.130860 0.979667
3.087500 0.133340 0.130591 0.979381
3.090625 0.133097 0.130314 0.979096
3.093750 0.132845 0.130030 0.97881
3.096875 0.132586 0.129738 0.978524
3.100000 0.132318 0.129439 0.978237
3.103125 0.132043 0.129132 0.977951
3.106250 0.131761 0.128818 0.977664
3.109375 0.131470 0.128496 0.977376
3.112500 0.131172 0.128167 0.977088
3.115625 0.130867 0.127830 0.9768
3.118750 0.130553 0.127487 0.976511
3.121875 0.130233 0.127136 0.976222
3.125000 0.129904 0.126778 0.975932
3.128125 0.129569 0.126413 0.975641
3.131250 0.129226 0.126040 0.975349
3.134375 0.128875 0.125661 0.975057
3.137500 0.128518 0.125274 0.974764
3.140625 0.128153 0.124881 0.97447
3.143750 0.127780 0.124481 0.974176
3.146875 0.127401 0.124073 0.97388
3.150000 0.127015 0.123659 0.973584
3.153125 0.126621 0.123239 0.973286
3.156250 0.126220 0.122811 0.972987
3.159375 0.125813 0.122377 0.972688
3.162500 0.125398 0.121936 0.972387
3.165625 0.124977 0.121488 0.972085
3.168750 0.124549 0.121034 0.971781
3.171875 0.124114 0.120573 0.971477
3.175000 0.123672 0.120106 0.971171
3.178125 0.123223 0.119633 0.970863
3.181250 0.122768 0.119153 0.970554
3.184375 0.122306 0.118667 0.970244
3.187500 0.121837 0.118174 0.969932
3.190625 0.121363 0.117675 0.969618
3.193750 0.120881 0.117170 0.969303
3.196875 0.120393 0.116659 0.968986
3.200000 0.119899 0.116142 0.968667
3.203125 0.119398 0.115619 0.968347
3.206250 0.118891 0.115090 0.968024
3.209375 0.118378 0.114555 0.9677
3.212500 0.117859 0.114014 0.967373
3.215625 0.117333 0.113467 0.967044
3.218750 0.116802 0.112914 0.966713
3.221875 0.116264 0.112356 0.96638
3.225000 0.115721 0.111791 0.966045
3.228125 0.115171 0.111222 0.965707
3.231250 0.114616 0.110646 0.965367
3.234375 0.114054 0.110065 0.965024
3.237500 0.113487 0.109479 0.964678
3.240625 0.112915 0.108887 0.96433
3.243750 0.112336 0.108290 0.963979
3.246875 0.111752 0.107687 0.963625
3.250000 0.111162 0.107079 0.963269
3.253125 0.110567 0.106466 0.962909
3.256250 0.109966 0.105847 0.962546
3.259375 0.109360 0.105224 0.96218
3.262500 0.108748 0.104595 0.96181
3.265625 0.108131 0.103961 0.961438
3.268750 0.107509 0.103323 0.961061
3.271875 0.106881 0.102679 0.960681
3.275000 0.106249 0.102030 0.960297
3.278125 0.105611 0.101377 0.95991
3.281250 0.104968 0.100719 0.959518
3.284375 0.104320 0.100056 0.959123
3.287500 0.103667 0.099388 0.958723
3.290625 0.103009 0.098716 0.958319
3.293750 0.102346 0.098039 0.95791
3.296875 0.101679 0.097357 0.957497
3.300000 0.101006 0.096671 0.957079
3.303125 0.100329 0.095980 0.956656
3.306250 0.099647 0.095286 0.956228
3.309375 0.098961 0.094586 0.955796
3.312500 0.098270 0.093883 0.955357
3.315625 0.097574 0.093175 0.954914
3.318750 0.096874 0.092463 0.954464
3.321875 0.096169 0.091747 0.954009
3.325000 0.095461 0.091026 0.953548
3.328125 0.094747 0.090302 0.95308
3.331250 0.094030 0.089573 0.952607
3.334375 0.093308 0.088841 0.952126
3.337500 0.092582 0.088105 0.951639
3.340625 0.091852 0.087365 0.951145
3.343750 0.091118 0.086621 0.950644
3.346875 0.090380 0.085873 0.950136
3.350000 0.089638 0.085122 0.949619
3.353125 0.088892 0.084367 0.949095
3.356250 0.088142 0.083608 0.948563
3.359375 0.087388 0.082846 0.948023
3.362500 0.086630 0.082080 0.947473
3.365625 0.085869 0.081311 0.946915
3.368750 0.085104 0.080538 0.946348
3.371875 0.084335 0.079762 0.945771
3.375000 0.083563 0.078983 0.945184
3.378125 0.082788 0.078200 0.944587
3.381250 0.082008 0.077414 0.94398
3.384375 0.081226 0.076625 0.943362
3.387500 0.080440 0.075833 0.942732
3.390625 0.079651 0.075038 0.942091
3.393750 0.078858 0.074240 0.941438
3.396875 0.078062 0.073439 0.940773
3.400000 0.077263 0.072635 0.940094
3.403125 0.076461 0.071828 0.939403
3.406250 0.075656 0.071018 0.938697
3.409375 0.074848 0.070205 0.937977
3.412500 0.074036 0.069390 0.937243
3.415625 0.073222 0.068572 0.936493
3.418750 0.072405 0.067751 0.935727
3.421875 0.071585 0.066928 0.934944
3.425000 0.070763 0.066102 0.934144
3.428125 0.069937 0.065274 0.933326
3.431250 0.069109 0.064443 0.93249
3.434375 0.068278 0.063610 0.931634
3.437500 0.067445 0.062775 0.930758
3.440625 0.066609 0.061937 0.929861
3.443750 0.065770 0.061097 0.928942
3.446875 0.064929 0.060254 0.928
3.450000 0.064086 0.059410 0.927034
3.453125 0.063240 0.058563 0.926044
3.456250 0.062392 0.057715 0.925028
3.459375 0.061542 0.056864 0.923984
3.462500 0.060690 0.056011 0.922913
3.465625 0.059835 0.055156 0.921812
3.468750 0.058978 0.054300 0.920679
3.471875 0.058119 0.053441 0.919515
3.475000 0.057258 0.052581 0.918316
3.478125 0.056395 0.051719 0.917082
3.481250 0.055530 0.050855 0.91581
3.484375 0.054664 0.049990 0.9145
3.487500 0.053795 0.049123 0.913148
3.490625 0.052924 0.048254 0.911753
3.493750 0.052052 0.047384 0.910312
3.496875 0.051178 0.046512 0.908823
3.500000 0.050303 0.045639 0.907283
3.503125 0.049425 0.044764 0.905691
3.506250 0.048546 0.043888 0.904041
3.509375 0.047666 0.043010 0.902333
3.512500 0.046784 0.042132 0.900561
3.515625 0.045901 0.041252 0.898722
3.518750 0.045016 0.040371 0.896812
3.521875 0.044130 0.039488 0.894828
3.525000 0.043242 0.038605 0.892763
3.528125 0.042353 0.037720 0.890613
3.531250 0.041463 0.036835 0.888372
3.534375 0.040572 0.035948 0.886035
3.537500 0.039680 0.035061 0.883594
3.540625 0.038786 0.034172 0.881043
3.543750 0.037891 0.033283 0.878373
3.546875 0.036996 0.032393 0.875576
3.550000 0.036099 0.031502 0.872642
3.553125 0.035202 0.030610 0.86956
3.556250 0.034303 0.029717 0.866319
3.559375 0.033404 0.028824 0.862906
3.562500 0.032504 0.027931 0.859307
3.565625 0.031603 0.027036 0.855505
3.568750 0.030701 0.026141 0.851482
3.571875 0.029798 0.025246 0.847218
3.575000 0.028895 0.024350 0.842691
3.578125 0.027992 0.023454 0.837875
3.581250 0.027087 0.022557 0.832741
3.584375 0.026182 0.021660 0.827255
3.587500 0.025277 0.020762 0.821381
3.590625 0.024371 0.019864 0.815073
3.593750 0.023465 0.018966 0.808283
3.596875 0.022558 0.018068 0.800951
3.600000 0.021651 0.017170 0.79301
3.603125 0.020744 0.016271 0.784379
3.606250 0.019836 0.015373 0.774964
3.609375 0.018929 0.014474 0.764653
3.612500 0.018021 0.013575 0.753309
3.615625 0.017112 0.012676 0.740768
3.618750 0.016204 0.011778 0.726829
3.621875 0.015296 0.010879 0.711244
3.625000 0.014387 0.009980 0.6937
3.628125 0.013479 0.009082 0.673803
3.631250 0.012570 0.008184 0.651042
3.634375 0.011662 0.007286 0.62475
3.637500 0.010753 0.006388 0.594034
3.640625 0.009845 0.005490 0.55767
3.643750 0.008937 0.004593 0.51394
3.646875 0.008029 0.003696 0.460351
3.650000 0.007121 0.002800 0.393137
3.653125 0.006214 0.001904 0.306342
3.656250 0.005307 0.001008 0.189937
3.659375 0.004400 0.000113 0.0256445
3.662500 0.003494 -0.000782 -0.223763
3.665625 0.002588 -0.001676 -0.64759
3.668750 0.001682 -0.002569 -1.52726
3.671875 0.000777 -0.003462 -4.45429
3.675000 -0.000127 -0.004355 34.2185
3.678125 -0.001031 -0.005246 5.08705
3.681250 -0.001935 -0.006137 3.17204
3.684375 -0.002838 -0.007027 2.47647
3.687500 -0.003740 -0.007917 2.11685
3.690625 -0.004641 -0.008805 1.89711
3.693750 -0.005542 -0.009693 1.74892
3.696875 -0.006443 -0.010580 1.64223
3.700000 -0.007342 -0.011466 1.56173
3.703125 -0.008241 -0.012351 1.49884
3.706250 -0.009138 -0.013235 1.44834
3.709375 -0.010035 -0.014119 1.4069
3.712500 -0.010931 -0.015001 1.37227
3.715625 -0.011827 -0.015882 1.34291
3.718750 -0.012721 -0.016762 1.3177
3.721875 -0.013614 -0.017641 1.29581
3.725000 -0.014506 -0.018519 1.27662
3.728125 -0.015398 -0.019396 1.25967
3.731250 -0.016288 -0.020271 1.24459
3.734375 -0.017177 -0.021146 1.23107
3.737500 -0.018065 -0.022019 1.21889
3.740625 -0.018952 -0.022891 1.20786
3.743750 -0.019837 -0.023762 1.19783
3.746875 -0.020722 -0.024631 1.18865
3.750000 -0.021605 -0.025499 1.18024
3.753125 -0.022487 -0.026366 1.17249
3.756250 -0.023368 -0.027231 1.16533
3.759375 -0.024247 -0.028095 1.15869
3.762500 -0.025125 -0.028957 1.15253
3.765625 -0.026002 -0.029818 1.14678
3.768750 -0.026877 -0.030678 1.14141
3.771875 -0.027751 -0.031536 1.13639
3.775000 -0.028623 -0.032392 1.13167
3.778125 -0.029494 -0.033247 1.12724
3.781250 -0.030364 -0.034100 1.12306
3.784375 -0.031232 -0.034952 1.11912
3.787500 -0.032098 -0.035802 1.1154
3.790625 -0.032963 -0.036650 1.11187
3.793750 -0.033826 -0.037497 1.10853
3.796875 -0.034688 -0.038342 1.10535
3.800000 -0.035548 -0.039186 1.10234
3.803125 -0.036406 -0.040027 1.09946
3.806250 -0.037263 -0.040867 1.09673
3.809375 -0.038118 -0.041705 1.09411
3.812500 -0.038971 -0.042541 1.09162
3.815625 -0.039822 -0.043376 1.08923
3.818750 -0.040672 -0.044208 1.08695
3.821875 -0.041520 -0.045039 1.08476
3.825000 -0.042366 -0.045868 1.08266
3.828125 -0.043210 -0.046695 1.08064
3.831250 -0.044052 -0.047520 1.07871
3.834375 -0.044893 -0.048343 1.07684
3.837500 -0.045731 -0.049164 1.07505
3.840625 -0.046568 -0.049983 1.07333
3.843750 -0.047403 -0.050800 1.07167
3.846875 -0.048235 -0.051615 1.07006
3.850000 -0.049066 -0.052428 1.06852
3.853125 -0.049895 -0.053239 1.06702
3.856250 -0.050721 -0.054047 1.06558
3.859375 -0.051546 -0.054854 1.06418
3.862500 -0.052368 -0.055659 1.06283
3.865625 -0.053189 -0.056461 1.06153
3.868750 -0.054007 -0.057261 1.06026
3.871875 -0.054823 -0.058059 1.05904
3.875000 -0.055637 -0.058855 1.05785
3.878125 -0.056449 -0.059649 1.0567
3.881250 -0.057258 -0.060441 1.05558
3.884375 -0.058066 -0.061230 1.05449
3.887500 -0.058871 -0.062017 1.05344
3.890625 -0.059674 -0.062802 1.05242
3.893750 -0.060474 -0.063584 1.05142
3.896875 -0.061273 -0.064364 1.05045
3.900000 -0.062069 -0.065142 1.04951
3.903125 -0.062863 -0.065917 1.0486
3.906250 -0.063654 -0.066691 1.04771
3.909375 -0.064443 -0.067461 1.04684
3.912500 -0.065230 -0.068230 1.04599
3.915625 -0.066014 -0.068996 1.04517
3.918750 -0.066796 -0.069759 1.04437
3.921875 -0.067575 -0.070521 1.04358
3.925000 -0.068353 -0.071279 1.04282
3.928125 -0.069127 -0.072036 1.04207
3.931250 -0.069899 -0.072789 1.04135
3.934375 -0.070669 -0.073541 1.04064
3.937500 -0.071436 -0.074290 1.03995
3.940625 -0.072201 -0.075036 1.03927
3.943750 -0.072963 -0.075780 1.03861
3.946875 -0.073723 -0.076521 1.03796
3.950000 -0.074480 -0.077260 1.03733
3.953125 -0.075234 -0.077997 1.03672
3.956250 -0.075986 -0.078730 1.03611
3.959375 -0.076736 -0.079462 1.03552
3.962500 -0.077482 -0.080190 1.03495
3.965625 -0.078226 -0.080916 1.03438
3.968750 -0.078968 -0.081639 1.03382
3.971875 -0.079707 -0.082359 1.03327
3.975000 -0.080443 -0.083075 1.03272
3.978125 -0.081176 -0.083788 1.03217
3.981250 -0.081907 -0.084497 1.03162
3.984375 -0.082635 -0.085202 1.03106
3.987500 -0.083361 -0.085901 1.03048
3.990625 -0.084084 -0.086596 1.02987
3.993750 -0.084804 -0.087284 1.02924
3.996875 -0.085521 -0.087965 1.02858
4.000000 -0.086235 -0.088639 1.02787
4.003125 -0.086947 -0.089305 1.02712
4.006250 -0.087654 -0.089962 1.02633
4.009375 -0.088357 -0.090611 1.0255
4.012500 -0.089055 -0.091250 1.02464
4.015625 -0.089747 -0.091878 1.02375
4.018750 -0.090432 -0.092497 1.02283
4.021875 -0.091110 -0.093104 1.02188
4.025000 -0.091781 -0.093700 1.02091
4.028125 -0.092443 -0.094284 1.01992
4.031250 -0.093097 -0.094856 1.0189
4.034375 -0.093741 -0.095416 1.01787
4.037500 -0.094375 -0.095962 1.01682
4.040625 -0.094999 -0.096495 1.01575
4.043750 -0.095611 -0.097014 1.01467
4.046875 -0.096213 -0.097519 1.01357
4.050000 -0.096803 -0.098009 1.01246
4.053125 -0.097381 -0.098485 1.01134
4.056250 -0.097946 -0.098946 1.01021
4.059375 -0.098498 -0.099391 1.00907
4.062500 -0.099036 -0.099821 1.00793
4.065625 -0.099561 -0.100236 1.00677
4.068750 -0.100072 -0.100634 1.00561
4.071875 -0.100569 -0.101016 1.00445
4.075000 -0.101051 -0.101381 1.00327
4.078125 -0.101517 -0.101730 1.0021
4.081250 -0.101969 -0.102062 1.00092
4.084375 -0.102405 -0.102377 0.999731
4.087500 -0.102825 -0.102675 0.998543
4.090625 -0.103229 -0.102956 0.997353
4.093750 -0.103617 -0.103219 0.99616
4.096875 -0.103988 -0.103464 0.994964
4.100000 -0.104342 -0.103692 0.993767
4.103125 -0.104680 -0.103902 0.992568
4.106250 -0.105000 -0.104094 0.991367
4.109375 -0.105303 -0.104268 0.990165
4.112500 -0.105589 -0.104423 0.988962
4.115625 -0.105857 -0.104561 0.987758
4.118750 -0.106107 -0.104681 0.986553
4.121875 -0.106340 -0.104782 0.985347
4.125000 -0.106555 -0.104865 0.98414
4.128125 -0.106751 -0.104929 0.982932
4.131250 -0.106929 -0.104975 0.981724
4.134375 -0.107089 -0.105003 0.980514
4.137500 -0.107231 -0.105012 0.979304
4.140625 -0.107354 -0.105003 0.978093
4.143750 -0.107459 -0.104975 0.976881
4.146875 -0.107546 -0.104929 0.975668
4.150000 -0.107613 -0.104864 0.974454
4.153125 -0.107663 -0.104782 0.973239
4.156250 -0.107693 -0.104680 0.972023
4.159375 -0.107705 -0.104561 0.970806
4.162500 -0.107699 -0.104423 0.969587
4.165625 -0.107674 -0.104268 0.968367
4.168750 -0.107630 -0.104094 0.967145
4.171875 -0.107567 -0.103902 0.965922
4.175000 -0.107486 -0.103692 0.964696
4.178125 -0.107387 -0.103464 0.963469
4.181250 -0.107269 -0.103218 0.962239
4.184375 -0.107132 -0.102955 0.961006
4.187500 -0.106977 -0.102673 0.959771
4.190625 -0.106804 -0.102375 0.958533
4.193750 -0.106612 -0.102059 0.957292
4.196875 -0.106402 -0.101725 0.956047
4.200000 -0.106174 -0.101375 0.954798
4.203125 -0.105928 -0.101007 0.953546
4.206250 -0.105664 -0.100622 0.952289
4.209375 -0.105382 -0.100221 0.951028
4.212500 -0.105082 -0.099802 0.949762
4.215625 -0.104764 -0.099368 0.94849
4.218750 -0.104429 -0.098916 0.947213
4.221875 -0.104076 -0.098448 0.94593
4.225000 -0.103706 -0.097965 0.944641
4.228125 -0.103318 -0.097465 0.943345
4.231250 -0.102913 -0.096949 0.942042
4.234375 -0.102492 -0.096417 0.940731
4.237500 -0.102053 -0.095870 0.939412
4.240625 -0.101598 -0.095307 0.938085
4.243750 -0.101126 -0.094729 0.936749
4.246875 -0.100637 -0.094136 0.935403
4.250000 -0.100132 -0.093528 0.934048
4.253125 -0.099611 -0.092906 0.932682
4.256250 -0.099074 -0.092268 0.931305
4.259375 -0.098521 -0.091616 0.929917
4.262500 -0.097952 -0.090950 0.928517
4.265625 -0.097368 -0.090270 0.927103
4.268750 -0.096768 -0.089576 0.925677
4.271875 -0.096153 -0.088868 0.924236
4.275000 -0.095523 -0.088147 0.922781
4.278125 -0.094878 -0.087412 0.92131
4.281250 -0.094218 -0.086664 0.919823
4.284375 -0.093543 -0.085903 0.918319
4.287500 -0.092855 -0.085129 0.916797
4.290625 -0.092152 -0.084342 0.915257
4.293750 -0.091434 -0.083543 0.913697
4.296875 -0.090704 -0.082732 0.912117
4.300000 -0.089959 -0.081909 0.910516
4.303125 -0.089201 -0.081074 0.908892
4.306250 -0.088429 -0.080227 0.907245
4.309375 -0.087645 -0.079369 0.905574
4.312500 -0.086848 -0.078500 0.903877
4.315625 -0.086038 -0.077619 0.902153
4.318750 -0.085215 -0.076728 0.900401
4.321875 -0.084380 -0.075825 0.89862
4.325000 -0.083533 -0.074913 0.896808
4.328125 -0.082674 -0.073990 0.894964
4.331250 -0.081803 -0.073057 0.893086
4.334375 -0.080921 -0.072114 0.891173
4.337500 -0.080027 -0.071162 0.889222
4.340625 -0.079122 -0.070200 0.887233
4.343750 -0.078206 -0.069229 0.885204
4.346875 -0.077280 -0.068248 0.883131
4.350000 -0.076343 -0.067259 0.881014
4.353125 -0.075396 -0.066261 0.878849
4.356250 -0.074438 -0.065255 0.876635
4.359375 -0.073471 -0.064240 0.874369
4.362500 -0.072493 -0.063218 0.872048
4.365625 -0.071507 -0.062187 0.86967
4.368750 -0.070511 -0.061149 0.867231
4.371875 -0.069506 -0.060104 0.864728
4.375000 -0.068492 -0.059051 0.862158
4.378125 -0.067469 -0.057991 0.859517
4.381250 -0.066438 -0.056924 0.856801
4.384375 -0.065399 -0.055851 0.854006
4.387500 -0.064351 -0.054771 0.851127
4.390625 -0.063296 -0.053685 0.84816
4.393750 -0.062233 -0.052593 0.845099
4.396875 -0.061162 -0.051495 0.841939
4.400000 -0.060084 -0.050391 0.838673
4.403125 -0.058999 -0.049282 0.835296
4.406250 -0.057908 -0.048168 0.831799
4.409375 -0.056809 -0.047048 0.828176
4.412500 -0.055705 -0.045924 0.824418
4.415625 -0.054593 -0.044795 0.820516
4.418750 -0.053476 -0.043661 0.816461
4.421875 -0.052353 -0.042524 0.812241
4.425000 -0.051225 -0.041382 0.807845
4.428125 -0.050091 -0.040236 0.803261
4.431250 -0.048951 -0.039086 0.798473
4.434375 -0.047807 -0.037933 0.793468
4.437500 -0.046658 -0.036777 0.788227
4.440625 -0.045504 -0.035617 0.782732
4.443750 -0.044346 -0.034455 0.776963
4.446875 -0.043183 -0.033290 0.770895
4.450000 -0.042017 -0.032122 0.764504
4.453125 -0.040846 -0.030952 0.757761
4.456250 -0.039672 -0.029779 0.750634
4.459375 -0.038494 -0.028604 0.743085
4.462500 -0.037313 -0.027428 0.735075
4.465625 -0.036129 -0.026250 0.726557
4.468750 -0.034942 -0.025070 0.717479
4.471875 -0.033752 -0.023889 0.707779
4.475000 -0.032560 -0.022707 0.697389
4.478125 -0.031365 -0.021524 0.68623
4.481250 -0.030168 -0.020340 0.674209
4.484375 -0.028969 -0.019155 0.661217
4.487500 -0.027769 -0.017970 0.647129
4.490625 -0.026566 -0.016784 0.631794
4.493750 -0.025362 -0.015599 0.615036
4.496875 -0.024157 -0.014413 0.596639
4.500000 -0.022951 -0.013228 0.576347
4.503125 -0.021744 -0.012043 0.553843
4.506250 -0.020536 -0.010858 0.528738
4.509375 -0.019327 -0.009674 0.500545
4.512500 -0.018119 -0.008491 0.468647
4.515625 -0.016909 -0.007309 0.432252
4.518750 -0.015700 -0.006128 0.390326
4.521875 -0.014491 -0.004949 0.34149
4.525000 -0.013282 -0.003770 0.283865
4.528125 -0.012074 -0.002594 0.214824
4.531250 -0.010866 -0.001419 0.130579
4.534375 -0.009659 -0.000246 0.025455
4.537500 -0.008452 0.000925 -0.109446
4.540625 -0.007247 0.002094 -0.288915
4.543750 -0.006043 0.003260 -0.539485
4.546875 -0.004841 0.004424 -0.91396
4.550000 -0.003640 0.005586 -1.53463
4.553125 -0.002440 0.006744 -2.76364
4.556250 -0.001243 0.007900 -6.3565
4.559375 -0.000047 0.009052 -191.528
4.562500 0.001146 0.010202 8.90125
4.565625 0.002337 0.011348 4.85538
4.568750 0.003526 0.012491 3.5426
4.571875 0.004712 0.013630 2.89263
4.575000 0.005895 0.014766 2.5046
4.578125 0.007076 0.015897 2.24667
4.581250 0.008254 0.017025 2.06278
4.584375 0.009428 0.018149 1.92501
4.587500 0.010599 0.019268 1.81793
4.590625 0.011767 0.020384 1.7323
4.593750 0.012931 0.021495 1.66224
4.596875 0.014092 0.022601 1.60384
4.600000 0.015248 0.023702 1.55442
4.603125 0.016401 0.024799 1.51204
4.606250 0.017550 0.025891 1.47528
4.609375 0.018695 0.026978 1.4431
4.612500 0.019835 0.028060 1.41467
4.615625 0.020971 0.029136 1.38939
4.618750 0.022102 0.030208 1.36674
4.621875 0.023229 0.031274 1.34633
4.625000 0.024351 0.032334 1.32784
4.628125 0.025468 0.033389 1.31102
4.631250 0.026580 0.034437 1.29563
4.634375 0.027686 0.035480 1.28151
4.637500 0.028788 0.036518 1.2685
4.640625 0.029884 0.037549 1.25646
4.643750 0.030975 0.038574 1.24531
4.646875 0.032060 0.039592 1.23493
4.650000 0.033140 0.040605 1.22524
4.653125 0.034214 0.041611 1.21619
4.656250 0.035282 0.042610 1.20771
4.659375 0.036344 0.043603 1.19974
4.662500 0.037400 0.044589 1.19223
4.665625 0.038450 0.045569 1.18515
4.668750 0.039493 0.046541 1.17847
4.671875 0.040530 0.047507 1.17214
4.675000 0.041561 0.048466 1.16614
4.678125 0.042585 0.049417 1.16044
4.681250 0.043603 0.050362 1.15502
4.684375 0.044613 0.051299 1.14985
4.687500 0.045617 0.052229 1.14493
4.690625 0.046614 0.053151 1.14023
4.693750 0.047605 0.054066 1.13574
4.696875 0.048588 0.054974 1.13143
4.700000 0.049564 0.055874 1.12731
4.703125 0.050532 0.056766 1.12336
4.706250 0.051494 0.057651 1.11956
4.709375 0.052448 0.058527 1.11591
4.712500 0.053395 0.059396 1.1124
4.715625 0.054334 0.060257 1.10902
4.718750 0.055265 0.061110 1.10576
4.721875 0.056189 0.061955 1.10262
4.725000 0.057105 0.062792 1.09959
4.728125 0.058014 0.063621 1.09665
4.731250 0.058914 0.064441 1.09382
4.734375 0.059807 0.065254 1.09108
4.737500 0.060691 0.066058 1.08842
4.740625 0.061568 0.066853 1.08585
4.743750 0.062436 0.067641 1.08336
4.746875 0.063296 0.068419 1.08094
4.750000 0.064148 0.069190 1.07859
4.753125 0.064992 0.069951 1.07631
4.756250 0.065828 0.070705 1.07409
4.759375 0.066655 0.071449 1.07193
4.762500 0.067473 0.072185 1.06983
4.765625 0.068283 0.072912 1.06779
4.768750 0.069085 0.073631 1.0658
4.771875 0.069878 0.074340 1.06386
4.775000 0.070662 0.075041 1.06197
4.778125 0.071437 0.075733 1.06013
4.781250 0.072204 0.076416 1.05833
4.784375 0.072962 0.077090 1.05657
4.787500 0.073712 0.077755 1.05486
4.790625 0.074452 0.078411 1.05318
4.793750 0.075184 0.079059 1.05154
4.796875 0.075906 0.079697 1.04994
4.800000 0.076620 0.080326 1.04837
4.803125 0.077325 0.080946 1.04683
4.806250 0.078020 0.081557 1.04533
4.809375 0.078707 0.082158 1.04385
4.812500 0.079384 0.082751 1.04241
4.815625 0.080052 0.083334 1.04099
4.818750 0.080711 0.083908 1.03961
4.821875 0.081361 0.084473 1.03824
4.825000 0.082002 0.085029 1.03691
4.828125 0.082634 0.085575 1.0356
4.831250 0.083256 0.086112 1.03431
4.834375 0.083869 0.086640 1.03304
4.837500 0.084472 0.087158 1.0318
4.840625 0.085067 0.087668 1.03058
4.843750 0.085652 0.088167 1.02937
4.846875 0.086227 0.088658 1.02819
4.850000 0.086793 0.089139 1.02703
4.853125 0.087350 0.089611 1.02588
4.856250 0.087897 0.090073 1.02476
4.859375 0.088435 0.090526 1.02365
4.862500 0.088964 0.090970 1.02255
4.865625 0.089483 0.091404 1.02148
4.868750 0.089992 0.091829 1.02041
4.871875 0.090492 0.092245 1.01937
4.875000 0.090983 0.092651 1.01834
4.878125 0.091464 0.093047 1.01732
4.881250 0.091935 0.093435 1.01631
4.884375 0.092397 0.093813 1.01532
4.887500 0.092849 0.094181 1.01434
4.890625 0.093292 0.094540 1.01338
4.893750 0.093726 0.094890 1.01242
4.896875 0.094150 0.095231 1.01148
4.900000 0.094564 0.095562 1.01055
4.903125 0.094969 0.095883 1.00963
4.906250 0.095364 0.096195 1.00872
4.909375 0.095750 0.096498 1.00782
4.912500 0.096126 0.096792 1.00693
4.915625 0.096492 0.097076 1.00605
4.918750 0.096850 0.097351 1.00518
4.921875 0.097197 0.097617 1.00432
4.925000 0.097535 0.097873 1.00346
4.928125 0.097864 0.098120 1.00262
4.931250 0.098183 0.098358 1.00178
4.934375 0.098492 0.098586 1.00095
4.937500 0.098793 0.098806 1.00013
4.940625 0.099083 0.099016 0.999317
4.943750 0.099364 0.099216 0.99851
4.946875 0.099636 0.099408 0.99771
4.950000 0.099898 0.099590 0.996917
4.953125 0.100151 0.099764 0.99613
4.956250 0.100395 0.099928 0.99535
4.959375 0.100629 0.100083 0.994575
4.962500 0.100853 0.100229 0.993806
4.965625 0.101069 0.100365 0.993043
4.968750 0.101274 0.100493 0.992285
4.971875 0.101471 0.100612 0.991533
4.975000 0.101658 0.100722 0.990786
4.978125 0.101836 0.100822 0.990043
4.981250 0.102005 0.100914 0.989305
4.984375 0.102164 0.100997 0.988572
4.987500 0.102315 0.101071 0.987843
4.990625 0.102456 0.101136 0.987118
4.993750 0.102587 0.101192 0.986398
4.996875 0.102710 0.101239 0.985681
5.000000 0.102824 0.101278 0.984968
5.003125 0.102928 0.101308 0.984258
5.006250 0.103023 0.101329 0.983552
5.009375 0.103109 0.101341 0.982849
5.012500 0.103187 0.101345 0.982149
5.015625 0.103255 0.101340 0.981452
5.018750 0.103314 0.101326 0.980758
5.021875 0.103364 0.101304 0.980067
5.025000 0.103405 0.101273 0.979378
5.028125 0.103438 0.101234 0.978691
5.031250 0.103461 0.101186 0.978007
5.034375 0.103476 0.101130 0.977325
5.037500 0.103482 0.101065 0.976645
5.040625 0.103479 0.100992 0.975966
5.043750 0.103467 0.100911 0.975289
5.046875 0.103447 0.100821 0.974614
5.050000 0.103418 0.100723 0.973941
5.053125 0.103380 0.100616 0.973268
5.056250 0.103334 0.100502 0.972597
5.059375 0.103279 0.100379 0.971927
5.062500 0.103215 0.100249 0.971257
5.065625 0.103143 0.100110 0.970589
5.068750 0.103063 0.099963 0.969921
5.071875 0.102974 0.099808 0.969253
5.075000 0.102877 0.099645 0.968586
5.078125 0.102771 0.099474 0.96792
5.081250 0.102657 0.099295 0.967253
5.084375 0.102535 0.099109 0.966587
5.087500 0.102404 0.098914 0.96592
5.090625 0.102265 0.098712 0.965253
5.093750 0.102118 0.098502 0.964586
5.096875 0.101963 0.098284 0.963918
5.100000 0.101800 0.098059 0.96325
5.103125 0.101629 0.097826 0.962581
5.106250 0.101450 0.097586 0.961911
5.109375 0.101262 0.097338 0.96124
5.112500 0.101067 0.097082 0.960568
5.115625 0.100864 0.096819 0.959895
5.118750 0.100653 0.096549 0.95922
5.121875 0.100435 0.096271 0.958544
5.125000 0.100208 0.095986 0.957866
5.128125 0.099974 0.095694 0.957187
5.131250 0.099732 0.095394 0.956505
5.134375 0.099483 0.095088 0.955821
5.137500 0.099226 0.094774 0.955136
5.140625 0.098961 0.094453 0.954447
5.143750 0.098689 0.094125 0.953757
5.146875 0.098409 0.093790 0.953064
5.150000 0.098122 0.093449 0.952368
5.153125 0.097828 0.093100 0.951669
5.156250 0.097526 0.092744 0.950967
5.159375 0.097217 0.092382 0.950262
5.162500 0.096901 0.092013 0.949553
5.165625 0.096578 0.091637 0.948841
5.168750 0.096247 0.091255 0.948125
5.171875 0.095910 0.090865 0.947406
5.175000 0.095565 0.090470 0.946682
5.178125 0.095214 0.090068 0.945955
5.181250 0.094855 0.089659 0.945222
5.184375 0.094490 0.089244 0.944486
5.187500 0.094117 0.088823 0.943745
5.190625 0.093738 0.088395 0.942999
5.193750 0.093352 0.087961 0.942248
5.196875 0.092960 0.087521 0.941491
5.200000 0.092560 0.087074 0.94073
5.203125 0.092155 0.086622 0.939962
5.206250 0.091742 0.086163 0.939189
5.209375 0.091323 0.085699 0.93841
5.212500 0.090898 0.085228 0.937624
5.215625 0.090466 0.084752 0.936833
5.218750 0.090028 0.084269 0.936034
5.221875 0.089584 0.083781 0.935228
5.225000 0.089133 0.083287 0.934416
5.228125 0.088676 0.082787 0.933596
5.231250 0.088213 0.082282 0.932768
5.234375 0.087744 0.081771 0.931933
5.237500 0.087268 0.081255 0.931089
5.240625 0.086787 0.080732 0.930237
5.243750 0.086300 0.080205 0.929376
5.246875 0.085807 0.079672 0.928506
5.250000 0.085308 0.079134 0.927626
5.253125 0.084803 0.078590 0.926737
5.256250 0.084292 0.078041 0.925839
5.259375 0.083776 0.077487 0.924929
5.262500 0.083254 0.076927 0.92401
5.265625 0.082726 0.076363 0.923079
5.268750 0.082193 0.075793 0.922137
5.271875 0.081654 0.075219 0.921183
5.275000 0.081110 0.074639 0.920217
5.278125 0.080561 0.074055 0.919239
5.281250 0.080006 0.073465 0.918248
5.284375 0.079446 0.072871 0.917243
5.287500 0.078880 0.072272 0.916225
5.290625 0.078310 0.071669 0.915192
5.293750 0.077734 0.071060 0.914145
5.296875 0.077153 0.070447 0.913082
5.300000 0.076567 0.069830 0.912004
5.303125 0.075976 0.069208 0.91091
5.306250 0.075381 0.068581 0.909798
5.309375 0.074780 0.067950 0.90867
5.312500 0.074174 0.067315 0.907523
5.315625 0.073564 0.066675 0.906358
5.318750 0.072949 0.066031 0.905173
5.321875 0.072329 0.065383 0.903969
5.325000 0.071705 0.064731 0.902744
5.328125 0.071076 0.064074 0.901498
5.331250 0.070442 0.063414 0.90023
5.334375 0.069804 0.062749 0.898938
5.337500 0.069161 0.062081 0.897624
5.340625 0.068515 0.061409 0.896284
5.343750 0.067863 0.060732 0.894919
5.346875 0.067208 0.060052 0.893528
5.350000 0.066548 0.059368 0.89211
5.353125 0.065884 0.058681 0.890663
5.356250 0.065216 0.057990 0.889187
5.359375 0.064544 0.057295 0.88768
5.362500 0.063868 0.056596 0.886142
5.365625 0.063188 0.055894 0.88457
5.368750 0.062504 0.055189 0.882965
5.371875 0.061816 0.054480 0.881323
5.375000 0.061125 0.053768 0.879645
5.378125 0.060429 0.053053 0.877929
5.381250 0.059730 0.052334 0.876172
5.384375 0.059027 0.051612 0.874373
5.387500 0.058321 0.050887 0.872531
5.390625 0.057611 0.050158 0.870644
5.393750 0.056897 0.049427 0.868709
5.396875 0.056180 0.048693 0.866725
5.400000 0.055460 0.047955 0.864689
5.403125 0.054736 0.047215 0.862599
5.406250 0.054009 0.046472 0.860453
5.409375 0.053278 0.045726 0.858248
5.412500 0.052544 0.044977 0.85598
5.415625 0.051808 0.044225 0.853649
5.418750 0.051068 0.043471 0.851249
5.421875 0.050324 0.042714 0.848778
5.425000 0.049578 0.041955 0.846232
5.428125 0.048829 0.041193 0.843607
5.431250 0.048077 0.040428 0.8409
5.434375 0.047322 0.039661 0.838106
5.437500 0.046565 0.038892 0.835221
5.440625 0.045804 0.038120 0.832239
5.443750 0.045041 0.037346 0.829155
5.446875 0.044275 0.036569 0.825963
5.450000 0.043506 0.035791 0.822658
5.453125 0.042735 0.035010 0.819232
5.456250 0.041961 0.034227 0.815679
5.459375 0.041185 0.033442 0.811991
5.462500 0.040406 0.032655 0.80816
5.465625 0.039625 0.031866 0.804176
5.468750 0.038842 0.031074 0.80003
5.471875 0.038056 0.030281 0.795711
5.475000 0.037268 0.029487 0.791208
5.478125 0.036477 0.028690 0.786509
5.481250 0.035685 0.027891 0.781598
5.484375 0.034890 0.027091 0.776463
5.487500 0.034094 0.026289 0.771085
5.490625 0.033295 0.025485 0.765446
5.493750 0.032494 0.024680 0.759528
5.496875 0.031691 0.023873 0.753308
5.500000 0.030887 0.023065 0.74676
5.503125 0.030080 0.022255 0.739859
5.506250 0.029272 0.021444 0.732574
5.509375 0.028462 0.020631 0.724872
5.512500 0.027650 0.019817 0.716713
5.515625 0.026837 0.019002 0.708057
5.518750 0.026022 0.018185 0.698854
5.521875 0.025205 0.017367 0.689052
5.525000 0.024387 0.016548 0.678587
5.528125 0.023567 0.015728 0.66739
5.531250 0.022746 0.014907 0.65538
5.534375 0.021923 0.014085 0.642463
5.537500 0.021099 0.013261 0.628531
5.540625 0.020274 0.012437 0.61346
5.543750 0.019447 0.011612 0.597101
5.546875 0.018619 0.010786 0.57928
5.550000 0.017790 0.009959 0.559791
5.553125 0.016960 0.009131 0.538385
5.556250 0.016128 0.008302 0.514764
5.559375 0.015296 0.007473 0.488561
5.562500 0.014462 0.006643 0.459328
5.565625 0.013628 0.005812 0.426501
5.568750 0.012792 0.004981 0.389373
5.571875 0.011956 0.004149 0.347034
5.575000 0.011119 0.003317 0.298301
5.578125 0.010280 0.002484 0.241601
5.581250 0.009441 0.001650 0.1748
5.584375 0.008602 0.000817 0.0949291
5.587500 0.007761 -0.000018 -0.0022732
5.590625 0.006920 -0.000852 -0.123145
5.593750 0.006079 -0.001687 -0.277546
5.596875 0.005236 -0.002522 -0.481692
5.600000 0.004393 -0.003358 -0.764264
5.603125 0.003550 -0.004193 -1.18124
5.606250 0.002706 -0.005029 -1.85851
5.609375 0.001862 -0.005865 -3.15051
5.612500 0.001017 -0.006701 -6.59016
5.615625 0.000172 -0.007537 -43.904
5.618750 -0.000674 -0.008373 12.4267
5.621875 -0.001520 -0.009209 6.06042
5.625000 -0.002366 -0.010045 4.24641
5.628125 -0.003212 -0.010881 3.38786
5.631250 -0.004058 -0.011717 2.88723
5.634375 -0.004905 -0.012553 2.55928
5.637500 -0.005752 -0.013389 2.32781
5.640625 -0.006598 -0.014224 2.15568
5.643750 -0.007445 -0.015059 2.02266
5.646875 -0.008292 -0.015894 1.91678
5.650000 -0.009139 -0.016729 1.83049
5.653125 -0.009986 -0.017563 1.75881
5.656250 -0.010832 -0.018397 1.69832
5.659375 -0.011679 -0.019230 1.64659
5.662500 -0.012525 -0.020063 1.60183
5.665625 -0.013371 -0.020896 1.56273
5.668750 -0.014217 -0.021728 1.52827
5.671875 -0.015063 -0.022559 1.49767
5.675000 -0.015908 -0.023390 1.47031
5.678125 -0.016753 -0.024220 1.44571
5.681250 -0.017598 -0.025050 1.42347
5.684375 -0.018442 -0.025879 1.40326
5.687500 -0.019286 -0.026707 1.38481
5.690625 -0.020129 -0.027534 1.3679
5.693750 -0.020972 -0.028361 1.35235
5.696875 -0.021814 -0.029187 1.338
5.700000 -0.022656 -0.030012 1.32471
5.703125 -0.023497 -0.030837 1.31238
5.706250 -0.024337 -0.031660 1.30089
5.709375 -0.025177 -0.032483 1.29016
5.712500 -0.026016 -0.033304 1.28013
5.715625 -0.026855 -0.034125 1.27072
5.718750 -0.027692 -0.034945 1.26188
5.721875 -0.028529 -0.035763 1.25356
5.725000 -0.029365 -0.036581 1.24571
5.728125 -0.030201 -0.037397 1.2383
5.731250 -0.031035 -0.038213 1.23128
5.734375 -0.031868 -0.039027 1.22463
5.737500 -0.032701 -0.039840 1.21832
5.740625 -0.033533 -0.040652 1.21232
5.743750 -0.034363 -0.041463 1.20661
5.746875 -0.035193 -0.042273 1.20117
5.750000 -0.036021 -0.043081 1.19599
5.753125 -0.036849 -0.043888 1.19103
5.756250 -0.037675 -0.044694 1.18629
5.759375 -0.038500 -0.045498 1.18176
5.762500 -0.039324 -0.046301 1.17741
5.765625 -0.040147 -0.047103 1.17325
5.768750 -0.040969 -0.047903 1.16925
5.771875 -0.041789 -0.048702 1.16541
5.775000 -0.042609 -0.049499 1.16171
5.778125 -0.043427 -0.050295 1.15816
5.781250 -0.044243 -0.051089 1.15474
5.784375 -0.045058 -0.051882 1.15144
5.787500 -0.045872 -0.052673 1.14826
5.790625 -0.046685 -0.053463 1.14519
5.793750 -0.047496 -0.054251 1.14223
5.796875 -0.048306 -0.055038 1.13937
5.800000 -0.049114 -0.055823 1.1366
5.803125 -0.049921 -0.056606 1.13392
5.806250 -0.050726 -0.057388 1.13133
5.809375 -0.051529 -0.058168 1.12882
5.812500 -0.052332 -0.058946 1.12639
5.815625 -0.053132 -0.059722 1.12403
5.818750 -0.053931 -0.060497 1.12175
5.821875 -0.054728 -0.061270 1.11953
5.825000 -0.055524 -0.062041 1.11737
5.828125 -0.056318 -0.062810 1.11528
5.831250 -0.057110 -0.063578 1.11325
5.834375 -0.057901 -0.064343 1.11127
5.837500 -0.058689 -0.065107 1.10935
5.840625 -0.059476 -0.065869 1.10748
5.843750 -0.060262 -0.066629 1.10565
5.846875 -0.061045 -0.067387 1.10388
5.850000 -0.061827 -0.068143 1.10216
5.853125 -0.062607 -0.068897 1.10047
5.856250 -0.063384 -0.069649 1.09883
5.859375 -0.064160 -0.070399 1.09724
5.862500 -0.064935 -0.071147 1.09568
5.865625 -0.065707 -0.071894 1.09416
5.868750 -0.066477 -0.072638 1.09268
5.871875 -0.067245 -0.073380 1.09123
5.875000 -0.068011 -0.074120 1.08981
5.878125 -0.068776 -0.074858 1.08843
5.881250 -0.069538 -0.075594 1.08709
5.884375 -0.070298 -0.076328 1.08577
5.887500 -0.071056 -0.077059 1.08448
5.890625 -0.071812 -0.077789 1.08323
5.893750 -0.072566 -0.078516 1.082
5.896875 -0.073318 -0.079242 1.08079
5.900000 -0.074068 -0.079965 1.07962
5.903125 -0.074815 -0.080686 1.07847
5.906250 -0.075560 -0.081404 1.07734
5.909375 -0.076304 -0.082121 1.07624
5.912500 -0.077044 -0.082835 1.07516
5.915625 -0.077783 -0.083547 1.07411
5.918750 -0.078520 -0.084257 1.07307
5.921875 -0.079254 -0.084965 1.07206
5.925000 -0.079986 -0.085671 1.07107
5.928125 -0.080715 -0.086374 1.07011
5.931250 -0.081443 -0.087075 1.06916
5.934375 -0.082168 -0.087774 1.06823
5.937500 -0.082891 -0.088471 1.06732
5.940625 -0.083611 -0.089165 1.06642
5.943750 -0.084329 -0.089857 1.06555
5.946875 -0.085044 -0.090546 1.06469
5.950000 -0.085758 -0.091233 1.06384
5.953125 -0.086468 -0.091917 1.06301
5.956250 -0.087177 -0.092598 1.06219
5.959375 -0.087883 -0.093276 1.06137
5.962500 -0.088586 -0.093951 1.06056
5.965625 -0.089287 -0.094622 1.05975
5.968750 -0.089986 -0.095289 1.05893
5.971875 -0.090682 -0.095952 1.05811
5.975000 -0.091375 -0.096609 1.05728
5.978125 -0.092066 -0.097261 1.05643
5.981250 -0.092755 -0.097908 1.05555
5.984375 -0.093441 -0.098547 1.05465
5.987500 -0.094124 -0.099180 1.05372
5.990625 -0.094805 -0.099805 1.05274
5.993750 -0.095483 -0.100422 1.05172
5.996875 -0.096159 -0.101030 1.05066
6.000000 -0.096832 -0.101629 1.04954
6.003125 -0.097502 -0.102218 1.04837
6.006250 -0.098168 -0.102797 1.04715
6.009375 -0.098830 -0.103365 1.04588
6.012500 -0.099487 -0.103921 1.04457
6.015625 -0.100138 -0.104467 1.04323
6.018750 -0.100783 -0.105000 1.04184
6.021875 -0.101421 -0.105521 1.04043
6.025000 -0.102051 -0.106029 1.03898
6.028125 -0.102673 -0.106523 1.0375
6.031250 -0.103286 -0.107004 1.036
6.034375 -0.103890 -0.107472 1.03447
6.037500 -0.104485 -0.107925 1.03292
6.040625 -0.105069 -0.108364 1.03136
6.043750 -0.105642 -0.108787 1.02977
6.046875 -0.106205 -0.109196 1.02817
6.050000 -0.106755 -0.109590 1.02655
6.053125 -0.107294 -0.109967 1.02492
6.056250 -0.107820 -0.110329 1.02327
6.059375 -0.108334 -0.110675 1.02162
6.062500 -0.108834 -0.111005 1.01995
6.065625 -0.109320 -0.111318 1.01828
6.068750 -0.109793 -0.111615 1.01659
6.071875 -0.110251 -0.111894 1.0149
6.075000 -0.110695 -0.112157 1.01321
6.078125 -0.111124 -0.112402 1.01151
6.081250 -0.111537 -0.112630 1.0098
6.084375 -0.111936 -0.112841 1.00809
6.087500 -0.112318 -0.113034 1.00638
6.090625 -0.112685 -0.113210 1.00466
6.093750 -0.113035 -0.113367 1.00294
6.096875 -0.113369 -0.113507 1.00122
6.100000 -0.113687 -0.113629 0.999494
6.103125 -0.113987 -0.113733 0.997769
6.106250 -0.114271 -0.113819 0.996042
6.109375 -0.114538 -0.113886 0.994314
6.112500 -0.114787 -0.113936 0.992585
6.115625 -0.115019 -0.113967 0.990856
6.118750 -0.115233 -0.113980 0.989126
6.121875 -0.115429 -0.113974 0.987395
6.125000 -0.115608 -0.113950 0.985664
6.128125 -0.115768 -0.113908 0.983932
6.131250 -0.115911 -0.113848 0.982201
6.134375 -0.116036 -0.113769 0.980469
6.137500 -0.116142 -0.113672 0.978737
6.140625 -0.116230 -0.113557 0.977004
6.143750 -0.116300 -0.113424 0.975272
6.146875 -0.116351 -0.113272 0.973539
6.150000 -0.116384 -0.113103 0.971806
6.153125 -0.116398 -0.112915 0.970072
6.156250 -0.116394 -0.112709 0.968338
6.159375 -0.116372 -0.112485 0.966604
6.162500 -0.116331 -0.112244 0.964868
6.165625 -0.116271 -0.111985 0.963132
6.168750 -0.116193 -0.111708 0.961394
6.171875 -0.116097 -0.111413 0.959655
6.175000 -0.115982 -0.111101 0.957914
6.178125 -0.115849 -0.110771 0.956172
6.181250 -0.115697 -0.110424 0.954427
6.184375 -0.115527 -0.110060 0.952681
6.187500 -0.115338 -0.109679 0.950931
6.190625 -0.115132 -0.109281 0.949179
6.193750 -0.114907 -0.108865 0.947424
6.196875 -0.114664 -0.108434 0.945665
6.200000 -0.114403 -0.107985 0.943902
6.203125 -0.114124 -0.107520 0.942135
6.206250 -0.113827 -0.107039 0.940364
6.209375 -0.113512 -0.106541 0.938587
6.212500 -0.113180 -0.106027 0.936805
6.215625 -0.112830 -0.105498 0.935017
6.218750 -0.112462 -0.104952 0.933223
6.221875 -0.112077 -0.104391 0.931422
6.225000 -0.111675 -0.103815 0.929613
6.228125 -0.111256 -0.103223 0.927797
6.231250 -0.110819 -0.102616 0.925973
6.234375 -0.110366 -0.101994 0.92414
6.237500 -0.109896 -0.101357 0.922297
6.240625 -0.109409 -0.100705 0.920444
6.243750 -0.108906 -0.100039 0.918581
6.246875 -0.108386 -0.099358 0.916707
6.250000 -0.107850 -0.098664 0.914821
6.253125 -0.107298 -0.097955 0.912922
6.256250 -0.106730 -0.097232 0.911011
6.259375 -0.106147 -0.096496 0.909085
6.262500 -0.105547 -0.095747 0.907145
6.265625 -0.104932 -0.094984 0.905189
6.268750 -0.104302 -0.094207 0.903218
6.271875 -0.103657 -0.093418 0.901229
6.275000 -0.102996 -0.092617 0.899223
6.278125 -0.102321 -0.091802 0.897198
6.281250 -0.101632 -0.090976 0.895154
6.284375 -0.100927 -0.090137 0.893089
6.287500 -0.100209 -0.089286 0.891002
6.290625 -0.099476 -0.088424 0.888893
6.293750 -0.098730 -0.087550 0.886761
6.296875 -0.097969 -0.086664 0.884604
6.300000 -0.097196 -0.085767 0.882421
6.303125 -0.096408 -0.084860 0.880211
6.306250 -0.095608 -0.083941 0.877973
6.309375 -0.094794 -0.083012 0.875705
6.312500 -0.093968 -0.082073 0.873407
6.315625 -0.093129 -0.081123 0.871076
6.318750 -0.092278 -0.080163 0.868712
6.321875 -0.091415 -0.079194 0.866312
6.325000 -0.090539 -0.078215 0.863875
6.328125 -0.089652 -0.077226 0.861399
6.331250 -0.088753 -0.076228 0.858883
6.334375 -0.087842 -0.075222 0.856325
6.337500 -0.086921 -0.074206 0.853722
6.340625 -0.085988 -0.073182 0.851073
6.343750 -0.085045 -0.072150 0.848375
6.346875 -0.084090 -0.071109 0.845626
6.350000 -0.083126 -0.070060 0.842823
6.353125 -0.082151 -0.069004 0.839965
6.356250 -0.081166 -0.067940 0.837048
6.359375 -0.080172 -0.066869 0.834069
6.362500 -0.079167 -0.065790 0.831026
6.365625 -0.078154 -0.064704 0.827915
6.368750 -0.077131 -0.063612 0.824732
6.371875 -0.076099 -0.062513 0.821475
6.375000 -0.075058 -0.061408 0.81814
6.378125 -0.074009 -0.060296 0.814721
6.381250 -0.072951 -0.059179 0.811216
6.384375 -0.071885 -0.058056 0.807619
6.387500 -0.070811 -0.056927 0.803925
6.390625 -0.069730 -0.055793 0.80013
6.393750 -0.068640 -0.054653 0.796227
6.396875 -0.067544 -0.053509 0.79221
6.400000 -0.066440 -0.052360 0.788074
6.403125 -0.065329 -0.051206 0.783811
6.406250 -0.064212 -0.050048 0.779413
6.409375 -0.063088 -0.048885 0.774873
6.412500 -0.061957 -0.047719 0.770183
6.415625 -0.060821 -0.046548 0.765332
6.418750 -0.059678 -0.045374 0.760311
6.421875 -0.058530 -0.044197 0.755109
6.425000 -0.057376 -0.043016 0.749714
6.428125 -0.056217 -0.041832 0.744113
6.431250 -0.055053 -0.040645 0.738294
6.434375 -0.053884 -0.039456 0.732239
6.437500 -0.052710 -0.038264 0.725933
6.440625 -0.051531 -0.037069 0.719358
6.443750 -0.050348 -0.035873 0.712494
6.446875 -0.049161 -0.034674 0.705319
6.450000 -0.047970 -0.033474 0.697809
6.453125 -0.046775 -0.032272 0.689938
6.456250 -0.045577 -0.031069 0.681675
6.459375 -0.044375 -0.029864 0.67299
6.462500 -0.043170 -0.028658 0.663844
6.465625 -0.041962 -0.027451 0.654198
6.468750 -0.040751 -0.026244 0.644006
6.471875 -0.039537 -0.025036 0.633218
6.475000 -0.038321 -0.023827 0.621776
6.478125 -0.037103 -0.022618 0.609614
6.481250 -0.035883 -0.021410 0.596659
6.484375 -0.034660 -0.020201 0.582827
6.487500 -0.033436 -0.018992 0.56802
6.490625 -0.032211 -0.017784 0.552127
6.493750 -0.030984 -0.016577 0.535019
6.496875 -0.029755 -0.015370 0.516546
6.500000 -0.028526 -0.014164 0.496531
6.503125 -0.027296 -0.012959 0.474766
6.506250 -0.026065 -0.011756 0.451005
6.509375 -0.024834 -0.010553 0.424951
6.512500 -0.023603 -0.009353 0.39625
6.515625 -0.022371 -0.008153 0.364464
6.518750 -0.021139 -0.006956 0.32906
6.521875 -0.019908 -0.005761 0.289371
6.525000 -0.018677 -0.004567 0.244556
6.528125 -0.017446 -0.003376 0.193538
6.531250 -0.016216 -0.002188 0.134919
6.534375 -0.014987 -0.001002 0.0668421
6.537500 -0.013759 0.000182 -0.0132037
6.540625 -0.012532 0.001362 -0.108706
6.543750 -0.011306 0.002540 -0.224654
6.546875 -0.010082 0.003714 -0.36844
6.550000 -0.008859 0.004886 -0.551509
6.553125 -0.007638 0.006054 -0.792578
6.556250 -0.006419 0.007218 -1.12449
6.559375 -0.005202 0.008379 -1.61068
6.562500 -0.003988 0.009536 -2.39151
6.565625 -0.002775 0.010689 -3.85174
6.568750 -0.001565 0.011839 -7.56259
6.571875 -0.000358 0.012984 -36.2392
6.575000 0.000846 0.014125 16.6945
6.578125 0.002047 0.015261 7.45362
6.581250 0.003246 0.016393 5.05055
6.584375 0.004441 0.017521 3.94524
6.587500 0.005633 0.018643 3.30982
6.590625 0.006821 0.019761 2.89709
6.593750 0.008006 0.020874 2.6074
6.596875 0.009187 0.021982 2.39281
6.600000 0.010364 0.023085 2.22744
6.603125 0.011537 0.024182 2.09608
6.606250 0.012706 0.025274 1.98918
6.609375 0.013870 0.026361 1.90049
6.612500 0.015031 0.027441 1.82569
6.615625 0.016187 0.028517 1.76175
6.618750 0.017338 0.029586 1.70646
6.621875 0.018484 0.030650 1.65815
6.625000 0.019626 0.031707 1.61559
6.628125 0.020762 0.032758 1.57778
6.631250 0.021894 0.033804 1.54398
6.634375 0.023020 0.034842 1.51356
6.637500 0.024141 0.035875 1.48605
6.640625 0.025257 0.036901 1.46103
6.643750 0.026367 0.037920 1.43819
6.646875 0.027471 0.038933 1.41724
6.650000 0.028570 0.039939 1.39795
6.653125 0.029663 0.040939 1.38013
6.656250 0.030750 0.041931 1.36362
6.659375 0.031831 0.042916 1.34827
6.662500 0.032905 0.043895 1.33397
6.665625 0.033974 0.044866 1.3206
6.668750 0.035036 0.045830 1.30808
6.671875 0.036092 0.046786 1.29632
6.675000 0.037141 0.047735 1.28526
6.678125 0.038183 0.048677 1.27483
6.681250 0.039219 0.049612 1.26498
6.684375 0.040248 0.050538 1.25566
6.687500 0.041271 0.051457 1.24683
6.690625 0.042286 0.052369 1.23844
6.693750 0.043294 0.053272 1.23047
6.696875 0.044295 0.054168 1.22288
6.700000 0.045289 0.055055 1.21565
6.703125 0.046276 0.055935 1.20874
6.706250 0.047255 0.056807 1.20214
6.709375 0.048227 0.057671 1.19582
6.712500 0.049191 0.058526 1.18977
6.715625 0.050148 0.059373 1.18397
6.718750 0.051097 0.060212 1.1784
6.721875 0.052038 0.061043 1.17305
6.725000 0.052972 0.061865 1.1679
6.728125 0.053897 0.062679 1.16294
6.731250 0.054815 0.063485 1.15817
6.734375 0.055725 0.064282 1.15356
6.737500 0.056626 0.065070 1.14912
6.740625 0.057520 0.065850 1.14482
6.743750 0.058405 0.066621 1.14067
6.746875 0.059282 0.067384 1.13665
6.750000 0.060151 0.068137 1.13277
6.753125 0.061012 0.068882 1.129
6.756250 0.061864 0.069618 1.12535
6.759375 0.062708 0.070346 1.12181
6.762500 0.063543 0.071064 1.11837
6.765625 0.064369 0.071774 1.11503
6.768750 0.065187 0.072474 1.11178
6.771875 0.065996 0.073166 1.10863
6.775000 0.066797 0.073848 1.10556
6.778125 0.067589 0.074522 1.10257
6.781250 0.068372 0.075186 1.09966
6.784375 0.069146 0.075841 1.09683
6.787500 0.069912 0.076488 1.09406
6.790625 0.070668 0.077125 1.09136
6.793750 0.071415 0.077752 1.08873
6.796875 0.072154 0.078371 1.08616
6.800000 0.072883 0.078980 1.08365
6.803125 0.073604 0.079580 1.0812
6.806250 0.074315 0.080171 1.0788
6.809375 0.075017 0.080753 1.07646
6.812500 0.075710 0.081325 1.07417
6.815625 0.076394 0.081888 1.07192
6.818750 0.077068 0.082442 1.06972
6.821875 0.077734 0.082986 1.06757
6.825000 0.078390 0.083521 1.06546
6.828125 0.079036 0.084046 1.06339
6.831250 0.079674 0.084562 1.06136
6.834375 0.080302 0.085069 1.05937
6.837500 0.080921 0.085567 1.05741
6.840625 0.081530 0.086054 1.0555
6.843750 0.082130 0.086533 1.05361
6.846875 0.082720 0.087002 1.05176
6.850000 0.083301 0.087461 1.04994
6.853125 0.083873 0.087912 1.04816
6.856250 0.084435 0.088352 1.0464
6.859375 0.084987 0.088784 1.04467
6.862500 0.085530 0.089205 1.04297
6.865625 0.086064 0.089618 1.0413
6.868750 0.086588 0.090021 1.03965
6.871875 0.087102 0.090414 1.03802
6.875000 0.087607 0.090798 1.03643
6.878125 0.088102 0.091173 1.03485
6.881250 0.088588 0.091538 1.0333
6.884375 0.089064 0.091893 1.03177
6.887500 0.089531 0.092240 1.03026
6.890625 0.089988 0.092576 1.02877
6.893750 0.090435 0.092904 1.0273
6.896875 0.090873 0.093222 1.02585
6.900000 0.091301 0.093530 1.02442
6.903125 0.091720 0.093830 1.023
6.906250 0.092129 0.094119 1.02161
6.909375 0.092528 0.094400 1.02023
6.912500 0.092918 0.094671 1.01886
6.915625 0.093298 0.094933 1.01752
6.918750 0.093669 0.095185 1.01618
6.921875 0.094030 0.095428 1.01487
6.925000 0.094382 0.095662 1.01356
6.928125 0.094724 0.095886 1.01227
6.931250 0.095056 0.096101 1.011
6.934375 0.095379 0.096307 1.00973
6.937500 0.095692 0.096504 1.00848
6.940625 0.095996 0.096692 1.00724
6.943750 0.096291 0.096870 1.00602
6.946875 0.096575 0.097039 1.0048
6.950000 0.096851 0.097199 1.0036
6.953125 0.097116 0.097350 1.0024
6.956250 0.097373 0.097491 1.00122
6.959375 0.097620 0.097624 1.00004
6.962500 0.097857 0.097748 0.99888
6.965625 0.098085 0.097862 0.997725
6.968750 0.098304 0.097968 0.996579
6.971875 0.098513 0.098064 0.995442
6.975000 0.098713 0.098152 0.994313
6.978125 0.098904 0.098230 0.993192
6.981250 0.099085 0.098300 0.992079
6.984375 0.099257 0.098361 0.990973
6.987500 0.099419 0.098413 0.989874
6.990625 0.099573 0.098456 0.988783
6.993750 0.099717 0.098490 0.987698
6.996875 0.099852 0.098516 0.98662
7.000000 0.099978 0.098533 0.985547
7.003125 0.100094 0.098541 0.984481
7.006250 0.100202 0.098540 0.98342
7.009375 0.100300 0.098531 0.982365
7.012500 0.100389 0.098513 0.981315
7.015625 0.100469 0.098487 0.980269
7.018750 0.100540 0.098452 0.979229
7.021875 0.100602 0.098409 0.978193
7.025000 0.100655 0.098357 0.977161
7.028125 0.100700 0.098296 0.976133
7.031250 0.100735 0.098228 0.975109
7.034375 0.100761 0.098150 0.974089
7.037500 0.100779 0.098065 0.973072
7.040625 0.100787 0.097971 0.972058
7.043750 0.100787 0.097869 0.971047
7.046875 0.100778 0.097759 0.970039
7.050000 0.100761 0.097640 0.969033
7.053125 0.100734 0.097514 0.96803
7.056250 0.100699 0.097379 0.967029
7.059375 0.100656 0.097236 0.96603
7.062500 0.100604 0.097086 0.965032
7.065625 0.100543 0.096927 0.964036
7.068750 0.100474 0.096760 0.963042
7.071875 0.100396 0.096586 0.962048
7.075000 0.100310 0.096403 0.961056
7.078125 0.100215 0.096213 0.960064
7.081250 0.100112 0.096015 0.959073
7.084375 0.100001 0.095809 0.958082
7.087500 0.099881 0.095595 0.957091
7.090625 0.099753 0.095374 0.9561
7.093750 0.099617 0.095145 0.955109
7.096875 0.099473 0.094908 0.954118
7.100000 0.099320 0.094665 0.953126
7.103125 0.099160 0.094413 0.952133
7.106250 0.098991 0.094154 0.951139
7.109375 0.098814 0.093888 0.950144
7.112500 0.098630 0.093614 0.949147
7.115625 0.098437 0.093333 0.948149
7.118750 0.098237 0.093045 0.947149
7.121875 0.098029 0.092749 0.946148
7.125000 0.097812 0.092447 0.945144
7.128125 0.097589 0.092137 0.944137
7.131250 0.097357 0.091820 0.943128
7.134375 0.097118 0.091496 0.942116
7.137500 0.096871 0.091165 0.941101
7.140625 0.096617 0.090828 0.940083
7.143750 0.096355 0.090483 0.939062
7.146875 0.096085 0.090131 0.938037
7.150000 0.095808 0.089773 0.937008
7.153125 0.095524 0.089408 0.935975
7.156250 0.095232 0.089036 0.934937
7.159375 0.094933 0.088658 0.933895
7.162500 0.094627 0.088272 0.932849
7.165625 0.094313 0.087881 0.931797
7.168750 0.093993 0.087483 0.93074
7.171875 0.093665 0.087078 0.929678
7.175000 0.093330 0.086667 0.92861
7.178125 0.092988 0.086250 0.927536
7.181250 0.092639 0.085826 0.926455
7.184375 0.092283 0.085396 0.925369
7.187500 0.091920 0.084960 0.924275
7.190625 0.091551 0.084517 0.923175
7.193750 0.091174 0.084069 0.922067
7.196875 0.090791 0.083614 0.920952
7.200000 0.090401 0.083154 0.919829
7.203125 0.090005 0.082687 0.918698
7.206250 0.089602 0.082215 0.917558
7.209375 0.089192 0.081737 0.91641
7.212500 0.088776 0.081253 0.915252
7.215625 0.088354 0.080763 0.914085
7.218750 0.087925 0.080267 0.912909
7.221875 0.087489 0.079766 0.911722
7.225000 0.087048 0.079259 0.910525
7.228125 0.086600 0.078747 0.909317
7.231250 0.086146 0.078229 0.908097
7.234375 0.085686 0.077705 0.906866
7.237500 0.085219 0.077177 0.905623
7.240625 0.084747 0.076642 0.904368
7.243750 0.084268 0.076103 0.9031
7.246875 0.083784 0.075558 0.901818
7.250000 0.083294 0.075008 0.900523
7.253125 0.082798 0.074453 0.899214
7.256250 0.082296 0.073893 0.897889
7.259375 0.081788 0.073327 0.89655
7.262500 0.081275 0.072757 0.895195
7.265625 0.080756 0.072182 0.893824
7.268750 0.080232 0.071601 0.892436
7.271875 0.079701 0.071016 0.89103
7.275000 0.079166 0.070426 0.889607
7.278125 0.078625 0.069832 0.888165
7.281250 0.078078 0.069232 0.886704
7.284375 0.077527 0.068628 0.885223
7.287500 0.076970 0.068020 0.883722
7.290625 0.076407 0.067406 0.882199
7.293750 0.075840 0.066789 0.880655
7.296875 0.075267 0.066167 0.879088
7.300000 0.074690 0.065540 0.877498
7.303125 0.074107 0.064909 0.875883
7.306250 0.073519 0.064274 0.874243
7.309375 0.072927 0.063634 0.872578
7.312500 0.072329 0.062990 0.870886
7.315625 0.071727 0.062343 0.869166
7.318750 0.071120 0.061691 0.867417
7.321875 0.070508 0.061034 0.865639
7.325000 0.069892 0.060374 0.86383
7.328125 0.069270 0.059710 0.861989
7.331250 0.068645 0.059042 0.860115
7.334375 0.068015 0.058371 0.858207
7.337500 0.067380 0.057695 0.856264
7.340625 0.066741 0.057016 0.854283
7.343750 0.066098 0.056333 0.852265
7.346875 0.065450 0.055646 0.850208
7.350000 0.064798 0.054956 0.848109
7.353125 0.064142 0.054262 0.845968
7.356250 0.063481 0.053564 0.843783
7.359375 0.062817 0.052864 0.841552
7.362500 0.062148 0.052159 0.839273
7.365625 0.061476 0.051452 0.836945
7.368750 0.060799 0.050741 0.834565
7.371875 0.060119 0.050027 0.832131
7.375000 0.059435 0.049309 0.829642
7.378125 0.058747 0.048589 0.827095
7.381250 0.058055 0.047865 0.824487
7.384375 0.057359 0.047139 0.821816
7.387500 0.056660 0.046409 0.819079
7.390625 0.055957 0.045676 0.816273
7.393750 0.055251 0.044941 0.813395
7.396875 0.054541 0.044203 0.810442
7.400000 0.053828 0.043461 0.807411
7.403125 0.053111 0.042717 0.804298
7.406250 0.052391 0.041971 0.801099
7.409375 0.051668 0.041221 0.79781
7.412500 0.050941 0.040469 0.794426
7.415625 0.050212 0.039715 0.790944
7.418750 0.049479 0.038957 0.787358
7.421875 0.048742 0.038198 0.783663
7.425000 0.048003 0.037436 0.779853
7.428125 0.047261 0.036671 0.775922
7.431250 0.046516 0.035904 0.771865
7.434375 0.045768 0.035135 0.767674
7.437500 0.045017 0.034363 0.763342
7.440625 0.044263 0.033590 0.758861
7.443750 0.043507 0.032814 0.754223
7.446875 0.042748 0.032036 0.749419
7.450000 0.041986 0.031256 0.744438
7.453125 0.041221 0.030474 0.739271
7.456250 0.040454 0.029690 0.733906
7.459375 0.039685 0.028904 0.728331
7.462500 0.038913 0.028116 0.722532
7.465625 0.038138 0.027326 0.716495
7.468750 0.037361 0.026534 0.710205
7.471875 0.036582 0.025741 0.703644
7.475000 0.035800 0.024945 0.696794
7.478125 0.035016 0.024148 0.689634
7.481250 0.034230 0.023350 0.682141
7.484375 0.033442 0.022550 0.674292
7.487500 0.032652 0.021748 0.66606
7.490625 0.031859 0.020945 0.657413
7.493750 0.031065 0.020140 0.648321
7.496875 0.030269 0.019334 0.638745
7.500000 0.029470 0.018526 0.628646
7.503125 0.028670 0.017718 0.617979
7.506250 0.027868 0.016907 0.606692
7.509375 0.027064 0.016096 0.594728
7.512500 0.026259 0.015283 0.582025
7.515625 0.025451 0.014469 0.56851
7.518750 0.024642 0.013654 0.5541
7.521875 0.023832 0.012838 0.538703
7.525000 0.023020 0.012021 0.522212
7.528125 0.022206 0.011203 0.504504
7.531250 0.021391 0.010384 0.485437
7.534375 0.020574 0.009564 0.464847
7.537500 0.019756 0.008743 0.442542
7.540625 0.018937 0.007921 0.418295
7.543750 0.018116 0.007099 0.391839
7.546875 0.017294 0.006275 0.362854
7.550000 0.016471 0.005451 0.330957
7.553125 0.015646 0.004626 0.295683
7.556250 0.014821 0.003801 0.25646
7.559375 0.013994 0.002975 0.212583
7.562500 0.013166 0.002148 0.163167
7.565625 0.012337 0.001321 0.107086
7.568750 0.011508 0.000494 0.0428876
7.571875 0.010677 -0.000335 -0.0313338
7.575000 0.009845 -0.001163 -0.118133
7.578125 0.009013 -0.001992 -0.221012
7.581250 0.008180 -0.002821 -0.344908
7.584375 0.007345 -0.003651 -0.497007
7.587500 0.006511 -0.004481 -0.688193
7.590625 0.005675 -0.005311 -0.93578
7.593750 0.004839 -0.006141 -1.26907
7.596875 0.004002 -0.006971 -1.74194
7.600000 0.003165 -0.007802 -2.46533
7.603125 0.002327 -0.008633 -3.71024
7.606250 0.001488 -0.009463 -6.35878
7.609375 0.000649 -0.010294 -15.8543
7.612500 -0.000190 -0.011125 58.5294
7.615625 -0.001030 -0.011956 11.6092
7.618750 -0.001870 -0.012786 6.83773
7.621875 -0.002710 -0.013617 5.02391
7.625000 -0.003551 -0.014447 4.06835
7.628125 -0.004392 -0.015278 3.4784
7.631250 -0.005233 -0.016108 3.0779
7.634375 -0.006075 -0.016937 2.7882
7.637500 -0.006916 -0.017767 2.56889
7.640625 -0.007758 -0.018596 2.39709
7.643750 -0.008599 -0.019425 2.25886
7.646875 -0.009441 -0.020253 2.14523
7.650000 -0.010283 -0.021081 2.05017
7.653125 -0.011124 -0.021909 1.96945
7.656250 -0.011966 -0.022736 1.90006
7.659375 -0.012807 -0.023563 1.83977
7.662500 -0.013649 -0.024389 1.78689
7.665625 -0.014490 -0.025214 1.74013
7.668750 -0.015331 -0.026039 1.69848
7.671875 -0.016171 -0.026863 1.66116
7.675000 -0.017012 -0.027687 1.6275
7.678125 -0.017852 -0.028509 1.59701
7.681250 -0.018691 -0.029332 1.56925
7.684375 -0.019531 -0.030153 1.54386
7.687500 -0.020370 -0.030973 1.52056
7.690625 -0.021208 -0.031793 1.49909
7.693750 -0.022046 -0.032612 1.47925
7.696875 -0.022884 -0.033430 1.46086
7.700000 -0.023721 -0.034247 1.44376
7.703125 -0.024557 -0.035063 1.42782
7.706250 -0.025393 -0.035878 1.41293
7.709375 -0.026228 -0.036692 1.39898
7.712500 -0.027062 -0.037505 1.38589
7.715625 -0.027896 -0.038317 1.37358
7.718750 -0.028729 -0.039128 1.36198
7.721875 -0.029561 -0.039938 1.35103
7.725000 -0.030393 -0.040747 1.34068
7.728125 -0.031223 -0.041554 1.33087
7.731250 -0.032053 -0.042361 1.32158
7.734375 -0.032882 -0.043166 1.31275
7.737500 -0.033710 -0.043970 1.30435
7.740625 -0.034537 -0.044772 1.29635
7.743750 -0.035363 -0.045573 1.28873
7.746875 -0.036188 -0.046373 1.28145
7.750000 -0.037012 -0.047172 1.2745
7.753125 -0.037835 -0.047969 1.26785
7.756250 -0.038657 -0.048765 1.26148
7.759375 -0.039478 -0.049560 1.25537
7.762500 -0.040298 -0.050353 1.24951
7.765625 -0.041116 -0.051144 1.24389
7.768750 -0.041934 -0.051934 1.23848
7.771875 -0.042750 -0.052723 1.23328
7.775000 -0.043565 -0.053510 1.22828
7.778125 -0.044378 -0.054295 1.22346
7.781250 -0.045191 -0.055079 1.21881
7.784375 -0.046002 -0.055861 1.21433
7.787500 -0.046811 -0.056642 1.21
7.790625 -0.047620 -0.057421 1.20582
7.793750 -0.048426 -0.058198 1.20178
7.796875 -0.049232 -0.058973 1.19787
7.800000 -0.050036 -0.059747 1.19409
7.803125 -0.050838 -0.060519 1.19043
7.806250 -0.051640 -0.061290 1.18688
7.809375 -0.052439 -0.062058 1.18344
7.812500 -0.053237 -0.062825 1.1801
7.815625 -0.054034 -0.063590 1.17686
7.818750 -0.054828 -0.064353 1.17372
7.821875 -0.055622 -0.065115 1.17067
7.825000 -0.056413 -0.065874 1.1677
7.828125 -0.057203 -0.066631 1.16482
7.831250 -0.057991 -0.067387 1.16202
7.834375 -0.058778 -0.068141 1.15929
7.837500 -0.059563 -0.068893 1.15664
7.840625 -0.060346 -0.069642 1.15405
7.843750 -0.061127 -0.070390 1.15154
7.846875 -0.061907 -0.071136 1.14909
7.850000 -0.062685 -0.071880 1.1467
7.853125 -0.063460 -0.072623 1.14437
7.856250 -0.064235 -0.073363 1.14211
7.859375 -0.065007 -0.074101 1.13989
7.862500 -0.065777 -0.074837 1.13773
7.865625 -0.066545 -0.075571 1.13563
7.868750 -0.067312 -0.076303 1.13357
7.871875 -0.068076 -0.077033 1.13157
7.875000 -0.068839 -0.077761 1.12961
7.878125 -0.069599 -0.078487 1.12769
7.881250 -0.070358 -0.079210 1.12582
7.884375 -0.071114 -0.079932 1.124
7.887500 -0.071869 -0.080652 1.12221
7.890625 -0.072621 -0.081369 1.12046
7.893750 -0.073371 -0.082085 1.11876
7.896875 -0.074119 -0.082798 1.11709
7.900000 -0.074865 -0.083510 1.11546
7.903125 -0.075609 -0.084219 1.11387
7.906250 -0.076351 -0.084926 1.11231
7.909375 -0.077091 -0.085632 1.11079
7.912500 -0.077828 -0.086335 1.1093
7.915625 -0.078563 -0.087036 1.10785
7.918750 -0.079296 -0.087735 1.10642
7.921875 -0.080027 -0.088432 1.10503
7.925000 -0.080755 -0.089127 1.10367
7.928125 -0.081481 -0.089819 1.10233
7.931250 -0.082205 -0.090510 1.10102
7.934375 -0.082927 -0.091197 1.09973
7.937500 -0.083646 -0.091883 1.09847
7.940625 -0.084363 -0.092565 1.09722
7.943750 -0.085078 -0.093244 1.09599
7.946875 -0.085790 -0.093921 1.09478
7.950000 -0.086500 -0.094593 1.09357
7.953125 -0.087207 -0.095262 1.09236
7.956250 -0.087912 -0.095926 1.09116
7.959375 -0.088615 -0.096586 1.08996
7.962500 -0.089315 -0.097241 1.08874
7.965625 -0.090013 -0.097890 1.08752
7.968750 -0.090708 -0.098533 1.08627
7.971875 -0.091400 -0.099170 1.08501
7.975000 -0.092091 -0.099800 1.08371
7.978125 -0.092779 -0.100422 1.08239
7.981250 -0.093464 -0.101037 1.08102
7.984375 -0.094146 -0.101642 1.07962
7.987500 -0.094827 -0.102238 1.07816
7.990625 -0.095504 -0.102825 1.07666
7.993750 -0.096179 -0.103402 1.07509
7.996875 -0.096852 -0.103968 1.07347
8.000000 -0.097522 -0.104523 1.07179
8.003125 -0.098189 -0.105066 1.07005
8.006250 -0.098852 -0.105598 1.06824
8.009375 -0.099511 -0.106117 1.06639
8.012500 -0.100164 -0.106623 1.06448
8.015625 -0.100812 -0.107117 1.06253
8.018750 -0.101454 -0.107597 1.06054
8.021875 -0.102089 -0.108063 1.05852
8.025000 -0.102716 -0.108515 1.05645
8.028125 -0.103335 -0.108952 1.05436
8.031250 -0.103945 -0.109375 1.05224
8.034375 -0.104547 -0.109783 1.05009
8.037500 -0.105138 -0.110175 1.04791
8.040625 -0.105719 -0.110552 1.04572
8.043750 -0.106290 -0.110914 1.0435
8.046875 -0.106849 -0.111259 1.04127
8.050000 -0.107397 -0.111588 1.03902
8.053125 -0.107932 -0.111900 1.03676
8.056250 -0.108456 -0.112196 1.03449
8.059375 -0.108966 -0.112475 1.03221
8.062500 -0.109463 -0.112738 1.02991
8.065625 -0.109947 -0.112983 1.02761
8.068750 -0.110417 -0.113210 1.0253
8.071875 -0.110872 -0.113421 1.02299
8.075000 -0.111313 -0.113614 1.02067
8.078125 -0.111739 -0.113789 1.01834
8.081250 -0.112150 -0.113946 1.01602
8.084375 -0.112545 -0.114086 1.01369
8.087500 -0.112925 -0.114208 1.01136
8.090625 -0.113289 -0.114311 1.00902
8.093750 -0.113637 -0.114397 1.00669
8.096875 -0.113968 -0.114464 1.00435
8.100000 -0.114283 -0.114513 1.00202
8.103125 -0.114581 -0.114544 0.999684
8.106250 -0.114862 -0.114557 0.997349
8.109375 -0.115125 -0.114552 0.995015
8.112500 -0.115372 -0.114528 0.992682
8.115625 -0.115601 -0.114485 0.99035
8.118750 -0.115813 -0.114425 0.988018
8.121875 -0.116006 -0.114346 0.985689
8.125000 -0.116182 -0.114249 0.98336
8.128125 -0.116340 -0.114134 0.981033
8.131250 -0.116480 -0.114000 0.978708
8.134375 -0.116602 -0.113849 0.976384
8.137500 -0.116706 -0.113679 0.974062
8.140625 -0.116791 -0.113491 0.971741
8.143750 -0.116859 -0.113285 0.969421
8.146875 -0.116907 -0.113061 0.967102
8.150000 -0.116938 -0.112820 0.964785
8.153125 -0.116950 -0.112560 0.962468
8.156250 -0.116943 -0.112283 0.960152
8.159375 -0.116918 -0.111988 0.957837
8.162500 -0.116875 -0.111676 0.955522
8.165625 -0.116813 -0.111346 0.953207
8.168750 -0.116732 -0.110999 0.950891
8.171875 -0.116633 -0.110635 0.948575
8.175000 -0.116516 -0.110254 0.946258
8.178125 -0.116380 -0.109856 0.943939
8.181250 -0.116226 -0.109440 0.941619
8.184375 -0.116053 -0.109008 0.939297
8.187500 -0.115862 -0.108560 0.936973
8.190625 -0.115653 -0.108095 0.934645
8.193750 -0.115426 -0.107613 0.932315
8.196875 -0.115181 -0.107116 0.92998
8.200000 -0.114917 -0.106602 0.927641
8.203125 -0.114636 -0.106072 0.925297
8.206250 -0.114337 -0.105527 0.922948
8.209375 -0.114020 -0.104966 0.920593
8.212500 -0.113685 -0.104389 0.918231
8.215625 -0.113333 -0.103797 0.915862
8.218750 -0.112963 -0.103190 0.913485
8.221875 -0.112576 -0.102568 0.9111
8.225000 -0.112171 -0.101931 0.908706
8.228125 -0.111750 -0.101279 0.906302
8.231250 -0.111311 -0.100613 0.903888
8.234375 -0.110855 -0.099932 0.901462
8.237500 -0.110383 -0.099237 0.899025
8.240625 -0.109894 -0.098528 0.896575
8.243750 -0.109388 -0.097805 0.894111
8.246875 -0.108866 -0.097069 0.891634
8.250000 -0.108328 -0.096319 0.889141
8.253125 -0.107774 -0.095556 0.886632
8.256250 -0.107204 -0.094780 0.884106
8.259375 -0.106618 -0.093990 0.881562
8.262500 -0.106016 -0.093188 0.878999
8.265625 -0.105399 -0.092374 0.876417
8.268750 -0.104767 -0.091547 0.873813
8.271875 -0.104120 -0.090708 0.871188
8.275000 -0.103457 -0.089857 0.868539
8.278125 -0.102780 -0.088994 0.865867
8.281250 -0.102088 -0.088119 0.863169
8.284375 -0.101382 -0.087233 0.860444
8.287500 -0.100661 -0.086336 0.857691
8.290625 -0.099926 -0.085428 0.854909
8.293750 -0.099178 -0.084509 0.852096
8.296875 -0.098415 -0.083579 0.849251
8.300000 -0.097639 -0.082639 0.846373
8.303125 -0.096850 -0.081689 0.843459
8.306250 -0.096048 -0.080729 0.840509
8.309375 -0.095232 -0.079759 0.837519
8.312500 -0.094404 -0.078779 0.83449
8.315625 -0.093563 -0.077790 0.831418
8.318750 -0.092710 -0.076792 0.828302
8.321875 -0.091844 -0.075784 0.825139
8.325000 -0.090967 -0.074768 0.821929
8.328125 -0.090078 -0.073744 0.818667
8.331250 -0.089177 -0.072710 0.815353
8.334375 -0.088264 -0.071669 0.811983
8.337500 -0.087341 -0.070620 0.808555
8.340625 -0.086406 -0.069563 0.805066
8.343750 -0.085461 -0.068498 0.801513
8.346875 -0.084505 -0.067426 0.797893
8.350000 -0.083538 -0.066346 0.794204
8.353125 -0.082561 -0.065260 0.790441
8.356250 -0.081575 -0.064167 0.786601
8.359375 -0.080578 -0.063067 0.782681
8.362500 -0.079572 -0.061961 0.778676
8.365625 -0.078556 -0.060848 0.774582
8.368750 -0.077532 -0.059730 0.770395
8.371875 -0.076498 -0.058606 0.76611
8.375000 -0.075455 -0.057476 0.761722
8.378125 -0.074404 -0.056341 0.757226
8.381250 -0.073345 -0.055200 0.752616
8.384375 -0.072277 -0.054055 0.747885
8.387500 -0.071201 -0.052904 0.743028
8.390625 -0.070118 -0.051750 0.738038
8.393750 -0.069027 -0.050590 0.732907
8.396875 -0.067928 -0.049427 0.727628
8.400000 -0.066823 -0.048259 0.722191
8.403125 -0.065710 -0.047087 0.716589
8.406250 -0.064591 -0.045912 0.710811
8.409375 -0.063465 -0.044733 0.704847
8.412500 -0.062333 -0.043551 0.698686
8.415625 -0.061195 -0.042366 0.692315
8.418750 -0.060051 -0.041178 0.685722
8.421875 -0.058901 -0.039987 0.678893
8.425000 -0.057745 -0.038794 0.671811
8.428125 -0.056584 -0.037598 0.664462
8.431250 -0.055418 -0.036400 0.656826
8.434375 -0.054247 -0.035200 0.648883
8.437500 -0.053072 -0.033998 0.640614
8.440625 -0.051892 -0.032795 0.631993
8.443750 -0.050707 -0.031590 0.622995
8.446875 -0.049518 -0.030384 0.613592
8.450000 -0.048325 -0.029177 0.603754
8.453125 -0.047129 -0.027968 0.593444
8.456250 -0.045929 -0.026759 0.582626
8.459375 -0.044725 -0.025550 0.571258
8.462500 -0.043519 -0.024340 0.559292
8.465625 -0.042309 -0.023129 0.546676
8.468750 -0.041096 -0.021919 0.533352
8.471875 -0.039881 -0.020708 0.519253
8.475000 -0.038664 -0.019498 0.504307
8.478125 -0.037444 -0.018289 0.488429
8.481250 -0.036222 -0.017079 0.471524
8.484375 -0.034998 -0.015871 0.453483
8.487500 -0.033772 -0.014663 0.434183
8.490625 -0.032545 -0.013457 0.413481
8.493750 -0.031316 -0.012251 0.391212
8.496875 -0.030087 -0.011047 0.367182
8.500000 -0.028856 -0.009845 0.341169
8.503125 -0.027624 -0.008644 0.312907
8.506250 -0.026392 -0.007445 0.282082
8.509375 -0.025159 -0.006248 0.24832
8.512500 -0.023926 -0.005052 0.211169
8.515625 -0.022693 -0.003860 0.170081
8.518750 -0.021460 -0.002669 0.12438
8.521875 -0.020227 -0.001481 0.0732319
8.525000 -0.018994 -0.000296 0.0155825
8.528125 -0.017762 0.000886 -0.0499095
8.531250 -0.016531 0.002066 -0.124982
8.534375 -0.015300 0.003242 -0.211927
8.537500 -0.014070 0.004416 -0.313832
8.540625 -0.012842 0.005586 -0.434955
8.543750 -0.011615 0.006752 -0.581337
8.546875 -0.010389 0.007915 -0.761851
8.550000 -0.009165 0.009074 -0.990075
8.553125 -0.007943 0.010229 -1.28789
8.556250 -0.006722 0.011380 -1.69295
8.559375 -0.005504 0.012528 -2.27611
8.562500 -0.004288 0.013670 -3.18817
8.565625 -0.003074 0.014809 -4.81726
8.568750 -0.001863 0.015943 -8.55794
8.571875 -0.000654 0.017073 -26.0881
8.575000 0.000551 0.018197 33.007
8.578125 0.001754 0.019317 11.0126
8.581250 0.002954 0.020432 6.91722
8.584375 0.004150 0.021542 5.19049
8.587500 0.005343 0.022647 4.23826
8.590625 0.006533 0.023747 3.63479
8.593750 0.007719 0.024841 3.21805
8.596875 0.008901 0.025929 2.91293
8.600000 0.010080 0.027012 2.67984
8.603125 0.011254 0.028090 2.49592
8.606250 0.012424 0.029161 2.34708
8.609375 0.013590 0.030227 2.22412
8.612500 0.014752 0.031287 2.12082
8.615625 0.015909 0.032340 2.0328
8.618750 0.017062 0.033388 1.95687
8.621875 0.018209 0.034429 1.89071
8.625000 0.019352 0.035463 1.83252
8.628125 0.020490 0.036492 1.78093
8.631250 0.021623 0.037513 1.73488
8.634375 0.022751 0.038528 1.69351
8.637500 0.023873 0.039537 1.65614
8.640625 0.024990 0.040538 1.6222
8.643750 0.026101 0.041533 1.59123
8.646875 0.027207 0.042520 1.56287
8.650000 0.028307 0.043501 1.53678
8.653125 0.029401 0.044474 1.5127
8.656250 0.030489 0.045440 1.4904
8.659375 0.031571 0.046399 1.46969
8.662500 0.032647 0.047351 1.4504
8.665625 0.033717 0.048295 1.43238
8.668750 0.034780 0.049231 1.41552
8.671875 0.035837 0.050160 1.39969
8.675000 0.036887 0.051082 1.38481
8.678125 0.037931 0.051995 1.37079
8.681250 0.038968 0.052901 1.35755
8.684375 0.039998 0.053799 1.34503
8.687500 0.041022 0.054689 1.33317
8.690625 0.042038 0.055571 1.32192
8.693750 0.043047 0.056445 1.31123
8.696875 0.044050 0.057311 1.30105
8.700000 0.045045 0.058169 1.29136
8.703125 0.046033 0.059018 1.2821
8.706250 0.047013 0.059860 1.27326
8.709375 0.047986 0.060693 1.2648
8.712500 0.048951 0.061517 1.25671
8.715625 0.049909 0.062333 1.24894
8.718750 0.050859 0.063141 1.24149
8.721875 0.051802 0.063940 1.23433
8.725000 0.052736 0.064731 1.22745
8.728125 0.053663 0.065513 1.22083
8.731250 0.054582 0.066287 1.21444
8.734375 0.055493 0.067051 1.20829
8.737500 0.056395 0.067807 1.20235
8.740625 0.057290 0.068555 1.19662
8.743750 0.058177 0.069293 1.19108
8.746875 0.059055 0.070023 1.18572
8.750000 0.059925 0.070743 1.18053
8.753125 0.060786 0.071455 1.17551
8.756250 0.061639 0.072158 1.17064
8.759375 0.062484 0.072852 1.16592
8.762500 0.063320 0.073536 1.16134
8.765625 0.064148 0.074212 1.15689
8.768750 0.064967 0.074879 1.15257
8.771875 0.065777 0.075536 1.14837
8.775000 0.066579 0.076185 1.14428
8.778125 0.067372 0.076824 1.1403
8.781250 0.068156 0.077454 1.13643
8.784375 0.068931 0.078075 1.13265
8.787500 0.069697 0.078687 1.12897
8.790625 0.070455 0.079289 1.12539
8.793750 0.071203 0.079882 1.12189
8.796875 0.071943 0.080466 1.11847
8.800000 0.072673 0.081040 1.11514
8.803125 0.073395 0.081606 1.11188
8.806250 0.074107 0.082162 1.10869
8.809375 0.074810 0.082708 1.10558
8.812500 0.075504 0.083245 1.10253
8.815625 0.076189 0.083773 1.09955
8.818750 0.076864 0.084291 1.09663
8.821875 0.077530 0.084800 1.09377
8.825000 0.078187 0.085300 1.09097
8.828125 0.078835 0.085790 1.08822
8.831250 0.079473 0.086271 1.08553
8.834375 0.080102 0.086742 1.08289
8.837500 0.080722 0.087204 1.08029
8.840625 0.081332 0.087656 1.07775
8.843750 0.081933 0.088099 1.07525
8.846875 0.082524 0.088532 1.0728
8.850000 0.083106 0.088956 1.07039
8.853125 0.083679 0.089371 1.06802
8.856250 0.084242 0.089776 1.0657
8.859375 0.084795 0.090172 1.06341
8.862500 0.085339 0.090558 1.06115
8.865625 0.085873 0.090935 1.05894
8.868750 0.086398 0.091302 1.05675
8.871875 0.086914 0.091660 1.05461
8.875000 0.087419 0.092008 1.05249
8.878125 0.087916 0.092347 1.05041
8.881250 0.088402 0.092677 1.04835
8.884375 0.088879 0.092997 1.04633
8.887500 0.089347 0.093307 1.04433
8.890625 0.089805 0.093609 1.04236
8.893750 0.090253 0.093901 1.04042
8.896875 0.090691 0.094183 1.0385
8.900000 0.091121 0.094456 1.03661
8.903125 0.091540 0.094720 1.03474
8.906250 0.091950 0.094975 1.0329
8.909375 0.092350 0.095220 1.03107
8.912500 0.092741 0.095456 1.02927
8.915625 0.093122 0.095682 1.02749
8.918750 0.093494 0.095899 1.02573
8.921875 0.093856 0.096107 1.02399
8.925000 0.094208 0.096306 1.02227
8.928125 0.094551 0.096496 1.02057
8.931250 0.094884 0.096676 1.01889
8.934375 0.095208 0.096847 1.01722
8.937500 0.095522 0.097009 1.01557
8.940625 0.095826 0.097162 1.01394
8.943750 0.096122 0.097306 1.01232
8.946875 0.096407 0.097440 1.01072
8.950000 0.096683 0.097566 1.00913
8.953125 0.096950 0.097682 1.00756
8.956250 0.097207 0.097790 1.006
8.959375 0.097455 0.097888 1.00445
8.962500 0.097693 0.097978 1.00292
8.965625 0.097922 0.098059 1.0014
8.968750 0.098141 0.098130 0.999887
8.971875 0.098351 0.098193 0.99839
8.975000 0.098552 0.098247 0.996904
8.978125 0.098743 0.098292 0.995429
8.981250 0.098925 0.098328 0.993964
8.984375 0.099098 0.098356 0.99251
8.987500 0.099261 0.098374 0.991065
8.990625 0.099415 0.098384 0.989629
8.993750 0.099560 0.098386 0.988203
8.996875 0.099696 0.098379 0.986785
9.000000 0.099823 0.098363 0.985376
9.003125 0.099940 0.098338 0.983974
9.006250 0.100048 0.098305 0.98258
9.009375 0.100147 0.098264 0.981194
9.012500 0.100237 0.098214 0.979814
9.015625 0.100318 0.098155 0.978442
9.018750 0.100390 0.098088 0.977075
9.021875 0.100452 0.098013 0.975715
9.025000 0.100506 0.097929 0.97436
9.028125 0.100551 0.097837 0.973011
9.031250 0.100587 0.097737 0.971667
9.034375 0.100614 0.097629 0.970328
9.037500 0.100632 0.097512 0.968994
9.040625 0.100642 0.097387 0.967664
9.043750 0.100642 0.097254 0.966338
9.046875 0.100634 0.097113 0.965016
9.050000 0.100617 0.096964 0.963697
9.053125 0.100591 0.096807 0.962382
9.056250 0.100557 0.096642 0.961069
9.059375 0.100514 0.096469 0.959759
9.062500 0.100463 0.096289 0.958452
9.065625 0.100403 0.096100 0.957147
9.068750 0.100334 0.095903 0.955843
9.071875 0.100257 0.095699 0.954542
9.075000 0.100171 0.095487 0.953242
9.078125 0.100077 0.095268 0.951943
9.081250 0.099975 0.095041 0.950644
9.084375 0.099864 0.094806 0.949347
9.087500 0.099745 0.094563 0.94805
9.090625 0.099618 0.094314 0.946753
9.093750 0.099482 0.094056 0.945455
9.096875 0.099339 0.093791 0.944158
9.100000 0.099187 0.093519 0.942859
9.103125 0.099027 0.093240 0.94156
9.106250 0.098859 0.092953 0.94026
9.109375 0.098683 0.092659 0.938958
9.112500 0.098499 0.092358 0.937655
9.115625 0.098307 0.092050 0.936349
9.118750 0.098107 0.091735 0.935042
9.121875 0.097900 0.091412 0.933732
9.125000 0.097684 0.091083 0.932419
9.128125 0.097461 0.090746 0.931104
9.131250 0.097230 0.090403 0.929785
9.134375 0.096992 0.090053 0.928462
9.137500 0.096745 0.089696 0.927136
9.140625 0.096491 0.089332 0.925806
9.143750 0.096230 0.088962 0.924472
9.146875 0.095961 0.088585 0.923132
9.150000 0.095685 0.088201 0.921788
9.153125 0.095401 0.087811 0.920439
9.156250 0.095110 0.087414 0.919085
9.159375 0.094811 0.087011 0.917725
9.162500 0.094506 0.086601 0.916358
9.165625 0.094193 0.086185 0.914986
9.168750 0.093873 0.085763 0.913606
9.171875 0.093545 0.085334 0.91222
9.175000 0.093211 0.084899 0.910827
9.178125 0.092870 0.084458 0.909426
9.181250 0.092521 0.084011 0.908017
9.184375 0.092166 0.083558 0.906599
9.187500 0.091804 0.083099 0.905173
9.190625 0.091435 0.082633 0.903739
9.193750 0.091059 0.082162 0.902294
9.196875 0.090677 0.081685 0.900841
9.200000 0.090287 0.081202 0.899377
9.203125 0.089891 0.080714 0.897902
9.206250 0.089489 0.080219 0.896417
9.209375 0.089080 0.079719 0.89492
9.212500 0.088664 0.079214 0.893412
9.215625 0.088242 0.078702 0.891891
9.218750 0.087814 0.078186 0.890358
9.221875 0.087379 0.077663 0.888812
9.225000 0.086938 0.077136 0.887253
9.228125 0.086490 0.076603 0.885679
9.231250 0.086037 0.076064 0.884091
9.234375 0.085577 0.075521 0.882488
9.237500 0.085111 0.074972 0.880869
9.240625 0.084640 0.074418 0.879234
9.243750 0.084162 0.073859 0.877583
9.246875 0.083678 0.073295 0.875914
9.250000 0.083188 0.072725 0.874228
9.253125 0.082693 0.072151 0.872523
9.256250 0.082191 0.071572 0.870799
9.259375 0.081684 0.070988 0.869056
9.262500 0.081171 0.070399 0.867292
9.265625 0.080653 0.069806 0.865507
9.268750 0.080129 0.069207 0.863701
9.271875 0.079599 0.068604 0.861871
9.275000 0.079064 0.067997 0.860019
9.278125 0.078524 0.067384 0.858143
9.281250 0.077978 0.066768 0.856242
9.284375 0.077426 0.066146 0.854315
9.287500 0.076870 0.065521 0.852362
9.290625 0.076308 0.064891 0.850381
9.293750 0.075741 0.064257 0.848372
9.296875 0.075169 0.063618 0.846333
9.300000 0.074592 0.062975 0.844265
9.303125 0.074009 0.062328 0.842165
9.306250 0.073422 0.061677 0.840032
9.309375 0.072830 0.061022 0.837866
9.312500 0.072233 0.060363 0.835666
9.315625 0.071631 0.059700 0.833429
9.318750 0.071025 0.059033 0.831156
9.321875 0.070413 0.058362 0.828844
9.325000 0.069797 0.057687 0.826492
9.328125 0.069177 0.057008 0.824099
9.331250 0.068551 0.056326 0.821663
9.334375 0.067922 0.055640 0.819183
9.337500 0.067288 0.054951 0.816657
9.340625 0.066649 0.054258 0.814084
9.343750 0.066006 0.053561 0.811462
9.346875 0.065359 0.052861 0.808788
9.350000 0.064707 0.052158 0.806061
9.353125 0.064051 0.051451 0.803279
9.356250 0.063391 0.050741 0.80044
9.359375 0.062727 0.050028 0.797542
9.362500 0.062059 0.049311 0.794582
9.365625 0.061387 0.048592 0.791558
9.368750 0.060711 0.047869 0.788466
9.371875 0.060031 0.047143 0.785306
9.375000 0.059347 0.046414 0.782073
9.378125 0.058660 0.045682 0.778765
9.381250 0.057968 0.044947 0.775378
9.384375 0.057273 0.044210 0.771909
9.387500 0.056575 0.043469 0.768355
9.390625 0.055872 0.042726 0.764711
9.393750 0.055166 0.041980 0.760974
9.396875 0.054457 0.041232 0.75714
9.400000 0.053744 0.040480 0.753204
9.403125 0.053028 0.039726 0.749162
9.406250 0.052308 0.038970 0.745008
9.409375 0.051585 0.038211 0.740738
9.412500 0.050859 0.037450 0.736345
9.415625 0.050130 0.036686 0.731824
9.418750 0.049397 0.035920 0.727168
9.421875 0.048661 0.035152 0.72237
9.425000 0.047923 0.034381 0.717424
9.428125 0.047181 0.033608 0.712322
9.431250 0.046436 0.032833 0.707054
9.434375 0.045688 0.032056 0.701613
9.437500 0.044938 0.031276 0.695989
9.440625 0.044185 0.030495 0.690172
9.443750 0.043429 0.029712 0.68415
9.446875 0.042670 0.028926 0.677912
9.450000 0.041908 0.028139 0.671446
9.453125 0.041144 0.027350 0.664737
9.456250 0.040377 0.026559 0.657772
9.459375 0.039608 0.025766 0.650533
9.462500 0.038836 0.024972 0.643003
9.465625 0.038062 0.024176 0.635165
9.468750 0.037286 0.023378 0.626996
9.471875 0.036507 0.022579 0.618476
9.475000 0.035725 0.021778 0.60958
9.478125 0.034942 0.020975 0.60028
9.481250 0.034156 0.020171 0.590549
9.484375 0.033369 0.019366 0.580354
9.487500 0.032579 0.018559 0.56966
9.490625 0.031787 0.017750 0.558428
9.493750 0.030992 0.016941 0.546615
9.496875 0.030196 0.016130 0.534175
9.500000 0.029398 0.015318 0.521053
9.503125 0.028599 0.014505 0.507191
9.506250 0.027797 0.013691 0.492523
9.509375 0.026993 0.012875 0.476975
9.512500 0.026188 0.012059 0.460463
9.515625 0.025381 0.011241 0.442894
9.518750 0.024573 0.010423 0.42416
9.521875 0.023762 0.009603 0.40414
9.525000 0.022950 0.008783 0.382693
9.528125 0.022137 0.007962 0.35966
9.531250 0.021322 0.007140 0.334856
9.534375 0.020506 0.006317 0.308065
9.537500 0.019688 0.005494 0.279035
9.540625 0.018869 0.004670 0.24747
9.543750 0.018049 0.003845 0.21302
9.546875 0.017227 0.003019 0.175266
9.550000 0.016404 0.002193 0.133706
9.553125 0.015580 0.001367 0.0877271
9.556250 0.014755 0.000540 0.0365816
9.559375 0.013928 -0.000288 -0.0206592
9.562500 0.013101 -0.001116 -0.0851603
9.565625 0.012273 -0.001944 -0.158404
9.568750 0.011443 -0.002773 -0.242303
9.571875 0.010613 -0.003602 -0.339377
9.575000 0.009781 -0.004431 -0.453003
9.578125 0.008949 -0.005261 -0.587822
9.581250 0.008116 -0.006090 -0.750387
9.584375 0.007282 -0.006920 -0.950265
9.587500 0.006448 -0.007750 -1.20199
9.590625 0.005613 -0.008580 -1.52878
9.593750 0.004777 -0.009411 -1.97012
9.596875 0.003940 -0.010241 -2.59911
9.600000 0.003103 -0.011071 -3.56783
9.603125 0.002265 -0.011902 -5.25354
9.606250 0.001427 -0.012732 -8.92035
9.609375 0.000589 -0.013562 -23.0393
9.612500 -0.000250 -0.014392 57.4704
9.615625 -0.001090 -0.015222 13.9664
9.618750 -0.001930 -0.016052 8.31807
9.621875 -0.002770 -0.016881 6.09451
9.625000 -0.003610 -0.017710 4.90545
9.628125 -0.004451 -0.018539 4.16516
9.631250 -0.005292 -0.019368 3.65987
9.634375 -0.006133 -0.020196 3.293
9.637500 -0.006974 -0.021024 3.0145
9.640625 -0.007815 -0.021851 2.79585
9.643750 -0.008657 -0.022678 2.61964
9.646875 -0.009498 -0.023504 2.47458
9.650000 -0.010340 -0.024330 2.35308
9.653125 -0.011181 -0.025155 2.24982
9.656250 -0.012022 -0.025980 2.16098
9.659375 -0.012863 -0.026804 2.08373
9.662500 -0.013705 -0.027627 2.01593
9.665625 -0.014545 -0.028450 1.95595
9.668750 -0.015386 -0.029272 1.90251
9.671875 -0.016226 -0.030093 1.85458
9.675000 -0.017066 -0.030914 1.81136
9.678125 -0.017906 -0.031733 1.77218
9.681250 -0.018746 -0.032552 1.7365
9.684375 -0.019585 -0.033370 1.70386
9.687500 -0.020423 -0.034187 1.6739
9.690625 -0.021262 -0.035003 1.64629
9.693750 -0.022099 -0.035818 1.62077
9.696875 -0.022937 -0.036632 1.5971
9.700000 -0.023773 -0.037445 1.5751
9.703125 -0.024609 -0.038257 1.55458
9.706250 -0.025445 -0.039068 1.53541
9.709375 -0.026280 -0.039878 1.51745
9.712500 -0.027114 -0.040687 1.50059
9.715625 -0.027947 -0.041494 1.48473
9.718750 -0.028780 -0.042301 1.46979
9.721875 -0.029612 -0.043106 1.45568
9.725000 -0.030443 -0.043910 1.44234
9.728125 -0.031274 -0.044712 1.42971
9.731250 -0.032103 -0.045514 1.41773
9.734375 -0.032932 -0.046314 1.40635
9.737500 -0.033760 -0.047112 1.39552
9.740625 -0.034586 -0.047909 1.38521
9.743750 -0.035412 -0.048705 1.37538
9.746875 -0.036237 -0.049500 1.36599
9.750000 -0.037061 -0.050293 1.35703
9.753125 -0.037884 -0.051084 1.34845
9.756250 -0.038705 -0.051874 1.34023
9.759375 -0.039526 -0.052663 1.33236
9.762500 -0.040345 -0.053450 1.3248
9.765625 -0.041164 -0.054235 1.31754
9.768750 -0.041981 -0.055019 1.31057
9.771875 -0.042797 -0.055801 1.30386
9.775000 -0.043611 -0.056582 1.2974
9.778125 -0.044425 -0.057360 1.29118
9.781250 -0.045237 -0.058138 1.28518
9.784375 -0.046048 -0.058913 1.27939
9.787500 -0.046857 -0.059687 1.2738
9.790625 -0.047665 -0.060459 1.2684
9.793750 -0.048472 -0.061229 1.26318
9.796875 -0.049277 -0.061997 1.25813
9.800000 -0.050081 -0.062763 1.25324
9.803125 -0.050883 -0.063528 1.2485
9.806250 -0.051684 -0.064291 1.24392
9.809375 -0.052484 -0.065052 1.23947
9.812500 -0.053281 -0.065811 1.23515
9.815625 -0.054078 -0.066568 1.23097
9.818750 -0.054872 -0.067323 1.2269
9.821875 -0.055665 -0.068076 1.22295
9.825000 -0.056457 -0.068827 1.21912
9.828125 -0.057246 -0.069576 1.21539
9.831250 -0.058034 -0.070324 1.21176
9.834375 -0.058821 -0.071069 1.20823
9.837500 -0.059605 -0.071812 1.2048
9.840625 -0.060388 -0.072554 1.20146
9.843750 -0.061169 -0.073293 1.1982
9.846875 -0.061949 -0.074031 1.19503
9.850000 -0.062726 -0.074766 1.19194
9.853125 -0.063502 -0.075500 1.18893
9.856250 -0.064276 -0.076231 1.186
9.859375 -0.065048 -0.076960 1.18314
9.862500 -0.065818 -0.077688 1.18034
9.865625 -0.066586 -0.078413 1.17762
9.868750 -0.067352 -0.079136 1.17496
9.871875 -0.068116 -0.079857 1.17236
9.875000 -0.068879 -0.080577 1.16983
9.878125 -0.069639 -0.081294 1.16736
9.881250 -0.070397 -0.082009 1.16495
9.884375 -0.071154 -0.082723 1.16259
9.887500 -0.071908 -0.083434 1.1603
9.890625 -0.072660 -0.084144 1.15805
9.893750 -0.073410 -0.084852 1.15586
9.896875 -0.074158 -0.085558 1.15372
9.900000 -0.074904 -0.086262 1.15163
9.903125 -0.075648 -0.086964 1.14959
9.906250 -0.076389 -0.087664 1.1476
9.909375 -0.077129 -0.088363 1.14565
9.912500 -0.077866 -0.089059 1.14375
9.915625 -0.078601 -0.089753 1.14188
9.918750 -0.079334 -0.090445 1.14006
9.921875 -0.080064 -0.091134 1.13826
9.925000 -0.080792 -0.091821 1.1365
9.928125 -0.081518 -0.092504 1.13477
9.931250 -0.082242 -0.093185 1.13306
9.934375 -0.082963 -0.093863 1.13137
9.937500 -0.083682 -0.094536 1.1297
9.940625 -0.084399 -0.095206 1.12804
9.943750 -0.085114 -0.095871 1.12639
9.946875 -0.085826 -0.096532 1.12474
9.950000 -0.086535 -0.097187 1.12309
9.953125 -0.087242 -0.097837 1.12143
9.956250 -0.087947 -0.098480 1.11976
9.959375 -0.088650 -0.099117 1.11808
9.962500 -0.089350 -0.099747 1.11637
9.965625 -0.090047 -0.100370 1.11464
9.968750 -0.090742 -0.100985 1.11287
9.971875 -0.091435 -0.101591 1.11107
9.975000 -0.092125 -0.102188 1.10923
9.978125 -0.092813 -0.102775 1.10734
9.981250 -0.093498 -0.103353 1.1054
9.984375 -0.094180 -0.103919 1.10341
9.987500 -0.094860 -0.104475 1.10136
9.990625 -0.095538 -0.105020 1.09925
9.993750 -0.096213 -0.105553 1.09708
9.996875 -0.096885 -0.106073 1.09484
10.000000 -0.097555 -0.106581 1.09253
10.003125 -0.098221 -0.107076 1.09015
10.006250 -0.098884 -0.107557 1.08771
10.009375 -0.099543 -0.108025 1.08521
10.012500 -0.100197 -0.108478 1.08266
10.015625 -0.100844 -0.108918 1.08006
10.018750 -0.101486 -0.109342 1.07741
10.021875 -0.102121 -0.109752 1.07473
10.025000 -0.102748 -0.110146 1.07201
10.028125 -0.103366 -0.110525 1.06926
10.031250 -0.103977 -0.110889 1.06648
10.034375 -0.104578 -0.111236 1.06367
10.037500 -0.105169 -0.111567 1.06084
10.040625 -0.105750 -0.111882 1.05798
10.043750 -0.106320 -0.112180 1.05511
10.046875 -0.106880 -0.112461 1.05222
10.050000 -0.107427 -0.112726 1.04932
10.053125 -0.107963 -0.112973 1.04641
10.056250 -0.108486 -0.113203 1.04348
10.059375 -0.108996 -0.113416 1.04055
10.062500 -0.109493 -0.113611 1.03761
10.065625 -0.109977 -0.113789 1.03466
10.068750 -0.110446 -0.113949 1.03171
10.071875 -0.110901 -0.114091 1.02876
10.075000 -0.111342 -0.114215 1.0258
10.078125 -0.111768 -0.114321 1.02284
10.081250 -0.112179 -0.114409 1.01988
10.084375 -0.112574 -0.114479 1.01692
10.087500 -0.112954 -0.114530 1.01396
10.090625 -0.113317 -0.114564 1.011
10.093750 -0.113665 -0.114579 1.00804
10.096875 -0.113996 -0.114576 1.00508
10.100000 -0.114311 -0.114554 1.00213
10.103125 -0.114609 -0.114515 0.99918
10.106250 -0.114889 -0.114456 0.996232
10.109375 -0.115153 -0.114380 0.993287
10.112500 -0.115399 -0.114285 0.990345
10.115625 -0.115628 -0.114172 0.987407
10.118750 -0.115840 -0.114041 0.984473
10.121875 -0.116033 -0.113892 0.981543
10.125000 -0.116209 -0.113724 0.978617
10.128125 -0.116367 -0.113539 0.975695
10.131250 -0.116507 -0.113335 0.972777
10.134375 -0.116629 -0.113114 0.969862
10.137500 -0.116732 -0.112875 0.966951
10.140625 -0.116818 -0.112617 0.964044
10.143750 -0.116885 -0.112343 0.96114
10.146875 -0.116933 -0.112050 0.958239
10.150000 -0.116964 -0.111740 0.955341
10.153125 -0.116975 -0.111413 0.952445
10.156250 -0.116969 -0.111068 0.949552
10.159375 -0.116944 -0.110706 0.946661
10.162500 -0.116900 -0.110327 0.943772
10.165625 -0.116838 -0.109931 0.940883
10.168750 -0.116757 -0.109518 0.937996
10.171875 -0.116658 -0.109088 0.935109
10.175000 -0.116541 -0.108642 0.932222
10.178125 -0.116405 -0.108179 0.929334
10.181250 -0.116250 -0.107700 0.926445
10.184375 -0.116078 -0.107204 0.923555
10.187500 -0.115887 -0.106693 0.920662
10.190625 -0.115678 -0.106165 0.917767
10.193750 -0.115450 -0.105622 0.914868
10.196875 -0.115205 -0.105063 0.911965
10.200000 -0.114941 -0.104488 0.909057
10.203125 -0.114660 -0.103898 0.906144
10.206250 -0.114360 -0.103293 0.903225
10.209375 -0.114043 -0.102673 0.900299
10.212500 -0.113709 -0.102038 0.897365
10.215625 -0.113356 -0.101388 0.894423
10.218750 -0.112986 -0.100724 0.891472
10.221875 -0.112599 -0.100045 0.888511
10.225000 -0.112194 -0.099352 0.885539
10.228125 -0.111772 -0.098645 0.882556
10.231250 -0.111334 -0.097925 0.87956
10.234375 -0.110878 -0.097190 0.87655
10.237500 -0.110406 -0.096442 0.873527
10.240625 -0.109916 -0.095681 0.870487
10.243750 -0.109411 -0.094906 0.867432
10.246875 -0.108889 -0.094119 0.864359
10.250000 -0.108350 -0.093319 0.861267
10.253125 -0.107796 -0.092506 0.858156
10.256250 -0.107226 -0.091681 0.855024
10.259375 -0.106640 -0.090843 0.85187
10.262500 -0.106038 -0.089994 0.848693
10.265625 -0.105421 -0.089132 0.845491
10.268750 -0.104789 -0.088260 0.842264
10.271875 -0.104141 -0.087375 0.83901
10.275000 -0.103478 -0.086480 0.835727
10.278125 -0.102801 -0.085573 0.832414
10.281250 -0.102109 -0.084656 0.82907
10.284375 -0.101403 -0.083727 0.825694
10.287500 -0.100682 -0.082789 0.822282
10.290625 -0.099947 -0.081840 0.818835
10.293750 -0.099198 -0.080881 0.815349
10.296875 -0.098436 -0.079913 0.811824
10.300000 -0.097660 -0.078934 0.808256
10.303125 -0.096871 -0.077946 0.804646
10.306250 -0.096068 -0.076949 0.800989
10.309375 -0.095252 -0.075943 0.797285
10.312500 -0.094424 -0.074928 0.793531
10.315625 -0.093583 -0.073905 0.789724
10.318750 -0.092730 -0.072873 0.785863
10.321875 -0.091864 -0.071833 0.781944
10.325000 -0.090987 -0.070784 0.777965
10.328125 -0.090097 -0.069728 0.773923
10.331250 -0.089196 -0.068665 0.769816
10.334375 -0.088284 -0.067593 0.765639
10.337500 -0.087360 -0.066515 0.76139
10.340625 -0.086425 -0.065430 0.757066
10.343750 -0.085480 -0.064337 0.752662
10.346875 -0.084524 -0.063239 0.748176
10.350000 -0.083557 -0.062133 0.743603
10.353125 -0.082580 -0.061022 0.738939
10.356250 -0.081593 -0.059904 0.734179
10.359375 -0.080597 -0.058781 0.729319
10.362500 -0.079590 -0.057652 0.724354
10.365625 -0.078575 -0.056517 0.719279
10.368750 -0.077550 -0.055377 0.714087
10.371875 -0.076516 -0.054233 0.708774
10.375000 -0.075473 -0.053083 0.703333
10.378125 -0.074422 -0.051929 0.697758
10.381250 -0.073363 -0.050770 0.69204
10.384375 -0.072295 -0.049607 0.686174
10.387500 -0.071219 -0.048440 0.68015
10.390625 -0.070135 -0.047268 0.67396
10.393750 -0.069044 -0.046094 0.667596
10.396875 -0.067946 -0.044915 0.661046
10.400000 -0.066840 -0.043734 0.654302
10.403125 -0.065728 -0.042549 0.647352
10.406250 -0.064608 -0.041361 0.640183
10.409375 -0.063482 -0.040171 0.632783
10.412500 -0.062350 -0.038978 0.625138
10.415625 -0.061212 -0.037782 0.617233
10.418750 -0.060068 -0.036584 0.609052
10.421875 -0.058918 -0.035385 0.600577
10.425000 -0.057762 -0.034183 0.591789
10.428125 -0.056601 -0.032980 0.582667
10.431250 -0.055435 -0.031775 0.57319
10.434375 -0.054264 -0.030569 0.563332
10.437500 -0.053088 -0.029361 0.553068
10.440625 -0.051908 -0.028153 0.542367
10.443750 -0.050723 -0.026944 0.531198
10.446875 -0.049534 -0.025734 0.519526
10.450000 -0.048342 -0.024524 0.507311
10.453125 -0.047145 -0.023314 0.494513
10.456250 -0.045945 -0.022103 0.481082
10.459375 -0.044741 -0.020893 0.466968
10.462500 -0.043534 -0.019682 0.452111
10.465625 -0.042325 -0.018472 0.436447
10.468750 -0.041112 -0.017263 0.419903
10.471875 -0.039897 -0.016054 0.402397
10.475000 -0.038679 -0.014846 0.383838
10.478125 -0.037459 -0.013640 0.364121
10.481250 -0.036237 -0.012434 0.343128
10.484375 -0.035013 -0.011230 0.320726
10.487500 -0.033787 -0.010027 0.296759
10.490625 -0.032560 -0.008825 0.27105
10.493750 -0.031331 -0.007626 0.243395
10.496875 -0.030102 -0.006428 0.213555
10.500000 -0.028871 -0.005233 0.181251
10.503125 -0.027639 -0.004040 0.146154
10.506250 -0.026407 -0.002849 0.107875
10.509375 -0.025174 -0.001660 0.0659498
10.512500 -0.023941 -0.000474 0.0198174
10.515625 -0.022708 0.000709 -0.0312031
10.518750 -0.021474 0.001889 -0.0879478
10.521875 -0.020241 0.003066 -0.151455
10.525000 -0.019009 0.004239 -0.223029
10.528125 -0.017776 0.005410 -0.304335
10.531250 -0.016545 0.006577 -0.397527
10.534375 -0.015314 0.007740 -0.505447
10.537500 -0.014084 0.008900 -0.631919
10.540625 -0.012856 0.010056 -0.78222
10.543750 -0.011629 0.011208 -0.963833
10.546875 -0.010403 0.012356 -1.18774
10.550000 -0.009179 0.013499 -1.47074
10.553125 -0.007956 0.014639 -1.83989
10.556250 -0.006736 0.015774 -2.34173
10.559375 -0.005517 0.016904 -3.06369
10.562500 -0.004301 0.018029 -4.19158
10.565625 -0.003088 0.019150 -6.20236
10.568750 -0.001876 0.020266 -10.8011
10.571875 -0.000668 0.021377 -32.016
10.575000 0.000538 0.022482 41.7801
10.578125 0.001741 0.023583 13.5457
10.581250 0.002941 0.024678 8.39166
10.584375 0.004137 0.025767 6.22803
10.587500 0.005331 0.026851 5.03728
10.590625 0.006520 0.027930 4.28352
10.593750 0.007706 0.029002 3.76341
10.596875 0.008889 0.030069 3.38281
10.600000 0.010067 0.031129 3.09217
10.603125 0.011242 0.032184 2.86293
10.606250 0.012412 0.033232 2.67745
10.609375 0.013578 0.034274 2.52427
10.612500 0.014740 0.035310 2.39559
10.615625 0.015897 0.036339 2.28596
10.618750 0.017049 0.037362 2.19142
10.621875 0.018197 0.038378 2.10903
10.625000 0.019340 0.039388 2.03659
10.628125 0.020478 0.040390 1.97237
10.631250 0.021611 0.041386 1.91505
10.634375 0.022739 0.042375 1.86356
10.637500 0.023861 0.043356 1.81705
10.640625 0.024978 0.044331 1.77481
10.643750 0.026089 0.045298 1.73629
10.646875 0.027195 0.046258 1.70099
10.650000 0.028295 0.047211 1.66853
10.653125 0.029389 0.048156 1.63857
10.656250 0.030477 0.049094 1.61084
10.659375 0.031559 0.050024 1.58507
10.662500 0.032635 0.050946 1.56108
10.665625 0.033705 0.051861 1.53867
10.668750 0.034769 0.052768 1.5177
10.671875 0.035825 0.053667 1.49802
10.675000 0.036876 0.054558 1.47951
10.678125 0.037920 0.055442 1.46208
10.681250 0.038957 0.056317 1.44562
10.684375 0.039987 0.057184 1.43006
10.687500 0.041011 0.058043 1.41532
10.690625 0.042027 0.058894 1.40133
10.693750 0.043037 0.059736 1.38804
10.696875 0.044039 0.060571 1.37539
10.700000 0.045034 0.061396 1.36334
10.703125 0.046022 0.062214 1.35184
10.706250 0.047002 0.063023 1.34085
10.709375 0.047975 0.063823 1.33034
10.712500 0.048941 0.064615 1.32028
10.715625 0.049899 0.065399 1.31063
10.718750 0.050849 0.066173 1.30137
10.721875 0.051791 0.066939 1.29248
10.725000 0.052726 0.067696 1.28393
10.728125 0.053653 0.068445 1.2757
10.731250 0.054572 0.069185 1.26778
10.734375 0.055482 0.069915 1.26013
10.737500 0.056385 0.070637 1.25276
10.740625 0.057280 0.071350 1.24564
10.743750 0.058167 0.072054 1.23876
10.746875 0.059045 0.072749 1.23211
10.750000 0.059915 0.073436 1.22567
10.753125 0.060776 0.074113 1.21943
10.756250 0.061630 0.074780 1.21339
10.759375 0.062474 0.075439 1.20752
10.762500 0.063311 0.076089 1.20184
10.765625 0.064138 0.076730 1.19632
10.768750 0.064957 0.077361 1.19095
10.771875 0.065768 0.077983 1.18574
10.775000 0.066569 0.078596 1.18066
10.778125 0.067362 0.079200 1.17573
10.781250 0.068146 0.079794 1.17092
10.784375 0.068922 0.080379 1.16624
10.787500 0.069688 0.080955 1.16168
10.790625 0.070446 0.081521 1.15723
10.793750 0.071194 0.082079 1.15289
10.796875 0.071934 0.082626 1.14865
10.800000 0.072664 0.083165 1.14451
10.803125 0.073385 0.083694 1.14047
10.806250 0.074098 0.084213 1.13652
10.809375 0.074801 0.084724 1.13266
10.812500 0.075495 0.085225 1.12888
10.815625 0.076180 0.085716 1.12518
10.818750 0.076855 0.086198 1.12156
10.821875 0.077522 0.086670 1.11802
10.825000 0.078179 0.087134 1.11455
10.828125 0.078826 0.087587 1.11114
10.831250 0.079465 0.088031 1.10781
10.834375 0.080094 0.088466 1.10453
10.837500 0.080713 0.088891 1.10132
10.840625 0.081324 0.089307 1.09817
10.843750 0.081924 0.089714 1.09508
10.846875 0.082516 0.090111 1.09204
10.850000 0.083098 0.090498 1.08905
10.853125 0.083670 0.090876 1.08612
10.856250 0.084233 0.091245 1.08324
10.859375 0.084787 0.091604 1.0804
10.862500 0.085331 0.091953 1.07761
10.865625 0.085865 0.092294 1.07487
10.868750 0.086390 0.092624 1.07217
10.871875 0.086905 0.092946 1.06951
10.875000 0.087411 0.093258 1.06689
10.878125 0.087907 0.093560 1.06431
10.881250 0.088394 0.093854 1.06176
10.884375 0.088871 0.094137 1.05926
10.887500 0.089339 0.094412 1.05679
10.890625 0.089797 0.094677 1.05435
10.893750 0.090245 0.094933 1.05194
10.896875 0.090684 0.095179 1.04957
10.900000 0.091113 0.095416 1.04723
10.903125 0.091532 0.095644 1.04492
10.906250 0.091942 0.095862 1.04264
10.909375 0.092343 0.096072 1.04038
10.912500 0.092733 0.096272 1.03815
10.915625 0.093114 0.096462 1.03595
10.918750 0.093486 0.096644 1.03378
10.921875 0.093848 0.096816 1.03163
10.925000 0.094200 0.096979 1.0295
10.928125 0.094543 0.097133 1.0274
10.931250 0.094877 0.097278 1.02531
10.934375 0.095200 0.097414 1.02325
10.937500 0.095514 0.097541 1.02122
10.940625 0.095819 0.097659 1.0192
10.943750 0.096114 0.097767 1.0172
10.946875 0.096400 0.097867 1.01522
10.950000 0.096676 0.097958 1.01326
10.953125 0.096943 0.098039 1.01131
10.956250 0.097200 0.098112 1.00938
10.959375 0.097448 0.098176 1.00748
10.962500 0.097686 0.098231 1.00558
10.965625 0.097915 0.098277 1.0037
10.968750 0.098134 0.098315 1.00184
10.971875 0.098344 0.098343 0.999991
10.975000 0.098545 0.098363 0.998157
10.978125 0.098736 0.098375 0.996336
10.981250 0.098918 0.098377 0.994528
10.984375 0.099091 0.098371 0.992732
10.987500 0.099255 0.098356 0.990949
10.990625 0.099409 0.098333 0.989178
10.993750 0.099554 0.098301 0.987418
10.996875 0.099689 0.098261 0.985668
11.000000 0.099816 0.098212 0.983929
11.003125 0.099933 0.098154 0.9822
11.006250 0.100041 0.098089 0.980481
11.009375 0.100140 0.098015 0.978771
11.012500 0.100230 0.097932 0.97707
11.015625 0.100311 0.097841 0.975376
11.018750 0.100383 0.097742 0.973691
11.021875 0.100446 0.097635 0.972014
11.025000 0.100500 0.097519 0.970344
11.028125 0.100545 0.097396 0.968681
11.031250 0.100581 0.097264 0.967024
11.034375 0.100608 0.097124 0.965373
11.037500 0.100626 0.096976 0.963728
11.040625 0.100635 0.096820 0.962089
11.043750 0.100636 0.096656 0.960455
11.046875 0.100628 0.096484 0.958825
11.050000 0.100611 0.096305 0.9572
11.053125 0.100585 0.096117 0.955579
11.056250 0.100551 0.095922 0.953962
11.059375 0.100508 0.095719 0.952348
11.062500 0.100457 0.095508 0.950738
11.065625 0.100397 0.095289 0.94913
11.068750 0.100328 0.095063 0.947524
11.071875 0.100251 0.094829 0.945921
11.075000 0.100165 0.094588 0.94432
11.078125 0.100071 0.094339 0.94272
11.081250 0.099969 0.094083 0.941121
11.084375 0.099858 0.093819 0.939523
11.087500 0.099739 0.093548 0.937926
11.090625 0.099612 0.093270 0.936329
11.093750 0.099477 0.092984 0.934732
11.096875 0.099333 0.092691 0.933134
11.100000 0.099181 0.092391 0.931536
11.103125 0.099021 0.092084 0.929937
11.106250 0.098853 0.091769 0.928337
11.109375 0.098678 0.091448 0.926735
11.112500 0.098494 0.091119 0.925131
11.115625 0.098302 0.090784 0.923524
11.118750 0.098102 0.090442 0.921915
11.121875 0.097894 0.090092 0.920304
11.125000 0.097679 0.089736 0.918689
11.128125 0.097456 0.089374 0.91707
11.131250 0.097225 0.089004 0.915448
11.134375 0.096986 0.088628 0.913821
11.137500 0.096740 0.088245 0.91219
11.140625 0.096486 0.087856 0.910554
11.143750 0.096225 0.087460 0.908913
11.146875 0.095956 0.087058 0.907267
11.150000 0.095680 0.086649 0.905614
11.153125 0.095396 0.086234 0.903956
11.156250 0.095105 0.085812 0.902291
11.159375 0.094806 0.085384 0.900618
11.162500 0.094501 0.084950 0.898939
11.165625 0.094188 0.084510 0.897252
11.168750 0.093868 0.084064 0.895557
11.171875 0.093540 0.083611 0.893853
11.175000 0.093206 0.083153 0.892141
11.178125 0.092865 0.082689 0.890419
11.181250 0.092516 0.082218 0.888688
11.184375 0.092161 0.081742 0.886947
11.187500 0.091799 0.081260 0.885195
11.190625 0.091430 0.080772 0.883432
11.193750 0.091054 0.080279 0.881658
11.196875 0.090672 0.079779 0.879872
11.200000 0.090282 0.079275 0.878073
11.203125 0.089887 0.078764 0.876262
11.206250 0.089484 0.078248 0.874438
11.209375 0.089075 0.077727 0.8726
11.212500 0.088659 0.077200 0.870747
11.215625 0.088237 0.076668 0.868879
11.218750 0.087809 0.076130 0.866997
11.221875 0.087374 0.075587 0.865098
11.225000 0.086933 0.075039 0.863182
11.228125 0.086486 0.074486 0.861249
11.231250 0.086032 0.073928 0.859299
11.234375 0.085573 0.073364 0.85733
11.237500 0.085107 0.072795 0.855342
11.240625 0.084635 0.072222 0.853334
11.243750 0.084157 0.071644 0.851306
11.246875 0.083673 0.071060 0.849257
11.250000 0.083184 0.070472 0.847186
11.253125 0.082688 0.069879 0.845092
11.256250 0.082187 0.069281 0.842975
11.259375 0.081680 0.068679 0.840834
11.262500 0.081167 0.068072 0.838668
11.265625 0.080648 0.067461 0.836476
11.268750 0.080124 0.066844 0.834257
11.271875 0.079595 0.066224 0.832011
11.275000 0.079060 0.065599 0.829736
11.278125 0.078519 0.064969 0.827432
11.281250 0.077973 0.064336 0.825098
11.284375 0.077422 0.063698 0.822732
11.287500 0.076866 0.063055 0.820333
11.290625 0.076304 0.062409 0.817901
11.293750 0.075737 0.061758 0.815434
11.296875 0.075165 0.061104 0.812931
11.300000 0.074588 0.060445 0.810391
11.303125 0.074005 0.059782 0.807812
11.306250 0.073418 0.059116 0.805194
11.309375 0.072826 0.058445 0.802534
11.312500 0.072229 0.057771 0.799832
11.315625 0.071627 0.057093 0.797087
11.318750 0.071021 0.056411 0.794295
11.321875 0.070409 0.055726 0.791456
11.325000 0.069793 0.055037 0.788569
11.328125 0.069173 0.054344 0.785631
11.331250 0.068548 0.053648 0.782641
11.334375 0.067918 0.052948 0.779596
11.337500 0.067284 0.052245 0.776495
11.340625 0.066645 0.051539 0.773336
11.343750 0.066002 0.050829 0.770117
11.346875 0.065355 0.050116 0.766834
11.350000 0.064703 0.049400 0.763487
11.353125 0.064048 0.048681 0.760072
11.356250 0.063388 0.047958 0.756587
11.359375 0.062724 0.047233 0.753029
11.362500 0.062056 0.046504 0.749395
11.365625 0.061384 0.045773 0.745683
11.368750 0.060708 0.045038 0.741888
11.371875 0.060028 0.044301 0.738008
11.375000 0.059344 0.043561 0.73404
11.378125 0.058656 0.042818 0.729978
11.381250 0.057965 0.042072 0.725821
11.384375 0.057270 0.041324 0.721563
11.387500 0.056571 0.040573 0.717199
11.390625 0.055869 0.039819 0.712727
11.393750 0.055163 0.039063 0.70814
11.396875 0.054453 0.038304 0.703433
11.400000 0.053741 0.037543 0.698602
11.403125 0.053024 0.036780 0.69364
11.406250 0.052305 0.036014 0.688542
11.409375 0.051582 0.035246 0.6833
11.412500 0.050856 0.034475 0.677908
11.415625 0.050126 0.033703 0.672358
11.418750 0.049394 0.032928 0.666643
11.421875 0.048658 0.032151 0.660755
11.425000 0.047919 0.031372 0.654684
11.428125 0.047178 0.030591 0.648421
11.431250 0.046433 0.029808 0.641956
11.434375 0.045685 0.029023 0.635277
11.437500 0.044935 0.028236 0.628374
11.440625 0.044181 0.027447 0.621234
11.443750 0.043425 0.026656 0.613843
11.446875 0.042666 0.025864 0.606187
11.450000 0.041905 0.025070 0.59825
11.453125 0.041141 0.024274 0.590016
11.456250 0.040374 0.023476 0.581466
11.459375 0.039605 0.022677 0.57258
11.462500 0.038833 0.021876 0.563338
11.465625 0.038059 0.021074 0.553717
11.468750 0.037283 0.020270 0.543691
11.471875 0.036504 0.019465 0.533233
11.475000 0.035722 0.018658 0.522313
11.478125 0.034939 0.017850 0.5109
11.481250 0.034153 0.017041 0.498956
11.484375 0.033365 0.016230 0.486444
11.487500 0.032576 0.015419 0.473319
11.490625 0.031784 0.014606 0.459535
11.493750 0.030989 0.013791 0.445038
11.496875 0.030193 0.012976 0.429771
11.500000 0.029396 0.012160 0.413669
11.503125 0.028596 0.011343 0.396659
11.506250 0.027794 0.010524 0.37866
11.509375 0.026990 0.009705 0.359582
11.512500 0.026185 0.008885 0.339322
11.515625 0.025378 0.008064 0.317764
11.518750 0.024570 0.007243 0.294778
11.521875 0.023759 0.006420 0.270214
11.525000 0.022948 0.005597 0.2439
11.528125 0.022134 0.004773 0.215641
11.531250 0.021319 0.003949 0.185207
11.534375 0.020503 0.003123 0.152336
11.537500 0.019685 0.002298 0.116718
11.540625 0.018866 0.001471 0.0779904
11.543750 0.018046 0.000645 0.0357224
11.546875 0.017224 -0.000183 -0.0105993
11.550000 0.016401 -0.001010 -0.0615923
11.553125 0.015577 -0.001838 -0.118007
11.556250 0.014752 -0.002667 -0.180761
11.559375 0.013926 -0.003495 -0.250996
11.562500 0.013098 -0.004324 -0.330141
11.565625 0.012270 -0.005154 -0.420015
11.568750 0.011440 -0.005983 -0.522968
11.571875 0.010610 -0.006813 -0.642091
11.575000 0.009779 -0.007642 -0.781531
11.578125 0.008947 -0.008472 -0.946986
11.581250 0.008114 -0.009302 -1.1465
11.584375 0.007280 -0.010132 -1.39183
11.587500 0.006445 -0.010962 -1.70082
11.590625 0.005610 -0.011792 -2.10198
11.593750 0.004774 -0.012622 -2.64385
11.596875 0.003938 -0.013452 -3.41625
11.600000 0.003101 -0.014282 -4.60617
11.603125 0.002263 -0.015112 -6.67777
11.606250 0.001425 -0.015941 -11.1882
11.609375 0.000586 -0.016770 -28.6094
11.612500 -0.000253 -0.017599 69.5925
11.615625 -0.001092 -0.018428 16.8698
11.618750 -0.001932 -0.019256 9.96603
11.621875 -0.002772 -0.020084 7.2445
11.625000 -0.003613 -0.020912 5.78829
11.628125 -0.004453 -0.021739 4.88136
11.631250 -0.005294 -0.022565 4.26221
11.634375 -0.006135 -0.023392 3.81258
11.637500 -0.006977 -0.024217 3.47123
11.640625 -0.007818 -0.025042 3.20322
11.643750 -0.008659 -0.025867 2.9872
11.646875 -0.009501 -0.026691 2.80937
11.650000 -0.010342 -0.027514 2.66041
11.653125 -0.011183 -0.028336 2.53382
11.656250 -0.012025 -0.029158 2.42489
11.659375 -0.012866 -0.029979 2.33018
11.662500 -0.013707 -0.030800 2.24705
11.665625 -0.014548 -0.031619 2.17351
11.668750 -0.015388 -0.032438 2.10799
11.671875 -0.016229 -0.033256 2.04923
11.675000 -0.017069 -0.034073 1.99623
11.678125 -0.017908 -0.034889 1.9482
11.681250 -0.018748 -0.035704 1.90445
11.684375 -0.019587 -0.036519 1.86444
11.687500 -0.020426 -0.037332 1.8277
11.690625 -0.021264 -0.038144 1.79385
11.693750 -0.022101 -0.038955 1.76256
11.696875 -0.022939 -0.039765 1.73354
11.700000 -0.023775 -0.040574 1.70656
11.703125 -0.024611 -0.041382 1.68141
11.706250 -0.025447 -0.042188 1.6579
11.709375 -0.026282 -0.042994 1.63588
11.712500 -0.027116 -0.043798 1.61521
11.715625 -0.027949 -0.044601 1.59577
11.718750 -0.028782 -0.045402 1.57745
11.721875 -0.029614 -0.046203 1.56016
11.725000 -0.030445 -0.047002 1.5438
11.728125 -0.031276 -0.047799 1.52832
11.731250 -0.032105 -0.048595 1.51363
11.734375 -0.032934 -0.049390 1.49967
11.737500 -0.033762 -0.050183 1.4864
11.740625 -0.034588 -0.050975 1.47377
11.743750 -0.035414 -0.051766 1.46172
11.746875 -0.036239 -0.052554 1.45022
11.750000 -0.037063 -0.053342 1.43923
11.753125 -0.037886 -0.054128 1.42871
11.756250 -0.038707 -0.054912 1.41864
11.759375 -0.039528 -0.055694 1.40899
11.762500 -0.040347 -0.056475 1.39973
11.765625 -0.041166 -0.057255 1.39083
11.768750 -0.041983 -0.058032 1.38228
11.771875 -0.042799 -0.058808 1.37406
11.775000 -0.043613 -0.059582 1.36614
11.778125 -0.044427 -0.060354 1.35851
11.781250 -0.045239 -0.061124 1.35115
11.784375 -0.046050 -0.061893 1.34405
11.787500 -0.046859 -0.062660 1.33719
11.790625 -0.047667 -0.063424 1.33057
11.793750 -0.048474 -0.064187 1.32416
11.796875 -0.049279 -0.064948 1.31797
11.800000 -0.050083 -0.065707 1.31197
11.803125 -0.050885 -0.066464 1.30616
11.806250 -0.051686 -0.067219 1.30053
11.809375 -0.052485 -0.067972 1.29507
11.812500 -0.053283 -0.068723 1.28978
11.815625 -0.054079 -0.069472 1.28464
11.818750 -0.054874 -0.070219 1.27965
11.821875 -0.055667 -0.070965 1.27481
11.825000 -0.056458 -0.071708 1.2701
11.828125 -0.057248 -0.072449 1.26552
11.831250 -0.058036 -0.073188 1.26107
11.834375 -0.058822 -0.073925 1.25674
11.837500 -0.059607 -0.074660 1.25253
11.840625 -0.060390 -0.075392 1.24843
11.843750 -0.061171 -0.076123 1.24443
11.846875 -0.061950 -0.076852 1.24054
11.850000 -0.062728 -0.077579 1.23675
11.853125 -0.063504 -0.078304 1.23306
11.856250 -0.064277 -0.079026 1.22946
11.859375 -0.065049 -0.079747 1.22595
11.862500 -0.065819 -0.080466 1.22253
11.865625 -0.066588 -0.081183 1.21919
11.868750 -0.067354 -0.081899 1.21594
11.871875 -0.068118 -0.082612 1.21278
11.875000 -0.068880 -0.083324 1.20969
11.878125 -0.069641 -0.084034 1.20668
11.881250 -0.070399 -0.084742 1.20374
11.884375 -0.071155 -0.085449 1.20088
11.887500 -0.071909 -0.086154 1.19808
11.890625 -0.072662 -0.086857 1.19536
11.893750 -0.073412 -0.087558 1.1927
11.896875 -0.074160 -0.088258 1.19011
11.900000 -0.074905 -0.088955 1.18757
11.903125 -0.075649 -0.089651 1.18509
11.906250 -0.076391 -0.090344 1.18266
11.909375 -0.077130 -0.091035 1.18028
11.912500 -0.077867 -0.091723 1.17794
11.915625 -0.078602 -0.092409 1.17565
11.918750 -0.079335 -0.093091 1.17339
11.921875 -0.080065 -0.093769 1.17116
11.925000 -0.080794 -0.094444 1.16895
11.928125 -0.081520 -0.095115 1.16677
11.931250 -0.082243 -0.095781 1.16461
11.934375 -0.082965 -0.096443 1.16245
11.937500 -0.083684 -0.097099 1.16031
11.940625 -0.084401 -0.097749 1.15816
11.943750 -0.085115 -0.098394 1.15601
11.946875 -0.085827 -0.099031 1.15385
11.950000 -0.086537 -0.099662 1.15168
11.953125 -0.087244 -0.100285 1.14948
11.956250 -0.087949 -0.100901 1.14727
11.959375 -0.088651 -0.101507 1.14502
11.962500 -0.089351 -0.102105 1.14274
11.965625 -0.090049 -0.102693 1.14042
11.968750 -0.090744 -0.103272 1.13806
11.971875 -0.091436 -0.103839 1.13565
11.975000 -0.092126 -0.104396 1.13319
11.978125 -0.092814 -0.104942 1.13067
11.981250 -0.093499 -0.105476 1.1281
11.984375 -0.094182 -0.105998 1.12547
11.987500 -0.094862 -0.106507 1.12277
11.990625 -0.095539 -0.107004 1.12
11.993750 -0.096214 -0.107487 1.11716
11.996875 -0.096886 -0.107956 1.11426
12.000000 -0.097556 -0.108412 1.11128
12.003125 -0.098223 -0.108853 1.10822
12.006250 -0.098886 -0.109279 1.10511
12.009375 -0.099544 -0.109691 1.10193
12.012500 -0.100198 -0.110087 1.0987
12.015625 -0.100846 -0.110468 1.09542
12.018750 -0.101487 -0.110834 1.0921
12.021875 -0.102122 -0.111183 1.08873
12.025000 -0.102749 -0.111517 1.08533
12.028125 -0.103368 -0.111834 1.0819
12.031250 -0.103978 -0.112134 1.07844
12.034375 -0.104579 -0.112418 1.07496
12.037500 -0.105170 -0.112685 1.07145
12.040625 -0.105751 -0.112934 1.06793
12.043750 -0.106322 -0.113167 1.06438
12.046875 -0.106881 -0.113382 1.06083
12.050000 -0.107428 -0.113580 1.05726
12.053125 -0.107964 -0.113760 1.05369
12.056250 -0.108487 -0.113923 1.0501
12.059375 -0.108997 -0.114067 1.04651
12.062500 -0.109494 -0.114194 1.04292
12.065625 -0.109978 -0.114302 1.03932
12.068750 -0.110447 -0.114393 1.03572
12.071875 -0.110903 -0.114465 1.03213
12.075000 -0.111343 -0.114520 1.02853
12.078125 -0.111769 -0.114556 1.02493
12.081250 -0.112180 -0.114573 1.02134
12.084375 -0.112575 -0.114573 1.01774
12.087500 -0.112955 -0.114554 1.01416
12.090625 -0.113319 -0.114517 1.01057
12.093750 -0.113666 -0.114461 1.00699
12.096875 -0.113997 -0.114387 1.00342
12.100000 -0.114312 -0.114295 0.999851
12.103125 -0.114610 -0.114184 0.996289
12.106250 -0.114890 -0.114056 0.992734
12.109375 -0.115154 -0.113909 0.989185
12.112500 -0.115401 -0.113744 0.985643
12.115625 -0.115630 -0.113561 0.982108
12.118750 -0.115841 -0.113360 0.97858
12.121875 -0.116035 -0.113141 0.975059
12.125000 -0.116210 -0.112904 0.971545
12.128125 -0.116368 -0.112649 0.968037
12.131250 -0.116508 -0.112376 0.964537
12.134375 -0.116630 -0.112086 0.961042
12.137500 -0.116734 -0.111779 0.957554
12.140625 -0.116819 -0.111454 0.954073
12.143750 -0.116886 -0.111111 0.950596
12.146875 -0.116934 -0.110752 0.947125
12.150000 -0.116965 -0.110375 0.94366
12.153125 -0.116976 -0.109981 0.940199
12.156250 -0.116970 -0.109570 0.936742
12.159375 -0.116945 -0.109143 0.933288
12.162500 -0.116901 -0.108699 0.929838
12.165625 -0.116839 -0.108238 0.926391
12.168750 -0.116758 -0.107761 0.922945
12.171875 -0.116659 -0.107268 0.919501
12.175000 -0.116542 -0.106759 0.916058
12.178125 -0.116406 -0.106234 0.912616
12.181250 -0.116251 -0.105693 0.909172
12.184375 -0.116079 -0.105136 0.905728
12.187500 -0.115888 -0.104563 0.902282
12.190625 -0.115679 -0.103976 0.898833
12.193750 -0.115451 -0.103373 0.895381
12.196875 -0.115206 -0.102755 0.891925
12.200000 -0.114942 -0.102122 0.888463
12.203125 -0.114661 -0.101474 0.884996
12.206250 -0.114361 -0.100812 0.881523
12.209375 -0.114044 -0.100136 0.878041
12.212500 -0.113709 -0.099445 0.874551
12.215625 -0.113357 -0.098740 0.871052
12.218750 -0.112987 -0.098021 0.867543
12.221875 -0.112600 -0.097289 0.864021
12.225000 -0.112195 -0.096543 0.860488
12.228125 -0.111773 -0.095783 0.856941
12.231250 -0.111335 -0.095011 0.853379
12.234375 -0.110879 -0.094225 0.849802
12.237500 -0.110406 -0.093427 0.846208
12.240625 -0.109917 -0.092616 0.842596
12.243750 -0.109412 -0.091792 0.838964
12.246875 -0.108890 -0.090957 0.835312
12.250000 -0.108351 -0.090109 0.831638
12.253125 -0.107797 -0.089250 0.827942
12.256250 -0.107227 -0.088378 0.82422
12.259375 -0.106641 -0.087496 0.820473
12.262500 -0.106039 -0.086602 0.816698
12.265625 -0.105422 -0.085697 0.812895
12.268750 -0.104789 -0.084781 0.809061
12.271875 -0.104142 -0.083854 0.805195
12.275000 -0.103479 -0.082917 0.801296
12.278125 -0.102802 -0.081970 0.797361
12.281250 -0.102110 -0.081013 0.793389
12.284375 -0.101403 -0.080046 0.789377
12.287500 -0.100683 -0.079069 0.785325
12.290625 -0.099948 -0.078082 0.78123
12.293750 -0.099199 -0.077087 0.777089
12.296875 -0.098437 -0.076082 0.772902
12.300000 -0.097661 -0.075068 0.768664
12.303125 -0.096871 -0.074046 0.764375
12.306250 -0.096069 -0.073015 0.760032
12.309375 -0.095253 -0.071976 0.755631
12.312500 -0.094425 -0.070929 0.751171
12.315625 -0.093584 -0.069874 0.746649
12.318750 -0.092731 -0.068812 0.742061
12.321875 -0.091865 -0.067742 0.737405
12.325000 -0.090987 -0.066664 0.732678
12.328125 -0.090098 -0.065580 0.727875
12.331250 -0.089197 -0.064489 0.722994
12.334375 -0.088284 -0.063391 0.718032
12.337500 -0.087361 -0.062287 0.712983
12.340625 -0.086426 -0.061176 0.707844
12.343750 -0.085480 -0.060059 0.702611
12.346875 -0.084524 -0.058937 0.697279
12.350000 -0.083558 -0.057809 0.691843
12.353125 -0.082581 -0.056675 0.686299
12.356250 -0.081594 -0.055536 0.680641
12.359375 -0.080597 -0.054392 0.674864
12.362500 -0.079591 -0.053243 0.668961
12.365625 -0.078575 -0.052090 0.662927
12.368750 -0.077551 -0.050932 0.656754
12.371875 -0.076517 -0.049769 0.650437
12.375000 -0.075474 -0.048603 0.643966
12.378125 -0.074423 -0.047432 0.637335
12.381250 -0.073363 -0.046258 0.630535
12.384375 -0.072295 -0.045080 0.623557
12.387500 -0.071220 -0.043899 0.616391
12.390625 -0.070136 -0.042715 0.609028
12.393750 -0.069045 -0.041528 0.601457
12.396875 -0.067947 -0.040337 0.593665
12.400000 -0.066841 -0.039145 0.585641
12.403125 -0.065728 -0.037950 0.577371
12.406250 -0.064609 -0.036752 0.56884
12.409375 -0.063483 -0.035553 0.560034
12.412500 -0.062351 -0.034351 0.550936
12.415625 -0.061213 -0.033148 0.541528
12.418750 -0.060068 -0.031944 0.531791
12.421875 -0.058918 -0.030738 0.521703
12.425000 -0.057763 -0.029531 0.511242
12.428125 -0.056602 -0.028323 0.500383
12.431250 -0.055436 -0.027114 0.489101
12.434375 -0.054265 -0.025904 0.477364
12.437500 -0.053089 -0.024694 0.465143
12.440625 -0.051909 -0.023483 0.452402
12.443750 -0.050724 -0.022273 0.439102
12.446875 -0.049535 -0.021062 0.425202
12.450000 -0.048342 -0.019852 0.410657
12.453125 -0.047146 -0.018642 0.395414
12.456250 -0.045945 -0.017433 0.379418
12.459375 -0.044742 -0.016224 0.362606
12.462500 -0.043535 -0.015016 0.34491
12.465625 -0.042325 -0.013809 0.326251
12.468750 -0.041113 -0.012603 0.306543
12.471875 -0.039897 -0.011398 0.285688
12.475000 -0.038680 -0.010195 0.263577
12.478125 -0.037460 -0.008994 0.240086
12.481250 -0.036238 -0.007794 0.215074
12.484375 -0.035014 -0.006596 0.188381
12.487500 -0.033788 -0.005400 0.159823
12.490625 -0.032561 -0.004206 0.129188
12.493750 -0.031332 -0.003015 0.0962328
12.496875 -0.030102 -0.001826 0.0606721
12.500000 -0.028871 -0.000640 0.0221737
12.503125 -0.027640 0.000543 -0.019654
12.506250 -0.026407 0.001724 -0.0652752
12.509375 -0.025175 0.002901 -0.115244
12.512500 -0.023941 0.004076 -0.170229
12.515625 -0.022708 0.005247 -0.231042
12.518750 -0.021475 0.006414 -0.298679
12.521875 -0.020242 0.007578 -0.374378
12.525000 -0.019009 0.008738 -0.459695
12.528125 -0.017777 0.009895 -0.556614
12.531250 -0.016545 0.011047 -0.667704
12.534375 -0.015315 0.012196 -0.796352
12.537500 -0.014085 0.013340 -0.947119
12.540625 -0.012856 0.014480 -1.12629
12.543750 -0.011629 0.015616 -1.34279
12.546875 -0.010403 0.016746 -1.60972
12.550000 -0.009179 0.017873 -1.94709
12.553125 -0.007957 0.018994 -2.38716
12.556250 -0.006736 0.020111 -2.9854
12.559375 -0.005518 0.021222 -3.84601
12.562500 -0.004302 0.022329 -5.19049
12.565625 -0.003088 0.023430 -7.58723
12.568750 -0.001877 0.024526 -13.0678
12.571875 -0.000668 0.025616 -38.3363
12.575000 0.000538 0.026701 49.6657
12.578125 0.001740 0.027780 15.9612
12.581250 0.002940 0.028853 9.81321
12.584375 0.004137 0.029921 7.23282
12.587500 0.005330 0.030982 5.8128
12.590625 0.006520 0.032038 4.91397
12.593750 0.007706 0.033087 4.29377
12.596875 0.008888 0.034130 3.83995
12.600000 0.010067 0.035167 3.49341
12.603125 0.011241 0.036197 3.22007
12.606250 0.012411 0.037221 2.99892
12.609375 0.013578 0.038238 2.81628
12.612500 0.014739 0.039249 2.66287
12.615625 0.015896 0.040252 2.53216
12.618750 0.017049 0.041249 2.41944
12.621875 0.018197 0.042239 2.32123
12.625000 0.019340 0.043221 2.23486
12.628125 0.020478 0.044197 2.15831
12.631250 0.021610 0.045165 2.08998
12.634375 0.022738 0.046126 2.0286
12.637500 0.023860 0.047080 1.97315
12.640625 0.024977 0.048026 1.9228
12.643750 0.026089 0.048965 1.87688
12.646875 0.027194 0.049897 1.83481
12.650000 0.028294 0.050820 1.79612
12.653125 0.029389 0.051736 1.76041
12.656250 0.030477 0.052644 1.72735
12.659375 0.031559 0.053544 1.69665
12.662500 0.032635 0.054437 1.66806
12.665625 0.033705 0.055321 1.64135
12.668750 0.034768 0.056198 1.61636
12.671875 0.035825 0.057066 1.59291
12.675000 0.036876 0.057926 1.57086
12.678125 0.037919 0.058778 1.55009
12.681250 0.038956 0.059622 1.53048
12.684375 0.039987 0.060457 1.51193
12.687500 0.041010 0.061284 1.49437
12.690625 0.042027 0.062103 1.47771
12.693750 0.043036 0.062913 1.46187
12.696875 0.044038 0.063715 1.4468
12.700000 0.045034 0.064508 1.43245
12.703125 0.046021 0.065293 1.41875
12.706250 0.047002 0.066069 1.40566
12.709375 0.047975 0.066836 1.39315
12.712500 0.048940 0.067594 1.38116
12.715625 0.049898 0.068344 1.36967
12.718750 0.050848 0.069085 1.35865
12.721875 0.051791 0.069817 1.34806
12.725000 0.052726 0.070540 1.33788
12.728125 0.053652 0.071255 1.32808
12.731250 0.054571 0.071960 1.31864
12.734375 0.055482 0.072656 1.30955
12.737500 0.056385 0.073344 1.30077
12.740625 0.057280 0.074022 1.29229
12.743750 0.058166 0.074691 1.2841
12.746875 0.059044 0.075351 1.27618
12.750000 0.059914 0.076002 1.26852
12.753125 0.060776 0.076644 1.26109
12.756250 0.061629 0.077277 1.2539
12.759375 0.062474 0.077900 1.24692
12.762500 0.063310 0.078514 1.24016
12.765625 0.064138 0.079119 1.23358
12.768750 0.064957 0.079715 1.2272
12.771875 0.065767 0.080302 1.221
12.775000 0.066569 0.080879 1.21496
12.778125 0.067362 0.081446 1.20909
12.781250 0.068146 0.082005 1.20337
12.784375 0.068921 0.082554 1.1978
12.787500 0.069688 0.083094 1.19237
12.790625 0.070445 0.083624 1.18708
12.793750 0.071194 0.084145 1.18192
12.796875 0.071933 0.084657 1.17688
12.800000 0.072664 0.085159 1.17196
12.803125 0.073385 0.085651 1.16715
12.806250 0.074097 0.086135 1.16245
12.809375 0.074801 0.086609 1.15786
12.812500 0.075495 0.087073 1.15337
12.815625 0.076179 0.087528 1.14897
12.818750 0.076855 0.087973 1.14467
12.821875 0.077521 0.088410 1.14046
12.825000 0.078178 0.088836 1.13633
12.828125 0.078826 0.089253 1.13228
12.831250 0.079464 0.089661 1.12832
12.834375 0.080093 0.090059 1.12443
12.837500 0.080713 0.090448 1.12061
12.840625 0.081323 0.090827 1.11687
12.843750 0.081924 0.091197 1.11319
12.846875 0.082516 0.091558 1.10958
12.850000 0.083098 0.091909 1.10603
12.853125 0.083670 0.092250 1.10255
12.856250 0.084233 0.092582 1.09912
12.859375 0.084786 0.092905 1.09575
12.862500 0.085330 0.093218 1.09244
12.865625 0.085865 0.093522 1.08918
12.868750 0.086390 0.093816 1.08597
12.871875 0.086905 0.094101 1.08281
12.875000 0.087411 0.094377 1.07969
12.878125 0.087907 0.094643 1.07663
12.881250 0.088394 0.094900 1.07361
12.884375 0.088871 0.095148 1.07063
12.887500 0.089338 0.095386 1.0677
12.890625 0.089796 0.095615 1.0648
12.893750 0.090245 0.095835 1.06195
12.896875 0.090683 0.096045 1.05913
12.900000 0.091112 0.096246 1.05635
12.903125 0.091532 0.096438 1.0536
12.906250 0.091942 0.096621 1.05089
12.909375 0.092342 0.096795 1.04822
12.912500 0.092733 0.096959 1.04557
12.915625 0.093114 0.097114 1.04296
12.918750 0.093486 0.097260 1.04038
12.921875 0.093848 0.097397 1.03782
12.925000 0.094200 0.097525 1.0353
12.928125 0.094543 0.097644 1.0328
12.931250 0.094876 0.097754 1.03033
12.934375 0.095200 0.097855 1.02788
12.937500 0.095514 0.097946 1.02546
12.940625 0.095819 0.098029 1.02307
12.943750 0.096114 0.098103 1.0207
12.946875 0.096400 0.098168 1.01835
12.950000 0.096676 0.098224 1.01602
12.953125 0.096942 0.098272 1.01371
12.956250 0.097200 0.098310 1.01143
12.959375 0.097447 0.098340 1.00916
12.962500 0.097686 0.098361 1.00691
12.965625 0.097915 0.098373 1.00468
12.968750 0.098134 0.098377 1.00247
12.971875 0.098344 0.098372 1.00028
12.975000 0.098545 0.098358 0.998105
12.978125 0.098736 0.098336 0.995945
12.981250 0.098918 0.098305 0.993801
12.984375 0.099091 0.098266 0.991672
12.987500 0.099254 0.098218 0.989557
12.990625 0.099408 0.098161 0.987456
12.993750 0.099553 0.098097 0.985368
12.996875 0.099689 0.098024 0.983294
13.000000 0.099816 0.097942 0.981232
13.003125 0.099933 0.097852 0.979182
13.006250 0.100041 0.097754 0.977143
13.009375 0.100140 0.097648 0.975115
13.012500 0.100230 0.097534 0.973097
13.015625 0.100311 0.097411 0.97109
13.018750 0.100383 0.097280 0.969092
13.021875 0.100446 0.097141 0.967103
13.025000 0.100500 0.096994 0.965123
13.028125 0.100544 0.096839 0.963151
13.031250 0.100580 0.096677 0.961186
13.034375 0.100608 0.096506 0.959229
13.037500 0.100626 0.096327 0.957279
13.040625 0.100635 0.096140 0.955336
13.043750 0.100636 0.095946 0.953399
13.046875 0.100628 0.095744 0.951467
13.050000 0.100611 0.095534 0.94954
13.053125 0.100585 0.095316 0.947619
13.056250 0.100551 0.095091 0.945702
13.059375 0.100508 0.094858 0.943789
13.062500 0.100456 0.094618 0.94188
13.065625 0.100396 0.094370 0.939974
13.068750 0.100328 0.094115 0.938072
13.071875 0.100251 0.093852 0.936171
13.075000 0.100165 0.093582 0.934273
13.078125 0.100071 0.093304 0.932377
13.081250 0.099969 0.093019 0.930482
13.084375 0.099858 0.092727 0.928589
13.087500 0.099739 0.092428 0.926696
13.090625 0.099612 0.092121 0.924803
13.093750 0.099476 0.091808 0.922911
13.096875 0.099333 0.091487 0.921018
13.100000 0.099181 0.091160 0.919124
13.103125 0.099021 0.090825 0.917229
13.106250 0.098853 0.090484 0.915333
13.109375 0.098677 0.090135 0.913435
13.112500 0.098493 0.089780 0.911535
13.115625 0.098302 0.089418 0.909632
13.118750 0.098102 0.089049 0.907726
13.121875 0.097894 0.088674 0.905817
13.125000 0.097679 0.088292 0.903904
13.128125 0.097455 0.087904 0.901987
13.131250 0.097225 0.087508 0.900066
13.134375 0.096986 0.087107 0.898139
13.137500 0.096740 0.086699 0.896208
13.140625 0.096486 0.086285 0.894271
13.143750 0.096225 0.085864 0.892328
13.146875 0.095956 0.085437 0.890378
13.150000 0.095679 0.085004 0.888421
13.153125 0.095396 0.084564 0.886458
13.156250 0.095105 0.084119 0.884486
13.159375 0.094806 0.083667 0.882507
13.162500 0.094500 0.083209 0.880519
13.165625 0.094188 0.082746 0.878521
13.168750 0.093867 0.082276 0.876515
13.171875 0.093540 0.081801 0.874498
13.175000 0.093206 0.081320 0.872471
13.178125 0.092865 0.080832 0.870433
13.181250 0.092516 0.080340 0.868384
13.184375 0.092161 0.079841 0.866323
13.187500 0.091799 0.079337 0.86425
13.190625 0.091430 0.078827 0.862163
13.193750 0.091054 0.078312 0.860064
13.196875 0.090672 0.077792 0.85795
13.200000 0.090282 0.077266 0.855821
13.203125 0.089886 0.076734 0.853678
13.206250 0.089484 0.076197 0.851519
13.209375 0.089075 0.075655 0.849343
13.212500 0.088659 0.075108 0.84715
13.215625 0.088237 0.074555 0.84494
13.218750 0.087809 0.073998 0.842712
13.221875 0.087374 0.073435 0.840464
13.225000 0.086933 0.072867 0.838197
13.228125 0.086486 0.072294 0.83591
13.231250 0.086032 0.071717 0.833602
13.234375 0.085572 0.071134 0.831271
13.237500 0.085107 0.070547 0.828918
13.240625 0.084635 0.069954 0.826542
13.243750 0.084157 0.069357 0.824142
13.246875 0.083673 0.068756 0.821717
13.250000 0.083184 0.068149 0.819265
13.253125 0.082688 0.067539 0.816788
13.256250 0.082187 0.066923 0.814282
13.259375 0.081680 0.066303 0.811748
13.262500 0.081167 0.065679 0.809184
13.265625 0.080648 0.065050 0.80659
13.268750 0.080124 0.064417 0.803965
13.271875 0.079595 0.063780 0.801306
13.275000 0.079060 0.063138 0.798614
13.278125 0.078519 0.062492 0.795888
13.281250 0.077973 0.061842 0.793125
13.284375 0.077422 0.061188 0.790325
13.287500 0.076865 0.060530 0.787486
13.290625 0.076304 0.059868 0.784608
13.293750 0.075737 0.059203 0.781688
13.296875 0.075165 0.058533 0.778726
13.300000 0.074587 0.057859 0.77572
13.303125 0.074005 0.057182 0.772669
13.306250 0.073418 0.056500 0.769571
13.309375 0.072826 0.055815 0.766423
13.312500 0.072229 0.055127 0.763226
13.315625 0.071627 0.054435 0.759976
13.318750 0.071021 0.053739 0.756673
13.321875 0.070409 0.053040 0.753313
13.325000 0.069793 0.052338 0.749896
13.328125 0.069173 0.051632 0.746419
13.331250 0.068547 0.050923 0.74288
13.334375 0.067918 0.050210 0.739277
13.337500 0.067284 0.049494 0.735607
13.340625 0.066645 0.048775 0.731868
13.343750 0.066002 0.048053 0.728057
13.346875 0.065355 0.047328 0.724172
13.350000 0.064703 0.046600 0.72021
13.353125 0.064047 0.045869 0.716168
13.356250 0.063388 0.045135 0.712043
13.359375 0.062724 0.044398 0.707831
13.362500 0.062056 0.043658 0.703529
13.365625 0.061383 0.042915 0.699134
13.368750 0.060707 0.042170 0.694642
13.371875 0.060027 0.041422 0.690049
13.375000 0.059344 0.040671 0.68535
13.378125 0.058656 0.039918 0.680542
13.381250 0.057965 0.039162 0.675619
13.384375 0.057270 0.038404 0.670578
13.387500 0.056571 0.037643 0.665412
13.390625 0.055869 0.036880 0.660116
13.393750 0.055163 0.036114 0.654685
13.396875 0.054453 0.035346 0.649112
13.400000 0.053740 0.034576 0.643392
13.403125 0.053024 0.033804 0.637516
13.406250 0.052305 0.033029 0.631479
13.409375 0.051582 0.032253 0.625271
13.412500 0.050855 0.031474 0.618886
13.415625 0.050126 0.030693 0.612314
13.418750 0.049394 0.029910 0.605546
13.421875 0.048658 0.029125 0.598573
13.425000 0.047919 0.028339 0.591382
13.428125 0.047177 0.027550 0.583964
13.431250 0.046433 0.026759 0.576306
13.434375 0.045685 0.025967 0.568396
13.437500 0.044935 0.025173 0.560219
13.440625 0.044181 0.024377 0.55176
13.443750 0.043425 0.023580 0.543004
13.446875 0.042666 0.022781 0.533934
13.450000 0.041905 0.021980 0.52453
13.453125 0.041141 0.021178 0.514774
13.456250 0.040374 0.020375 0.504644
13.459375 0.039605 0.019569 0.494117
13.462500 0.038833 0.018763 0.483166
13.465625 0.038059 0.017955 0.471767
13.468750 0.037282 0.017146 0.459887
13.471875 0.036504 0.016335 0.447497
13.475000 0.035722 0.015523 0.434559
13.478125 0.034939 0.014711 0.421036
13.481250 0.034153 0.013896 0.406885
13.484375 0.033365 0.013081 0.392061
13.487500 0.032575 0.012265 0.376512
13.490625 0.031783 0.011448 0.360181
13.493750 0.030989 0.010630 0.343007
13.496875 0.030193 0.009810 0.324921
13.500000 0.029395 0.008990 0.305845
13.503125 0.028596 0.008170 0.285694
13.506250 0.027794 0.007348 0.264372
13.509375 0.026990 0.006525 0.241771
13.512500 0.026185 0.005702 0.217771
13.515625 0.025378 0.004879 0.192233
13.518750 0.024570 0.004054 0.165004
13.521875 0.023759 0.003229 0.135905
13.525000 0.022948 0.002403 0.104734
13.528125 0.022134 0.001577 0.0712573
13.531250 0.021319 0.000751 0.0352063
13.534375 0.020503 -0.000077 -0.00373236
13.537500 0.019685 -0.000904 -0.0459246
13.540625 0.018866 -0.001732 -0.0918008
13.543750 0.018046 -0.002560 -0.141871
13.546875 0.017224 -0.003389 -0.196742
13.550000 0.016401 -0.004218 -0.257148
13.553125 0.015577 -0.005047 -0.323976
13.556250 0.014752 -0.005876 -0.398314
13.559375 0.013926 -0.006705 -0.481514
13.562500 0.013098 -0.007535 -0.575269
13.565625 0.012270 -0.008365 -0.681734
13.568750 0.011440 -0.009195 -0.803693
13.571875 0.010610 -0.010024 -0.944807
13.575000 0.009779 -0.010854 -1.10999
13.578125 0.008946 -0.011684 -1.30599
13.581250 0.008114 -0.012514 -1.54234
13.584375 0.007280 -0.013343 -1.83296
13.587500 0.006445 -0.014173 -2.19899
13.590625 0.005610 -0.015002 -2.67421
13.593750 0.004774 -0.015832 -3.31611
13.596875 0.003938 -0.016661 -4.23111
13.600000 0.003101 -0.017489 -5.64073
13.603125 0.002263 -0.018318 -8.09483
13.606250 0.001425 -0.019146 -13.4382
13.609375 0.000586 -0.019973 -34.079
13.612500 -0.000253 -0.020801 82.2239
13.615625 -0.001092 -0.021627 19.7975
13.618750 -0.001932 -0.022454 11.6205
13.621875 -0.002772 -0.023280 8.39698
13.625000 -0.003613 -0.024105 6.6721
13.628125 -0.004453 -0.024930 5.59783
13.631250 -0.005294 -0.025754 4.86443
13.634375 -0.006135 -0.026578 4.33185
13.637500 -0.006977 -0.027401 3.9275
13.640625 -0.007818 -0.028223 3.61004
13.643750 -0.008659 -0.029045 3.35416
13.646875 -0.009501 -0.029865 3.14351
13.650000 -0.010342 -0.030686 2.96707
13.653125 -0.011183 -0.031505 2.81712
13.656250 -0.012025 -0.032324 2.6881
13.659375 -0.012866 -0.033141 2.57591
13.662500 -0.013707 -0.033958 2.47745
13.665625 -0.014548 -0.034774 2.39035
13.668750 -0.015388 -0.035589 2.31274
13.671875 -0.016229 -0.036403 2.24314
13.675000 -0.017069 -0.037216 2.18037
13.678125 -0.017909 -0.038028 2.12348
13.681250 -0.018748 -0.038839 2.07166
13.684375 -0.019587 -0.039649 2.02427
13.687500 -0.020426 -0.040458 1.98076
13.690625 -0.021264 -0.041266 1.94067
13.693750 -0.022102 -0.042073 1.9036
13.696875 -0.022939 -0.042878 1.86924
13.700000 -0.023775 -0.043682 1.83728
13.703125 -0.024611 -0.044485 1.80749
13.706250 -0.025447 -0.045287 1.77965
13.709375 -0.026282 -0.046087 1.75357
13.712500 -0.027116 -0.046886 1.72909
13.715625 -0.027949 -0.047684 1.70607
13.718750 -0.028782 -0.048480 1.68438
13.721875 -0.029614 -0.049275 1.6639
13.725000 -0.030445 -0.050069 1.64454
13.728125 -0.031276 -0.050861 1.6262
13.731250 -0.032105 -0.051651 1.60881
13.734375 -0.032934 -0.052441 1.5923
13.737500 -0.033762 -0.053228 1.57659
13.740625 -0.034588 -0.054014 1.56163
13.743750 -0.035414 -0.054799 1.54737
13.746875 -0.036239 -0.055582 1.53376
13.750000 -0.037063 -0.056363 1.52075
13.753125 -0.037886 -0.057143 1.5083
13.756250 -0.038707 -0.057921 1.49638
13.759375 -0.039528 -0.058697 1.48495
13.762500 -0.040347 -0.059472 1.47399
13.765625 -0.041166 -0.060244 1.46346
13.768750 -0.041983 -0.061015 1.45333
13.771875 -0.042799 -0.061784 1.44359
13.775000 -0.043613 -0.062551 1.43422
13.778125 -0.044427 -0.063316 1.42518
13.781250 -0.045239 -0.064079 1.41647
13.784375 -0.046050 -0.064841 1.40806
13.787500 -0.046859 -0.065600 1.39994
13.790625 -0.047667 -0.066357 1.39209
13.793750 -0.048474 -0.067112 1.38451
13.796875 -0.049279 -0.067866 1.37717
13.800000 -0.050083 -0.068617 1.37007
13.803125 -0.050885 -0.069366 1.36319
13.806250 -0.051686 -0.070113 1.35652
13.809375 -0.052485 -0.070858 1.35006
13.812500 -0.053283 -0.071601 1.34379
13.815625 -0.054079 -0.072342 1.3377
13.818750 -0.054874 -0.073081 1.33179
13.821875 -0.055667 -0.073817 1.32605
13.825000 -0.056458 -0.074552 1.32048
13.828125 -0.057248 -0.075284 1.31506
13.831250 -0.058036 -0.076015 1.30978
13.834375 -0.058823 -0.076743 1.30466
13.837500 -0.059607 -0.077469 1.29967
13.840625 -0.060390 -0.078194 1.29481
13.843750 -0.061171 -0.078916 1.29008
13.846875 -0.061950 -0.079636 1.28549
13.850000 -0.062728 -0.080355 1.28101
13.853125 -0.063504 -0.081072 1.27665
13.856250 -0.064277 -0.081787 1.2724
13.859375 -0.065049 -0.082500 1.26827
13.862500 -0.065819 -0.083212 1.26425
13.865625 -0.066588 -0.083922 1.26033
13.868750 -0.067354 -0.084631 1.25652
13.871875 -0.068118 -0.085338 1.2528
13.875000 -0.068880 -0.086044 1.24918
13.878125 -0.069641 -0.086748 1.24565
13.881250 -0.070399 -0.087451 1.24222
13.884375 -0.071155 -0.088152 1.23886
13.887500 -0.071910 -0.088850 1.23559
13.890625 -0.072662 -0.089547 1.23239
13.893750 -0.073412 -0.090242 1.22926
13.896875 -0.074160 -0.090934 1.22619
13.900000 -0.074906 -0.091624 1.22319
13.903125 -0.075649 -0.092310 1.22024
13.906250 -0.076391 -0.092994 1.21734
13.909375 -0.077130 -0.093674 1.21449
13.912500 -0.077867 -0.094350 1.21167
13.915625 -0.078602 -0.095022 1.20889
13.918750 -0.079335 -0.095689 1.20614
13.921875 -0.080066 -0.096351 1.20341
13.925000 -0.080794 -0.097009 1.20069
13.928125 -0.081520 -0.097660 1.19799
13.931250 -0.082243 -0.098305 1.19529
13.934375 -0.082965 -0.098944 1.1926
13.937500 -0.083684 -0.099575 1.1899
13.940625 -0.084401 -0.100199 1.18718
13.943750 -0.085115 -0.100815 1.18446
13.946875 -0.085827 -0.101422 1.18171
13.950000 -0.086537 -0.102021 1.17893
13.953125 -0.087244 -0.102610 1.17613
13.956250 -0.087949 -0.103189 1.17329
13.959375 -0.088651 -0.103758 1.17041
13.962500 -0.089351 -0.104317 1.16749
13.965625 -0.090049 -0.104863 1.16452
13.968750 -0.090744 -0.105399 1.1615
13.971875 -0.091436 -0.105922 1.15842
13.975000 -0.092126 -0.106433 1.15529
13.978125 -0.092814 -0.106931 1.1521
13.981250 -0.093499 -0.107415 1.14884
13.984375 -0.094182 -0.107886 1.14551
13.987500 -0.094862 -0.108344 1.14212
13.990625 -0.095539 -0.108787 1.13866
13.993750 -0.096214 -0.109215 1.13513
13.996875 -0.096886 -0.109629 1.13152
14.000000 -0.097556 -0.110027 1.12784
14.003125 -0.098223 -0.110410 1.12408
14.006250 -0.098886 -0.110778 1.12026
14.009375 -0.099544 -0.111130 1.11638
14.012500 -0.100198 -0.111465 1.11245
14.015625 -0.100846 -0.111784 1.10847
14.018750 -0.101487 -0.112087 1.10445
14.021875 -0.102122 -0.112373 1.10038
14.025000 -0.102749 -0.112643 1.09629
14.028125 -0.103368 -0.112895 1.09217
14.031250 -0.103978 -0.113130 1.08802
14.034375 -0.104579 -0.113348 1.08385
14.037500 -0.105170 -0.113548 1.07966
14.040625 -0.105751 -0.113731 1.07545
14.043750 -0.106322 -0.113896 1.07124
14.046875 -0.106881 -0.114043 1.06701
14.050000 -0.107428 -0.114172 1.06277
14.053125 -0.107964 -0.114283 1.05853
14.056250 -0.108487 -0.114376 1.05429
14.059375 -0.108997 -0.114451 1.05004
14.062500 -0.109494 -0.114508 1.04579
14.065625 -0.109978 -0.114547 1.04155
14.068750 -0.110447 -0.114567 1.0373
14.071875 -0.110903 -0.114569 1.03306
14.075000 -0.111343 -0.114553 1.02882
14.078125 -0.111769 -0.114518 1.02459
14.081250 -0.112180 -0.114465 1.02037
14.084375 -0.112575 -0.114394 1.01615
14.087500 -0.112955 -0.114304 1.01194
14.090625 -0.113319 -0.114196 1.00774
14.093750 -0.113666 -0.114070 1.00355
14.096875 -0.113997 -0.113925 0.99937
14.100000 -0.114312 -0.113763 0.995198
14.103125 -0.114610 -0.113582 0.991036
14.106250 -0.114891 -0.113384 0.986884
14.109375 -0.115154 -0.113167 0.982743
14.112500 -0.115401 -0.112933 0.978613
14.115625 -0.115630 -0.112680 0.974493
14.118750 -0.115841 -0.112410 0.970384
14.121875 -0.116035 -0.112122 0.966285
14.125000 -0.116210 -0.111817 0.962196
14.128125 -0.116368 -0.111495 0.958118
14.131250 -0.116508 -0.111155 0.954049
14.134375 -0.116630 -0.110797 0.94999
14.137500 -0.116734 -0.110423 0.945939
14.140625 -0.116819 -0.110031 0.941898
14.143750 -0.116886 -0.109623 0.937865
14.146875 -0.116935 -0.109198 0.933839
14.150000 -0.116965 -0.108756 0.929821
14.153125 -0.116977 -0.108298 0.92581
14.156250 -0.116970 -0.107823 0.921805
14.159375 -0.116945 -0.107332 0.917805
14.162500 -0.116901 -0.106825 0.91381
14.165625 -0.116839 -0.106302 0.90982
14.168750 -0.116758 -0.105763 0.905833
14.171875 -0.116659 -0.105209 0.901848
14.175000 -0.116542 -0.104639 0.897866
14.178125 -0.116406 -0.104053 0.893884
14.181250 -0.116251 -0.103453 0.889903
14.184375 -0.116079 -0.102837 0.885922
14.187500 -0.115888 -0.102206 0.881939
14.190625 -0.115679 -0.101560 0.877954
14.193750 -0.115451 -0.100900 0.873965
14.196875 -0.115206 -0.100226 0.869972
14.200000 -0.114942 -0.099537 0.865975
14.203125 -0.114661 -0.098834 0.861971
14.206250 -0.114361 -0.098117 0.857959
14.209375 -0.114044 -0.097387 0.85394
14.212500 -0.113709 -0.096643 0.849911
14.215625 -0.113357 -0.095886 0.845872
14.218750 -0.112987 -0.095115 0.841821
14.221875 -0.112600 -0.094331 0.837757
14.225000 -0.112195 -0.093535 0.833679
14.228125 -0.111773 -0.092726 0.829586
14.231250 -0.111335 -0.091904 0.825476
14.234375 -0.110879 -0.091070 0.821348
14.237500 -0.110406 -0.090224 0.817202
14.240625 -0.109917 -0.089367 0.813034
14.243750 -0.109412 -0.088497 0.808845
14.246875 -0.108890 -0.087616 0.804632
14.250000 -0.108351 -0.086724 0.800394
14.253125 -0.107797 -0.085820 0.79613
14.256250 -0.107227 -0.084906 0.791837
14.259375 -0.106641 -0.083981 0.787515
14.262500 -0.106039 -0.083046 0.783161
14.265625 -0.105422 -0.082100 0.778774
14.268750 -0.104789 -0.081144 0.774352
14.271875 -0.104142 -0.080178 0.769893
14.275000 -0.103479 -0.079203 0.765396
14.278125 -0.102802 -0.078218 0.760857
14.281250 -0.102110 -0.077223 0.756275
14.284375 -0.101403 -0.076220 0.751649
14.287500 -0.100683 -0.075207 0.746974
14.290625 -0.099948 -0.074186 0.742251
14.293750 -0.099199 -0.073157 0.737475
14.296875 -0.098437 -0.072119 0.732644
14.300000 -0.097661 -0.071073 0.727756
14.303125 -0.096871 -0.070019 0.722808
14.306250 -0.096069 -0.068958 0.717797
14.309375 -0.095253 -0.067889 0.712721
14.312500 -0.094425 -0.066813 0.707575
14.315625 -0.093584 -0.065729 0.702358
14.318750 -0.092731 -0.064639 0.697064
14.321875 -0.091865 -0.063542 0.691692
14.325000 -0.090987 -0.062439 0.686237
14.328125 -0.090098 -0.061329 0.680695
14.331250 -0.089197 -0.060214 0.675062
14.334375 -0.088284 -0.059092 0.669335
14.337500 -0.087361 -0.057965 0.663507
14.340625 -0.086426 -0.056832 0.657576
14.343750 -0.085481 -0.055694 0.651535
14.346875 -0.084524 -0.054550 0.64538
14.350000 -0.083558 -0.053402 0.639105
14.353125 -0.082581 -0.052249 0.632704
14.356250 -0.081594 -0.051092 0.626171
14.359375 -0.080597 -0.049930 0.619499
14.362500 -0.079591 -0.048764 0.612683
14.365625 -0.078575 -0.047594 0.605714
14.368750 -0.077551 -0.046421 0.598584
14.371875 -0.076517 -0.045243 0.591287
14.375000 -0.075474 -0.044063 0.583812
14.378125 -0.074423 -0.042879 0.576152
14.381250 -0.073363 -0.041692 0.568296
14.384375 -0.072295 -0.040502 0.560233
14.387500 -0.071220 -0.039310 0.551954
14.390625 -0.070136 -0.038115 0.543445
14.393750 -0.069045 -0.036918 0.534696
14.396875 -0.067947 -0.035719 0.525691
14.400000 -0.066841 -0.034518 0.516417
14.403125 -0.065728 -0.033315 0.506858
14.406250 -0.064609 -0.032111 0.496998
14.409375 -0.063483 -0.030905 0.486819
14.412500 -0.062351 -0.029698 0.476301
14.415625 -0.061213 -0.028490 0.465424
14.418750 -0.060068 -0.027281 0.454166
14.421875 -0.058918 -0.026071 0.442502
14.425000 -0.057763 -0.024861 0.430406
14.428125 -0.056602 -0.023651 0.417849
14.431250 -0.055436 -0.022440 0.404801
14.434375 -0.054265 -0.021230 0.391228
14.437500 -0.053089 -0.020019 0.377093
14.440625 -0.051909 -0.018809 0.362355
14.443750 -0.050724 -0.017600 0.346971
14.446875 -0.049535 -0.016391 0.330892
14.450000 -0.048342 -0.015183 0.314065
14.453125 -0.047146 -0.013975 0.29643
14.456250 -0.045945 -0.012769 0.277923
14.459375 -0.044742 -0.011565 0.258472
14.462500 -0.043535 -0.010361 0.237995
14.465625 -0.042325 -0.009159 0.216404
14.468750 -0.041113 -0.007959 0.193597
14.471875 -0.039897 -0.006761 0.169463
14.475000 -0.038680 -0.005565 0.143874
14.478125 -0.037460 -0.004371 0.116686
14.481250 -0.036238 -0.003179 0.0877369
14.484375 -0.035014 -0.001990 0.0568406
14.487500 -0.033788 -0.000804 0.0237841
14.490625 -0.032561 0.000380 -0.0116773
14.493750 -0.031332 0.001561 -0.0498267
14.496875 -0.030102 0.002739 -0.0909935
14.500000 -0.028871 0.003914 -0.135563
14.503125 -0.027640 0.005085 -0.183988
14.506250 -0.026407 0.006253 -0.236807
14.509375 -0.025175 0.007418 -0.294661
14.512500 -0.023941 0.008579 -0.358325
14.515625 -0.022708 0.009736 -0.428738
14.518750 -0.021475 0.010889 -0.507055
14.521875 -0.020242 0.012038 -0.594709
14.525000 -0.019009 0.013183 -0.693503
14.528125 -0.017777 0.014323 -0.805733
14.531250 -0.016545 0.015460 -0.934376
14.534375 -0.015315 0.016591 -1.08335
14.537500 -0.014085 0.017718 -1.25795
14.540625 -0.012856 0.018840 -1.46544
14.543750 -0.011629 0.019958 -1.71616
14.546875 -0.010403 0.021070 -2.02528
14.550000 -0.009179 0.022177 -2.41599
14.553125 -0.007957 0.023279 -2.92564
14.556250 -0.006736 0.024375 -3.61847
14.559375 -0.005518 0.025467 -4.61516
14.562500 -0.004302 0.026552 -6.17224
14.565625 -0.003088 0.027632 -8.94797
14.568750 -0.001877 0.028706 -15.2952
14.571875 -0.000668 0.029775 -44.5587
14.575000 0.000538 0.030837 57.361
14.578125 0.001740 0.031893 18.3246
14.581250 0.002940 0.032943 11.2043
14.584375 0.004137 0.033987 8.21585
14.587500 0.005330 0.035025 6.57127
14.590625 0.006520 0.036056 5.53031
14.593750 0.007706 0.037081 4.81204
14.596875 0.008888 0.038099 4.28646
14.600000 0.010067 0.039110 3.88512
14.603125 0.011241 0.040115 3.56858
14.606250 0.012411 0.041112 3.31247
14.609375 0.013577 0.042103 3.10096
14.612500 0.014739 0.043087 2.92329
14.615625 0.015896 0.044064 2.77193
14.618750 0.017049 0.045033 2.6414
14.621875 0.018197 0.045995 2.52766
14.625000 0.019340 0.046950 2.42765
14.628125 0.020478 0.047897 2.33901
14.631250 0.021610 0.048837 2.25988
14.634375 0.022738 0.049769 2.18881
14.637500 0.023860 0.050694 2.12461
14.640625 0.024977 0.051611 2.06631
14.643750 0.026089 0.052520 2.01314
14.646875 0.027194 0.053422 1.96443
14.650000 0.028294 0.054315 1.91964
14.653125 0.029389 0.055201 1.8783
14.656250 0.030477 0.056078 1.84003
14.659375 0.031559 0.056948 1.80448
14.662500 0.032635 0.057809 1.77138
14.665625 0.033705 0.058662 1.74047
14.668750 0.034768 0.059507 1.71154
14.671875 0.035825 0.060343 1.68439
14.675000 0.036875 0.061172 1.65887
14.678125 0.037919 0.061991 1.63483
14.681250 0.038956 0.062803 1.61213
14.684375 0.039987 0.063606 1.59067
14.687500 0.041010 0.064400 1.57034
14.690625 0.042027 0.065186 1.55106
14.693750 0.043036 0.065963 1.53273
14.696875 0.044038 0.066731 1.5153
14.700000 0.045034 0.067491 1.49868
14.703125 0.046021 0.068242 1.48283
14.706250 0.047002 0.068984 1.46769
14.709375 0.047975 0.069717 1.45321
14.712500 0.048940 0.070442 1.43934
14.715625 0.049898 0.071157 1.42605
14.718750 0.050848 0.071864 1.4133
14.721875 0.051791 0.072561 1.40105
14.725000 0.052725 0.073250 1.38927
14.728125 0.053652 0.073930 1.37794
14.731250 0.054571 0.074600 1.36702
14.734375 0.055482 0.075261 1.3565
14.737500 0.056385 0.075914 1.34635
14.740625 0.057280 0.076557 1.33655
14.743750 0.058166 0.077191 1.32707
14.746875 0.059044 0.077815 1.31791
14.750000 0.059914 0.078431 1.30905
14.753125 0.060776 0.079037 1.30047
14.756250 0.061629 0.079634 1.29215
14.759375 0.062474 0.080222 1.28408
14.762500 0.063310 0.080800 1.27626
14.765625 0.064138 0.081369 1.26866
14.768750 0.064957 0.081929 1.26128
14.771875 0.065767 0.082479 1.25411
14.775000 0.066569 0.083020 1.24714
14.778125 0.067362 0.083552 1.24035
14.781250 0.068146 0.084074 1.23374
14.784375 0.068921 0.084587 1.2273
14.787500 0.069688 0.085091 1.22103
14.790625 0.070445 0.085585 1.21491
14.793750 0.071194 0.086069 1.20895
14.796875 0.071933 0.086544 1.20312
14.800000 0.072664 0.087010 1.19744
14.803125 0.073385 0.087466 1.19188
14.806250 0.074097 0.087913 1.18646
14.809375 0.074801 0.088351 1.18115
14.812500 0.075495 0.088779 1.17596
14.815625 0.076179 0.089197 1.17088
14.818750 0.076855 0.089606 1.16591
14.821875 0.077521 0.090006 1.16105
14.825000 0.078178 0.090396 1.15628
14.828125 0.078826 0.090776 1.15161
14.831250 0.079464 0.091148 1.14702
14.834375 0.080093 0.091509 1.14253
14.837500 0.080713 0.091862 1.13813
14.840625 0.081323 0.092205 1.1338
14.843750 0.081924 0.092538 1.12956
14.846875 0.082516 0.092862 1.12539
14.850000 0.083097 0.093177 1.12129
14.853125 0.083670 0.093482 1.11727
14.856250 0.084233 0.093777 1.11331
14.859375 0.084786 0.094064 1.10942
14.862500 0.085330 0.094341 1.10559
14.865625 0.085865 0.094608 1.10183
14.868750 0.086390 0.094867 1.09812
14.871875 0.086905 0.095116 1.09448
14.875000 0.087411 0.095355 1.09088
14.878125 0.087907 0.095585 1.08735
14.881250 0.088394 0.095806 1.08386
14.884375 0.088871 0.096018 1.08042
14.887500 0.089338 0.096221 1.07704
14.890625 0.089796 0.096414 1.07369
14.893750 0.090245 0.096598 1.0704
14.896875 0.090683 0.096773 1.06715
14.900000 0.091112 0.096938 1.06394
14.903125 0.091532 0.097095 1.06077
14.906250 0.091942 0.097242 1.05765
14.909375 0.092342 0.097380 1.05456
14.912500 0.092733 0.097509 1.05151
14.915625 0.093114 0.097629 1.04849
14.918750 0.093486 0.097740 1.04551
14.921875 0.093848 0.097842 1.04257
14.925000 0.094200 0.097935 1.03965
14.928125 0.094543 0.098019 1.03677
14.931250 0.094876 0.098095 1.03392
14.934375 0.095200 0.098161 1.0311
14.937500 0.095514 0.098218 1.02831
14.940625 0.095819 0.098267 1.02555
14.943750 0.096114 0.098306 1.02281
14.946875 0.096400 0.098337 1.0201
14.950000 0.096676 0.098359 1.01742
14.953125 0.096942 0.098373 1.01476
14.956250 0.097200 0.098378 1.01212
14.959375 0.097447 0.098374 1.00951
14.962500 0.097686 0.098361 1.00691
14.965625 0.097915 0.098340 1.00435
14.968750 0.098134 0.098310 1.0018
14.971875 0.098344 0.098272 0.999268
14.975000 0.098545 0.098225 0.996759
14.978125 0.098736 0.098170 0.994268
14.981250 0.098918 0.098107 0.991796
14.984375 0.099091 0.098035 0.98934
14.987500 0.099254 0.097954 0.986902
14.990625 0.099408 0.097866 0.98448
14.993750 0.099553 0.097769 0.982073
14.996875 0.099689 0.097663 0.97968
15.000000 0.099816 0.097550 0.977303
15.003125 0.099933 0.097428 0.974938
15.006250 0.100041 0.097299 0.972587
15.009375 0.100140 0.097161 0.970249
15.012500 0.100230 0.097015 0.967923
15.015625 0.100311 0.096861 0.965608
15.018750 0.100383 0.096699 0.963304
15.021875 0.100446 0.096529 0.96101
15.025000 0.100500 0.096352 0.958727
15.028125 0.100544 0.096166 0.956453
15.031250 0.100580 0.095973 0.954188
15.034375 0.100608 0.095771 0.951931
15.037500 0.100626 0.095562 0.949682
15.040625 0.100635 0.095346 0.947441
15.043750 0.100636 0.095122 0.945207
15.046875 0.100628 0.094890 0.942979
15.050000 0.100611 0.094650 0.940758
15.053125 0.100585 0.094403 0.938542
15.056250 0.100551 0.094149 0.936331
15.059375 0.100508 0.093887 0.934125
15.062500 0.100456 0.093618 0.931923
15.065625 0.100396 0.093341 0.929725
15.068750 0.100328 0.093057 0.92753
15.071875 0.100251 0.092766 0.925339
15.075000 0.100165 0.092467 0.923149
15.078125 0.100071 0.092162 0.920962
15.081250 0.099969 0.091849 0.918777
15.084375 0.099858 0.091529 0.916593
15.087500 0.099739 0.091202 0.91441
15.090625 0.099612 0.090869 0.912227
15.093750 0.099476 0.090528 0.910044
15.096875 0.099333 0.090180 0.907861
15.100000 0.099181 0.089826 0.905677
15.103125 0.099021 0.089465 0.903492
15.106250 0.098853 0.089097 0.901305
15.109375 0.098677 0.088722 0.899116
15.112500 0.098493 0.088341 0.896924
15.115625 0.098301 0.087953 0.894729
15.118750 0.098102 0.087559 0.892531
15.121875 0.097894 0.087158 0.89033
15.125000 0.097679 0.086751 0.888124
15.128125 0.097455 0.086337 0.885913
15.131250 0.097225 0.085917 0.883697
15.134375 0.096986 0.085491 0.881476
15.137500 0.096740 0.085058 0.879249
15.140625 0.096486 0.084620 0.877015
15.143750 0.096225 0.084175 0.874774
15.146875 0.095956 0.083724 0.872525
15.150000 0.095679 0.083267 0.870269
15.153125 0.095396 0.082804 0.868004
15.156250 0.095105 0.082335 0.865731
15.159375 0.094806 0.081860 0.863448
15.162500 0.094500 0.081380 0.861155
15.165625 0.094188 0.080893 0.858852
15.168750 0.093867 0.080401 0.856538
15.171875 0.093540 0.079903 0.854212
15.175000 0.093206 0.079400 0.851875
15.178125 0.092865 0.078891 0.849524
15.181250 0.092516 0.078376 0.847161
15.184375 0.092161 0.077856 0.844784
15.187500 0.091799 0.077331 0.842392
15.190625 0.091430 0.076800 0.839986
15.193750 0.091054 0.076264 0.837564
15.196875 0.090672 0.075722 0.835126
15.200000 0.090282 0.075175 0.832671
15.203125 0.089886 0.074624 0.830198
15.206250 0.089484 0.074066 0.827707
15.209375 0.089075 0.073504 0.825198
15.212500 0.088659 0.072937 0.822668
15.215625 0.088237 0.072365 0.820119
15.218750 0.087809 0.071788 0.817548
15.221875 0.087374 0.071206 0.814955
15.225000 0.086933 0.070619 0.81234
15.228125 0.086486 0.070028 0.809701
15.231250 0.086032 0.069431 0.807038
15.234375 0.085572 0.068830 0.804349
15.237500 0.085107 0.068224 0.801635
15.240625 0.084635 0.067614 0.798893
15.243750 0.084157 0.066999 0.796124
15.246875 0.083673 0.066380 0.793326
15.250000 0.083184 0.065756 0.790499
15.253125 0.082688 0.065128 0.78764
15.256250 0.082187 0.064496 0.78475
15.259375 0.081680 0.063859 0.781827
15.262500 0.081167 0.063218 0.778869
15.265625 0.080648 0.062573 0.775877
15.268750 0.080124 0.061924 0.772848
15.271875 0.079595 0.061271 0.769782
15.275000 0.079060 0.060613 0.766677
15.278125 0.078519 0.059952 0.763531
15.281250 0.077973 0.059286 0.760344
15.284375 0.077422 0.058617 0.757115
15.287500 0.076865 0.057944 0.75384
15.290625 0.076304 0.057267 0.75052
15.293750 0.075737 0.056587 0.747153
15.296875 0.075165 0.055903 0.743736
15.300000 0.074587 0.055215 0.740269
15.303125 0.074005 0.054523 0.736749
15.306250 0.073418 0.053828 0.733175
15.309375 0.072826 0.053130 0.729544
15.312500 0.072229 0.052428 0.725856
15.315625 0.071627 0.051722 0.722108
15.318750 0.071021 0.051014 0.718297
15.321875 0.070409 0.050302 0.714422
15.325000 0.069793 0.049587 0.71048
15.328125 0.069173 0.048868 0.706469
15.331250 0.068547 0.048147 0.702386
15.334375 0.067918 0.047422 0.698229
15.337500 0.067284 0.046694 0.693996
15.340625 0.066645 0.045964 0.689682
15.343750 0.066002 0.045230 0.685286
15.346875 0.065355 0.044494 0.680803
15.350000 0.064703 0.043754 0.676232
15.353125 0.064047 0.043012 0.671568
15.356250 0.063388 0.042267 0.666808
15.359375 0.062724 0.041520 0.661949
15.362500 0.062056 0.040770 0.656985
15.365625 0.061383 0.040017 0.651914
15.368750 0.060707 0.039261 0.64673
15.371875 0.060027 0.038503 0.64143
15.375000 0.059344 0.037743 0.636008
15.378125 0.058656 0.036980 0.630459
15.381250 0.057965 0.036215 0.624778
15.384375 0.057270 0.035448 0.61896
15.387500 0.056571 0.034678 0.612999
15.390625 0.055869 0.033906 0.606887
15.393750 0.055163 0.033132 0.600619
15.396875 0.054453 0.032355 0.594187
15.400000 0.053740 0.031577 0.587585
15.403125 0.053024 0.030797 0.580803
15.406250 0.052305 0.030014 0.573834
15.409375 0.051582 0.029230 0.566668
15.412500 0.050855 0.028443 0.559297
15.415625 0.050126 0.027655 0.55171
15.418750 0.049394 0.026865 0.543896
15.421875 0.048658 0.026073 0.535843
15.425000 0.047919 0.025279 0.52754
15.428125 0.047177 0.024484 0.518974
15.431250 0.046433 0.023687 0.51013
15.434375 0.045685 0.022888 0.500993
15.437500 0.044935 0.022088 0.491548
15.440625 0.044181 0.021286 0.481778
15.443750 0.043425 0.020482 0.471663
15.446875 0.042666 0.019677 0.461185
15.450000 0.041905 0.018871 0.450323
15.453125 0.041141 0.018063 0.439052
15.456250 0.040374 0.017254 0.427349
15.459375 0.039605 0.016443 0.415187
15.462500 0.038833 0.015632 0.402536
15.465625 0.038059 0.014819 0.389366
15.468750 0.037282 0.014005 0.375643
15.471875 0.036504 0.013190 0.361328
15.475000 0.035722 0.012374 0.346381
15.478125 0.034939 0.011556 0.330758
15.481250 0.034153 0.010738 0.31441
15.484375 0.033365 0.009919 0.297283
15.487500 0.032575 0.009099 0.279319
15.490625 0.031783 0.008278 0.260452
15.493750 0.030989 0.007456 0.240611
15.496875 0.030193 0.006634 0.219715
15.500000 0.029395 0.005811 0.197675
15.503125 0.028596 0.004987 0.174394
15.506250 0.027794 0.004162 0.149759
15.509375 0.026990 0.003337 0.123646
15.512500 0.026185 0.002512 0.0959161
15.515625 0.025378 0.001685 0.0664101
15.518750 0.024570 0.000859 0.0349485
15.521875 0.023759 0.000032 0.00132657
15.525000 0.022948 -0.000796 -0.03469
15.528125 0.022134 -0.001624 -0.0733705
15.531250 0.021319 -0.002452 -0.115027
15.534375 0.020503 -0.003281 -0.16002
15.537500 0.019685 -0.004110 -0.208773
15.540625 0.018866 -0.004939 -0.261784
15.543750 0.018046 -0.005768 -0.319642
15.546875 0.017224 -0.006598 -0.383049
15.550000 0.016401 -0.007427 -0.452851
15.553125 0.015577 -0.008257 -0.530076
15.556250 0.014752 -0.009087 -0.615981
15.559375 0.013926 -0.009917 -0.712127
15.562500 0.013098 -0.010747 -0.820471
15.565625 0.012270 -0.011577 -0.943503
15.568750 0.011440 -0.012406 -1.08444
15.571875 0.010610 -0.013236 -1.24751
15.575000 0.009779 -0.014066 -1.4384
15.578125 0.008946 -0.014895 -1.66489
15.581250 0.008113 -0.015724 -1.93802
15.584375 0.007280 -0.016553 -2.27385
15.587500 0.006445 -0.017382 -2.69683
15.590625 0.005610 -0.018210 -3.24599
15.593750 0.004774 -0.019038 -3.98775
15.596875 0.003938 -0.019866 -5.04509
15.600000 0.003101 -0.020693 -6.67398
15.603125 0.002263 -0.021520 -9.50983
15.606250 0.001425 -0.022346 -15.6844
15.609375 0.000586 -0.023172 -39.536
15.612500 -0.000253 -0.023997 94.8569
15.615625 -0.001092 -0.024821 22.721
15.618750 -0.001932 -0.025645 13.2722
15.621875 -0.002772 -0.026469 9.54724
15.625000 -0.003613 -0.027292 7.55407
15.628125 -0.004453 -0.028114 6.3127
15.631250 -0.005294 -0.028935 5.46522
15.634375 -0.006135 -0.029756 4.8498
15.637500 -0.006977 -0.030576 4.38256
15.640625 -0.007818 -0.031395 4.01572
15.643750 -0.008659 -0.032213 3.72004
15.646875 -0.009501 -0.033030 3.47663
15.650000 -0.010342 -0.033847 3.27275
15.653125 -0.011183 -0.034663 3.09948
15.656250 -0.012025 -0.035478 2.95039
15.659375 -0.012866 -0.036291 2.82075
15.662500 -0.013707 -0.037104 2.70698
15.665625 -0.014548 -0.037916 2.60633
15.668750 -0.015388 -0.038727 2.51665
15.671875 -0.016229 -0.039537 2.43622
15.675000 -0.017069 -0.040345 2.36369
15.678125 -0.017909 -0.041153 2.29794
15.681250 -0.018748 -0.041959 2.23806
15.684375 -0.019587 -0.042764 2.1833
15.687500 -0.020426 -0.043568 2.13302
15.690625 -0.021264 -0.044371 2.08669
15.693750 -0.022102 -0.045173 2.04386
15.696875 -0.022939 -0.045973 2.00415
15.700000 -0.023775 -0.046772 1.96723
15.703125 -0.024611 -0.047569 1.93281
15.706250 -0.025447 -0.048366 1.90064
15.709375 -0.026282 -0.049160 1.87051
15.712500 -0.027116 -0.049954 1.84224
15.715625 -0.027949 -0.050746 1.81564
15.718750 -0.028782 -0.051537 1.79059
15.721875 -0.029614 -0.052326 1.76693
15.725000 -0.030445 -0.053114 1.74457
15.728125 -0.031276 -0.053900 1.7234
15.731250 -0.032105 -0.054685 1.70331
15.734375 -0.032934 -0.055468 1.68424
15.737500 -0.033762 -0.056250 1.66609
15.740625 -0.034588 -0.057030 1.64882
15.743750 -0.035414 -0.057808 1.63235
15.746875 -0.036239 -0.058585 1.61662
15.750000 -0.037063 -0.059360 1.60159
15.753125 -0.037886 -0.060133 1.58721
15.756250 -0.038707 -0.060904 1.57344
15.759375 -0.039528 -0.061673 1.56024
15.762500 -0.040347 -0.062441 1.54758
15.765625 -0.041166 -0.063206 1.53541
15.768750 -0.041983 -0.063970 1.52372
15.771875 -0.042799 -0.064732 1.51246
15.775000 -0.043613 -0.065491 1.50163
15.778125 -0.044427 -0.066249 1.49119
15.781250 -0.045239 -0.067004 1.48113
15.784375 -0.046050 -0.067758 1.47141
15.787500 -0.046859 -0.068510 1.46203
15.790625 -0.047667 -0.069259 1.45297
15.793750 -0.048474 -0.070006 1.44421
15.796875 -0.049279 -0.070751 1.43573
15.800000 -0.050083 -0.071494 1.42752
15.803125 -0.050885 -0.072235 1.41957
15.806250 -0.051686 -0.072974 1.41187
15.809375 -0.052485 -0.073710 1.4044
15.812500 -0.053283 -0.074445 1.39715
15.815625 -0.054079 -0.075177 1.39012
15.818750 -0.054874 -0.075907 1.38329
15.821875 -0.055667 -0.076635 1.37666
15.825000 -0.056458 -0.077361 1.37022
15.828125 -0.057248 -0.078084 1.36396
15.831250 -0.058036 -0.078806 1.35788
15.834375 -0.058823 -0.079526 1.35197
15.837500 -0.059607 -0.080245 1.34623
15.840625 -0.060390 -0.080961 1.34064
15.843750 -0.061171 -0.081676 1.33521
15.846875 -0.061950 -0.082390 1.32993
15.850000 -0.062728 -0.083102 1.32479
15.853125 -0.063504 -0.083812 1.3198
15.856250 -0.064277 -0.084521 1.31494
15.859375 -0.065049 -0.085229 1.31022
15.862500 -0.065819 -0.085935 1.30562
15.865625 -0.066588 -0.086640 1.30115
15.868750 -0.067354 -0.087344 1.29679
15.871875 -0.068118 -0.088045 1.29254
15.875000 -0.068880 -0.088745 1.2884
15.878125 -0.069641 -0.089443 1.28435
15.881250 -0.070399 -0.090139 1.2804
15.884375 -0.071155 -0.090832 1.27654
15.887500 -0.071910 -0.091523 1.27275
15.890625 -0.072662 -0.092211 1.26905
15.893750 -0.073412 -0.092896 1.26541
15.896875 -0.074160 -0.093577 1.26183
15.900000 -0.074906 -0.094254 1.2583
15.903125 -0.075649 -0.094927 1.25483
15.906250 -0.076391 -0.095595 1.2514
15.909375 -0.077130 -0.096259 1.24801
15.912500 -0.077867 -0.096917 1.24464
15.915625 -0.078602 -0.097569 1.2413
15.918750 -0.079335 -0.098215 1.23798
15.921875 -0.080066 -0.098855 1.23467
15.925000 -0.080794 -0.099487 1.23137
15.928125 -0.081520 -0.100112 1.22807
15.931250 -0.082243 -0.100728 1.22476
15.934375 -0.082965 -0.101337 1.22144
15.937500 -0.083684 -0.101936 1.21811
15.940625 -0.084401 -0.102526 1.21476
15.943750 -0.085115 -0.103106 1.21138
15.946875 -0.085827 -0.103676 1.20797
15.950000 -0.086537 -0.104236 1.20453
15.953125 -0.087244 -0.104784 1.20104
15.956250 -0.087949 -0.105320 1.19752
15.959375 -0.088651 -0.105845 1.19395
15.962500 -0.089351 -0.106357 1.19033
15.965625 -0.090049 -0.106856 1.18665
15.968750 -0.090744 -0.107343 1.18292
15.971875 -0.091436 -0.107815 1.17913
15.975000 -0.092126 -0.108274 1.17528
15.978125 -0.092814 -0.108719 1.17136
15.981250 -0.093499 -0.109149 1.16738
15.984375 -0.094182 -0.109565 1.16334
15.987500 -0.094862 -0.109965 1.15922
15.990625 -0.095539 -0.110351 1.15503
15.993750 -0.096214 -0.110720 1.15077
15.996875 -0.096886 -0.111074 1.14644
16.000000 -0.097556 -0.111412 1.14203
16.003125 -0.098223 -0.111733 1.13755
16.006250 -0.098886 -0.112039 1.13301
16.009375 -0.099544 -0.112327 1.12841
16.012500 -0.100198 -0.112599 1.12376
16.015625 -0.100846 -0.112853 1.11907
16.018750 -0.101487 -0.113091 1.11434
16.021875 -0.102122 -0.113311 1.10957
16.025000 -0.102749 -0.113514 1.10477
16.028125 -0.103368 -0.113699 1.09995
16.031250 -0.103978 -0.113867 1.0951
16.034375 -0.104579 -0.114016 1.09024
16.037500 -0.105170 -0.114148 1.08537
16.040625 -0.105751 -0.114262 1.08048
16.043750 -0.106322 -0.114358 1.07558
16.046875 -0.106881 -0.114435 1.07068
16.050000 -0.107428 -0.114495 1.06578
16.053125 -0.107964 -0.114536 1.06087
16.056250 -0.108487 -0.114559 1.05597
16.059375 -0.108997 -0.114563 1.05107
16.062500 -0.109494 -0.114550 1.04617
16.065625 -0.109978 -0.114518 1.04128
16.068750 -0.110447 -0.114467 1.0364
16.071875 -0.110903 -0.114398 1.03152
16.075000 -0.111343 -0.114311 1.02666
16.078125 -0.111769 -0.114206 1.0218
16.081250 -0.112180 -0.114082 1.01696
16.084375 -0.112575 -0.113940 1.01213
16.087500 -0.112955 -0.113780 1.00731
16.090625 -0.113319 -0.113602 1.0025
16.093750 -0.113666 -0.113406 0.997711
16.096875 -0.113997 -0.113192 0.992935
16.100000 -0.114312 -0.112960 0.988172
16.103125 -0.114610 -0.112710 0.983424
16.106250 -0.114891 -0.112442 0.978691
16.109375 -0.115154 -0.112157 0.973973
16.112500 -0.115401 -0.111854 0.96927
16.115625 -0.115630 -0.111534 0.964581
16.118750 -0.115841 -0.111196 0.959906
16.121875 -0.116035 -0.110842 0.955246
16.125000 -0.116210 -0.110470 0.9506
16.128125 -0.116368 -0.110081 0.945967
16.131250 -0.116508 -0.109675 0.941347
16.134375 -0.116630 -0.109252 0.936739
16.137500 -0.116734 -0.108812 0.932144
16.140625 -0.116819 -0.108357 0.92756
16.143750 -0.116886 -0.107884 0.922988
16.146875 -0.116935 -0.107396 0.918425
16.150000 -0.116965 -0.106891 0.913873
16.153125 -0.116977 -0.106370 0.909329
16.156250 -0.116970 -0.105834 0.904793
16.159375 -0.116945 -0.105281 0.900265
16.162500 -0.116901 -0.104713 0.895744
16.165625 -0.116839 -0.104130 0.891228
16.168750 -0.116758 -0.103532 0.886717
16.171875 -0.116659 -0.102918 0.88221
16.175000 -0.116542 -0.102289 0.877706
16.178125 -0.116406 -0.101646 0.873205
16.181250 -0.116251 -0.100988 0.868704
16.184375 -0.116079 -0.100316 0.864204
16.187500 -0.115888 -0.099629 0.859703
16.190625 -0.115679 -0.098928 0.8552
16.193750 -0.115451 -0.098214 0.850694
16.196875 -0.115206 -0.097485 0.846183
16.200000 -0.114942 -0.096743 0.841668
16.203125 -0.114661 -0.095988 0.837146
16.206250 -0.114361 -0.095219 0.832616
16.209375 -0.114044 -0.094437 0.828077
16.212500 -0.113709 -0.093643 0.823528
16.215625 -0.113357 -0.092836 0.818967
16.218750 -0.112987 -0.092016 0.814394
16.221875 -0.112600 -0.091184 0.809806
16.225000 -0.112195 -0.090340 0.805203
16.228125 -0.111773 -0.089484 0.800583
16.231250 -0.111335 -0.088616 0.795944
16.234375 -0.110879 -0.087737 0.791286
16.237500 -0.110406 -0.086846 0.786606
16.240625 -0.109917 -0.085945 0.781903
16.243750 -0.109412 -0.085032 0.777175
16.246875 -0.108890 -0.084109 0.772421
16.250000 -0.108351 -0.083175 0.767639
16.253125 -0.107797 -0.082230 0.762826
16.256250 -0.107227 -0.081276 0.757983
16.259375 -0.106641 -0.080312 0.753105
16.262500 -0.106039 -0.079338 0.748192
16.265625 -0.105422 -0.078354 0.743242
16.268750 -0.104789 -0.077361 0.738252
16.271875 -0.104142 -0.076359 0.73322
16.275000 -0.103479 -0.075348 0.728145
16.278125 -0.102802 -0.074328 0.723023
16.281250 -0.102110 -0.073300 0.717852
16.284375 -0.101403 -0.072263 0.712631
16.287500 -0.100683 -0.071219 0.707356
16.290625 -0.099948 -0.070166 0.702025
16.293750 -0.099199 -0.069106 0.696634
16.296875 -0.098437 -0.068038 0.691182
16.300000 -0.097661 -0.066963 0.685665
16.303125 -0.096871 -0.065880 0.68008
16.306250 -0.096069 -0.064791 0.674423
16.309375 -0.095253 -0.063695 0.668693
16.312500 -0.094425 -0.062593 0.662884
16.315625 -0.093584 -0.061484 0.656993
16.318750 -0.092731 -0.060369 0.651016
16.321875 -0.091865 -0.059248 0.64495
16.325000 -0.090987 -0.058122 0.63879
16.328125 -0.090098 -0.056990 0.632532
16.331250 -0.089197 -0.055853 0.626171
16.334375 -0.088284 -0.054710 0.619701
16.337500 -0.087361 -0.053563 0.613119
16.340625 -0.086426 -0.052410 0.606419
16.343750 -0.085481 -0.051254 0.599594
16.346875 -0.084524 -0.050093 0.59264
16.350000 -0.083558 -0.048927 0.58555
16.353125 -0.082581 -0.047758 0.578317
16.356250 -0.081594 -0.046585 0.570934
16.359375 -0.080597 -0.045408 0.563394
16.362500 -0.079591 -0.044228 0.555689
16.365625 -0.078575 -0.043045 0.547812
16.368750 -0.077551 -0.041858 0.539753
16.371875 -0.076517 -0.040669 0.531503
16.375000 -0.075474 -0.039477 0.523052
16.378125 -0.074423 -0.038282 0.514391
16.381250 -0.073363 -0.037086 0.505507
16.384375 -0.072295 -0.035887 0.49639
16.387500 -0.071220 -0.034686 0.487027
16.390625 -0.070136 -0.033483 0.477405
16.393750 -0.069045 -0.032279 0.467508
16.396875 -0.067947 -0.031074 0.457323
16.400000 -0.066841 -0.029867 0.446832
16.403125 -0.065728 -0.028659 0.436019
16.406250 -0.064609 -0.027450 0.424863
16.409375 -0.063483 -0.026241 0.413346
16.412500 -0.062351 -0.025031 0.401445
16.415625 -0.061213 -0.023820 0.389137
16.418750 -0.060068 -0.022610 0.376397
16.421875 -0.058918 -0.021399 0.363196
16.425000 -0.057763 -0.020188 0.349506
16.428125 -0.056602 -0.018978 0.335293
16.431250 -0.055436 -0.017768 0.320523
16.434375 -0.054265 -0.016559 0.305158
16.437500 -0.053089 -0.015351 0.289155
16.440625 -0.051909 -0.014144 0.27247
16.443750 -0.050724 -0.012937 0.255052
16.446875 -0.049535 -0.011732 0.236846
16.450000 -0.048342 -0.010529 0.217791
16.453125 -0.047146 -0.009326 0.197821
16.456250 -0.045945 -0.008126 0.176863
16.459375 -0.044742 -0.006928 0.154833
16.462500 -0.043535 -0.005731 0.131641
16.465625 -0.042325 -0.004537 0.107185
16.468750 -0.041113 -0.003345 0.0813518
16.471875 -0.039897 -0.002155 0.0540128
16.475000 -0.038680 -0.000968 0.0250244
16.478125 -0.037460 0.000216 -0.00577627
16.481250 -0.036238 0.001398 -0.038574
16.484375 -0.035014 0.002576 -0.0735794
16.487500 -0.033788 0.003752 -0.111034
16.490625 -0.032561 0.004924 -0.151215
16.493750 -0.031332 0.006092 -0.194443
16.496875 -0.030102 0.007257 -0.241093
16.500000 -0.028871 0.008419 -0.2916
16.503125 -0.027640 0.009577 -0.346478
16.506250 -0.026407 0.010730 -0.406337
16.509375 -0.025175 0.011880 -0.471906
16.512500 -0.023941 0.013026 -0.54406
16.515625 -0.022708 0.014167 -0.623865
16.518750 -0.021475 0.015304 -0.712631
16.521875 -0.020242 0.016436 -0.811983
16.525000 -0.019009 0.017564 -0.923963
16.528125 -0.017777 0.018687 -1.05117
16.531250 -0.016545 0.019805 -1.19699
16.534375 -0.015315 0.020918 -1.36586
16.537500 -0.014085 0.022026 -1.56377
16.540625 -0.012856 0.023128 -1.79898
16.543750 -0.011629 0.024226 -2.0832
16.546875 -0.010403 0.025318 -2.43361
16.550000 -0.009179 0.026404 -2.87652
16.553125 -0.007957 0.027485 -3.45426
16.556250 -0.006736 0.028560 -4.23967
16.559375 -0.005518 0.029629 -5.36956
16.562500 -0.004302 0.030693 -7.13472
16.565625 -0.003088 0.031750 -10.2814
16.568750 -0.001877 0.032801 -17.4769
16.571875 -0.000668 0.033846 -50.6514
16.575000 0.000538 0.034884 64.8898
16.578125 0.001740 0.035916 20.6362
16.581250 0.002940 0.036942 12.5643
16.584375 0.004137 0.037961 9.17644
16.587500 0.005330 0.038973 7.31208
16.590625 0.006520 0.039979 6.132
16.593750 0.007706 0.040978 5.31775
16.596875 0.008888 0.041970 4.72194
16.600000 0.010067 0.042954 4.26698
16.603125 0.011241 0.043932 3.90814
16.606250 0.012411 0.044902 3.61782
16.609375 0.013577 0.045865 3.37805
16.612500 0.014739 0.046821 3.17666
16.615625 0.015896 0.047770 3.00508
16.618750 0.017049 0.048711 2.85712
16.621875 0.018197 0.049644 2.72819
16.625000 0.019340 0.050570 2.61483
16.628125 0.020478 0.051488 2.51436
16.631250 0.021610 0.052398 2.42467
16.634375 0.022738 0.053301 2.34412
16.637500 0.023860 0.054195 2.27135
16.640625 0.024977 0.055082 2.20528
16.643750 0.026089 0.055961 2.14501
16.646875 0.027194 0.056831 2.08981
16.650000 0.028294 0.057694 2.03904
16.653125 0.029389 0.058548 1.9922
16.656250 0.030477 0.059394 1.94883
16.659375 0.031559 0.060232 1.90855
16.662500 0.032635 0.061061 1.87103
16.665625 0.033705 0.061882 1.83601
16.668750 0.034768 0.062695 1.80322
16.671875 0.035825 0.063499 1.77246
16.675000 0.036875 0.064294 1.74354
16.678125 0.037919 0.065081 1.7163
16.681250 0.038956 0.065859 1.69059
16.684375 0.039987 0.066629 1.66627
16.687500 0.041010 0.067390 1.64324
16.690625 0.042027 0.068142 1.62139
16.693750 0.043036 0.068885 1.60063
16.696875 0.044038 0.069620 1.58088
16.700000 0.045034 0.070345 1.56206
16.703125 0.046021 0.071062 1.54411
16.706250 0.047002 0.071770 1.52696
16.709375 0.047975 0.072468 1.51055
16.712500 0.048940 0.073158 1.49485
16.715625 0.049898 0.073839 1.47979
16.718750 0.050848 0.074511 1.46535
16.721875 0.051791 0.075173 1.45148
16.725000 0.052725 0.075827 1.43814
16.728125 0.053652 0.076471 1.4253
16.731250 0.054571 0.077106 1.41294
16.734375 0.055482 0.077732 1.40103
16.737500 0.056385 0.078349 1.38953
16.740625 0.057280 0.078956 1.37843
16.743750 0.058166 0.079554 1.36771
16.746875 0.059044 0.080143 1.35734
16.750000 0.059914 0.080723 1.3473
16.753125 0.060776 0.081293 1.33759
16.756250 0.061629 0.081854 1.32817
16.759375 0.062474 0.082406 1.31904
16.762500 0.063310 0.082948 1.31018
16.765625 0.064138 0.083481 1.30158
16.768750 0.064957 0.084004 1.29323
16.771875 0.065767 0.084518 1.28511
16.775000 0.066569 0.085023 1.27722
16.778125 0.067362 0.085518 1.26954
16.781250 0.068146 0.086004 1.26206
16.784375 0.068921 0.086481 1.25477
16.787500 0.069688 0.086947 1.24767
16.790625 0.070445 0.087405 1.24075
16.793750 0.071194 0.087853 1.234
16.796875 0.071933 0.088292 1.22741
16.800000 0.072664 0.088721 1.22098
16.803125 0.073385 0.089141 1.2147
16.806250 0.074097 0.089551 1.20856
16.809375 0.074801 0.089952 1.20255
16.812500 0.075495 0.090343 1.19668
16.815625 0.076179 0.090725 1.19094
16.818750 0.076855 0.091097 1.18532
16.821875 0.077521 0.091460 1.17981
16.825000 0.078178 0.091814 1.17442
16.828125 0.078826 0.092158 1.16913
16.831250 0.079464 0.092493 1.16395
16.834375 0.080093 0.092818 1.15887
16.837500 0.080713 0.093134 1.15389
16.840625 0.081323 0.093440 1.149
16.843750 0.081924 0.093737 1.14419
16.846875 0.082516 0.094025 1.13948
16.850000 0.083097 0.094303 1.13485
16.853125 0.083670 0.094572 1.1303
16.856250 0.084233 0.094831 1.12582
16.859375 0.084786 0.095082 1.12142
16.862500 0.085330 0.095322 1.1171
16.865625 0.085865 0.095554 1.11284
16.868750 0.086390 0.095776 1.10865
16.871875 0.086905 0.095989 1.10453
16.875000 0.087411 0.096193 1.10047
16.878125 0.087907 0.096387 1.09647
16.881250 0.088394 0.096572 1.09252
16.884375 0.088871 0.096748 1.08864
16.887500 0.089338 0.096915 1.08481
16.890625 0.089796 0.097073 1.08104
16.893750 0.090245 0.097221 1.07731
16.896875 0.090683 0.097361 1.07364
16.900000 0.091112 0.097491 1.07001
16.903125 0.091532 0.097612 1.06643
16.906250 0.091942 0.097725 1.0629
16.909375 0.092342 0.097828 1.05941
16.912500 0.092733 0.097922 1.05596
16.915625 0.093114 0.098007 1.05255
16.918750 0.093486 0.098084 1.04918
16.921875 0.093848 0.098151 1.04586
16.925000 0.094200 0.098210 1.04256
16.928125 0.094543 0.098259 1.03931
16.931250 0.094876 0.098300 1.03609
16.934375 0.095200 0.098332 1.0329
16.937500 0.095514 0.098356 1.02975
16.940625 0.095819 0.098370 1.02663
16.943750 0.096114 0.098376 1.02354
16.946875 0.096400 0.098373 1.02048
16.950000 0.096676 0.098362 1.01744
16.953125 0.096942 0.098342 1.01444
16.956250 0.097200 0.098314 1.01146
16.959375 0.097447 0.098277 1.00851
16.962500 0.097686 0.098231 1.00558
16.965625 0.097915 0.098177 1.00268
16.968750 0.098134 0.098115 0.999802
16.971875 0.098344 0.098044 0.996946
16.975000 0.098545 0.097965 0.994112
16.978125 0.098736 0.097877 0.991299
16.981250 0.098918 0.097781 0.988506
16.984375 0.099091 0.097677 0.985733
16.987500 0.099254 0.097565 0.982978
16.990625 0.099408 0.097444 0.980242
16.993750 0.099553 0.097316 0.977524
16.996875 0.099689 0.097179 0.974822
17.000000 0.099816 0.097034 0.972136
17.003125 0.099933 0.096882 0.969465
17.006250 0.100041 0.096721 0.96681
17.009375 0.100140 0.096552 0.964169
17.012500 0.100230 0.096375 0.961541
17.015625 0.100311 0.096191 0.958926
17.018750 0.100383 0.095999 0.956324
17.021875 0.100446 0.095798 0.953733
17.025000 0.100500 0.095591 0.951153
17.028125 0.100544 0.095375 0.948585
17.031250 0.100580 0.095152 0.946026
17.034375 0.100608 0.094921 0.943476
17.037500 0.100626 0.094682 0.940936
17.040625 0.100635 0.094436 0.938404
17.043750 0.100636 0.094183 0.93588
17.046875 0.100628 0.093922 0.933363
17.050000 0.100611 0.093654 0.930853
17.053125 0.100585 0.093378 0.928349
17.056250 0.100551 0.093095 0.925851
17.059375 0.100508 0.092805 0.923359
17.062500 0.100456 0.092507 0.920871
17.065625 0.100396 0.092203 0.918387
17.068750 0.100328 0.091891 0.915908
17.071875 0.100251 0.091572 0.913431
17.075000 0.100165 0.091246 0.910958
17.078125 0.100071 0.090913 0.908486
17.081250 0.099969 0.090573 0.906017
17.084375 0.099858 0.090227 0.903549
17.087500 0.099739 0.089873 0.901082
17.090625 0.099612 0.089513 0.898616
17.093750 0.099476 0.089146 0.896149
17.096875 0.099333 0.088772 0.893682
17.100000 0.099181 0.088392 0.891214
17.103125 0.099021 0.088005 0.888745
17.106250 0.098853 0.087611 0.886273
17.109375 0.098677 0.087211 0.8838
17.112500 0.098493 0.086804 0.881323
17.115625 0.098301 0.086392 0.878843
17.118750 0.098102 0.085972 0.876359
17.121875 0.097894 0.085547 0.873871
17.125000 0.097679 0.085115 0.871378
17.128125 0.097455 0.084677 0.868879
17.131250 0.097225 0.084233 0.866375
17.134375 0.096986 0.083783 0.863864
17.137500 0.096740 0.083326 0.861346
17.140625 0.096486 0.082864 0.858821
17.143750 0.096225 0.082396 0.856288
17.146875 0.095956 0.081922 0.853746
17.150000 0.095679 0.081442 0.851196
17.153125 0.095396 0.080956 0.848636
17.156250 0.095105 0.080465 0.846065
17.159375 0.094806 0.079967 0.843484
17.162500 0.094500 0.079465 0.840892
17.165625 0.094188 0.078956 0.838287
17.168750 0.093867 0.078442 0.83567
17.171875 0.093540 0.077923 0.83304
17.175000 0.093206 0.077398 0.830397
17.178125 0.092865 0.076868 0.827738
17.181250 0.092516 0.076332 0.825065
17.184375 0.092161 0.075791 0.822376
17.187500 0.091799 0.075245 0.819671
17.190625 0.091430 0.074693 0.816948
17.193750 0.091054 0.074137 0.814208
17.196875 0.090672 0.073575 0.81145
17.200000 0.090282 0.073009 0.808672
17.203125 0.089886 0.072437 0.805873
17.206250 0.089484 0.071860 0.803055
17.209375 0.089075 0.071279 0.800214
17.212500 0.088659 0.070693 0.797352
17.215625 0.088237 0.070101 0.794466
17.218750 0.087809 0.069506 0.791556
17.221875 0.087374 0.068905 0.788621
17.225000 0.086933 0.068300 0.785661
17.228125 0.086486 0.067690 0.782674
17.231250 0.086032 0.067076 0.779659
17.234375 0.085572 0.066457 0.776616
17.237500 0.085107 0.065834 0.773543
17.240625 0.084635 0.065206 0.77044
17.243750 0.084157 0.064574 0.767306
17.246875 0.083673 0.063938 0.764139
17.250000 0.083184 0.063297 0.760938
17.253125 0.082688 0.062653 0.757702
17.256250 0.082187 0.062004 0.75443
17.259375 0.081680 0.061351 0.751121
17.262500 0.081167 0.060694 0.747774
17.265625 0.080648 0.060034 0.744386
17.268750 0.080124 0.059369 0.740958
17.271875 0.079595 0.058700 0.737487
17.275000 0.079060 0.058028 0.733971
17.278125 0.078519 0.057351 0.730411
17.281250 0.077973 0.056671 0.726803
17.284375 0.077422 0.055987 0.723147
17.287500 0.076865 0.055300 0.71944
17.290625 0.076304 0.054609 0.715681
17.293750 0.075737 0.053915 0.711869
17.296875 0.075165 0.053217 0.708001
17.300000 0.074587 0.052515 0.704076
17.303125 0.074005 0.051810 0.700091
17.306250 0.073418 0.051102 0.696044
17.309375 0.072826 0.050391 0.691934
17.312500 0.072229 0.049676 0.687759
17.315625 0.071627 0.048958 0.683515
17.318750 0.071021 0.048237 0.6792
17.321875 0.070409 0.047513 0.674813
17.325000 0.069793 0.046786 0.67035
17.328125 0.069173 0.046056 0.665808
17.331250 0.068547 0.045323 0.661185
17.334375 0.067918 0.044587 0.656479
17.337500 0.067284 0.043848 0.651685
17.340625 0.066645 0.043106 0.646801
17.343750 0.066002 0.042362 0.641823
17.346875 0.065355 0.041614 0.636747
17.350000 0.064703 0.040865 0.631571
17.353125 0.064047 0.040112 0.62629
17.356250 0.063388 0.039357 0.6209
17.359375 0.062724 0.038600 0.615397
17.362500 0.062056 0.037840 0.609777
17.365625 0.061383 0.037078 0.604035
17.368750 0.060707 0.036313 0.598165
17.371875 0.060027 0.035546 0.592164
17.375000 0.059344 0.034777 0.586024
17.378125 0.058656 0.034005 0.579741
17.381250 0.057965 0.033232 0.573309
17.384375 0.057270 0.032456 0.566721
17.387500 0.056571 0.031678 0.55997
17.390625 0.055869 0.030898 0.553049
17.393750 0.055163 0.030116 0.54595
17.396875 0.054453 0.029332 0.538666
17.400000 0.053740 0.028546 0.531188
17.403125 0.053024 0.027758 0.523506
17.406250 0.052305 0.026969 0.515612
17.409375 0.051582 0.026177 0.507494
17.412500 0.050855 0.025384 0.499143
17.415625 0.050126 0.024589 0.490547
17.418750 0.049394 0.023792 0.481693
17.421875 0.048658 0.022994 0.472568
17.425000 0.047919 0.022194 0.463159
17.428125 0.047177 0.021393 0.453451
17.431250 0.046433 0.020590 0.443428
17.434375 0.045685 0.019785 0.433073
17.437500 0.044935 0.018979 0.422369
17.440625 0.044181 0.018172 0.411295
17.443750 0.043425 0.017363 0.399831
17.446875 0.042666 0.016553 0.387955
17.450000 0.041905 0.015741 0.375642
17.453125 0.041141 0.014929 0.362868
17.456250 0.040374 0.014115 0.349603
17.459375 0.039605 0.013300 0.335817
17.462500 0.038833 0.012484 0.321478
17.465625 0.038059 0.011667 0.30655
17.468750 0.037282 0.010849 0.290994
17.471875 0.036504 0.010030 0.274768
17.475000 0.035722 0.009210 0.257826
17.478125 0.034939 0.008389 0.240116
17.481250 0.034153 0.007568 0.221585
17.484375 0.033365 0.006745 0.20217
17.487500 0.032575 0.005922 0.181806
17.490625 0.031783 0.005099 0.160418
17.493750 0.030989 0.004274 0.137924
17.496875 0.030193 0.003449 0.114234
17.500000 0.029395 0.002623 0.0892481
17.503125 0.028596 0.001797 0.0628527
17.506250 0.027794 0.000971 0.0349225
17.509375 0.026990 0.000143 0.0053164
17.512500 0.026185 -0.000684 -0.0261246
17.515625 0.025378 -0.001512 -0.05958
17.518750 0.024570 -0.002340 -0.0952538
17.521875 0.023759 -0.003169 -0.133378
17.525000 0.022948 -0.003998 -0.174219
17.528125 0.022134 -0.004827 -0.218083
17.531250 0.021319 -0.005656 -0.265321
17.534375 0.020503 -0.006486 -0.316346
17.537500 0.019685 -0.007316 -0.371636
17.540625 0.018866 -0.008146 -0.431757
17.543750 0.018046 -0.008976 -0.497375
17.546875 0.017224 -0.009806 -0.569289
17.550000 0.016401 -0.010636 -0.648458
17.553125 0.015577 -0.011466 -0.736046
17.556250 0.014752 -0.012295 -0.83348
17.559375 0.013926 -0.013125 -0.94253
17.562500 0.013098 -0.013955 -1.06541
17.565625 0.012270 -0.014785 -1.20496
17.568750 0.011440 -0.015614 -1.36481
17.571875 0.010610 -0.016443 -1.54977
17.575000 0.009779 -0.017272 -1.76627
17.578125 0.008946 -0.018100 -2.02316
17.581250 0.008113 -0.018928 -2.33294
17.584375 0.007280 -0.019756 -2.71384
17.587500 0.006445 -0.020583 -3.19358
17.590625 0.005610 -0.021410 -3.81642
17.593750 0.004774 -0.022236 -4.6577
17.596875 0.003938 -0.023062 -5.85691
17.600000 0.003101 -0.023888 -7.70436
17.603125 0.002263 -0.024712 -10.9207
17.606250 0.001425 -0.025536 -17.9237
17.609375 0.000586 -0.026360 -44.9757
17.612500 -0.000253 -0.027182 107.449
17.615625 -0.001092 -0.028004 25.6348
17.618750 -0.001932 -0.028826 14.9182
17.621875 -0.002772 -0.029646 10.6934
17.625000 -0.003613 -0.030466 8.43278
17.628125 -0.004453 -0.031285 7.02486
17.631250 -0.005294 -0.032103 6.06368
17.634375 -0.006135 -0.032921 5.36568
17.637500 -0.006977 -0.033737 4.83575
17.640625 -0.007818 -0.034553 4.4197
17.643750 -0.008659 -0.035368 4.08434
17.646875 -0.009501 -0.036181 3.80827
17.650000 -0.010342 -0.036994 3.57703
17.653125 -0.011183 -0.037806 3.3805
17.656250 -0.012025 -0.038616 3.21141
17.659375 -0.012866 -0.039426 3.06437
17.662500 -0.013707 -0.040234 2.93533
17.665625 -0.014548 -0.041041 2.82117
17.668750 -0.015388 -0.041848 2.71944
17.671875 -0.016229 -0.042653 2.62822
17.675000 -0.017069 -0.043456 2.54596
17.678125 -0.017909 -0.044259 2.47138
17.681250 -0.018748 -0.045060 2.40347
17.684375 -0.019587 -0.045860 2.34135
17.687500 -0.020426 -0.046659 2.28433
17.690625 -0.021264 -0.047456 2.23178
17.693750 -0.022102 -0.048252 2.18321
17.696875 -0.022939 -0.049047 2.13818
17.700000 -0.023775 -0.049841 2.09631
17.703125 -0.024611 -0.050633 2.05728
17.706250 -0.025447 -0.051423 2.0208
17.709375 -0.026282 -0.052213 1.98664
17.712500 -0.027116 -0.053000 1.95458
17.715625 -0.027949 -0.053787 1.92443
17.718750 -0.028782 -0.054571 1.89602
17.721875 -0.029614 -0.055355 1.8692
17.725000 -0.030445 -0.056136 1.84384
17.728125 -0.031276 -0.056917 1.81983
17.731250 -0.032105 -0.057695 1.79706
17.734375 -0.032934 -0.058472 1.77543
17.737500 -0.033762 -0.059247 1.75485
17.740625 -0.034588 -0.060020 1.73526
17.743750 -0.035414 -0.060792 1.71658
17.746875 -0.036239 -0.061561 1.69875
17.750000 -0.037063 -0.062329 1.68171
17.753125 -0.037886 -0.063095 1.6654
17.756250 -0.038707 -0.063859 1.64979
17.759375 -0.039528 -0.064621 1.63482
17.762500 -0.040347 -0.065381 1.62046
17.765625 -0.041166 -0.066139 1.60666
17.768750 -0.041983 -0.066895 1.5934
17.771875 -0.042799 -0.067649 1.58064
17.775000 -0.043613 -0.068401 1.56835
17.778125 -0.044427 -0.069151 1.55651
17.781250 -0.045239 -0.069898 1.5451
17.784375 -0.046050 -0.070644 1.53408
17.787500 -0.046859 -0.071387 1.52344
17.790625 -0.047667 -0.072128 1.51316
17.793750 -0.048474 -0.072867 1.50322
17.796875 -0.049279 -0.073603 1.4936
17.800000 -0.050083 -0.074337 1.48429
17.803125 -0.050885 -0.075069 1.47527
17.806250 -0.051686 -0.075799 1.46653
17.809375 -0.052485 -0.076527 1.45806
17.812500 -0.053283 -0.077253 1.44985
17.815625 -0.054079 -0.077976 1.44188
17.818750 -0.054874 -0.078698 1.43416
17.821875 -0.055667 -0.079418 1.42666
17.825000 -0.056458 -0.080136 1.41938
17.828125 -0.057248 -0.080852 1.41232
17.831250 -0.058036 -0.081567 1.40546
17.834375 -0.058823 -0.082281 1.3988
17.837500 -0.059607 -0.082993 1.39233
17.840625 -0.060390 -0.083704 1.38605
17.843750 -0.061171 -0.084413 1.37995
17.846875 -0.061950 -0.085122 1.37403
17.850000 -0.062728 -0.085828 1.36827
17.853125 -0.063504 -0.086534 1.36266
17.856250 -0.064277 -0.087238 1.35721
17.859375 -0.065049 -0.087941 1.35191
17.862500 -0.065819 -0.088642 1.34674
17.865625 -0.066588 -0.089341 1.3417
17.868750 -0.067354 -0.090037 1.33678
17.871875 -0.068118 -0.090732 1.33198
17.875000 -0.068880 -0.091424 1.32728
17.878125 -0.069641 -0.092113 1.32268
17.881250 -0.070399 -0.092798 1.31818
17.884375 -0.071155 -0.093481 1.31375
17.887500 -0.071910 -0.094159 1.30941
17.890625 -0.072662 -0.094833 1.30513
17.893750 -0.073412 -0.095503 1.30092
17.896875 -0.074160 -0.096167 1.29676
17.900000 -0.074906 -0.096826 1.29264
17.903125 -0.075649 -0.097479 1.28857
17.906250 -0.076391 -0.098126 1.28453
17.909375 -0.077130 -0.098767 1.28052
17.912500 -0.077867 -0.099400 1.27653
17.915625 -0.078602 -0.100026 1.27255
17.918750 -0.079335 -0.100643 1.26858
17.921875 -0.080066 -0.101252 1.26462
17.925000 -0.080794 -0.101853 1.26065
17.928125 -0.081520 -0.102444 1.25667
17.931250 -0.082243 -0.103025 1.25268
17.934375 -0.082965 -0.103596 1.24867
17.937500 -0.083684 -0.104156 1.24464
17.940625 -0.084401 -0.104706 1.24058
17.943750 -0.085115 -0.105243 1.23648
17.946875 -0.085827 -0.105769 1.23235
17.950000 -0.086537 -0.106283 1.22818
17.953125 -0.087244 -0.106784 1.22397
17.956250 -0.087949 -0.107271 1.2197
17.959375 -0.088651 -0.107746 1.21539
17.962500 -0.089351 -0.108206 1.21102
17.965625 -0.090049 -0.108653 1.2066
17.968750 -0.090744 -0.109085 1.20212
17.971875 -0.091436 -0.109503 1.19758
17.975000 -0.092126 -0.109905 1.19298
17.978125 -0.092814 -0.110292 1.18831
17.981250 -0.093499 -0.110664 1.18358
17.984375 -0.094182 -0.111020 1.17879
17.987500 -0.094862 -0.111360 1.17392
17.990625 -0.095539 -0.111684 1.16898
17.993750 -0.096214 -0.111991 1.16398
17.996875 -0.096886 -0.112282 1.1589
18.000000 -0.097556 -0.112556 1.15376
18.003125 -0.098223 -0.112813 1.14854
18.006250 -0.098886 -0.113053 1.14327
18.009375 -0.099544 -0.113275 1.13794
18.012500 -0.100198 -0.113481 1.13257
18.015625 -0.100846 -0.113668 1.12715
18.018750 -0.101487 -0.113838 1.1217
18.021875 -0.102122 -0.113991 1.11622
18.025000 -0.102749 -0.114125 1.11072
18.028125 -0.103368 -0.114241 1.10519
18.031250 -0.103978 -0.114340 1.09965
18.034375 -0.104579 -0.114420 1.0941
18.037500 -0.105170 -0.114482 1.08854
18.040625 -0.105751 -0.114525 1.08297
18.043750 -0.106322 -0.114551 1.0774
18.046875 -0.106881 -0.114558 1.07183
18.050000 -0.107428 -0.114547 1.06626
18.053125 -0.107964 -0.114517 1.0607
18.056250 -0.108487 -0.114469 1.05514
18.059375 -0.108997 -0.114403 1.04959
18.062500 -0.109494 -0.114318 1.04406
18.065625 -0.109978 -0.114215 1.03853
18.068750 -0.110447 -0.114094 1.03302
18.071875 -0.110903 -0.113955 1.02752
18.075000 -0.111343 -0.113797 1.02204
18.078125 -0.111769 -0.113622 1.01657
18.081250 -0.112180 -0.113428 1.01112
18.084375 -0.112575 -0.113216 1.00569
18.087500 -0.112955 -0.112987 1.00028
18.090625 -0.113319 -0.112739 0.994886
18.093750 -0.113666 -0.112474 0.989511
18.096875 -0.113997 -0.112191 0.984155
18.100000 -0.114312 -0.111891 0.978819
18.103125 -0.114610 -0.111573 0.973502
18.106250 -0.114891 -0.111237 0.968204
18.109375 -0.115154 -0.110885 0.962926
18.112500 -0.115401 -0.110515 0.957666
18.115625 -0.115630 -0.110129 0.952426
18.118750 -0.115841 -0.109725 0.947204
18.121875 -0.116035 -0.109305 0.942
18.125000 -0.116210 -0.108867 0.936813
18.128125 -0.116368 -0.108414 0.931643
18.131250 -0.116508 -0.107944 0.92649
18.134375 -0.116630 -0.107457 0.921353
18.137500 -0.116734 -0.106955 0.916231
18.140625 -0.116819 -0.106436 0.911123
18.143750 -0.116886 -0.105902 0.906029
18.146875 -0.116935 -0.105352 0.900948
18.150000 -0.116965 -0.104786 0.895879
18.153125 -0.116977 -0.104205 0.890821
18.156250 -0.116970 -0.103609 0.885774
18.159375 -0.116945 -0.102997 0.880736
18.162500 -0.116901 -0.102371 0.875706
18.165625 -0.116839 -0.101730 0.870684
18.168750 -0.116758 -0.101074 0.865668
18.171875 -0.116659 -0.100404 0.860658
18.175000 -0.116542 -0.099719 0.855652
18.178125 -0.116406 -0.099020 0.850649
18.181250 -0.116251 -0.098308 0.845648
18.184375 -0.116079 -0.097581 0.840648
18.187500 -0.115888 -0.096841 0.835647
18.190625 -0.115679 -0.096088 0.830645
18.193750 -0.115451 -0.095321 0.82564
18.196875 -0.115206 -0.094541 0.820631
18.200000 -0.114942 -0.093749 0.815617
18.203125 -0.114661 -0.092944 0.810595
18.206250 -0.114361 -0.092126 0.805566
18.209375 -0.114044 -0.091296 0.800527
18.212500 -0.113709 -0.090453 0.795477
18.215625 -0.113357 -0.089599 0.790414
18.218750 -0.112987 -0.088733 0.785338
18.221875 -0.112600 -0.087856 0.780246
18.225000 -0.112195 -0.086967 0.775137
18.228125 -0.111773 -0.086067 0.77001
18.231250 -0.111335 -0.085156 0.764862
18.234375 -0.110879 -0.084234 0.759692
18.237500 -0.110406 -0.083302 0.754499
18.240625 -0.109917 -0.082359 0.74928
18.243750 -0.109412 -0.081406 0.744033
18.246875 -0.108890 -0.080443 0.738758
18.250000 -0.108351 -0.079470 0.733451
18.253125 -0.107797 -0.078488 0.728112
18.256250 -0.107227 -0.077497 0.722737
18.259375 -0.106641 -0.076496 0.717324
18.262500 -0.106039 -0.075486 0.711873
18.265625 -0.105422 -0.074468 0.706379
18.268750 -0.104789 -0.073441 0.700842
18.271875 -0.104142 -0.072405 0.695258
18.275000 -0.103479 -0.071362 0.689626
18.278125 -0.102802 -0.070310 0.683942
18.281250 -0.102110 -0.069251 0.678204
18.284375 -0.101403 -0.068185 0.672409
18.287500 -0.100683 -0.067110 0.666554
18.290625 -0.099948 -0.066029 0.660637
18.293750 -0.099199 -0.064941 0.654654
18.296875 -0.098437 -0.063846 0.648601
18.300000 -0.097661 -0.062745 0.642477
18.303125 -0.096871 -0.061637 0.636277
18.306250 -0.096069 -0.060523 0.629997
18.309375 -0.095253 -0.059403 0.623635
18.312500 -0.094425 -0.058278 0.617185
18.315625 -0.093584 -0.057146 0.610644
18.318750 -0.092731 -0.056010 0.604007
18.321875 -0.091865 -0.054868 0.59727
18.325000 -0.090987 -0.053722 0.590428
18.328125 -0.090098 -0.052570 0.583477
18.331250 -0.089197 -0.051414 0.576411
18.334375 -0.088284 -0.050254 0.569224
18.337500 -0.087361 -0.049089 0.561911
18.340625 -0.086426 -0.047920 0.554466
18.343750 -0.085481 -0.046748 0.546883
18.346875 -0.084524 -0.045572 0.539155
18.350000 -0.083558 -0.044392 0.531275
18.353125 -0.082581 -0.043209 0.523236
18.356250 -0.081594 -0.042023 0.515029
18.359375 -0.080597 -0.040835 0.506648
18.362500 -0.079591 -0.039643 0.498083
18.365625 -0.078575 -0.038449 0.489325
18.368750 -0.077551 -0.037253 0.480365
18.371875 -0.076517 -0.036054 0.471191
18.375000 -0.075474 -0.034854 0.461794
18.378125 -0.074423 -0.033651 0.452162
18.381250 -0.073363 -0.032447 0.442283
18.384375 -0.072295 -0.031242 0.432143
18.387500 -0.071220 -0.030035 0.421728
18.390625 -0.070136 -0.028828 0.411024
18.393750 -0.069045 -0.027619 0.400015
18.396875 -0.067947 -0.026410 0.388683
18.400000 -0.066841 -0.025200 0.377011
18.403125 -0.065728 -0.023989 0.364978
18.406250 -0.064609 -0.022779 0.352565
18.409375 -0.063483 -0.021568 0.339748
18.412500 -0.062351 -0.020358 0.326503
18.415625 -0.061213 -0.019148 0.312804
18.418750 -0.060068 -0.017938 0.298622
18.421875 -0.058918 -0.016729 0.283928
18.425000 -0.057763 -0.015520 0.268687
18.428125 -0.056602 -0.014313 0.252864
18.431250 -0.055436 -0.013106 0.236419
18.434375 -0.054265 -0.011901 0.219311
18.437500 -0.053089 -0.010697 0.201492
18.440625 -0.051909 -0.009495 0.182911
18.443750 -0.050724 -0.008294 0.163513
18.446875 -0.049535 -0.007095 0.143237
18.450000 -0.048342 -0.005898 0.122014
18.453125 -0.047146 -0.004704 0.0997705
18.456250 -0.045945 -0.003511 0.0764241
18.459375 -0.044742 -0.002321 0.0518832
18.462500 -0.043535 -0.001134 0.0260461
18.465625 -0.042325 0.000051 -0.00120043
18.468750 -0.041113 0.001233 -0.0299835
18.471875 -0.039897 0.002412 -0.0604455
18.475000 -0.038680 0.003587 -0.0927471
18.478125 -0.037460 0.004760 -0.12707
18.481250 -0.036238 0.005929 -0.163619
18.484375 -0.035014 0.007095 -0.202631
18.487500 -0.033788 0.008257 -0.244374
18.490625 -0.032561 0.009415 -0.289158
18.493750 -0.031332 0.010570 -0.33734
18.496875 -0.030102 0.011720 -0.389336
18.500000 -0.028871 0.012866 -0.445635
18.503125 -0.027640 0.014008 -0.506808
18.506250 -0.026407 0.015146 -0.573535
18.509375 -0.025175 0.016279 -0.646628
18.512500 -0.023941 0.017407 -0.727066
18.515625 -0.022708 0.018531 -0.816035
18.518750 -0.021475 0.019649 -0.914997
18.521875 -0.020242 0.020763 -1.02576
18.525000 -0.019009 0.021872 -1.15061
18.528125 -0.017777 0.022976 -1.29244
18.531250 -0.016545 0.024074 -1.45502
18.534375 -0.015315 0.025167 -1.64331
18.537500 -0.014085 0.026254 -1.86398
18.540625 -0.012856 0.027336 -2.12623
18.543750 -0.011629 0.028412 -2.44314
18.546875 -0.010403 0.029482 -2.83387
18.550000 -0.009179 0.030546 -3.32773
18.553125 -0.007957 0.031604 -3.97195
18.556250 -0.006736 0.032656 -4.84773
18.559375 -0.005518 0.033702 -6.10764
18.562500 -0.004302 0.034742 -8.07593
18.565625 -0.003088 0.035775 -11.5848
18.568750 -0.001877 0.036801 -19.6084
18.571875 -0.000668 0.037821 -56.6009
18.575000 0.000538 0.038835 72.238
18.578125 0.001740 0.039841 22.8913
18.581250 0.002940 0.040841 13.8904
18.584375 0.004137 0.041834 10.1126
18.587500 0.005330 0.042820 8.03369
18.590625 0.006520 0.043798 6.71781
18.593750 0.007706 0.044770 5.80987
18.596875 0.008888 0.045734 5.1455
18.600000 0.010067 0.046691 4.63819
18.603125 0.011241 0.047641 4.23807
18.606250 0.012411 0.048583 3.91435
18.609375 0.013577 0.049517 3.64701
18.612500 0.014739 0.050444 3.42246
18.615625 0.015896 0.051363 3.23115
18.618750 0.017049 0.052275 3.06618
18.621875 0.018197 0.053179 2.92243
18.625000 0.019340 0.054074 2.79604
18.628125 0.020478 0.054962 2.68402
18.631250 0.021610 0.055842 2.58403
18.634375 0.022738 0.056714 2.49422
18.637500 0.023860 0.057577 2.41309
18.640625 0.024977 0.058433 2.33944
18.643750 0.026089 0.059280 2.27225
18.646875 0.027194 0.060119 2.21071
18.650000 0.028294 0.060950 2.15412
18.653125 0.029389 0.061772 2.1019
18.656250 0.030477 0.062586 2.05356
18.659375 0.031559 0.063391 2.00866
18.662500 0.032635 0.064188 1.96684
18.665625 0.033705 0.064976 1.9278
18.668750 0.034768 0.065755 1.89126
18.671875 0.035825 0.066526 1.85698
18.675000 0.036875 0.067288 1.82474
18.678125 0.037919 0.068042 1.79438
18.681250 0.038956 0.068786 1.76572
18.684375 0.039987 0.069522 1.73862
18.687500 0.041010 0.070249 1.71296
18.690625 0.042027 0.070967 1.68861
18.693750 0.043036 0.071676 1.66548
18.696875 0.044038 0.072376 1.64347
18.700000 0.045034 0.073067 1.6225
18.703125 0.046021 0.073749 1.60249
18.706250 0.047002 0.074422 1.58338
18.709375 0.047975 0.075086 1.56511
18.712500 0.048940 0.075740 1.54761
18.715625 0.049898 0.076386 1.53084
18.718750 0.050848 0.077022 1.51475
18.721875 0.051791 0.077650 1.49929
18.725000 0.052725 0.078268 1.48443
18.728125 0.053652 0.078876 1.47014
18.731250 0.054571 0.079476 1.45637
18.734375 0.055482 0.080066 1.44309
18.737500 0.056385 0.080647 1.43029
18.740625 0.057280 0.081218 1.41793
18.743750 0.058166 0.081781 1.40598
18.746875 0.059044 0.082333 1.39443
18.750000 0.059914 0.082877 1.38326
18.753125 0.060776 0.083411 1.37243
18.756250 0.061629 0.083936 1.36195
18.759375 0.062474 0.084451 1.35178
18.762500 0.063310 0.084957 1.34192
18.765625 0.064138 0.085454 1.33234
18.768750 0.064957 0.085941 1.32304
18.771875 0.065767 0.086418 1.314
18.775000 0.066569 0.086886 1.30521
18.778125 0.067362 0.087345 1.29666
18.781250 0.068146 0.087795 1.28833
18.784375 0.068921 0.088234 1.28022
18.787500 0.069688 0.088665 1.27232
18.790625 0.070445 0.089086 1.26461
18.793750 0.071194 0.089497 1.25709
18.796875 0.071933 0.089899 1.24976
18.800000 0.072664 0.090292 1.2426
18.803125 0.073385 0.090675 1.2356
18.806250 0.074097 0.091049 1.22877
18.809375 0.074801 0.091413 1.22209
18.812500 0.075495 0.091768 1.21555
18.815625 0.076179 0.092113 1.20916
18.818750 0.076855 0.092449 1.2029
18.821875 0.077521 0.092775 1.19677
18.825000 0.078178 0.093092 1.19077
18.828125 0.078826 0.093400 1.18489
18.831250 0.079464 0.093698 1.17912
18.834375 0.080093 0.093987 1.17347
18.837500 0.080713 0.094266 1.16792
18.840625 0.081323 0.094537 1.16248
18.843750 0.081924 0.094797 1.15713
18.846875 0.082516 0.095049 1.15189
18.850000 0.083097 0.095291 1.14673
18.853125 0.083670 0.095523 1.14167
18.856250 0.084233 0.095747 1.13669
18.859375 0.084786 0.095961 1.13179
18.862500 0.085330 0.096166 1.12698
18.865625 0.085865 0.096361 1.12224
18.868750 0.086390 0.096548 1.11758
18.871875 0.086905 0.096725 1.11299
18.875000 0.087411 0.096893 1.10848
18.878125 0.087907 0.097052 1.10402
18.881250 0.088394 0.097201 1.09964
18.884375 0.088871 0.097342 1.09532
18.887500 0.089338 0.097473 1.09106
18.890625 0.089796 0.097596 1.08686
18.893750 0.090245 0.097709 1.08271
18.896875 0.090683 0.097813 1.07863
18.900000 0.091112 0.097909 1.07459
18.903125 0.091532 0.097995 1.07061
18.906250 0.091942 0.098073 1.06668
18.909375 0.092342 0.098141 1.0628
18.912500 0.092733 0.098201 1.05896
18.915625 0.093114 0.098252 1.05517
18.918750 0.093486 0.098294 1.05143
18.921875 0.093848 0.098327 1.04773
18.925000 0.094200 0.098351 1.04407
18.928125 0.094543 0.098367 1.04045
18.931250 0.094876 0.098374 1.03687
18.934375 0.095200 0.098372 1.03332
18.937500 0.095514 0.098362 1.02982
18.940625 0.095819 0.098343 1.02634
18.943750 0.096114 0.098316 1.02291
18.946875 0.096400 0.098280 1.0195
18.950000 0.096676 0.098235 1.01613
18.953125 0.096942 0.098182 1.01279
18.956250 0.097200 0.098121 1.00948
18.959375 0.097447 0.098051 1.0062
18.962500 0.097686 0.097973 1.00294
18.965625 0.097915 0.097887 0.999715
18.968750 0.098134 0.097792 0.996514
18.971875 0.098344 0.097689 0.993338
18.975000 0.098545 0.097578 0.990187
18.978125 0.098736 0.097458 0.987059
18.981250 0.098918 0.097331 0.983953
18.984375 0.099091 0.097195 0.980869
18.987500 0.099254 0.097052 0.977807
18.990625 0.099408 0.096900 0.974764
18.993750 0.099553 0.096740 0.971741
18.996875 0.099689 0.096572 0.968736
19.000000 0.099816 0.096397 0.96575
19.003125 0.099933 0.096213 0.96278
19.006250 0.100041 0.096022 0.959827
19.009375 0.100140 0.095823 0.95689
19.012500 0.100230 0.095616 0.953968
19.015625 0.100311 0.095402 0.95106
19.018750 0.100383 0.095180 0.948166
19.021875 0.100446 0.094950 0.945285
19.025000 0.100500 0.094712 0.942416
19.028125 0.100544 0.094467 0.939559
19.031250 0.100580 0.094215 0.936713
19.034375 0.100608 0.093955 0.933878
19.037500 0.100626 0.093688 0.931053
19.040625 0.100635 0.093413 0.928237
19.043750 0.100636 0.093131 0.925429
19.046875 0.100628 0.092842 0.92263
19.050000 0.100611 0.092546 0.919838
19.053125 0.100585 0.092242 0.917053
19.056250 0.100551 0.091931 0.914275
19.059375 0.100508 0.091613 0.911503
19.062500 0.100456 0.091288 0.908736
19.065625 0.100396 0.090956 0.905973
19.068750 0.100328 0.090618 0.903215
19.071875 0.100251 0.090272 0.900461
19.075000 0.100165 0.089919 0.89771
19.078125 0.100071 0.089560 0.894962
19.081250 0.099969 0.089194 0.892215
19.084375 0.099858 0.088821 0.88947
19.087500 0.099739 0.088441 0.886727
19.090625 0.099612 0.088055 0.883984
19.093750 0.099476 0.087663 0.88124
19.096875 0.099333 0.087264 0.878496
19.100000 0.099181 0.086858 0.875752
19.103125 0.099021 0.086446 0.873005
19.106250 0.098853 0.086028 0.870256
19.109375 0.098677 0.085603 0.867505
19.112500 0.098493 0.085172 0.86475
19.115625 0.098301 0.084735 0.861991
19.118750 0.098102 0.084292 0.859228
19.121875 0.097894 0.083842 0.85646
19.125000 0.097679 0.083387 0.853687
19.128125 0.097455 0.082926 0.850907
19.131250 0.097225 0.082458 0.848121
19.134375 0.096986 0.081985 0.845327
19.137500 0.096740 0.081506 0.842526
19.140625 0.096486 0.081021 0.839716
19.143750 0.096225 0.080530 0.836898
19.146875 0.095956 0.080034 0.834069
19.150000 0.095679 0.079532 0.831231
19.153125 0.095396 0.079024 0.828381
19.156250 0.095105 0.078511 0.82552
19.159375 0.094806 0.077992 0.822647
19.162500 0.094500 0.077468 0.819761
19.165625 0.094188 0.076938 0.816861
19.168750 0.093867 0.076403 0.813947
19.171875 0.093540 0.075863 0.811019
19.175000 0.093206 0.075317 0.808074
19.178125 0.092865 0.074767 0.805114
19.181250 0.092516 0.074211 0.802136
19.184375 0.092161 0.073650 0.799141
19.187500 0.091799 0.073084 0.796127
19.190625 0.091430 0.072512 0.793094
19.193750 0.091054 0.071936 0.79004
19.196875 0.090672 0.071355 0.786966
19.200000 0.090282 0.070770 0.78387
19.203125 0.089886 0.070179 0.780751
19.206250 0.089484 0.069584 0.77761
19.209375 0.089075 0.068983 0.774444
19.212500 0.088659 0.068379 0.771253
19.215625 0.088237 0.067769 0.768036
19.218750 0.087809 0.067155 0.764792
19.221875 0.087374 0.066537 0.76152
19.225000 0.086933 0.065914 0.758219
19.228125 0.086486 0.065287 0.754889
19.231250 0.086032 0.064656 0.751528
19.234375 0.085572 0.064020 0.748135
19.237500 0.085107 0.063380 0.744709
19.240625 0.084635 0.062735 0.741249
19.243750 0.084157 0.062087 0.737753
19.246875 0.083673 0.061435 0.734221
19.250000 0.083184 0.060778 0.730652
19.253125 0.082688 0.060118 0.727043
19.256250 0.082187 0.059453 0.723394
19.259375 0.081680 0.058785 0.719703
19.262500 0.081167 0.058113 0.715969
19.265625 0.080648 0.057437 0.71219
19.268750 0.080124 0.056757 0.708366
19.271875 0.079595 0.056074 0.704494
19.275000 0.079060 0.055387 0.700572
19.278125 0.078519 0.054696 0.6966
19.281250 0.077973 0.054002 0.692574
19.284375 0.077422 0.053305 0.688495
19.287500 0.076865 0.052604 0.684359
19.290625 0.076304 0.051899 0.680165
19.293750 0.075737 0.051191 0.675911
19.296875 0.075165 0.050480 0.671595
19.300000 0.074587 0.049766 0.667215
19.303125 0.074005 0.049048 0.662768
19.306250 0.073418 0.048328 0.658252
19.309375 0.072826 0.047604 0.653665
19.312500 0.072229 0.046877 0.649004
19.315625 0.071627 0.046147 0.644268
19.318750 0.071021 0.045414 0.639452
19.321875 0.070409 0.044678 0.634555
19.325000 0.069793 0.043940 0.629573
19.328125 0.069173 0.043199 0.624504
19.331250 0.068547 0.042454 0.619344
19.334375 0.067918 0.041708 0.61409
19.337500 0.067284 0.040958 0.608739
19.340625 0.066645 0.040206 0.603287
19.343750 0.066002 0.039451 0.59773
19.346875 0.065355 0.038694 0.592065
19.350000 0.064703 0.037935 0.586287
19.353125 0.064047 0.037173 0.580393
19.356250 0.063388 0.036408 0.574376
19.359375 0.062724 0.035642 0.568234
19.362500 0.062056 0.034873 0.561961
19.365625 0.061383 0.034102 0.555551
19.368750 0.060707 0.033328 0.549
19.371875 0.060027 0.032553 0.542301
19.375000 0.059344 0.031775 0.535448
19.378125 0.058656 0.030996 0.528434
19.381250 0.057965 0.030214 0.521253
19.384375 0.057270 0.029431 0.513898
19.387500 0.056571 0.028645 0.506361
19.390625 0.055869 0.027858 0.498634
19.393750 0.055163 0.027069 0.490708
19.396875 0.054453 0.026278 0.482574
19.400000 0.053740 0.025485 0.474223
19.403125 0.053024 0.024690 0.465645
19.406250 0.052305 0.023894 0.456828
19.409375 0.051582 0.023096 0.447762
19.412500 0.050855 0.022297 0.438434
19.415625 0.050126 0.021496 0.428832
19.418750 0.049394 0.020693 0.418942
19.421875 0.048658 0.019889 0.40875
19.425000 0.047919 0.019083 0.398239
19.428125 0.047177 0.018276 0.387395
19.431250 0.046433 0.017468 0.376198
19.434375 0.045685 0.016658 0.364631
19.437500 0.044935 0.015847 0.352673
19.440625 0.044181 0.015035 0.340303
19.443750 0.043425 0.014222 0.327497
19.446875 0.042666 0.013407 0.314231
19.450000 0.041905 0.012591 0.300477
19.453125 0.041141 0.011775 0.286207
19.456250 0.040374 0.010957 0.271389
19.459375 0.039605 0.010138 0.25599
19.462500 0.038833 0.009319 0.239973
19.465625 0.038059 0.008498 0.223297
19.468750 0.037282 0.007677 0.20592
19.471875 0.036504 0.006855 0.187793
19.475000 0.035722 0.006032 0.168867
19.478125 0.034939 0.005209 0.149083
19.481250 0.034153 0.004385 0.12838
19.484375 0.033365 0.003560 0.106691
19.487500 0.032575 0.002734 0.0839395
19.490625 0.031783 0.001908 0.060044
19.493750 0.030989 0.001082 0.0349129
19.496875 0.030193 0.000255 0.0084448
19.500000 0.029395 -0.000572 -0.019473
19.503125 0.028596 -0.001400 -0.0489661
19.506250 0.027794 -0.002228 -0.0801752
19.509375 0.026990 -0.003057 -0.113258
19.512500 0.026185 -0.003886 -0.148393
19.515625 0.025378 -0.004715 -0.18578
19.518750 0.024570 -0.005544 -0.225648
19.521875 0.023759 -0.006374 -0.268256
19.525000 0.022948 -0.007203 -0.313903
19.528125 0.022134 -0.008033 -0.362928
19.531250 0.021319 -0.008863 -0.415728
19.534375 0.020503 -0.009693 -0.472762
19.537500 0.019685 -0.010523 -0.534565
19.540625 0.018866 -0.011353 -0.601768
19.543750 0.018046 -0.012183 -0.675118
19.546875 0.017224 -0.013013 -0.755507
19.550000 0.016401 -0.013843 -0.844006
19.553125 0.015577 -0.014672 -0.941917
19.556250 0.014752 -0.015502 -1.05083
19.559375 0.013926 -0.016331 -1.17274
19.562500 0.013098 -0.017160 -1.3101
19.565625 0.012270 -0.017989 -1.4661
19.568750 0.011440 -0.018817 -1.64479
19.571875 0.010610 -0.019645 -1.85154
19.575000 0.009779 -0.020472 -2.09356
19.578125 0.008946 -0.021299 -2.38073
19.581250 0.008113 -0.022126 -2.72702
19.584375 0.007280 -0.022952 -3.15281
19.587500 0.006445 -0.023777 -3.68909
19.590625 0.005610 -0.024602 -4.38534
19.593750 0.004774 -0.025426 -5.32579
19.596875 0.003938 -0.026250 -6.66635
19.600000 0.003101 -0.027072 -8.73156
19.603125 0.002263 -0.027895 -12.327
19.606250 0.001425 -0.028716 -20.1556
19.609375 0.000586 -0.029537 -50.3965
19.612500 -0.000253 -0.030357 119.997
19.615625 -0.001092 -0.031176 28.5377
19.618750 -0.001932 -0.031994 16.5578
19.621875 -0.002772 -0.032811 11.835
19.625000 -0.003613 -0.033628 9.30791
19.628125 -0.004453 -0.034443 7.73402
19.631250 -0.005294 -0.035258 6.65952
19.634375 -0.006135 -0.036072 5.87924
19.637500 -0.006977 -0.036884 5.28684
19.640625 -0.007818 -0.037696 4.82173
19.643750 -0.008659 -0.038506 4.44684
19.646875 -0.009501 -0.039316 4.13822
19.650000 -0.010342 -0.040124 3.87971
19.653125 -0.011183 -0.040931 3.66
19.656250 -0.012025 -0.041737 3.47097
19.659375 -0.012866 -0.042542 3.30659
19.662500 -0.013707 -0.043346 3.16234
19.665625 -0.014548 -0.044148 3.03471
19.668750 -0.015388 -0.044949 2.92099
19.671875 -0.016229 -0.045749 2.81902
19.675000 -0.017069 -0.046547 2.72705
19.678125 -0.017909 -0.047345 2.64369
19.681250 -0.018748 -0.048141 2.56778
19.684375 -0.019587 -0.048935 2.49835
19.687500 -0.020426 -0.049728 2.4346
19.690625 -0.021264 -0.050520 2.37587
19.693750 -0.022102 -0.051311 2.32158
19.696875 -0.022939 -0.052100 2.27125
19.700000 -0.023775 -0.052887 2.22445
19.703125 -0.024611 -0.053673 2.18083
19.706250 -0.025447 -0.054458 2.14006
19.709375 -0.026282 -0.055241 2.10188
19.712500 -0.027116 -0.056023 2.06604
19.715625 -0.027949 -0.056803 2.03234
19.718750 -0.028782 -0.057581 2.00058
19.721875 -0.029614 -0.058358 1.9706
19.725000 -0.030445 -0.059133 1.94226
19.728125 -0.031276 -0.059906 1.91542
19.731250 -0.032105 -0.060678 1.88996
19.734375 -0.032934 -0.061448 1.86579
19.737500 -0.033762 -0.062216 1.84279
19.740625 -0.034588 -0.062982 1.82089
19.743750 -0.035414 -0.063746 1.80001
19.746875 -0.036239 -0.064508 1.78008
19.750000 -0.037063 -0.065269 1.76103
19.753125 -0.037886 -0.066027 1.7428
19.756250 -0.038707 -0.066784 1.72535
19.759375 -0.039528 -0.067538 1.70861
19.762500 -0.040347 -0.068290 1.69255
19.765625 -0.041166 -0.069040 1.67712
19.768750 -0.041983 -0.069788 1.6623
19.771875 -0.042799 -0.070533 1.64803
19.775000 -0.043613 -0.071277 1.63429
19.778125 -0.044427 -0.072018 1.62105
19.781250 -0.045239 -0.072757 1.60828
19.784375 -0.046050 -0.073493 1.59595
19.787500 -0.046859 -0.074227 1.58405
19.790625 -0.047667 -0.074959 1.57256
19.793750 -0.048474 -0.075689 1.56144
19.796875 -0.049279 -0.076417 1.55069
19.800000 -0.050083 -0.077142 1.54029
19.803125 -0.050885 -0.077866 1.53023
19.806250 -0.051686 -0.078588 1.52048
19.809375 -0.052485 -0.079307 1.51104
19.812500 -0.053283 -0.080026 1.50189
19.815625 -0.054079 -0.080742 1.49303
19.818750 -0.054874 -0.081457 1.48444
19.821875 -0.055667 -0.082171 1.47612
19.825000 -0.056458 -0.082883 1.46804
19.828125 -0.057248 -0.083594 1.46021
19.831250 -0.058036 -0.084304 1.45262
19.834375 -0.058823 -0.085013 1.44525
19.837500 -0.059607 -0.085721 1.43809
19.840625 -0.060390 -0.086427 1.43114
19.843750 -0.061171 -0.087132 1.42439
19.846875 -0.061950 -0.087835 1.41783
19.850000 -0.062728 -0.088537 1.41144
19.853125 -0.063504 -0.089236 1.40522
19.856250 -0.064277 -0.089934 1.39916
19.859375 -0.065049 -0.090630 1.39324
19.862500 -0.065819 -0.091323 1.38747
19.865625 -0.066588 -0.092012 1.38182
19.868750 -0.067354 -0.092699 1.3763
19.871875 -0.068118 -0.093383 1.37089
19.875000 -0.068880 -0.094062 1.36558
19.878125 -0.069641 -0.094737 1.36037
19.881250 -0.070399 -0.095408 1.35524
19.884375 -0.071155 -0.096073 1.35019
19.887500 -0.071910 -0.096733 1.34521
19.890625 -0.072662 -0.097388 1.34029
19.893750 -0.073412 -0.098036 1.33542
19.896875 -0.074160 -0.098677 1.3306
19.900000 -0.074906 -0.099311 1.32582
19.903125 -0.075649 -0.099938 1.32107
19.906250 -0.076391 -0.100557 1.31634
19.909375 -0.077130 -0.101167 1.31164
19.912500 -0.077867 -0.101768 1.30694
19.915625 -0.078602 -0.102360 1.30226
19.918750 -0.079335 -0.102943 1.29757
19.921875 -0.080066 -0.103515 1.29288
19.925000 -0.080794 -0.104076 1.28817
19.928125 -0.081520 -0.104627 1.28346
19.931250 -0.082243 -0.105166 1.27872
19.934375 -0.082965 -0.105693 1.27395
19.937500 -0.083684 -0.106208 1.26916
19.940625 -0.084401 -0.106711 1.26434
19.943750 -0.085115 -0.107200 1.25947
19.946875 -0.085827 -0.107676 1.25457
19.950000 -0.086537 -0.108139 1.24963
19.953125 -0.087244 -0.108587 1.24464
19.956250 -0.087949 -0.109021 1.2396
19.959375 -0.088651 -0.109440 1.2345
19.962500 -0.089351 -0.109845 1.22936
19.965625 -0.090049 -0.110234 1.22416
19.968750 -0.090744 -0.110608 1.2189
19.971875 -0.091436 -0.110966 1.21359
19.975000 -0.092126 -0.111308 1.20821
19.978125 -0.092814 -0.111634 1.20277
19.981250 -0.093499 -0.111944 1.19727
19.984375 -0.094182 -0.112237 1.19171
19.987500 -0.094862 -0.112513 1.18608
19.990625 -0.095539 -0.112773 1.18039
19.993750 -0.096214 -0.113015 1.17462
19.996875 -0.096886 -0.113240 1.1688
