0.000000 0.000000 0.000000 1.98749
0.006250 0.000003 0.000003 1.06507
0.012500 0.000015 0.000015 0.997861
0.018750 0.000040 0.000039 0.979537
0.025000 0.000083 0.000081 0.972096
0.031250 0.000149 0.000144 0.96839
0.037500 0.000242 0.000234 0.966302
0.043750 0.000366 0.000354 0.965023
0.050000 0.000525 0.000506 0.964193
0.056250 0.000721 0.000695 0.963631
0.062500 0.000959 0.000924 0.96324
0.068750 0.001240 0.001194 0.96296
0.075000 0.001568 0.001509 0.962757
0.081250 0.001944 0.001871 0.962606
0.087500 0.002371 0.002282 0.962493
0.093750 0.002851 0.002744 0.962406
0.100000 0.003385 0.003258 0.962336
0.106250 0.003975 0.003826 0.962279
0.112500 0.004623 0.004448 0.96223
0.118750 0.005329 0.005127 0.962188
0.125000 0.006094 0.005864 0.96215
0.131250 0.006920 0.006658 0.962116
0.137500 0.007806 0.007510 0.962086
0.143750 0.008754 0.008422 0.962058
0.150000 0.009763 0.009393 0.962033
0.156250 0.010835 0.010423 0.962011
0.162500 0.011968 0.011513 0.96199
0.168750 0.013164 0.012663 0.961972
0.175000 0.014421 0.013873 0.961955
0.181250 0.015740 0.015141 0.96194
0.187500 0.017121 0.016469 0.961927
0.193750 0.018562 0.017855 0.961914
0.200000 0.020063 0.019299 0.961903
0.206250 0.021625 0.020801 0.961893
0.212500 0.023245 0.022359 0.961883
0.218750 0.024923 0.023973 0.961875
0.225000 0.026658 0.025642 0.961867
0.231250 0.028450 0.027365 0.96186
0.237500 0.030297 0.029142 0.961853
0.243750 0.032199 0.030970 0.961847
0.250000 0.034154 0.032850 0.961841
0.256250 0.036160 0.034780 0.961836
0.262500 0.038217 0.036759 0.961831
0.268750 0.040324 0.038785 0.961826
0.275000 0.042479 0.040857 0.961822
0.281250 0.044681 0.042975 0.961818
0.287500 0.046928 0.045136 0.961815
0.293750 0.049219 0.047340 0.961811
0.300000 0.051553 0.049584 0.961808
0.306250 0.053928 0.051868 0.961805
0.312500 0.056342 0.054190 0.961802
0.318750 0.058795 0.056549 0.9618
0.325000 0.061284 0.058943 0.961797
0.331250 0.063808 0.061370 0.961795
0.337500 0.066365 0.063830 0.961793
0.343750 0.068955 0.066320 0.961791
0.350000 0.071574 0.068839 0.961789
0.356250 0.074222 0.071386 0.961787
0.362500 0.076897 0.073959 0.961786
0.368750 0.079598 0.076556 0.961784
0.375000 0.082322 0.079176 0.961782
0.381250 0.085069 0.081818 0.961781
0.387500 0.087836 0.084479 0.961779
0.393750 0.090623 0.087159 0.961778
0.400000 0.093427 0.089855 0.961776
0.406250 0.096246 0.092567 0.961775
0.412500 0.099080 0.095292 0.961774
0.418750 0.101926 0.098030 0.961772
0.425000 0.104784 0.100778 0.961771
0.431250 0.107651 0.103536 0.96177
0.437500 0.110526 0.106301 0.961768
0.443750 0.113408 0.109072 0.961767
0.450000 0.116295 0.111848 0.961766
0.456250 0.119185 0.114628 0.961765
0.462500 0.122077 0.117409 0.961764
0.468750 0.124970 0.120191 0.961762
0.475000 0.127861 0.122972 0.961761
0.481250 0.130751 0.125751 0.96176
0.487500 0.133636 0.128526 0.961759
0.493750 0.136517 0.131296 0.961758
0.500000 0.139391 0.134060 0.961757
0.506250 0.142257 0.136817 0.961756
0.512500 0.145114 0.139564 0.961755
0.518750 0.147960 0.142302 0.961754
0.525000 0.150795 0.145028 0.961753
0.531250 0.153617 0.147741 0.961753
0.537500 0.156424 0.150441 0.961752
0.543750 0.159216 0.153126 0.961751
0.550000 0.161992 0.155795 0.96175
0.556250 0.164749 0.158447 0.961749
0.562500 0.167488 0.161081 0.961748
0.568750 0.170206 0.163695 0.961748
0.575000 0.172903 0.166289 0.961747
0.581250 0.175579 0.168862 0.961746
0.587500 0.178230 0.171412 0.961746
0.593750 0.180858 0.173939 0.961745
0.600000 0.183460 0.176442 0.961744
0.606250 0.186036 0.178919 0.961744
0.612500 0.188585 0.181370 0.961743
0.618750 0.191106 0.183795 0.961742
0.625000 0.193598 0.186191 0.961742
0.631250 0.196060 0.188559 0.961741
0.637500 0.198491 0.190897 0.961741
0.643750 0.200891 0.193205 0.96174
0.650000 0.203259 0.195482 0.961739
0.656250 0.205593 0.197727 0.961739
0.662500 0.207894 0.199940 0.961738
0.668750 0.210161 0.202119 0.961738
0.675000 0.212392 0.204265 0.961738
0.681250 0.214587 0.206377 0.961737
0.687500 0.216746 0.208453 0.961737
0.693750 0.218868 0.210494 0.961736
0.700000 0.220953 0.212498 0.961736
0.706250 0.222999 0.214466 0.961735
0.712500 0.225006 0.216396 0.961735
0.718750 0.226974 0.218289 0.961735
0.725000 0.228903 0.220144 0.961734
0.731250 0.230791 0.221959 0.961734
0.737500 0.232638 0.223736 0.961733
0.743750 0.234445 0.225473 0.961733
0.750000 0.236210 0.227171 0.961733
0.756250 0.237933 0.228828 0.961732
0.762500 0.239614 0.230444 0.961732
0.768750 0.241252 0.232020 0.961732
0.775000 0.242848 0.233554 0.961732
0.781250 0.244400 0.235047 0.961731
0.787500 0.245909 0.236498 0.961731
0.793750 0.247374 0.237907 0.961731
0.800000 0.248796 0.239274 0.96173
0.806250 0.250173 0.240599 0.96173
0.812500 0.251506 0.241881 0.96173
0.818750 0.252794 0.243120 0.96173
0.825000 0.254038 0.244316 0.961729
0.831250 0.255237 0.245469 0.961729
0.837500 0.256391 0.246579 0.961729
0.843750 0.257500 0.247646 0.961729
0.850000 0.258565 0.248669 0.961729
0.856250 0.259584 0.249649 0.961728
0.862500 0.260558 0.250586 0.961728
0.868750 0.261486 0.251479 0.961728
0.875000 0.262370 0.252328 0.961728
0.881250 0.263208 0.253134 0.961728
0.887500 0.264001 0.253897 0.961727
0.893750 0.264749 0.254617 0.961727
0.900000 0.265452 0.255293 0.961727
0.906250 0.266110 0.255925 0.961727
0.912500 0.266723 0.256515 0.961727
0.918750 0.267291 0.257061 0.961727
0.925000 0.267815 0.257564 0.961726
0.931250 0.268294 0.258025 0.961726
0.937500 0.268728 0.258443 0.961726
0.943750 0.269118 0.258818 0.961726
0.950000 0.269464 0.259150 0.961726
0.956250 0.269766 0.259441 0.961726
0.962500 0.270024 0.259689 0.961726
0.968750 0.270239 0.259895 0.961725
0.975000 0.270410 0.260060 0.961725
0.981250 0.270538 0.260183 0.961725
0.987500 0.270623 0.260265 0.961725
0.993750 0.270665 0.260306 0.961725
1.000000 0.270665 0.260306 0.961725
1.006250 0.270623 0.260265 0.961725
1.012500 0.270539 0.260184 0.961725
1.018750 0.270413 0.260063 0.961725
1.025000 0.270247 0.259903 0.961724
1.031250 0.270039 0.259703 0.961724
1.037500 0.269790 0.259464 0.961724
1.043750 0.269501 0.259186 0.961724
1.050000 0.269172 0.258869 0.961724
1.056250 0.268803 0.258514 0.961724
1.062500 0.268395 0.258122 0.961724
1.068750 0.267948 0.257692 0.961724
1.075000 0.267462 0.257224 0.961724
1.081250 0.266938 0.256720 0.961724
1.087500 0.266376 0.256180 0.961723
1.093750 0.265776 0.255603 0.961723
1.100000 0.265139 0.254991 0.961723
1.106250 0.264466 0.254343 0.961723
1.112500 0.263756 0.253660 0.961723
1.118750 0.263010 0.252942 0.961723
1.125000 0.262228 0.252191 0.961723
1.131250 0.261411 0.251405 0.961723
1.137500 0.260560 0.250586 0.961723
1.143750 0.259674 0.249734 0.961723
1.150000 0.258754 0.248849 0.961723
1.156250 0.257801 0.247933 0.961722
1.162500 0.256814 0.246984 0.961722
1.168750 0.255795 0.246004 0.961722
1.175000 0.254744 0.244993 0.961722
1.181250 0.253661 0.243951 0.961722
1.187500 0.252546 0.242879 0.961722
1.193750 0.251401 0.241778 0.961722
1.200000 0.250225 0.240647 0.961722
1.206250 0.249020 0.239488 0.961722
1.212500 0.247785 0.238300 0.961722
1.218750 0.246520 0.237084 0.961721
1.225000 0.245227 0.235840 0.961721
1.231250 0.243906 0.234570 0.961721
1.237500 0.242557 0.233273 0.961721
1.243750 0.241181 0.231949 0.961721
1.250000 0.239779 0.230600 0.961721
1.256250 0.238350 0.229226 0.961721
1.262500 0.236895 0.227826 0.961721
1.268750 0.235414 0.226403 0.961721
1.275000 0.233909 0.224955 0.96172
1.281250 0.232379 0.223484 0.96172
1.287500 0.230825 0.221989 0.96172
1.293750 0.229248 0.220472 0.96172
1.300000 0.227648 0.218933 0.96172
1.306250 0.226025 0.217372 0.96172
1.312500 0.224379 0.215790 0.96172
1.318750 0.222713 0.214187 0.96172
1.325000 0.221025 0.212564 0.961719
1.331250 0.219316 0.210920 0.961719
1.337500 0.217587 0.209257 0.961719
1.343750 0.215838 0.207575 0.961719
1.350000 0.214069 0.205875 0.961719
1.356250 0.212282 0.204156 0.961719
1.362500 0.210477 0.202419 0.961719
1.368750 0.208653 0.200665 0.961718
1.375000 0.206812 0.198894 0.961718
1.381250 0.204953 0.197107 0.961718
1.387500 0.203078 0.195304 0.961718
1.393750 0.201187 0.193485 0.961718
1.400000 0.199280 0.191651 0.961718
1.406250 0.197358 0.189802 0.961717
1.412500 0.195420 0.187939 0.961717
1.418750 0.193469 0.186062 0.961717
1.425000 0.191503 0.184172 0.961717
1.431250 0.189524 0.182268 0.961717
1.437500 0.187532 0.180352 0.961716
1.443750 0.185527 0.178424 0.961716
1.450000 0.183510 0.176484 0.961716
1.456250 0.181480 0.174533 0.961716
1.462500 0.179440 0.172570 0.961716
1.468750 0.177388 0.170597 0.961715
1.475000 0.175326 0.168614 0.961715
1.481250 0.173254 0.166621 0.961715
1.487500 0.171172 0.164618 0.961715
1.493750 0.169080 0.162607 0.961714
1.500000 0.166980 0.160587 0.961714
1.506250 0.164871 0.158559 0.961714
1.512500 0.162754 0.156523 0.961714
1.518750 0.160629 0.154479 0.961713
1.525000 0.158497 0.152429 0.961713
1.531250 0.156358 0.150371 0.961713
1.537500 0.154212 0.148308 0.961712
1.543750 0.152060 0.146238 0.961712
1.550000 0.149902 0.144163 0.961712
1.556250 0.147739 0.142082 0.961711
1.562500 0.145571 0.139997 0.961711
1.568750 0.143397 0.137907 0.961711
1.575000 0.141220 0.135813 0.96171
1.581250 0.139038 0.133715 0.96171
1.587500 0.136853 0.131613 0.96171
1.593750 0.134665 0.129509 0.961709
1.600000 0.132474 0.127401 0.961709
1.606250 0.130280 0.125291 0.961709
1.612500 0.128083 0.123179 0.961708
1.618750 0.125885 0.121065 0.961708
1.625000 0.123686 0.118949 0.961707
1.631250 0.121485 0.116832 0.961707
1.637500 0.119283 0.114715 0.961706
1.643750 0.117080 0.112597 0.961706
1.650000 0.114877 0.110478 0.961706
1.656250 0.112674 0.108360 0.961705
1.662500 0.110472 0.106241 0.961705
1.668750 0.108270 0.104124 0.961704
1.675000 0.106069 0.102007 0.961703
1.681250 0.103870 0.099892 0.961703
1.687500 0.101671 0.097778 0.961702
1.693750 0.099475 0.095665 0.961702
1.700000 0.097281 0.093555 0.961701
1.706250 0.095089 0.091447 0.9617
1.712500 0.092900 0.089342 0.9617
1.718750 0.090714 0.087239 0.961699
1.725000 0.088531 0.085140 0.961698
1.731250 0.086351 0.083044 0.961697
1.737500 0.084176 0.080951 0.961697
1.743750 0.082004 0.078863 0.961696
1.750000 0.079836 0.076778 0.961695
1.756250 0.077673 0.074698 0.961694
1.762500 0.075515 0.072622 0.961693
1.768750 0.073362 0.070552 0.961692
1.775000 0.071214 0.068486 0.961691
1.781250 0.069072 0.066425 0.961689
1.787500 0.066935 0.064370 0.961688
1.793750 0.064804 0.062321 0.961687
1.800000 0.062679 0.060278 0.961685
1.806250 0.060561 0.058240 0.961684
1.812500 0.058449 0.056210 0.961682
1.818750 0.056344 0.054185 0.96168
1.825000 0.054246 0.052168 0.961678
1.831250 0.052156 0.050157 0.961676
1.837500 0.050073 0.048153 0.961674
1.843750 0.047997 0.046157 0.961671
1.850000 0.045929 0.044169 0.961669
1.856250 0.043869 0.042188 0.961666
1.862500 0.041818 0.040215 0.961662
1.868750 0.039774 0.038249 0.961659
1.875000 0.037740 0.036293 0.961655
1.881250 0.035714 0.034344 0.96165
1.887500 0.033697 0.032404 0.961645
1.893750 0.031689 0.030473 0.961639
1.900000 0.029690 0.028551 0.961632
1.906250 0.027701 0.026638 0.961625
1.912500 0.025721 0.024734 0.961616
1.918750 0.023751 0.022839 0.961606
1.925000 0.021790 0.020954 0.961593
1.931250 0.019840 0.019078 0.961579
1.937500 0.017900 0.017212 0.961561
1.943750 0.015970 0.015356 0.961538
1.950000 0.014051 0.013510 0.961509
1.956250 0.012142 0.011674 0.961472
1.962500 0.010244 0.009848 0.96142
1.968750 0.008356 0.008033 0.961344
1.975000 0.006480 0.006229 0.961225
1.981250 0.004614 0.004434 0.961009
1.987500 0.002760 0.002651 0.960504
1.993750 0.000917 0.000879 0.957975
2.000000 -0.000914 -0.000881 0.963885
2.006250 -0.002731 -0.002625 0.960937
2.012500 -0.004528 -0.004346 0.959844
2.018750 -0.006300 -0.006042 0.959012
2.025000 -0.008042 -0.007706 0.958278
2.031250 -0.009749 -0.009335 0.957594
2.037500 -0.011416 -0.010925 0.956943
2.043750 -0.013041 -0.012472 0.956312
2.050000 -0.014619 -0.013972 0.955698
2.056250 -0.016148 -0.015422 0.955094
2.062500 -0.017622 -0.016820 0.954499
2.068750 -0.019041 -0.018163 0.953909
2.075000 -0.020401 -0.019448 0.953322
2.081250 -0.021699 -0.020674 0.952736
2.087500 -0.022934 -0.021837 0.95215
2.093750 -0.024104 -0.022936 0.951563
2.100000 -0.025206 -0.023971 0.950972
2.106250 -0.026240 -0.024938 0.950378
2.112500 -0.027204 -0.025837 0.949779
2.118750 -0.028096 -0.026668 0.949172
2.125000 -0.028916 -0.027428 0.948558
2.131250 -0.029662 -0.028118 0.947934
2.137500 -0.030335 -0.028736 0.947297
2.143750 -0.030933 -0.029283 0.946648
2.150000 -0.031456 -0.029757 0.945982
2.156250 -0.031904 -0.030159 0.945298
2.162500 -0.032277 -0.030489 0.944594
2.168750 -0.032574 -0.030746 0.943867
2.175000 -0.032797 -0.030931 0.943114
2.181250 -0.032944 -0.031044 0.942332
2.187500 -0.033017 -0.031086 0.941518
2.193750 -0.033015 -0.031056 0.940668
2.200000 -0.032940 -0.030956 0.939777
2.206250 -0.032791 -0.030786 0.938842
2.212500 -0.032570 -0.030546 0.937857
2.218750 -0.032278 -0.030238 0.936816
2.225000 -0.031914 -0.029863 0.935711
2.231250 -0.031481 -0.029420 0.934536
2.237500 -0.030979 -0.028912 0.933281
2.243750 -0.030410 -0.028340 0.931935
2.250000 -0.029773 -0.027703 0.930486
2.256250 -0.029071 -0.027005 0.92892
2.262500 -0.028305 -0.026245 0.927219
2.268750 -0.027475 -0.025425 0.925361
2.275000 -0.026584 -0.024546 0.923323
2.281250 -0.025633 -0.023610 0.921073
2.287500 -0.024623 -0.022618 0.918573
2.293750 -0.023555 -0.021571 0.915775
2.300000 -0.022431 -0.020471 0.912619
2.306250 -0.021252 -0.019319 0.909028
2.312500 -0.020020 -0.018116 0.904899
2.318750 -0.018737 -0.016865 0.900098
2.325000 -0.017403 -0.015566 0.894439
2.331250 -0.016022 -0.014222 0.887663
2.337500 -0.014593 -0.012833 0.879394
2.343750 -0.013119 -0.011401 0.869068
2.350000 -0.011601 -0.009928 0.855794
2.356250 -0.010042 -0.008416 0.838082
2.362500 -0.008442 -0.006865 0.813238
2.368750 -0.006803 -0.005278 0.775829
2.375000 -0.005127 -0.003656 0.713032
2.381250 -0.003415 -0.002000 0.585582
2.387500 -0.001670 -0.000312 0.187111
2.393750 0.000108 0.001405 13.0432
2.400000 0.001916 0.003152 1.64495
2.406250 0.003753 0.004925 1.31228
2.412500 0.005618 0.006725 1.19698
2.418750 0.007508 0.008548 1.13844
2.425000 0.009423 0.010394 1.10301
2.431250 0.011360 0.012260 1.07925
2.437500 0.013318 0.014147 1.06219
2.443750 0.015296 0.016051 1.04936
2.450000 0.017291 0.017972 1.03934
2.456250 0.019303 0.019907 1.0313
2.462500 0.021330 0.021857 1.0247
2.468750 0.023370 0.023818 1.01918
2.475000 0.025421 0.025790 1.0145
2.481250 0.027484 0.027771 1.01048
2.487500 0.029554 0.029761 1.00698
2.493750 0.031633 0.031756 1.00391
2.500000 0.033717 0.033757 1.00119
2.506250 0.035806 0.035762 0.998769
2.512500 0.037899 0.037769 0.996594
2.518750 0.039993 0.039778 0.99463
2.525000 0.042087 0.041786 0.992848
2.531250 0.044181 0.043793 0.991222
2.537500 0.046273 0.045798 0.989732
2.543750 0.048362 0.047799 0.988361
2.550000 0.050446 0.049795 0.987096
2.556250 0.052524 0.051785 0.985923
2.562500 0.054595 0.053767 0.984833
2.568750 0.056658 0.055742 0.983817
2.575000 0.058712 0.057706 0.982868
2.581250 0.060756 0.059661 0.981978
2.587500 0.062787 0.061603 0.981142
2.593750 0.064807 0.063534 0.980355
2.600000 0.066812 0.065450 0.979612
2.606250 0.068803 0.067352 0.97891
2.612500 0.070778 0.069239 0.978246
2.618750 0.072737 0.071109 0.977615
2.625000 0.074678 0.072962 0.977016
2.631250 0.076601 0.074796 0.976445
2.637500 0.078504 0.076612 0.975901
2.643750 0.080386 0.078407 0.975382
2.650000 0.082248 0.080182 0.974886
2.656250 0.084087 0.081936 0.974411
2.662500 0.085904 0.083667 0.973956
2.668750 0.087697 0.085375 0.973519
2.675000 0.089466 0.087059 0.973099
2.681250 0.091210 0.088720 0.972696
2.687500 0.092928 0.090355 0.972307
2.693750 0.094620 0.091964 0.971933
2.700000 0.096284 0.093547 0.971571
2.706250 0.097921 0.095103 0.971223
2.712500 0.099529 0.096632 0.970885
2.718750 0.101109 0.098132 0.970559
2.725000 0.102659 0.099604 0.970244
2.731250 0.104179 0.101047 0.969938
2.737500 0.105669 0.102461 0.969641
2.743750 0.107127 0.103844 0.969353
2.750000 0.108554 0.105197 0.969074
2.756250 0.109949 0.106519 0.968802
2.762500 0.111312 0.107809 0.968537
2.768750 0.112641 0.109068 0.96828
2.775000 0.113938 0.110295 0.968029
2.781250 0.115201 0.111490 0.967785
2.787500 0.116430 0.112652 0.967546
2.793750 0.117625 0.113780 0.967314
2.800000 0.118786 0.114876 0.967087
2.806250 0.119911 0.115938 0.966865
2.812500 0.121002 0.116966 0.966647
2.818750 0.122057 0.117960 0.966435
2.825000 0.123077 0.118920 0.966227
2.831250 0.124060 0.119845 0.966023
2.837500 0.125008 0.120736 0.965824
2.843750 0.125920 0.121592 0.965628
2.850000 0.126796 0.122413 0.965436
2.856250 0.127635 0.123199 0.965247
2.862500 0.128438 0.123950 0.965062
2.868750 0.129204 0.124666 0.964879
2.875000 0.129933 0.125347 0.9647
2.881250 0.130626 0.125992 0.964524
2.887500 0.131282 0.126601 0.96435
2.893750 0.131900 0.127176 0.96418
2.900000 0.132482 0.127715 0.964011
2.906250 0.133028 0.128218 0.963845
2.912500 0.133536 0.128686 0.963681
2.918750 0.134007 0.129118 0.96352
2.925000 0.134442 0.129516 0.96336
2.931250 0.134839 0.129878 0.963202
2.937500 0.135200 0.130204 0.963046
2.943750 0.135525 0.130496 0.962892
2.950000 0.135812 0.130752 0.962739
2.956250 0.136064 0.130973 0.962588
2.962500 0.136279 0.131160 0.962439
2.968750 0.136458 0.131312 0.96229
2.975000 0.136600 0.131429 0.962143
2.981250 0.136707 0.131512 0.961997
2.987500 0.136778 0.131560 0.961853
2.993750 0.136814 0.131575 0.961709
3.000000 0.136814 0.131555 0.961566
3.006250 0.136778 0.131502 0.961424
3.012500 0.136708 0.131415 0.961283
3.018750 0.136603 0.131295 0.961143
3.025000 0.136463 0.131142 0.961003
3.031250 0.136289 0.130956 0.960864
3.037500 0.136081 0.130737 0.960725
3.043750 0.135839 0.130485 0.960587
3.050000 0.135564 0.130202 0.960449
3.056250 0.135255 0.129887 0.960311
3.062500 0.134913 0.129540 0.960173
3.068750 0.134538 0.129161 0.960036
3.075000 0.134130 0.128752 0.959899
3.081250 0.133691 0.128311 0.959761
3.087500 0.133219 0.127841 0.959624
3.093750 0.132716 0.127339 0.959486
3.100000 0.132182 0.126808 0.959348
3.106250 0.131616 0.126248 0.95921
3.112500 0.131020 0.125658 0.959072
3.118750 0.130394 0.125039 0.958933
3.125000 0.129737 0.124391 0.958793
3.131250 0.129051 0.123715 0.958653
3.137500 0.128336 0.123012 0.958512
3.143750 0.127592 0.122280 0.95837
3.150000 0.126819 0.121521 0.958227
3.156250 0.126018 0.120735 0.958084
3.162500 0.125188 0.119923 0.957939
3.168750 0.124332 0.119084 0.957793
3.175000 0.123448 0.118220 0.957646
3.181250 0.122538 0.117330 0.957497
3.187500 0.121601 0.116414 0.957347
3.193750 0.120638 0.115474 0.957196
3.200000 0.119649 0.114510 0.957042
3.206250 0.118636 0.113521 0.956887
3.212500 0.117597 0.112509 0.95673
3.218750 0.116534 0.111473 0.956571
3.225000 0.115447 0.110414 0.95641
3.231250 0.114336 0.109333 0.956246
3.237500 0.113202 0.108230 0.95608
3.243750 0.112045 0.107105 0.955911
3.250000 0.110865 0.105958 0.95574
3.256250 0.109664 0.104791 0.955565
3.262500 0.108440 0.103603 0.955387
3.268750 0.107196 0.102394 0.955206
3.275000 0.105930 0.101166 0.955022
3.281250 0.104645 0.099918 0.954833
3.287500 0.103339 0.098651 0.954641
3.293750 0.102013 0.097366 0.954444
3.300000 0.100668 0.096062 0.954243
3.306250 0.099305 0.094740 0.954038
3.312500 0.097922 0.093401 0.953827
3.318750 0.096522 0.092045 0.953611
3.325000 0.095104 0.090672 0.953389
3.331250 0.093669 0.089282 0.953161
3.337500 0.092218 0.087877 0.952927
3.343750 0.090749 0.086456 0.952686
3.350000 0.089265 0.085019 0.952438
3.356250 0.087765 0.083568 0.952182
3.362500 0.086250 0.082103 0.951918
3.368750 0.084720 0.080624 0.951645
3.375000 0.083176 0.079130 0.951363
3.381250 0.081618 0.077624 0.951071
3.387500 0.080046 0.076105 0.950768
3.393750 0.078460 0.074573 0.950454
3.400000 0.076863 0.073029 0.950127
3.406250 0.075252 0.071474 0.949788
3.412500 0.073630 0.069907 0.949434
3.418750 0.071996 0.068328 0.949066
3.425000 0.070350 0.066740 0.948681
3.431250 0.068694 0.065141 0.948278
3.437500 0.067027 0.063532 0.947856
3.443750 0.065350 0.061914 0.947413
3.450000 0.063664 0.060286 0.946948
3.456250 0.061968 0.058650 0.946459
3.462500 0.060262 0.057005 0.945943
3.468750 0.058549 0.055352 0.945397
3.475000 0.056827 0.053691 0.94482
3.481250 0.055097 0.052023 0.944207
3.487500 0.053360 0.050348 0.943556
3.493750 0.051615 0.048666 0.942862
3.500000 0.049864 0.046978 0.94212
3.506250 0.048106 0.045284 0.941326
3.512500 0.046342 0.043584 0.940472
3.518750 0.044573 0.041879 0.939553
3.525000 0.042798 0.040168 0.938558
3.531250 0.041018 0.038453 0.937478
3.537500 0.039233 0.036734 0.936302
3.543750 0.037444 0.035011 0.935016
3.550000 0.035651 0.033283 0.933602
3.556250 0.033854 0.031553 0.93204
3.562500 0.032053 0.029819 0.930305
3.568750 0.030250 0.028083 0.928365
3.575000 0.028444 0.026344 0.926182
3.581250 0.026635 0.024603 0.923706
3.587500 0.024824 0.022860 0.920872
3.593750 0.023012 0.021116 0.917596
3.600000 0.021198 0.019370 0.913764
3.606250 0.019383 0.017623 0.909219
3.612500 0.017566 0.015876 0.903741
3.618750 0.015750 0.014128 0.897008
3.625000 0.013933 0.012380 0.888527
3.631250 0.012116 0.010632 0.877516
3.637500 0.010299 0.008884 0.862637
3.643750 0.008483 0.007138 0.841409
3.650000 0.006668 0.005392 0.808658
3.656250 0.004854 0.003647 0.751482
3.662500 0.003041 0.001904 0.626255
3.668750 0.001230 0.000163 0.132591
3.675000 -0.000579 -0.001576 2.72071
3.681250 -0.002386 -0.003313 1.38847
3.687500 -0.004191 -0.005048 1.20451
3.693750 -0.005993 -0.006780 1.13135
3.700000 -0.007791 -0.008508 1.09204
3.706250 -0.009587 -0.010234 1.0675
3.712500 -0.011379 -0.011956 1.05072
3.718750 -0.013168 -0.013675 1.03852
3.725000 -0.014952 -0.015389 1.02924
3.731250 -0.016732 -0.017100 1.02195
3.737500 -0.018508 -0.018806 1.01607
3.743750 -0.020280 -0.020507 1.01123
3.750000 -0.022046 -0.022204 1.00716
3.756250 -0.023807 -0.023896 1.00371
3.762500 -0.025563 -0.025582 1.00073
3.768750 -0.027314 -0.027263 0.998142
3.775000 -0.029059 -0.028939 0.995867
3.781250 -0.030798 -0.030608 0.993852
3.787500 -0.032531 -0.032272 0.992055
3.793750 -0.034257 -0.033930 0.990443
3.800000 -0.035977 -0.035581 0.988987
3.806250 -0.037690 -0.037226 0.987665
3.812500 -0.039397 -0.038863 0.986461
3.818750 -0.041096 -0.040494 0.985358
3.825000 -0.042788 -0.042118 0.984345
3.831250 -0.044473 -0.043735 0.98341
3.837500 -0.046150 -0.045344 0.982545
3.843750 -0.047819 -0.046946 0.981742
3.850000 -0.049481 -0.048540 0.980994
3.856250 -0.051134 -0.050126 0.980297
3.862500 -0.052779 -0.051704 0.979644
3.868750 -0.054415 -0.053274 0.979032
3.875000 -0.056043 -0.054836 0.978457
3.881250 -0.057662 -0.056389 0.977916
3.887500 -0.059273 -0.057933 0.977405
3.893750 -0.060874 -0.059469 0.976922
3.900000 -0.062466 -0.060996 0.976465
3.906250 -0.064049 -0.062514 0.976032
3.912500 -0.065622 -0.064022 0.975621
3.918750 -0.067186 -0.065522 0.97523
3.925000 -0.068740 -0.067012 0.974858
3.931250 -0.070284 -0.068492 0.974504
3.937500 -0.071819 -0.069963 0.974165
3.943750 -0.073343 -0.071425 0.973842
3.950000 -0.074857 -0.072876 0.973533
3.956250 -0.076361 -0.074317 0.973237
3.962500 -0.077855 -0.075749 0.972953
3.968750 -0.079338 -0.077170 0.972681
3.975000 -0.080810 -0.078581 0.97242
3.981250 -0.082272 -0.079982 0.97217
3.987500 -0.083723 -0.081372 0.971929
3.993750 -0.085163 -0.082751 0.971686
4.000000 -0.086591 -0.084116 0.971413
4.006250 -0.088006 -0.085462 0.971093
4.012500 -0.089402 -0.086785 0.970733
4.018750 -0.090772 -0.088080 0.970338
4.025000 -0.092113 -0.089342 0.969913
4.031250 -0.093420 -0.090567 0.969462
4.037500 -0.094688 -0.091752 0.968989
4.043750 -0.095914 -0.092892 0.968497
4.050000 -0.097093 -0.093985 0.967989
4.056250 -0.098223 -0.095028 0.967466
4.062500 -0.099301 -0.096017 0.966933
4.068750 -0.100322 -0.096950 0.966389
4.075000 -0.101286 -0.097826 0.965836
4.081250 -0.102189 -0.098640 0.965277
4.087500 -0.103029 -0.099393 0.964711
4.093750 -0.103804 -0.100082 0.964141
4.100000 -0.104513 -0.100705 0.963567
4.106250 -0.105154 -0.101262 0.96299
4.112500 -0.105725 -0.101751 0.96241
4.118750 -0.106226 -0.102171 0.961828
4.125000 -0.106655 -0.102522 0.961245
4.131250 -0.107012 -0.102802 0.96066
4.137500 -0.107295 -0.103011 0.960074
4.143750 -0.107505 -0.103149 0.959487
4.150000 -0.107640 -0.103216 0.958898
4.156250 -0.107702 -0.103211 0.958307
4.162500 -0.107689 -0.103135 0.957715
4.168750 -0.107601 -0.102987 0.957121
4.175000 -0.107439 -0.102768 0.956524
4.181250 -0.107203 -0.102478 0.955925
4.187500 -0.106893 -0.102117 0.955323
4.193750 -0.106509 -0.101686 0.954717
4.200000 -0.106053 -0.101186 0.954107
4.206250 -0.105525 -0.100617 0.953493
4.212500 -0.104925 -0.099980 0.952874
4.218750 -0.104254 -0.099276 0.952249
4.225000 -0.103514 -0.098506 0.951617
4.231250 -0.102705 -0.097670 0.950979
4.237500 -0.101828 -0.096770 0.950332
4.243750 -0.100883 -0.095807 0.949677
4.250000 -0.099874 -0.094781 0.949012
4.256250 -0.098799 -0.093695 0.948336
4.262500 -0.097662 -0.092549 0.947648
4.268750 -0.096462 -0.091345 0.946947
4.275000 -0.095202 -0.090083 0.946232
4.281250 -0.093882 -0.088766 0.945501
4.287500 -0.092505 -0.087394 0.944753
4.293750 -0.091071 -0.085969 0.943986
4.300000 -0.089582 -0.084493 0.943199
4.306250 -0.088039 -0.082967 0.942389
4.312500 -0.086444 -0.081392 0.941554
4.318750 -0.084799 -0.079770 0.940692
4.325000 -0.083105 -0.078102 0.939801
4.331250 -0.081363 -0.076390 0.938877
4.337500 -0.079576 -0.074636 0.937918
4.343750 -0.077744 -0.072840 0.936919
4.350000 -0.075870 -0.071005 0.935878
4.356250 -0.073956 -0.069133 0.934789
4.362500 -0.072001 -0.067224 0.933648
4.368750 -0.070009 -0.065280 0.932449
4.375000 -0.067982 -0.063303 0.931186
4.381250 -0.065919 -0.061295 0.929852
4.387500 -0.063824 -0.059257 0.928438
4.393750 -0.061698 -0.057190 0.926934
4.400000 -0.059543 -0.055097 0.925331
4.406250 -0.057359 -0.052978 0.923615
4.412500 -0.055150 -0.050835 0.92177
4.418750 -0.052916 -0.048671 0.919781
4.425000 -0.050658 -0.046485 0.917624
4.431250 -0.048380 -0.044281 0.915276
4.437500 -0.046082 -0.042059 0.912707
4.443750 -0.043765 -0.039821 0.909878
4.450000 -0.041432 -0.037568 0.906745
4.456250 -0.039083 -0.035302 0.903252
4.462500 -0.036721 -0.033025 0.899327
4.468750 -0.034347 -0.030737 0.894878
4.475000 -0.031963 -0.028440 0.889787
4.481250 -0.029569 -0.026136 0.883896
4.487500 -0.027168 -0.023826 0.876991
4.493750 -0.024760 -0.021511 0.868777
4.500000 -0.022348 -0.019193 0.858828
4.506250 -0.019932 -0.016873 0.846515
4.512500 -0.017514 -0.014552 0.83086
4.518750 -0.015096 -0.012231 0.810265
4.525000 -0.012678 -0.009913 0.781917
4.531250 -0.010262 -0.007598 0.740365
4.537500 -0.007850 -0.005287 0.673494
4.543750 -0.005442 -0.002981 0.547841
4.550000 -0.003040 -0.000682 0.224517
4.556250 -0.000645 0.001608 -2.49457
4.562500 0.001742 0.003890 2.23329
4.568750 0.004119 0.006162 1.49592
4.575000 0.006486 0.008423 1.2986
4.581250 0.008841 0.010671 1.207
4.587500 0.011183 0.012906 1.15407
4.593750 0.013512 0.015127 1.11956
4.600000 0.015825 0.017333 1.09526
4.606250 0.018123 0.019522 1.07722
4.612500 0.020403 0.021694 1.06327
4.618750 0.022666 0.023848 1.05217
4.625000 0.024910 0.025984 1.04311
4.631250 0.027134 0.028099 1.03557
4.637500 0.029337 0.030193 1.02919
4.643750 0.031519 0.032266 1.02373
4.650000 0.033678 0.034317 1.01899
4.656250 0.035814 0.036345 1.01483
4.662500 0.037925 0.038349 1.01116
4.668750 0.040012 0.040328 1.00788
4.675000 0.042074 0.042282 1.00494
4.681250 0.044109 0.044210 1.00229
4.687500 0.046117 0.046111 0.999877
4.693750 0.048097 0.047985 0.997676
4.700000 0.050049 0.049832 0.995658
4.706250 0.051972 0.051650 0.993799
4.712500 0.053865 0.053438 0.992081
4.718750 0.055728 0.055198 0.990485
4.725000 0.057560 0.056927 0.989
4.731250 0.059361 0.058626 0.987613
4.737500 0.061130 0.060294 0.986313
4.743750 0.062867 0.061930 0.985092
4.750000 0.064571 0.063534 0.983942
4.756250 0.066242 0.065106 0.982856
4.762500 0.067879 0.066646 0.981829
4.768750 0.069482 0.068152 0.980855
4.775000 0.071051 0.069625 0.97993
4.781250 0.072584 0.071064 0.979049
4.787500 0.074083 0.072469 0.978209
4.793750 0.075546 0.073839 0.977407
4.800000 0.076973 0.075175 0.976639
4.806250 0.078365 0.076476 0.975903
4.812500 0.079719 0.077742 0.975196
4.818750 0.081038 0.078972 0.974517
4.825000 0.082319 0.080167 0.973863
4.831250 0.083563 0.081327 0.973232
4.837500 0.084771 0.082450 0.972624
4.843750 0.085940 0.083537 0.972036
4.850000 0.087073 0.084588 0.971467
4.856250 0.088167 0.085603 0.970915
4.862500 0.089224 0.086581 0.97038
4.868750 0.090243 0.087523 0.969861
4.875000 0.091224 0.088429 0.969357
4.881250 0.092167 0.089298 0.968865
4.887500 0.093072 0.090130 0.968387
4.893750 0.093939 0.090925 0.967921
4.900000 0.094767 0.091684 0.967465
4.906250 0.095558 0.092407 0.967021
4.912500 0.096310 0.093092 0.966586
4.918750 0.097025 0.093741 0.96616
4.925000 0.097701 0.094354 0.965743
4.931250 0.098339 0.094930 0.965334
4.937500 0.098939 0.095470 0.964933
4.943750 0.099501 0.095973 0.964539
4.950000 0.100026 0.096440 0.964152
4.956250 0.100513 0.096871 0.963771
4.962500 0.100962 0.097266 0.963395
4.968750 0.101374 0.097626 0.963026
4.975000 0.101748 0.097949 0.962661
4.981250 0.102086 0.098237 0.962301
4.987500 0.102386 0.098490 0.961945
4.993750 0.102650 0.098708 0.961594
5.000000 0.102877 0.098890 0.961246
5.006250 0.103068 0.099038 0.960901
5.012500 0.103222 0.099151 0.96056
5.018750 0.103340 0.099230 0.960222
5.025000 0.103423 0.099274 0.959886
5.031250 0.103470 0.099285 0.959552
5.037500 0.103482 0.099262 0.95922
5.043750 0.103458 0.099205 0.958891
5.050000 0.103400 0.099115 0.958562
5.056250 0.103307 0.098993 0.958235
5.062500 0.103180 0.098837 0.957909
5.068750 0.103019 0.098650 0.957584
5.075000 0.102825 0.098430 0.957259
5.081250 0.102597 0.098178 0.956934
5.087500 0.102336 0.097895 0.95661
5.093750 0.102042 0.097581 0.956285
5.100000 0.101715 0.097236 0.95596
5.106250 0.101357 0.096860 0.955634
5.112500 0.100967 0.096454 0.955307
5.118750 0.100545 0.096018 0.954979
5.125000 0.100092 0.095553 0.954649
5.131250 0.099608 0.095058 0.954318
5.137500 0.099094 0.094534 0.953985
5.143750 0.098550 0.093982 0.953649
5.150000 0.097976 0.093402 0.953311
5.156250 0.097373 0.092793 0.95297
5.162500 0.096740 0.092157 0.952626
5.168750 0.096079 0.091494 0.952279
5.175000 0.095390 0.090805 0.951927
5.181250 0.094673 0.090088 0.951572
5.187500 0.093929 0.089346 0.951212
5.193750 0.093157 0.088578 0.950848
5.200000 0.092358 0.087785 0.950478
5.206250 0.091534 0.086966 0.950103
5.212500 0.090683 0.086123 0.949722
5.218750 0.089807 0.085256 0.949335
5.225000 0.088905 0.084366 0.94894
5.231250 0.087979 0.083451 0.948539
5.237500 0.087028 0.082514 0.94813
5.243750 0.086054 0.081554 0.947712
5.250000 0.085056 0.080572 0.947286
5.256250 0.084035 0.079568 0.94685
5.262500 0.082991 0.078543 0.946404
5.268750 0.081924 0.077496 0.945947
5.275000 0.080836 0.076429 0.945479
5.281250 0.079727 0.075342 0.944999
5.287500 0.078596 0.074234 0.944505
5.293750 0.077444 0.073107 0.943998
5.300000 0.076272 0.071961 0.943476
5.306250 0.075081 0.070797 0.942938
5.312500 0.073870 0.069613 0.942383
5.318750 0.072639 0.068413 0.941809
5.325000 0.071391 0.067194 0.941216
5.331250 0.070124 0.065958 0.940603
5.337500 0.068839 0.064706 0.939967
5.343750 0.067536 0.063437 0.939307
5.350000 0.066217 0.062153 0.938621
5.356250 0.064881 0.060852 0.937907
5.362500 0.063529 0.059537 0.937163
5.368750 0.062161 0.058207 0.936387
5.375000 0.060777 0.056862 0.935575
5.381250 0.059379 0.055503 0.934726
5.387500 0.057966 0.054131 0.933835
5.393750 0.056539 0.052745 0.9329
5.400000 0.055098 0.051347 0.931915
5.406250 0.053644 0.049936 0.930877
5.412500 0.052176 0.048513 0.929781
5.418750 0.050696 0.047078 0.928621
5.425000 0.049204 0.045631 0.92739
5.431250 0.047700 0.044174 0.926081
5.437500 0.046185 0.042706 0.924686
5.443750 0.044658 0.041228 0.923194
5.450000 0.043121 0.039740 0.921596
5.456250 0.041573 0.038243 0.919879
5.462500 0.040016 0.036736 0.918027
5.468750 0.038449 0.035220 0.916022
5.475000 0.036873 0.033696 0.913846
5.481250 0.035288 0.032164 0.911472
5.487500 0.033694 0.030624 0.908873
5.493750 0.032093 0.029077 0.906012
5.500000 0.030484 0.027522 0.902848
5.506250 0.028867 0.025961 0.899327
5.512500 0.027244 0.024394 0.895384
5.518750 0.025613 0.022820 0.890936
5.525000 0.023977 0.021241 0.885878
5.531250 0.022335 0.019656 0.880072
5.537500 0.020687 0.018066 0.873336
5.543750 0.019033 0.016472 0.865425
5.550000 0.017375 0.014873 0.855997
5.556250 0.015712 0.013270 0.844566
5.562500 0.014045 0.011663 0.830413
5.568750 0.012374 0.010053 0.812425
5.575000 0.010700 0.008440 0.788792
5.581250 0.009022 0.006824 0.756349
5.587500 0.007341 0.005205 0.70902
5.593750 0.005657 0.003584 0.633483
5.600000 0.003972 0.001961 0.493748
5.606250 0.002284 0.000336 0.147316
5.612500 0.000594 -0.001289 -2.16976
5.618750 -0.001097 -0.002916 2.65938
5.625000 -0.002789 -0.004544 1.62949
5.631250 -0.004482 -0.006172 1.37729
5.637500 -0.006175 -0.007801 1.26331
5.643750 -0.007869 -0.009429 1.19835
5.650000 -0.009562 -0.011057 1.15637
5.656250 -0.011255 -0.012685 1.12701
5.662500 -0.012948 -0.014312 1.10531
5.668750 -0.014640 -0.015937 1.08862
5.675000 -0.016331 -0.017562 1.07538
5.681250 -0.018020 -0.019184 1.06461
5.687500 -0.019707 -0.020805 1.05569
5.693750 -0.021393 -0.022424 1.04817
5.700000 -0.023076 -0.024040 1.04175
5.706250 -0.024757 -0.025653 1.0362
5.712500 -0.026436 -0.027264 1.03135
5.718750 -0.028111 -0.028872 1.02708
5.725000 -0.029783 -0.030477 1.02328
5.731250 -0.031452 -0.032077 1.01989
5.737500 -0.033117 -0.033675 1.01684
5.743750 -0.034778 -0.035268 1.01409
5.750000 -0.036435 -0.036857 1.01158
5.756250 -0.038088 -0.038442 1.00929
5.762500 -0.039736 -0.040022 1.00719
5.768750 -0.041379 -0.041597 1.00526
5.775000 -0.043018 -0.043167 1.00348
5.781250 -0.044651 -0.044733 1.00183
5.787500 -0.046279 -0.046292 1.00029
5.793750 -0.047901 -0.047846 0.998859
5.800000 -0.049517 -0.049395 0.997522
5.806250 -0.051128 -0.050937 0.996269
5.812500 -0.052732 -0.052473 0.995094
5.818750 -0.054330 -0.054003 0.993989
5.825000 -0.055921 -0.055527 0.992947
5.831250 -0.057506 -0.057043 0.991963
5.837500 -0.059083 -0.058553 0.991033
5.843750 -0.060654 -0.060056 0.990152
5.850000 -0.062217 -0.061552 0.989316
5.856250 -0.063773 -0.063041 0.988521
5.862500 -0.065321 -0.064522 0.987765
5.868750 -0.066861 -0.065995 0.987045
5.875000 -0.068394 -0.067461 0.986358
5.881250 -0.069918 -0.068919 0.985702
5.887500 -0.071434 -0.070368 0.985075
5.893750 -0.072942 -0.071810 0.984474
5.900000 -0.074442 -0.073243 0.983899
5.906250 -0.075932 -0.074668 0.983347
5.912500 -0.077414 -0.076084 0.982818
5.918750 -0.078887 -0.077491 0.982309
5.925000 -0.080351 -0.078890 0.98182
5.931250 -0.081806 -0.080280 0.981349
5.937500 -0.083251 -0.081661 0.980896
5.943750 -0.084687 -0.083032 0.98046
5.950000 -0.086113 -0.084394 0.980039
5.956250 -0.087530 -0.085747 0.979633
5.962500 -0.088937 -0.087091 0.979241
5.968750 -0.090334 -0.088425 0.978863
5.975000 -0.091721 -0.089749 0.978498
5.981250 -0.093098 -0.091063 0.978145
5.987500 -0.094465 -0.092367 0.977797
5.993750 -0.095821 -0.093659 0.977437
6.000000 -0.097167 -0.094935 0.97703
6.006250 -0.098500 -0.096191 0.976562
6.012500 -0.099813 -0.097422 0.976039
6.018750 -0.101103 -0.098622 0.975469
6.025000 -0.102363 -0.099789 0.974858
6.031250 -0.103590 -0.100918 0.97421
6.037500 -0.104778 -0.102005 0.973532
6.043750 -0.105925 -0.103047 0.972827
6.050000 -0.107026 -0.104040 0.9721
6.056250 -0.108078 -0.104982 0.971352
6.062500 -0.109079 -0.105870 0.970588
6.068750 -0.110024 -0.106702 0.96981
6.075000 -0.110911 -0.107475 0.969019
6.081250 -0.111738 -0.108187 0.968218
6.087500 -0.112503 -0.108837 0.967409
6.093750 -0.113204 -0.109422 0.966592
6.100000 -0.113839 -0.109942 0.96577
6.106250 -0.114406 -0.110396 0.964944
6.112500 -0.114905 -0.110781 0.964114
6.118750 -0.115333 -0.111098 0.963281
6.125000 -0.115690 -0.111346 0.962445
6.131250 -0.115976 -0.111523 0.961608
6.137500 -0.116188 -0.111630 0.960768
6.143750 -0.116328 -0.111666 0.959927
6.150000 -0.116393 -0.111631 0.959084
6.156250 -0.116385 -0.111525 0.95824
6.162500 -0.116303 -0.111348 0.957393
6.168750 -0.116147 -0.111100 0.956543
6.175000 -0.115918 -0.110781 0.955691
6.181250 -0.115614 -0.110392 0.954836
6.187500 -0.115237 -0.109934 0.953978
6.193750 -0.114788 -0.109406 0.953115
6.200000 -0.114266 -0.108809 0.952247
6.206250 -0.113672 -0.108144 0.951375
6.212500 -0.113007 -0.107413 0.950496
6.218750 -0.112272 -0.106615 0.94961
6.225000 -0.111468 -0.105751 0.948716
6.231250 -0.110595 -0.104823 0.947814
6.237500 -0.109655 -0.103832 0.946902
6.243750 -0.108648 -0.102779 0.94598
6.250000 -0.107576 -0.101664 0.945045
6.256250 -0.106440 -0.100490 0.944098
6.262500 -0.105242 -0.099257 0.943135
6.268750 -0.103981 -0.097967 0.942157
6.275000 -0.102661 -0.096620 0.941162
6.281250 -0.101281 -0.095219 0.940147
6.287500 -0.099844 -0.093765 0.939111
6.293750 -0.098351 -0.092259 0.938052
6.300000 -0.096804 -0.090702 0.936968
6.306250 -0.095203 -0.089096 0.935857
6.312500 -0.093550 -0.087443 0.934715
6.318750 -0.091848 -0.085744 0.93354
6.325000 -0.090097 -0.084000 0.932329
6.331250 -0.088299 -0.082213 0.93108
6.337500 -0.086456 -0.080385 0.929787
6.343750 -0.084569 -0.078518 0.928447
6.350000 -0.082640 -0.076612 0.927055
6.356250 -0.080670 -0.074669 0.925607
6.362500 -0.078662 -0.072691 0.924096
6.368750 -0.076616 -0.070679 0.922517
6.375000 -0.074534 -0.068636 0.920862
6.381250 -0.072419 -0.066562 0.919124
6.387500 -0.070271 -0.064459 0.917293
6.393750 -0.068093 -0.062330 0.915359
6.400000 -0.065886 -0.060174 0.913309
6.406250 -0.063651 -0.057994 0.911132
6.412500 -0.061390 -0.055792 0.908809
6.418750 -0.059105 -0.053568 0.906324
6.425000 -0.056798 -0.051325 0.903655
6.431250 -0.054469 -0.049064 0.900776
6.437500 -0.052121 -0.046787 0.897658
6.443750 -0.049755 -0.044494 0.894265
6.450000 -0.047373 -0.042188 0.890553
6.456250 -0.044976 -0.039870 0.886471
6.462500 -0.042566 -0.037541 0.881953
6.468750 -0.040144 -0.035203 0.876918
6.475000 -0.037712 -0.032858 0.871267
6.481250 -0.035272 -0.030505 0.86487
6.487500 -0.032824 -0.028148 0.857558
6.493750 -0.030370 -0.025787 0.84911
6.500000 -0.027911 -0.023424 0.839226
6.506250 -0.025450 -0.021060 0.827491
6.512500 -0.022987 -0.018695 0.813313
6.518750 -0.020523 -0.016333 0.795819
6.525000 -0.018061 -0.013973 0.773662
6.531250 -0.015601 -0.011618 0.744657
6.537500 -0.013145 -0.009267 0.704994
6.543750 -0.010694 -0.006923 0.647405
6.550000 -0.008248 -0.004587 0.556063
6.556250 -0.005810 -0.002259 0.388751
6.562500 -0.003381 0.000059 -0.0174886
6.568750 -0.000962 0.002366 -2.46083
6.575000 0.001447 0.004661 3.22088
6.581250 0.003844 0.006943 1.8063
6.587500 0.006227 0.009211 1.47911
6.593750 0.008597 0.011464 1.33351
6.600000 0.010951 0.013701 1.2511
6.606250 0.013289 0.015920 1.19804
6.612500 0.015609 0.018122 1.16099
6.618750 0.017912 0.020305 1.13364
6.625000 0.020195 0.022469 1.1126
6.631250 0.022458 0.024611 1.0959
6.637500 0.024700 0.026733 1.08231
6.643750 0.026920 0.028832 1.07103
6.650000 0.029117 0.030908 1.06151
6.656250 0.031291 0.032961 1.05336
6.662500 0.033440 0.034989 1.0463
6.668750 0.035565 0.036992 1.04012
6.675000 0.037663 0.038969 1.03466
6.681250 0.039735 0.040919 1.0298
6.687500 0.041779 0.042842 1.02545
6.693750 0.043796 0.044738 1.02151
6.700000 0.045783 0.046605 1.01794
6.706250 0.047742 0.048443 1.01469
6.712500 0.049670 0.050251 1.0117
6.718750 0.051568 0.052030 1.00895
6.725000 0.053435 0.053778 1.00641
6.731250 0.055271 0.055495 1.00405
6.737500 0.057074 0.057180 1.00186
6.743750 0.058845 0.058834 0.999811
6.750000 0.060583 0.060455 0.997892
6.756250 0.062287 0.062043 0.99609
6.762500 0.063957 0.063598 0.994393
6.768750 0.065593 0.065120 0.992791
6.775000 0.067194 0.066608 0.991276
6.781250 0.068760 0.068062 0.98984
6.787500 0.070291 0.069481 0.988475
6.793750 0.071786 0.070865 0.987176
6.800000 0.073245 0.072215 0.985937
6.806250 0.074667 0.073529 0.984754
6.812500 0.076053 0.074807 0.983621
6.818750 0.077402 0.076050 0.982536
6.825000 0.078714 0.077258 0.981494
6.831250 0.079989 0.078429 0.980492
6.837500 0.081226 0.079563 0.979528
6.843750 0.082426 0.080662 0.978598
6.850000 0.083588 0.081724 0.977701
6.856250 0.084712 0.082750 0.976834
6.862500 0.085798 0.083738 0.975994
6.868750 0.086846 0.084691 0.975181
6.875000 0.087856 0.085606 0.974392
6.881250 0.088827 0.086484 0.973626
6.887500 0.089760 0.087326 0.972881
6.893750 0.090655 0.088131 0.972157
6.900000 0.091512 0.088899 0.97145
6.906250 0.092330 0.089630 0.970762
6.912500 0.093109 0.090324 0.970089
6.918750 0.093851 0.090982 0.969433
6.925000 0.094554 0.091603 0.96879
6.931250 0.095219 0.092187 0.968161
6.937500 0.095845 0.092735 0.967545
6.943750 0.096434 0.093246 0.96694
6.950000 0.096985 0.093721 0.966347
6.956250 0.097497 0.094160 0.965764
6.962500 0.097972 0.094562 0.965191
6.968750 0.098410 0.094929 0.964626
6.975000 0.098810 0.095259 0.964071
6.981250 0.099172 0.095554 0.963523
6.987500 0.099497 0.095814 0.962982
6.993750 0.099786 0.096038 0.962448
7.000000 0.100037 0.096228 0.961921
7.006250 0.100252 0.096382 0.961399
7.012500 0.100430 0.096502 0.960882
7.018750 0.100572 0.096587 0.960371
7.025000 0.100679 0.096638 0.959863
7.031250 0.100749 0.096655 0.95936
7.037500 0.100784 0.096638 0.95886
7.043750 0.100784 0.096588 0.958364
7.050000 0.100749 0.096504 0.95787
7.056250 0.100679 0.096388 0.957378
7.062500 0.100574 0.096238 0.956888
7.068750 0.100436 0.096057 0.9564
7.075000 0.100263 0.095843 0.955913
7.081250 0.100057 0.095597 0.955427
7.087500 0.099818 0.095320 0.954941
7.093750 0.099546 0.095012 0.954455
7.100000 0.099241 0.094673 0.953969
7.106250 0.098904 0.094303 0.953483
7.112500 0.098534 0.093903 0.952995
7.118750 0.098134 0.093473 0.952505
7.125000 0.097701 0.093013 0.952014
7.131250 0.097238 0.092524 0.95152
7.137500 0.096745 0.092006 0.951024
7.143750 0.096221 0.091460 0.950524
7.150000 0.095667 0.090886 0.950021
7.156250 0.095083 0.090283 0.949515
7.162500 0.094471 0.089653 0.949003
7.168750 0.093830 0.088996 0.948487
7.175000 0.093160 0.088312 0.947966
7.181250 0.092462 0.087602 0.947438
7.187500 0.091736 0.086866 0.946905
7.193750 0.090984 0.086104 0.946364
7.200000 0.090204 0.085316 0.945816
7.206250 0.089398 0.084504 0.94526
7.212500 0.088566 0.083668 0.944695
7.218750 0.087708 0.082807 0.944121
7.225000 0.086825 0.081922 0.943538
7.231250 0.085916 0.081014 0.942943
7.237500 0.084984 0.080083 0.942337
7.243750 0.084027 0.079130 0.941719
7.250000 0.083047 0.078154 0.941088
7.256250 0.082043 0.077157 0.940443
7.262500 0.081016 0.076138 0.939783
7.268750 0.079967 0.075098 0.939107
7.275000 0.078896 0.074037 0.938415
7.281250 0.077803 0.072956 0.937704
7.287500 0.076689 0.071856 0.936973
7.293750 0.075554 0.070736 0.936222
7.300000 0.074399 0.069596 0.935449
7.306250 0.073224 0.068439 0.934652
7.312500 0.072029 0.067262 0.93383
7.318750 0.070814 0.066069 0.932981
7.325000 0.069582 0.064857 0.932103
7.331250 0.068330 0.063629 0.931193
7.337500 0.067061 0.062383 0.93025
7.343750 0.065774 0.061122 0.92927
7.350000 0.064470 0.059845 0.928252
7.356250 0.063150 0.058552 0.927192
7.362500 0.061813 0.057244 0.926086
7.368750 0.060460 0.055921 0.924932
7.375000 0.059091 0.054584 0.923725
7.381250 0.057708 0.053233 0.92246
7.387500 0.056309 0.051868 0.921132
7.393750 0.054897 0.050490 0.919736
7.400000 0.053470 0.049100 0.918266
7.406250 0.052030 0.047697 0.916715
7.412500 0.050577 0.046282 0.915074
7.418750 0.049111 0.044855 0.913336
7.425000 0.047633 0.043417 0.911489
7.431250 0.046142 0.041968 0.909522
7.437500 0.044641 0.040508 0.907422
7.443750 0.043128 0.039038 0.905174
7.450000 0.041604 0.037558 0.902761
7.456250 0.040070 0.036069 0.900161
7.462500 0.038526 0.034571 0.897352
7.468750 0.036972 0.033064 0.894305
7.475000 0.035409 0.031549 0.890987
7.481250 0.033837 0.030025 0.887359
7.487500 0.032256 0.028494 0.883372
7.493750 0.030667 0.026955 0.878969
7.500000 0.029070 0.025410 0.87408
7.506250 0.027466 0.023858 0.868615
7.512500 0.025855 0.022299 0.862466
7.518750 0.024237 0.020735 0.855489
7.525000 0.022613 0.019165 0.847505
7.531250 0.020983 0.017589 0.838272
7.537500 0.019346 0.016009 0.82747
7.543750 0.017705 0.014423 0.814654
7.550000 0.016059 0.012834 0.799199
7.556250 0.014407 0.011240 0.780186
7.562500 0.012752 0.009643 0.756217
7.568750 0.011092 0.008043 0.725053
7.575000 0.009429 0.006439 0.682864
7.581250 0.007763 0.004832 0.622515
7.587500 0.006093 0.003223 0.529025
7.593750 0.004421 0.001612 0.364687
7.600000 0.002746 -0.000001 -0.000352017
7.606250 0.001069 -0.001616 -1.51162
7.612500 -0.000610 -0.003232 5.29856
7.618750 -0.002290 -0.004849 2.11718
7.625000 -0.003972 -0.006466 1.62817
7.631250 -0.005654 -0.008085 1.42991
7.637500 -0.007337 -0.009703 1.32249
7.643750 -0.009020 -0.011321 1.25511
7.650000 -0.010704 -0.012939 1.20888
7.656250 -0.012387 -0.014557 1.17518
7.662500 -0.014069 -0.016173 1.14953
7.668750 -0.015751 -0.017788 1.12934
7.675000 -0.017432 -0.019402 1.11304
7.681250 -0.019111 -0.021014 1.09959
7.687500 -0.020789 -0.022625 1.0883
7.693750 -0.022465 -0.024233 1.0787
7.700000 -0.024139 -0.025839 1.07042
7.706250 -0.025810 -0.027442 1.06322
7.712500 -0.027479 -0.029042 1.05688
7.718750 -0.029145 -0.030639 1.05127
7.725000 -0.030808 -0.032233 1.04626
7.731250 -0.032468 -0.033824 1.04176
7.737500 -0.034124 -0.035410 1.0377
7.743750 -0.035776 -0.036993 1.03401
7.750000 -0.037424 -0.038571 1.03065
7.756250 -0.039068 -0.040145 1.02757
7.762500 -0.040707 -0.041714 1.02474
7.768750 -0.042342 -0.043279 1.02213
7.775000 -0.043972 -0.044838 1.01971
7.781250 -0.045596 -0.046392 1.01746
7.787500 -0.047216 -0.047941 1.01537
7.793750 -0.048829 -0.049484 1.01342
7.800000 -0.050437 -0.051022 1.01159
7.806250 -0.052040 -0.052553 1.00987
7.812500 -0.053636 -0.054079 1.00826
7.818750 -0.055225 -0.055597 1.00674
7.825000 -0.056808 -0.057110 1.00531
7.831250 -0.058385 -0.058616 1.00395
7.837500 -0.059955 -0.060115 1.00267
7.843750 -0.061517 -0.061606 1.00145
7.850000 -0.063073 -0.063091 1.00029
7.856250 -0.064621 -0.064569 0.999192
7.862500 -0.066161 -0.066039 0.998144
7.868750 -0.067694 -0.067501 0.997144
7.875000 -0.069219 -0.068955 0.996189
7.881250 -0.070736 -0.070402 0.995276
7.887500 -0.072245 -0.071841 0.994403
7.893750 -0.073746 -0.073271 0.993566
7.900000 -0.075238 -0.074693 0.992764
7.906250 -0.076721 -0.076107 0.991993
7.912500 -0.078196 -0.077512 0.991254
7.918750 -0.079662 -0.078908 0.990543
7.925000 -0.081119 -0.080296 0.989858
7.931250 -0.082566 -0.081675 0.9892
7.937500 -0.084005 -0.083044 0.988566
7.943750 -0.085434 -0.084405 0.987954
7.950000 -0.086854 -0.085756 0.987365
7.956250 -0.088264 -0.087098 0.986796
7.962500 -0.089664 -0.088431 0.986248
7.968750 -0.091054 -0.089754 0.985718
7.975000 -0.092435 -0.091068 0.985207
7.981250 -0.093805 -0.092371 0.984709
7.987500 -0.095166 -0.093663 0.984211
7.993750 -0.096516 -0.094941 0.983687
8.000000 -0.097856 -0.096202 0.983098
8.006250 -0.099182 -0.097439 0.982431
8.012500 -0.100489 -0.098650 0.981694
8.018750 -0.101772 -0.099828 0.980896
8.025000 -0.103027 -0.100971 0.980046
8.031250 -0.104247 -0.102074 0.97915
8.037500 -0.105430 -0.103133 0.978215
8.043750 -0.106571 -0.104146 0.977247
8.050000 -0.107666 -0.105109 0.97625
8.056250 -0.108712 -0.106020 0.975229
8.062500 -0.109707 -0.106875 0.974187
8.068750 -0.110646 -0.107673 0.973127
8.075000 -0.111528 -0.108411 0.972052
8.081250 -0.112350 -0.109088 0.970965
8.087500 -0.113109 -0.109701 0.969869
8.093750 -0.113804 -0.110250 0.968764
8.100000 -0.114434 -0.110732 0.967653
8.106250 -0.114996 -0.111148 0.966537
8.112500 -0.115489 -0.111495 0.965417
8.118750 -0.115912 -0.111773 0.964295
8.125000 -0.116264 -0.111982 0.96317
8.131250 -0.116544 -0.112120 0.962043
8.137500 -0.116751 -0.112188 0.960914
8.143750 -0.116885 -0.112185 0.959784
8.150000 -0.116946 -0.112110 0.958652
8.156250 -0.116933 -0.111965 0.957518
8.162500 -0.116846 -0.111749 0.956381
8.168750 -0.116685 -0.111462 0.955243
8.175000 -0.116450 -0.111105 0.954101
8.181250 -0.116142 -0.110678 0.952955
8.187500 -0.115760 -0.110181 0.951805
8.193750 -0.115306 -0.109615 0.95065
8.200000 -0.114779 -0.108981 0.94949
8.206250 -0.114180 -0.108280 0.948322
8.212500 -0.113511 -0.107512 0.947147
8.218750 -0.112771 -0.106678 0.945963
8.225000 -0.111963 -0.105779 0.944769
8.231250 -0.111085 -0.104816 0.943565
8.237500 -0.110140 -0.103791 0.942347
8.243750 -0.109129 -0.102703 0.941116
8.250000 -0.108053 -0.101556 0.939869
8.256250 -0.106913 -0.100349 0.938605
8.262500 -0.105710 -0.099084 0.937322
8.268750 -0.104445 -0.097763 0.936019
8.275000 -0.103120 -0.096386 0.934692
8.281250 -0.101737 -0.094955 0.93334
8.287500 -0.100295 -0.093471 0.931961
8.293750 -0.098798 -0.091937 0.930551
8.300000 -0.097246 -0.090352 0.929108
8.306250 -0.095642 -0.088720 0.927629
8.312500 -0.093985 -0.087041 0.92611
8.318750 -0.092279 -0.085316 0.924548
8.325000 -0.090524 -0.083548 0.922939
8.331250 -0.088722 -0.081738 0.921278
8.337500 -0.086875 -0.079887 0.91956
8.343750 -0.084984 -0.077997 0.91778
8.350000 -0.083051 -0.076069 0.915932
8.356250 -0.081078 -0.074106 0.91401
8.362500 -0.079065 -0.072108 0.912005
8.368750 -0.077016 -0.070077 0.90991
8.375000 -0.074931 -0.068016 0.907716
8.381250 -0.072812 -0.065925 0.905411
8.387500 -0.070660 -0.063805 0.902984
8.393750 -0.068478 -0.061659 0.900421
8.400000 -0.066267 -0.059489 0.897707
8.406250 -0.064029 -0.057295 0.894824
8.412500 -0.061765 -0.055079 0.891751
8.418750 -0.059476 -0.052843 0.888464
8.425000 -0.057165 -0.050588 0.884934
8.431250 -0.054834 -0.048315 0.88113
8.437500 -0.052482 -0.046028 0.877012
8.443750 -0.050113 -0.043725 0.872532
8.450000 -0.047728 -0.041410 0.867636
8.456250 -0.045327 -0.039084 0.862253
8.462500 -0.042914 -0.036747 0.856301
8.468750 -0.040489 -0.034403 0.849675
8.475000 -0.038054 -0.032051 0.842244
8.481250 -0.035610 -0.029693 0.83384
8.487500 -0.033159 -0.027331 0.824246
8.493750 -0.030702 -0.024966 0.813178
8.500000 -0.028240 -0.022599 0.800249
8.506250 -0.025776 -0.020232 0.784928
8.512500 -0.023310 -0.017866 0.76646
8.518750 -0.020843 -0.015502 0.743735
8.525000 -0.018378 -0.013141 0.715055
8.531250 -0.015915 -0.010785 0.677679
8.537500 -0.013456 -0.008435 0.626878
8.543750 -0.011002 -0.006092 0.553745
8.550000 -0.008554 -0.003757 0.439249
8.556250 -0.006113 -0.001431 0.23417
8.562500 -0.003681 0.000884 -0.240136
8.568750 -0.001258 0.003188 -2.53325
8.575000 0.001153 0.005479 4.7516
8.581250 0.003552 0.007757 2.18348
8.587500 0.005939 0.010020 1.68722
8.593750 0.008311 0.012268 1.4761
8.600000 0.010668 0.014499 1.35913
8.606250 0.013008 0.016712 1.28476
8.612500 0.015331 0.018907 1.23327
8.618750 0.017636 0.021083 1.19547
8.625000 0.019922 0.023239 1.16652
8.631250 0.022187 0.025374 1.14363
8.637500 0.024432 0.027487 1.12505
8.643750 0.026655 0.029578 1.10967
8.650000 0.028854 0.031645 1.09671
8.656250 0.031031 0.033688 1.08563
8.662500 0.033182 0.035706 1.07605
8.668750 0.035309 0.037699 1.06767
8.675000 0.037410 0.039665 1.06028
8.681250 0.039484 0.041605 1.05371
8.687500 0.041531 0.043517 1.04782
8.693750 0.043550 0.045401 1.04251
8.700000 0.045540 0.047256 1.03769
8.706250 0.047500 0.049082 1.0333
8.712500 0.049431 0.050878 1.02927
8.718750 0.051331 0.052644 1.02557
8.725000 0.053201 0.054379 1.02215
8.731250 0.055038 0.056083 1.01898
8.737500 0.056844 0.057755 1.01603
8.743750 0.058617 0.059395 1.01327
8.750000 0.060357 0.061002 1.0107
8.756250 0.062063 0.062577 1.00828
8.762500 0.063735 0.064118 1.006
8.768750 0.065373 0.065625 1.00385
8.775000 0.066976 0.067098 1.00182
8.781250 0.068545 0.068537 0.999891
8.787500 0.070077 0.069941 0.998062
8.793750 0.071574 0.071311 0.996321
8.800000 0.073035 0.072645 0.994662
8.806250 0.074460 0.073944 0.993077
8.812500 0.075847 0.075207 0.991561
8.818750 0.077198 0.076435 0.990109
8.825000 0.078512 0.077626 0.988715
8.831250 0.079789 0.078782 0.987376
8.837500 0.081028 0.079901 0.986087
8.843750 0.082230 0.080984 0.984845
8.850000 0.083394 0.082030 0.983646
8.856250 0.084520 0.083039 0.982487
8.862500 0.085607 0.084012 0.981367
8.868750 0.086657 0.084948 0.980281
8.875000 0.087669 0.085848 0.979229
8.881250 0.088642 0.086710 0.978207
8.887500 0.089577 0.087536 0.977214
8.893750 0.090473 0.088324 0.976248
8.900000 0.091332 0.089076 0.975307
8.906250 0.092151 0.089791 0.97439
8.912500 0.092933 0.090469 0.973495
8.918750 0.093676 0.091111 0.97262
8.925000 0.094381 0.091716 0.971765
8.931250 0.095047 0.092284 0.970929
8.937500 0.095675 0.092816 0.970109
8.943750 0.096266 0.093311 0.969305
8.950000 0.096818 0.093770 0.968517
8.956250 0.097332 0.094192 0.967742
8.962500 0.097809 0.094579 0.966981
8.968750 0.098247 0.094930 0.966232
8.975000 0.098649 0.095245 0.965494
8.981250 0.099013 0.095524 0.964767
8.987500 0.099340 0.095768 0.964051
8.993750 0.099629 0.095977 0.963343
9.000000 0.099882 0.096151 0.962644
9.006250 0.100099 0.096290 0.961952
9.012500 0.100278 0.096395 0.961268
9.018750 0.100422 0.096465 0.960591
9.025000 0.100530 0.096501 0.95992
9.031250 0.100602 0.096503 0.959254
9.037500 0.100638 0.096471 0.958593
9.043750 0.100639 0.096406 0.957936
9.050000 0.100605 0.096308 0.957284
9.056250 0.100537 0.096177 0.956634
9.062500 0.100434 0.096013 0.955988
9.068750 0.100296 0.095817 0.955343
9.075000 0.100125 0.095590 0.954701
9.081250 0.099921 0.095330 0.95406
9.087500 0.099683 0.095039 0.953419
9.093750 0.099412 0.094717 0.952779
9.100000 0.099108 0.094365 0.952138
9.106250 0.098772 0.093981 0.951497
9.112500 0.098404 0.093568 0.950855
9.118750 0.098005 0.093125 0.950211
9.125000 0.097574 0.092652 0.949564
9.131250 0.097112 0.092151 0.948915
9.137500 0.096619 0.091620 0.948263
9.143750 0.096097 0.091062 0.947606
9.150000 0.095544 0.090475 0.946946
9.156250 0.094962 0.089860 0.94628
9.162500 0.094350 0.089218 0.945609
9.168750 0.093710 0.088550 0.944931
9.175000 0.093041 0.087854 0.944247
9.181250 0.092345 0.087132 0.943556
9.187500 0.091620 0.086385 0.942856
9.193750 0.090869 0.085612 0.942148
9.200000 0.090090 0.084814 0.94143
9.206250 0.089285 0.083991 0.940702
9.212500 0.088454 0.083143 0.939962
9.218750 0.087597 0.082272 0.939211
9.225000 0.086715 0.081377 0.938447
9.231250 0.085808 0.080459 0.93767
9.237500 0.084876 0.079519 0.936877
9.243750 0.083921 0.078555 0.936069
9.250000 0.082941 0.077570 0.935245
9.256250 0.081938 0.076563 0.934402
9.262500 0.080913 0.075535 0.93354
9.268750 0.079865 0.074486 0.932658
9.275000 0.078794 0.073417 0.931753
9.281250 0.077703 0.072328 0.930825
9.287500 0.076590 0.071218 0.929873
9.293750 0.075456 0.070090 0.928893
9.300000 0.074301 0.068943 0.927885
9.306250 0.073127 0.067777 0.926846
9.312500 0.071933 0.066593 0.925774
9.318750 0.070720 0.065392 0.924667
9.325000 0.069488 0.064173 0.923522
9.331250 0.068237 0.062938 0.922337
9.337500 0.066969 0.061686 0.921108
9.343750 0.065683 0.060417 0.919833
9.350000 0.064380 0.059133 0.918507
9.356250 0.063060 0.057834 0.917127
9.362500 0.061724 0.056520 0.915688
9.368750 0.060372 0.055191 0.914186
9.375000 0.059004 0.053848 0.912614
9.381250 0.057621 0.052491 0.910968
9.387500 0.056224 0.051121 0.909241
9.393750 0.054812 0.049738 0.907425
9.400000 0.053386 0.048342 0.905513
9.406250 0.051947 0.046934 0.903495
9.412500 0.050495 0.045514 0.901362
9.418750 0.049030 0.044083 0.899101
9.425000 0.047552 0.042640 0.896699
9.431250 0.046063 0.041187 0.894141
9.437500 0.044562 0.039723 0.891411
9.443750 0.043049 0.038249 0.888488
9.450000 0.041526 0.036765 0.88535
9.456250 0.039993 0.035273 0.88197
9.462500 0.038450 0.033771 0.878317
9.468750 0.036896 0.032261 0.874355
9.475000 0.035334 0.030742 0.870041
9.481250 0.033763 0.029216 0.865322
9.487500 0.032183 0.027682 0.860137
9.493750 0.030595 0.026140 0.854411
9.500000 0.028999 0.024592 0.84805
9.506250 0.027395 0.023038 0.84094
9.512500 0.025785 0.021477 0.832937
9.518750 0.024168 0.019911 0.823857
9.525000 0.022544 0.018339 0.81346
9.531250 0.020914 0.016761 0.801435
9.537500 0.019279 0.015179 0.787359
9.543750 0.017638 0.013593 0.770652
9.550000 0.015992 0.012002 0.750491
9.556250 0.014342 0.010407 0.72567
9.562500 0.012687 0.008809 0.694351
9.568750 0.011028 0.007208 0.653579
9.575000 0.009365 0.005603 0.59829
9.581250 0.007699 0.003996 0.519017
9.587500 0.006030 0.002387 0.395778
9.593750 0.004359 0.000775 0.177856
9.600000 0.002684 -0.000838 -0.312194
9.606250 0.001008 -0.002453 -2.43321
9.612500 -0.000670 -0.004069 6.07152
9.618750 -0.002350 -0.005685 2.41955
9.625000 -0.004031 -0.007303 1.81182
9.631250 -0.005712 -0.008920 1.5616
9.637500 -0.007395 -0.010538 1.42509
9.643750 -0.009078 -0.012156 1.33911
9.650000 -0.010760 -0.013773 1.27997
9.656250 -0.012443 -0.015389 1.23679
9.662500 -0.014125 -0.017005 1.20387
9.668750 -0.015806 -0.018619 1.17793
9.675000 -0.017486 -0.020231 1.15696
9.681250 -0.019165 -0.021842 1.13966
9.687500 -0.020843 -0.023451 1.12513
9.693750 -0.022518 -0.025057 1.11276
9.700000 -0.024191 -0.026661 1.1021
9.706250 -0.025862 -0.028262 1.0928
9.712500 -0.027531 -0.029861 1.08464
9.718750 -0.029196 -0.031456 1.0774
9.725000 -0.030859 -0.033047 1.07093
9.731250 -0.032518 -0.034635 1.06513
9.737500 -0.034173 -0.036220 1.05989
9.743750 -0.035825 -0.037800 1.05513
9.750000 -0.037472 -0.039375 1.05078
9.756250 -0.039116 -0.040947 1.0468
9.762500 -0.040755 -0.042513 1.04315
9.768750 -0.042389 -0.044075 1.03977
9.775000 -0.044018 -0.045631 1.03664
9.781250 -0.045642 -0.047182 1.03374
9.787500 -0.047261 -0.048728 1.03103
9.793750 -0.048875 -0.050268 1.02851
9.800000 -0.050482 -0.051802 1.02614
9.806250 -0.052084 -0.053330 1.02393
9.812500 -0.053680 -0.054852 1.02184
9.818750 -0.055269 -0.056367 1.01987
9.825000 -0.056852 -0.057876 1.01802
9.831250 -0.058428 -0.059378 1.01627
9.837500 -0.059997 -0.060873 1.0146
9.843750 -0.061559 -0.062361 1.01303
9.850000 -0.063114 -0.063842 1.01153
9.856250 -0.064662 -0.065315 1.0101
9.862500 -0.066202 -0.066781 1.00875
9.868750 -0.067735 -0.068239 1.00745
9.875000 -0.069259 -0.069690 1.00621
9.881250 -0.070776 -0.071132 1.00503
9.887500 -0.072284 -0.072566 1.0039
9.893750 -0.073784 -0.073992 1.00281
9.900000 -0.075276 -0.075410 1.00177
9.906250 -0.076759 -0.076819 1.00077
9.912500 -0.078234 -0.078219 0.999815
9.918750 -0.079699 -0.079611 0.998893
9.925000 -0.081156 -0.080994 0.998005
9.931250 -0.082603 -0.082368 0.997151
9.937500 -0.084041 -0.083733 0.996328
9.943750 -0.085470 -0.085088 0.995536
9.950000 -0.086889 -0.086435 0.994772
9.956250 -0.088299 -0.087772 0.994035
9.962500 -0.089699 -0.089100 0.993325
9.968750 -0.091089 -0.090419 0.99264
9.975000 -0.092469 -0.091727 0.991978
9.981250 -0.093839 -0.093025 0.991326
9.987500 -0.095199 -0.094311 0.990665
9.993750 -0.096549 -0.095580 0.989961
10.000000 -0.097888 -0.096829 0.989176
10.006250 -0.099214 -0.098053 0.988295
10.012500 -0.100521 -0.099248 0.987329
10.018750 -0.101804 -0.100409 0.986291
10.025000 -0.103058 -0.101532 0.98519
10.031250 -0.104278 -0.102614 0.984035
10.037500 -0.105461 -0.103650 0.982833
10.043750 -0.106601 -0.104639 0.981591
10.050000 -0.107696 -0.105576 0.980316
10.056250 -0.108742 -0.106460 0.979011
10.062500 -0.109737 -0.107288 0.977683
10.068750 -0.110676 -0.108056 0.976334
10.075000 -0.111557 -0.108765 0.974968
10.081250 -0.112378 -0.109410 0.973589
10.087500 -0.113138 -0.109992 0.972198
10.093750 -0.113833 -0.110509 0.970799
10.100000 -0.114462 -0.110959 0.969394
10.106250 -0.115023 -0.111341 0.967984
10.112500 -0.115516 -0.111654 0.96657
10.118750 -0.115939 -0.111899 0.965154
10.125000 -0.116291 -0.112073 0.963735
10.131250 -0.116570 -0.112177 0.962315
10.137500 -0.116777 -0.112211 0.960893
10.143750 -0.116911 -0.112173 0.95947
10.150000 -0.116972 -0.112064 0.958045
10.156250 -0.116959 -0.111885 0.956619
10.162500 -0.116871 -0.111634 0.95519
10.168750 -0.116710 -0.111313 0.953759
10.175000 -0.116475 -0.110922 0.952324
10.181250 -0.116166 -0.110461 0.950885
10.187500 -0.115785 -0.109931 0.949442
10.193750 -0.115330 -0.109332 0.947992
10.200000 -0.114803 -0.108665 0.946536
10.206250 -0.114204 -0.107931 0.945072
10.212500 -0.113534 -0.107131 0.943598
10.218750 -0.112795 -0.106265 0.942114
10.225000 -0.111986 -0.105336 0.940618
10.231250 -0.111108 -0.104342 0.939108
10.237500 -0.110163 -0.103287 0.937582
10.243750 -0.109152 -0.102170 0.93604
10.250000 -0.108075 -0.100994 0.934478
10.256250 -0.106935 -0.099759 0.932896
10.262500 -0.105731 -0.098467 0.93129
10.268750 -0.104467 -0.097118 0.929657
10.275000 -0.103142 -0.095715 0.927997
10.281250 -0.101758 -0.094259 0.926305
10.287500 -0.100316 -0.092750 0.924579
10.293750 -0.098819 -0.091191 0.922815
10.300000 -0.097267 -0.089584 0.921009
10.306250 -0.095662 -0.087928 0.919159
10.312500 -0.094005 -0.086227 0.917259
10.318750 -0.092299 -0.084481 0.915305
10.325000 -0.090543 -0.082693 0.913292
10.331250 -0.088741 -0.080862 0.911214
10.337500 -0.086894 -0.078992 0.909065
10.343750 -0.085003 -0.077084 0.90684
10.350000 -0.083070 -0.075139 0.904529
10.356250 -0.081096 -0.073159 0.902125
10.362500 -0.079084 -0.071145 0.899618
10.368750 -0.077034 -0.069099 0.896999
10.375000 -0.074949 -0.067023 0.894255
10.381250 -0.072830 -0.064918 0.891373
10.387500 -0.070678 -0.062786 0.888339
10.393750 -0.068496 -0.060628 0.885135
10.400000 -0.066285 -0.058446 0.881741
10.406250 -0.064046 -0.056241 0.878136
10.412500 -0.061782 -0.054015 0.874294
10.418750 -0.059493 -0.051770 0.870184
10.425000 -0.057182 -0.049507 0.865772
10.431250 -0.054850 -0.047227 0.861015
10.437500 -0.052499 -0.044932 0.855866
10.443750 -0.050129 -0.042623 0.850266
10.450000 -0.047744 -0.040303 0.844144
10.456250 -0.045343 -0.037971 0.837415
10.462500 -0.042930 -0.035631 0.829974
10.468750 -0.040505 -0.033282 0.82169
10.475000 -0.038069 -0.030927 0.812399
10.481250 -0.035625 -0.028568 0.801893
10.487500 -0.033174 -0.026204 0.7899
10.493750 -0.030717 -0.023838 0.776064
10.500000 -0.028255 -0.021471 0.759903
10.506250 -0.025790 -0.019104 0.740753
10.512500 -0.023324 -0.016739 0.717672
10.518750 -0.020858 -0.014377 0.689274
10.525000 -0.018392 -0.012018 0.653439
10.531250 -0.015929 -0.009665 0.606746
10.537500 -0.013470 -0.007318 0.5433
10.543750 -0.011016 -0.004979 0.451994
10.550000 -0.008567 -0.002648 0.309126
10.556250 -0.006126 -0.000328 0.0534743
10.562500 -0.003694 0.001982 -0.536591
10.568750 -0.001272 0.004280 -3.36579
10.575000 0.001140 0.006565 5.75913
10.581250 0.003539 0.008836 2.49636
10.587500 0.005926 0.011091 1.87171
10.593750 0.008298 0.013331 1.60655
10.600000 0.010655 0.015554 1.45979
10.606250 0.012995 0.017759 1.36653
10.612500 0.015319 0.019945 1.30197
10.618750 0.017624 0.022111 1.25461
10.625000 0.019910 0.024257 1.21834
10.631250 0.022175 0.026381 1.18966
10.637500 0.024420 0.028483 1.1664
10.643750 0.026643 0.030563 1.14713
10.650000 0.028843 0.032618 1.1309
10.656250 0.031019 0.034649 1.11703
10.662500 0.033171 0.036655 1.10504
10.668750 0.035298 0.038635 1.09455
10.675000 0.037399 0.040589 1.0853
10.681250 0.039473 0.042515 1.07707
10.687500 0.041520 0.044414 1.0697
10.693750 0.043539 0.046284 1.06305
10.700000 0.045529 0.048125 1.05702
10.706250 0.047490 0.049937 1.05153
10.712500 0.049421 0.051718 1.0465
10.718750 0.051321 0.053469 1.04186
10.725000 0.053190 0.055190 1.03759
10.731250 0.055028 0.056878 1.03362
10.737500 0.056834 0.058535 1.02993
10.743750 0.058607 0.060159 1.02649
10.750000 0.060347 0.061750 1.02326
10.756250 0.062053 0.063309 1.02024
10.762500 0.063725 0.064834 1.01739
10.768750 0.065364 0.066324 1.0147
10.775000 0.066967 0.067781 1.01216
10.781250 0.068535 0.069204 1.00975
10.787500 0.070068 0.070591 1.00747
10.793750 0.071565 0.071944 1.00529
10.800000 0.073026 0.073261 1.00322
10.806250 0.074450 0.074543 1.00124
10.812500 0.075838 0.075789 0.999347
10.818750 0.077190 0.076999 0.997533
10.825000 0.078504 0.078173 0.995793
10.831250 0.079780 0.079311 0.99412
10.837500 0.081020 0.080413 0.992511
10.843750 0.082221 0.081478 0.99096
10.850000 0.083385 0.082507 0.989464
10.856250 0.084511 0.083499 0.988018
10.862500 0.085599 0.084454 0.98662
10.868750 0.086649 0.085372 0.985266
10.875000 0.087661 0.086254 0.983953
10.881250 0.088634 0.087099 0.982678
10.887500 0.089569 0.087906 0.98144
10.893750 0.090465 0.088677 0.980235
10.900000 0.091324 0.089412 0.979062
10.906250 0.092144 0.090109 0.977918
10.912500 0.092925 0.090769 0.976803
10.918750 0.093668 0.091393 0.975713
10.925000 0.094373 0.091980 0.974648
10.931250 0.095040 0.092531 0.973605
10.937500 0.095668 0.093045 0.972584
10.943750 0.096258 0.093523 0.971584
10.950000 0.096811 0.093965 0.970602
10.956250 0.097325 0.094370 0.969637
10.962500 0.097802 0.094739 0.96869
10.968750 0.098240 0.095073 0.967758
10.975000 0.098642 0.095371 0.96684
10.981250 0.099006 0.095633 0.965936
10.987500 0.099333 0.095861 0.965044
10.993750 0.099623 0.096053 0.964164
11.000000 0.099876 0.096210 0.963294
11.006250 0.100092 0.096332 0.962435
11.012500 0.100272 0.096420 0.961585
11.018750 0.100416 0.096474 0.960743
11.025000 0.100523 0.096493 0.959909
11.031250 0.100595 0.096479 0.959082
11.037500 0.100632 0.096432 0.958261
11.043750 0.100633 0.096351 0.957446
11.050000 0.100599 0.096237 0.956636
11.056250 0.100531 0.096090 0.95583
11.062500 0.100428 0.095911 0.955027
11.068750 0.100290 0.095700 0.954228
11.075000 0.100119 0.095457 0.953431
11.081250 0.099915 0.095182 0.952635
11.087500 0.099677 0.094876 0.951841
11.093750 0.099406 0.094540 0.951047
11.100000 0.099102 0.094172 0.950254
11.106250 0.098766 0.093775 0.949459
11.112500 0.098399 0.093347 0.948663
11.118750 0.097999 0.092890 0.947865
11.125000 0.097568 0.092403 0.947065
11.131250 0.097106 0.091888 0.946261
11.137500 0.096614 0.091344 0.945454
11.143750 0.096091 0.090772 0.944641
11.150000 0.095539 0.090172 0.943824
11.156250 0.094956 0.089544 0.943
11.162500 0.094345 0.088889 0.94217
11.168750 0.093705 0.088208 0.941333
11.175000 0.093036 0.087499 0.940487
11.181250 0.092340 0.086765 0.939632
11.187500 0.091615 0.086006 0.938767
11.193750 0.090864 0.085220 0.937892
11.200000 0.090085 0.084410 0.937005
11.206250 0.089280 0.083576 0.936106
11.212500 0.088449 0.082717 0.935193
11.218750 0.087592 0.081835 0.934266
11.225000 0.086710 0.080929 0.933323
11.231250 0.085803 0.080000 0.932363
11.237500 0.084872 0.079048 0.931386
11.243750 0.083916 0.078075 0.930389
11.250000 0.082937 0.077079 0.929372
11.256250 0.081934 0.076062 0.928332
11.262500 0.080908 0.075024 0.92727
11.268750 0.079860 0.073965 0.926182
11.275000 0.078790 0.072886 0.925067
11.281250 0.077698 0.071787 0.923924
11.287500 0.076585 0.070669 0.922749
11.293750 0.075451 0.069532 0.921542
11.300000 0.074297 0.068376 0.9203
11.306250 0.073123 0.067201 0.919021
11.312500 0.071929 0.066009 0.917701
11.318750 0.070716 0.064799 0.916338
11.325000 0.069484 0.063573 0.914929
11.331250 0.068233 0.062329 0.91347
11.337500 0.066965 0.061069 0.911958
11.343750 0.065679 0.059793 0.910389
11.350000 0.064376 0.058502 0.908757
11.356250 0.063056 0.057196 0.907059
11.362500 0.061720 0.055875 0.905289
11.368750 0.060368 0.054539 0.903441
11.375000 0.059000 0.053189 0.901508
11.381250 0.057618 0.051826 0.899484
11.387500 0.056220 0.050450 0.89736
11.393750 0.054809 0.049061 0.895128
11.400000 0.053383 0.047659 0.892777
11.406250 0.051944 0.046245 0.890297
11.412500 0.050491 0.044820 0.887674
11.418750 0.049026 0.043383 0.884895
11.425000 0.047549 0.041935 0.881943
11.431250 0.046059 0.040477 0.8788
11.437500 0.044558 0.039008 0.875445
11.443750 0.043046 0.037530 0.871854
11.450000 0.041523 0.036042 0.867998
11.456250 0.039990 0.034545 0.863846
11.462500 0.038446 0.033039 0.859358
11.468750 0.036893 0.031525 0.854491
11.475000 0.035331 0.030003 0.849191
11.481250 0.033760 0.028473 0.843395
11.487500 0.032180 0.026935 0.837026
11.493750 0.030592 0.025391 0.829993
11.500000 0.028996 0.023840 0.822181
11.506250 0.027392 0.022282 0.813449
11.512500 0.025782 0.020719 0.80362
11.518750 0.024165 0.019150 0.792468
11.525000 0.022541 0.017575 0.779701
11.531250 0.020911 0.015996 0.764934
11.537500 0.019276 0.014412 0.747648
11.543750 0.017635 0.012823 0.727131
11.550000 0.015990 0.011231 0.702373
11.556250 0.014339 0.009634 0.671892
11.562500 0.012684 0.008035 0.63343
11.568750 0.011025 0.006432 0.583357
11.575000 0.009363 0.004826 0.515452
11.581250 0.007697 0.003218 0.418083
11.587500 0.006028 0.001608 0.26669
11.593750 0.004356 -0.000005 -0.00108003
11.600000 0.002682 -0.001619 -0.603529
11.606250 0.001006 -0.003234 -3.21593
11.612500 -0.000673 -0.004850 7.21115
11.618750 -0.002352 -0.006467 2.74934
11.625000 -0.004033 -0.008084 2.00456
11.631250 -0.005715 -0.009702 1.69772
11.637500 -0.007397 -0.011320 1.53028
11.643750 -0.009080 -0.012937 1.42479
11.650000 -0.010763 -0.014554 1.35223
11.656250 -0.012445 -0.016169 1.29925
11.662500 -0.014127 -0.017784 1.25885
11.668750 -0.015808 -0.019397 1.22702
11.675000 -0.017489 -0.021009 1.20129
11.681250 -0.019167 -0.022619 1.18005
11.687500 -0.020845 -0.024226 1.16222
11.693750 -0.022520 -0.025831 1.14704
11.700000 -0.024193 -0.027434 1.13395
11.706250 -0.025864 -0.029034 1.12254
11.712500 -0.027533 -0.030630 1.11251
11.718750 -0.029198 -0.032224 1.10362
11.725000 -0.030861 -0.033814 1.09569
11.731250 -0.032520 -0.035400 1.08857
11.737500 -0.034175 -0.036982 1.08213
11.743750 -0.035827 -0.038560 1.07629
11.750000 -0.037474 -0.040133 1.07095
11.756250 -0.039118 -0.041702 1.06607
11.762500 -0.040757 -0.043266 1.06158
11.768750 -0.042391 -0.044826 1.05743
11.775000 -0.044020 -0.046379 1.05359
11.781250 -0.045644 -0.047928 1.05003
11.787500 -0.047263 -0.049471 1.04671
11.793750 -0.048877 -0.051008 1.04361
11.800000 -0.050484 -0.052539 1.04071
11.806250 -0.052086 -0.054064 1.03798
11.812500 -0.053681 -0.055583 1.03542
11.818750 -0.055271 -0.057095 1.03301
11.825000 -0.056853 -0.058600 1.03073
11.831250 -0.058429 -0.060099 1.02858
11.837500 -0.059999 -0.061591 1.02653
11.843750 -0.061561 -0.063075 1.0246
11.850000 -0.063116 -0.064552 1.02276
11.856250 -0.064664 -0.066022 1.02101
11.862500 -0.066204 -0.067484 1.01934
11.868750 -0.067736 -0.068938 1.01775
11.875000 -0.069261 -0.070385 1.01623
11.881250 -0.070777 -0.071823 1.01477
11.887500 -0.072286 -0.073253 1.01338
11.893750 -0.073786 -0.074675 1.01205
11.900000 -0.075278 -0.076088 1.01077
11.906250 -0.076761 -0.077493 1.00954
11.912500 -0.078235 -0.078889 1.00836
11.918750 -0.079701 -0.080276 1.00723
11.925000 -0.081157 -0.081655 1.00614
11.931250 -0.082604 -0.083024 1.00508
11.937500 -0.084043 -0.084385 1.00407
11.943750 -0.085471 -0.085736 1.0031
11.950000 -0.086891 -0.087078 1.00216
11.956250 -0.088300 -0.088411 1.00126
11.962500 -0.089700 -0.089735 1.00039
11.968750 -0.091090 -0.091049 0.999546
11.975000 -0.092470 -0.092353 0.998728
11.981250 -0.093841 -0.093645 0.997915
11.987500 -0.095201 -0.094923 0.997079
11.993750 -0.096550 -0.096182 0.996185
12.000000 -0.097890 -0.097419 0.995193
12.006250 -0.099216 -0.098629 0.994089
12.012500 -0.100523 -0.099807 0.992887
12.018750 -0.101805 -0.100950 0.9916
12.025000 -0.103059 -0.102054 0.990241
12.031250 -0.104280 -0.103114 0.988819
12.037500 -0.105462 -0.104127 0.987344
12.043750 -0.106603 -0.105091 0.985824
12.050000 -0.107698 -0.106003 0.984265
12.056250 -0.108744 -0.106860 0.982674
12.062500 -0.109738 -0.107659 0.981055
12.068750 -0.110677 -0.108398 0.979414
12.075000 -0.111558 -0.109076 0.977754
12.081250 -0.112380 -0.109691 0.976079
12.087500 -0.113139 -0.110242 0.974393
12.093750 -0.113834 -0.110726 0.972698
12.100000 -0.114463 -0.111143 0.970997
12.106250 -0.115024 -0.111492 0.969292
12.112500 -0.115517 -0.111772 0.967583
12.118750 -0.115940 -0.111983 0.965872
12.125000 -0.116292 -0.112124 0.964159
12.131250 -0.116571 -0.112194 0.962445
12.137500 -0.116778 -0.112193 0.96073
12.143750 -0.116912 -0.112121 0.959014
12.150000 -0.116973 -0.111978 0.957297
12.156250 -0.116960 -0.111764 0.955579
12.162500 -0.116872 -0.111480 0.953858
12.168750 -0.116711 -0.111125 0.952134
12.175000 -0.116476 -0.110700 0.950408
12.181250 -0.116167 -0.110205 0.948676
12.187500 -0.115785 -0.109642 0.94694
12.193750 -0.115331 -0.109010 0.945197
12.200000 -0.114804 -0.108311 0.943446
12.206250 -0.114205 -0.107545 0.941685
12.212500 -0.113535 -0.106714 0.939914
12.218750 -0.112796 -0.105817 0.93813
12.225000 -0.111986 -0.104857 0.936333
12.231250 -0.111109 -0.103833 0.934519
12.237500 -0.110164 -0.102748 0.932687
12.243750 -0.109153 -0.101603 0.930834
12.250000 -0.108076 -0.100398 0.928959
12.256250 -0.106936 -0.099136 0.927059
12.262500 -0.105732 -0.097816 0.92513
12.268750 -0.104467 -0.096441 0.923171
12.275000 -0.103142 -0.095012 0.921178
12.281250 -0.101758 -0.093531 0.919147
12.287500 -0.100317 -0.091998 0.917076
12.293750 -0.098820 -0.090416 0.914959
12.300000 -0.097268 -0.088785 0.912792
12.306250 -0.095663 -0.087108 0.910572
12.312500 -0.094006 -0.085385 0.908292
12.318750 -0.092299 -0.083618 0.905947
12.325000 -0.090544 -0.081810 0.903532
12.331250 -0.088742 -0.079960 0.901039
12.337500 -0.086895 -0.078072 0.898462
12.343750 -0.085004 -0.076146 0.895791
12.350000 -0.083071 -0.074184 0.893019
12.356250 -0.081097 -0.072187 0.890135
12.362500 -0.079084 -0.070158 0.887128
12.368750 -0.077035 -0.068098 0.883986
12.375000 -0.074950 -0.066008 0.880694
12.381250 -0.072830 -0.063889 0.877237
12.387500 -0.070679 -0.061745 0.873597
12.393750 -0.068497 -0.059575 0.869753
12.400000 -0.066285 -0.057382 0.865682
12.406250 -0.064047 -0.055167 0.861357
12.412500 -0.061783 -0.052932 0.856747
12.418750 -0.059494 -0.050678 0.851816
12.425000 -0.057183 -0.048407 0.846522
12.431250 -0.054851 -0.046119 0.840815
12.437500 -0.052499 -0.043818 0.834637
12.443750 -0.050130 -0.041503 0.827918
12.450000 -0.047744 -0.039178 0.820572
12.456250 -0.045344 -0.036842 0.812497
12.462500 -0.042931 -0.034498 0.803568
12.468750 -0.040505 -0.032146 0.793627
12.475000 -0.038070 -0.029789 0.782479
12.481250 -0.035626 -0.027427 0.769871
12.487500 -0.033174 -0.025063 0.755479
12.493750 -0.030717 -0.022696 0.738875
12.500000 -0.028256 -0.020329 0.71948
12.506250 -0.025791 -0.017963 0.696498
12.512500 -0.023325 -0.015600 0.668797
12.518750 -0.020858 -0.013239 0.634715
12.525000 -0.018393 -0.010883 0.591707
12.531250 -0.015930 -0.008533 0.535668
12.537500 -0.013470 -0.006190 0.459522
12.543750 -0.011016 -0.003855 0.34994
12.550000 -0.008568 -0.001529 0.178478
12.556250 -0.006127 0.000786 -0.128333
12.562500 -0.003695 0.003090 -0.836426
12.568750 -0.001272 0.005382 -4.23048
12.575000 0.001139 0.007660 6.72257
12.581250 0.003539 0.009923 2.80402
12.587500 0.005925 0.012171 2.0541
12.593750 0.008298 0.014403 1.73578
12.600000 0.010654 0.016617 1.55961
12.606250 0.012995 0.018812 1.44766
12.612500 0.015318 0.020989 1.37018
12.618750 0.017623 0.023145 1.31332
12.625000 0.019909 0.025281 1.26979
12.631250 0.022175 0.027394 1.23537
12.637500 0.024420 0.029485 1.20745
12.643750 0.026642 0.031553 1.18433
12.650000 0.028842 0.033597 1.16485
12.656250 0.031019 0.035616 1.1482
12.662500 0.033171 0.037609 1.13381
12.668750 0.035297 0.039576 1.12122
12.675000 0.037398 0.041517 1.11012
12.681250 0.039472 0.043429 1.10025
12.687500 0.041519 0.045314 1.0914
12.693750 0.043538 0.047170 1.08343
12.700000 0.045528 0.048997 1.07619
12.706250 0.047489 0.050795 1.0696
12.712500 0.049420 0.052561 1.06356
12.718750 0.051321 0.054297 1.05801
12.725000 0.053190 0.056002 1.05287
12.731250 0.055028 0.057675 1.04812
12.737500 0.056833 0.059316 1.04369
12.743750 0.058606 0.060925 1.03956
12.750000 0.060346 0.062500 1.03569
12.756250 0.062053 0.064042 1.03206
12.762500 0.063725 0.065551 1.02865
12.768750 0.065363 0.067025 1.02543
12.775000 0.066967 0.068465 1.02238
12.781250 0.068535 0.069871 1.01949
12.787500 0.070068 0.071241 1.01675
12.793750 0.071565 0.072577 1.01415
12.800000 0.073026 0.073877 1.01166
12.806250 0.074450 0.075142 1.00929
12.812500 0.075838 0.076370 1.00702
12.818750 0.077189 0.077563 1.00484
12.825000 0.078503 0.078720 1.00276
12.831250 0.079780 0.079840 1.00076
12.837500 0.081019 0.080924 0.998827
12.843750 0.082221 0.081972 0.996969
12.850000 0.083385 0.082983 0.995176
12.856250 0.084511 0.083957 0.993445
12.862500 0.085599 0.084894 0.99177
12.868750 0.086649 0.085795 0.990148
12.875000 0.087660 0.086659 0.988576
12.881250 0.088634 0.087486 0.98705
12.887500 0.089569 0.088276 0.985567
12.893750 0.090465 0.089029 0.984125
12.900000 0.091323 0.089745 0.98272
12.906250 0.092143 0.090425 0.981352
12.912500 0.092925 0.091068 0.980016
12.918750 0.093668 0.091674 0.978713
12.925000 0.094373 0.092243 0.977438
12.931250 0.095039 0.092777 0.976191
12.937500 0.095668 0.093273 0.97497
12.943750 0.096258 0.093733 0.973773
12.950000 0.096810 0.094158 0.972598
12.956250 0.097325 0.094546 0.971445
12.962500 0.097801 0.094898 0.970312
12.968750 0.098240 0.095214 0.969198
12.975000 0.098642 0.095495 0.9681
12.981250 0.099006 0.095740 0.96702
12.987500 0.099333 0.095951 0.965954
12.993750 0.099622 0.096126 0.964902
13.000000 0.099875 0.096266 0.963863
13.006250 0.100092 0.096372 0.962837
13.012500 0.100272 0.096443 0.961821
13.018750 0.100415 0.096481 0.960816
13.025000 0.100523 0.096484 0.95982
13.031250 0.100595 0.096454 0.958832
13.037500 0.100632 0.096390 0.957852
13.043750 0.100633 0.096293 0.956879
13.050000 0.100599 0.096164 0.955912
13.056250 0.100530 0.096002 0.95495
13.062500 0.100427 0.095807 0.953992
13.068750 0.100290 0.095580 0.953039
13.075000 0.100119 0.095322 0.952088
13.081250 0.099915 0.095033 0.951139
13.087500 0.099677 0.094712 0.950192
13.093750 0.099406 0.094360 0.949245
13.100000 0.099102 0.093978 0.948299
13.106250 0.098766 0.093566 0.947352
13.112500 0.098398 0.093125 0.946403
13.118750 0.097999 0.092653 0.945452
13.125000 0.097568 0.092153 0.944498
13.131250 0.097106 0.091624 0.94354
13.137500 0.096614 0.091066 0.942578
13.143750 0.096091 0.090480 0.941611
13.150000 0.095538 0.089867 0.940637
13.156250 0.094956 0.089226 0.939656
13.162500 0.094345 0.088559 0.938668
13.168750 0.093705 0.087864 0.93767
13.175000 0.093036 0.087144 0.936663
13.181250 0.092340 0.086397 0.935646
13.187500 0.091615 0.085625 0.934617
13.193750 0.090864 0.084828 0.933575
13.200000 0.090085 0.084006 0.93252
13.206250 0.089280 0.083160 0.93145
13.212500 0.088449 0.082290 0.930364
13.218750 0.087592 0.081396 0.929261
13.225000 0.086710 0.080479 0.928139
13.231250 0.085803 0.079539 0.926998
13.237500 0.084872 0.078577 0.925836
13.243750 0.083916 0.077593 0.924651
13.250000 0.082936 0.076587 0.923442
13.256250 0.081934 0.075560 0.922206
13.262500 0.080908 0.074512 0.920943
13.268750 0.079860 0.073443 0.91965
13.275000 0.078790 0.072355 0.918326
13.281250 0.077698 0.071247 0.916967
13.287500 0.076585 0.070119 0.915572
13.293750 0.075451 0.068973 0.914139
13.300000 0.074297 0.067808 0.912663
13.306250 0.073123 0.066625 0.911144
13.312500 0.071929 0.065425 0.909576
13.318750 0.070715 0.064207 0.907958
13.325000 0.069483 0.062972 0.906285
13.331250 0.068233 0.061720 0.904553
13.337500 0.066965 0.060453 0.902758
13.343750 0.065679 0.059170 0.900895
13.350000 0.064376 0.057871 0.898958
13.356250 0.063056 0.056558 0.896943
13.362500 0.061720 0.055230 0.894842
13.368750 0.060368 0.053887 0.892649
13.375000 0.059000 0.052531 0.890356
13.381250 0.057618 0.051162 0.887954
13.387500 0.056220 0.049779 0.885434
13.393750 0.054808 0.048384 0.882785
13.400000 0.053383 0.046977 0.879996
13.406250 0.051944 0.045557 0.877054
13.412500 0.050491 0.044126 0.873943
13.418750 0.049026 0.042684 0.870647
13.425000 0.047549 0.041232 0.867145
13.431250 0.046059 0.039768 0.863418
13.437500 0.044558 0.038295 0.859439
13.443750 0.043046 0.036812 0.85518
13.450000 0.041523 0.035320 0.850607
13.456250 0.039990 0.033819 0.845682
13.462500 0.038446 0.032309 0.840361
13.468750 0.036893 0.030791 0.834589
13.475000 0.035331 0.029265 0.828304
13.481250 0.033760 0.027731 0.821432
13.487500 0.032180 0.026190 0.813881
13.493750 0.030592 0.024643 0.805541
13.500000 0.028996 0.023089 0.796279
13.506250 0.027392 0.021528 0.785926
13.512500 0.025782 0.019962 0.774273
13.518750 0.024165 0.018391 0.761051
13.525000 0.022541 0.016814 0.745915
13.531250 0.020911 0.015232 0.728407
13.537500 0.019276 0.013646 0.707915
13.543750 0.017635 0.012055 0.683591
13.550000 0.015989 0.010461 0.65424
13.556250 0.014339 0.008863 0.618105
13.562500 0.012684 0.007262 0.572509
13.568750 0.011025 0.005658 0.513149
13.575000 0.009363 0.004051 0.432651
13.581250 0.007697 0.002442 0.317224
13.587500 0.006028 0.000830 0.137754
13.593750 0.004356 -0.000783 -0.179678
13.600000 0.002682 -0.002397 -0.893869
13.606250 0.001005 -0.004013 -3.99102
13.612500 -0.000673 -0.005629 8.36886
13.618750 -0.002352 -0.007247 3.08065
13.625000 -0.004033 -0.008864 2.19782
13.631250 -0.005715 -0.010482 1.8341
13.637500 -0.007397 -0.012099 1.63561
13.643750 -0.009080 -0.013716 1.51057
13.650000 -0.010763 -0.015332 1.42456
13.656250 -0.012445 -0.016947 1.36175
13.662500 -0.014127 -0.018561 1.31386
13.668750 -0.015809 -0.020174 1.27613
13.675000 -0.017489 -0.021784 1.24562
13.681250 -0.019168 -0.023393 1.22045
13.687500 -0.020845 -0.024999 1.19931
13.693750 -0.022520 -0.026603 1.18131
13.700000 -0.024194 -0.028204 1.16578
13.706250 -0.025864 -0.029803 1.15226
13.712500 -0.027533 -0.031398 1.14037
13.718750 -0.029198 -0.032989 1.12984
13.725000 -0.030861 -0.034577 1.12043
13.731250 -0.032520 -0.036161 1.11198
13.737500 -0.034175 -0.037741 1.10435
13.743750 -0.035827 -0.039317 1.09742
13.750000 -0.037474 -0.040888 1.0911
13.756250 -0.039118 -0.042455 1.08531
13.762500 -0.040757 -0.044017 1.07999
13.768750 -0.042391 -0.045573 1.07507
13.775000 -0.044020 -0.047125 1.07052
13.781250 -0.045644 -0.048670 1.06629
13.787500 -0.047263 -0.050210 1.06236
13.793750 -0.048877 -0.051745 1.05868
13.800000 -0.050484 -0.053273 1.05524
13.806250 -0.052086 -0.054795 1.05201
13.812500 -0.053681 -0.056310 1.04897
13.818750 -0.055271 -0.057819 1.04611
13.825000 -0.056853 -0.059322 1.04341
13.831250 -0.058430 -0.060817 1.04086
13.837500 -0.059999 -0.062305 1.03844
13.843750 -0.061561 -0.063786 1.03614
13.850000 -0.063116 -0.065260 1.03396
13.856250 -0.064664 -0.066726 1.03189
13.862500 -0.066204 -0.068184 1.02991
13.868750 -0.067736 -0.069634 1.02802
13.875000 -0.069261 -0.071077 1.02622
13.881250 -0.070777 -0.072511 1.02449
13.887500 -0.072286 -0.073937 1.02284
13.893750 -0.073786 -0.075355 1.02126
13.900000 -0.075278 -0.076764 1.01974
13.906250 -0.076761 -0.078164 1.01828
13.912500 -0.078235 -0.079556 1.01688
13.918750 -0.079701 -0.080939 1.01554
13.925000 -0.081157 -0.082313 1.01424
13.931250 -0.082604 -0.083678 1.01299
13.937500 -0.084043 -0.085034 1.01179
13.943750 -0.085471 -0.086381 1.01064
13.950000 -0.086891 -0.087718 1.00952
13.956250 -0.088300 -0.089047 1.00845
13.962500 -0.089700 -0.090366 1.00742
13.968750 -0.091090 -0.091676 1.00643
13.975000 -0.092470 -0.092974 1.00545
13.981250 -0.093841 -0.094260 1.00446
13.987500 -0.095201 -0.095529 1.00344
13.993750 -0.096550 -0.096777 1.00235
14.000000 -0.097890 -0.098001 1.00114
14.006250 -0.099216 -0.099196 0.999803
14.012500 -0.100523 -0.100357 0.998357
14.018750 -0.101805 -0.101481 0.996814
14.025000 -0.103059 -0.102564 0.99519
14.031250 -0.104280 -0.103601 0.993497
14.037500 -0.105462 -0.104591 0.991743
14.043750 -0.106603 -0.105530 0.989939
14.050000 -0.107698 -0.106415 0.988093
14.056250 -0.108744 -0.107244 0.98621
14.062500 -0.109738 -0.108015 0.984298
14.068750 -0.110677 -0.108725 0.982361
14.075000 -0.111558 -0.109372 0.980404
14.081250 -0.112380 -0.109956 0.978433
14.087500 -0.113139 -0.110474 0.976449
14.093750 -0.113834 -0.110926 0.974457
14.100000 -0.114463 -0.111311 0.97246
14.106250 -0.115025 -0.111626 0.970458
14.112500 -0.115517 -0.111873 0.968453
14.118750 -0.115940 -0.112050 0.966447
14.125000 -0.116292 -0.112156 0.96444
14.131250 -0.116571 -0.112192 0.962432
14.137500 -0.116779 -0.112157 0.960424
14.143750 -0.116912 -0.112051 0.958416
14.150000 -0.116973 -0.111874 0.956407
14.156250 -0.116960 -0.111626 0.954396
14.162500 -0.116872 -0.111307 0.952384
14.168750 -0.116711 -0.110919 0.95037
14.175000 -0.116476 -0.110460 0.948352
14.181250 -0.116167 -0.109933 0.946329
14.187500 -0.115786 -0.109336 0.9443
14.193750 -0.115331 -0.108672 0.942264
14.200000 -0.114804 -0.107941 0.940219
14.206250 -0.114205 -0.107143 0.938164
14.212500 -0.113535 -0.106280 0.936097
14.218750 -0.112796 -0.105353 0.934015
14.225000 -0.111986 -0.104362 0.931917
14.231250 -0.111109 -0.103309 0.929801
14.237500 -0.110164 -0.102195 0.927663
14.243750 -0.109153 -0.101021 0.925502
14.250000 -0.108076 -0.099788 0.923315
14.256250 -0.106936 -0.098498 0.921099
14.262500 -0.105732 -0.097152 0.91885
14.268750 -0.104467 -0.095751 0.916566
14.275000 -0.103142 -0.094297 0.914241
14.281250 -0.101758 -0.092791 0.911874
14.287500 -0.100317 -0.091234 0.909458
14.293750 -0.098820 -0.089628 0.90699
14.300000 -0.097268 -0.087975 0.904464
14.306250 -0.095663 -0.086276 0.901876
14.312500 -0.094006 -0.084532 0.899218
14.318750 -0.092299 -0.082745 0.896485
14.325000 -0.090544 -0.080917 0.893669
14.331250 -0.088742 -0.079048 0.890764
14.337500 -0.086895 -0.077142 0.887759
14.343750 -0.085004 -0.075198 0.884646
14.350000 -0.083071 -0.073220 0.881415
14.356250 -0.081097 -0.071207 0.878053
14.362500 -0.079084 -0.069163 0.874549
14.368750 -0.077035 -0.067089 0.870886
14.375000 -0.074950 -0.064985 0.867049
14.381250 -0.072830 -0.062854 0.863019
14.387500 -0.070679 -0.060697 0.858776
14.393750 -0.068497 -0.058516 0.854295
14.400000 -0.066285 -0.056313 0.849549
14.406250 -0.064047 -0.054088 0.844507
14.412500 -0.061783 -0.051844 0.839133
14.418750 -0.059494 -0.049581 0.833385
14.425000 -0.057183 -0.047302 0.827213
14.431250 -0.054851 -0.045008 0.82056
14.437500 -0.052499 -0.042701 0.813357
14.443750 -0.050130 -0.040381 0.805522
14.450000 -0.047744 -0.038050 0.796957
14.456250 -0.045344 -0.035710 0.787542
14.462500 -0.042931 -0.033363 0.77713
14.468750 -0.040505 -0.031008 0.765539
14.475000 -0.038070 -0.028649 0.752539
14.481250 -0.035626 -0.026286 0.737837
14.487500 -0.033174 -0.023921 0.721054
14.493750 -0.030717 -0.021554 0.70169
14.500000 -0.028256 -0.019188 0.679072
14.506250 -0.025791 -0.016823 0.652271
14.512500 -0.023325 -0.014461 0.619965
14.518750 -0.020858 -0.012102 0.580218
14.525000 -0.018393 -0.009749 0.53006
14.531250 -0.015930 -0.007403 0.464703
14.537500 -0.013471 -0.005063 0.375894
14.543750 -0.011016 -0.002733 0.248088
14.550000 -0.008568 -0.000412 0.0481113
14.556250 -0.006127 0.001898 -0.309726
14.562500 -0.003695 0.004196 -1.13559
14.568750 -0.001272 0.006481 -5.09409
14.575000 0.001139 0.008751 7.68077
14.581250 0.003539 0.011007 3.11038
14.587500 0.005925 0.013247 2.23572
14.593750 0.008297 0.015470 1.86446
14.600000 0.010654 0.017675 1.65898
14.606250 0.012995 0.019862 1.52842
14.612500 0.015318 0.022029 1.43805
14.618750 0.017623 0.024175 1.37174
14.625000 0.019909 0.026300 1.32098
14.631250 0.022175 0.028402 1.28083
14.637500 0.024420 0.030482 1.24827
14.643750 0.026642 0.032538 1.2213
14.650000 0.028842 0.034570 1.19858
14.656250 0.031019 0.036576 1.17918
14.662500 0.033171 0.038557 1.16239
14.668750 0.035297 0.040511 1.14771
14.675000 0.037398 0.042438 1.13477
14.681250 0.039472 0.044338 1.12325
14.687500 0.041519 0.046209 1.11294
14.693750 0.043538 0.048051 1.10364
14.700000 0.045528 0.049863 1.09521
14.706250 0.047489 0.051646 1.08752
14.712500 0.049420 0.053397 1.08048
14.718750 0.051321 0.055118 1.074
14.725000 0.053190 0.056808 1.06802
14.731250 0.055028 0.058465 1.06247
14.737500 0.056833 0.060091 1.05731
14.743750 0.058606 0.061683 1.0525
14.750000 0.060346 0.063242 1.04799
14.756250 0.062053 0.064768 1.04376
14.762500 0.063725 0.066260 1.03978
14.768750 0.065363 0.067718 1.03603
14.775000 0.066966 0.069142 1.03248
14.781250 0.068535 0.070530 1.02912
14.787500 0.070068 0.071884 1.02592
14.793750 0.071565 0.073202 1.02288
14.800000 0.073025 0.074485 1.01999
14.806250 0.074450 0.075732 1.01722
14.812500 0.075838 0.076944 1.01458
14.818750 0.077189 0.078119 1.01205
14.825000 0.078503 0.079258 1.00962
14.831250 0.079780 0.080361 1.00729
14.837500 0.081019 0.081428 1.00504
14.843750 0.082221 0.082457 1.00288
14.850000 0.083385 0.083451 1.00079
14.856250 0.084511 0.084407 0.998772
14.862500 0.085599 0.085327 0.996821
14.868750 0.086649 0.086210 0.994933
14.875000 0.087660 0.087056 0.993102
14.881250 0.088634 0.087865 0.991326
14.887500 0.089569 0.088637 0.9896
14.893750 0.090465 0.089372 0.987921
14.900000 0.091323 0.090071 0.986287
14.906250 0.092143 0.090733 0.984694
14.912500 0.092925 0.091358 0.98314
14.918750 0.093668 0.091947 0.981623
14.925000 0.094373 0.092498 0.980139
14.931250 0.095039 0.093014 0.978689
14.937500 0.095668 0.093493 0.977268
14.943750 0.096258 0.093936 0.975875
14.950000 0.096810 0.094343 0.974509
14.956250 0.097325 0.094713 0.973168
14.962500 0.097801 0.095048 0.971851
14.968750 0.098240 0.095347 0.970555
14.975000 0.098642 0.095611 0.969279
14.981250 0.099006 0.095840 0.968022
14.987500 0.099333 0.096033 0.966783
14.993750 0.099622 0.096191 0.96556
15.000000 0.099875 0.096315 0.964353
15.006250 0.100092 0.096404 0.96316
15.012500 0.100272 0.096459 0.961979
15.018750 0.100415 0.096480 0.960811
15.025000 0.100523 0.096467 0.959654
15.031250 0.100595 0.096421 0.958506
15.037500 0.100632 0.096341 0.957368
15.043750 0.100633 0.096229 0.956237
15.050000 0.100599 0.096083 0.955114
15.056250 0.100530 0.095906 0.953996
15.062500 0.100427 0.095696 0.952884
15.068750 0.100290 0.095454 0.951777
15.075000 0.100119 0.095181 0.950672
15.081250 0.099915 0.094876 0.949571
15.087500 0.099677 0.094540 0.948471
15.093750 0.099406 0.094174 0.947372
15.100000 0.099102 0.093778 0.946274
15.106250 0.098766 0.093351 0.945174
15.112500 0.098398 0.092895 0.944073
15.118750 0.097999 0.092410 0.94297
15.125000 0.097568 0.091896 0.941863
15.131250 0.097106 0.091353 0.940752
15.137500 0.096614 0.090782 0.939635
15.143750 0.096091 0.090183 0.938513
15.150000 0.095538 0.089556 0.937383
15.156250 0.094956 0.088902 0.936246
15.162500 0.094345 0.088222 0.935099
15.168750 0.093705 0.087515 0.933943
15.175000 0.093036 0.086782 0.932775
15.181250 0.092340 0.086023 0.931595
15.187500 0.091615 0.085239 0.930402
15.193750 0.090864 0.084430 0.929194
15.200000 0.090085 0.083596 0.927971
15.206250 0.089280 0.082739 0.926731
15.212500 0.088449 0.081857 0.925472
15.218750 0.087592 0.080952 0.924194
15.225000 0.086710 0.080024 0.922894
15.231250 0.085803 0.079074 0.921572
15.237500 0.084872 0.078101 0.920225
15.243750 0.083916 0.077106 0.918852
15.250000 0.082936 0.076090 0.917451
15.256250 0.081934 0.075053 0.91602
15.262500 0.080908 0.073995 0.914557
15.268750 0.079860 0.072917 0.91306
15.275000 0.078790 0.071819 0.911526
15.281250 0.077698 0.070702 0.909952
15.287500 0.076585 0.069565 0.908337
15.293750 0.075451 0.068410 0.906677
15.300000 0.074297 0.067236 0.904969
15.306250 0.073123 0.066045 0.903209
15.312500 0.071929 0.064836 0.901394
15.318750 0.070715 0.063610 0.899521
15.325000 0.069483 0.062367 0.897584
15.331250 0.068233 0.061108 0.895579
15.337500 0.066965 0.059833 0.893502
15.343750 0.065679 0.058543 0.891345
15.350000 0.064376 0.057237 0.889104
15.356250 0.063056 0.055916 0.886772
15.362500 0.061720 0.054581 0.884341
15.368750 0.060368 0.053233 0.881803
15.375000 0.059000 0.051870 0.879149
15.381250 0.057618 0.050494 0.87637
15.387500 0.056220 0.049106 0.873454
15.393750 0.054808 0.047705 0.87039
15.400000 0.053383 0.046292 0.867164
15.406250 0.051944 0.044867 0.86376
15.412500 0.050491 0.043431 0.860161
15.418750 0.049026 0.041983 0.856348
15.425000 0.047549 0.040526 0.852298
15.431250 0.046059 0.039058 0.847986
15.437500 0.044558 0.037580 0.843383
15.443750 0.043046 0.036092 0.838457
15.450000 0.041523 0.034596 0.833168
15.456250 0.039990 0.033090 0.827472
15.462500 0.038446 0.031577 0.821317
15.468750 0.036893 0.030055 0.814641
15.475000 0.035331 0.028525 0.807373
15.481250 0.033760 0.026988 0.799424
15.487500 0.032180 0.025444 0.790691
15.493750 0.030592 0.023893 0.781047
15.500000 0.028996 0.022336 0.770335
15.506250 0.027392 0.020773 0.758362
15.512500 0.025782 0.019205 0.744885
15.518750 0.024165 0.017630 0.729595
15.525000 0.022541 0.016051 0.71209
15.531250 0.020911 0.014467 0.691843
15.537500 0.019276 0.012879 0.668145
15.543750 0.017635 0.011287 0.640016
15.550000 0.015989 0.009691 0.606073
15.556250 0.014339 0.008091 0.564286
15.562500 0.012684 0.006489 0.511558
15.568750 0.011025 0.004883 0.442913
15.575000 0.009363 0.003275 0.349823
15.581250 0.007697 0.001665 0.216342
15.587500 0.006028 0.000053 0.00880082
15.593750 0.004356 -0.001561 -0.35828
15.600000 0.002682 -0.003176 -1.18418
15.606250 0.001005 -0.004792 -4.76575
15.612500 -0.000673 -0.006409 9.52725
15.618750 -0.002352 -0.008026 3.41197
15.625000 -0.004033 -0.009643 2.39106
15.631250 -0.005715 -0.011261 1.97046
15.637500 -0.007397 -0.012878 1.74092
15.643750 -0.009080 -0.014495 1.59632
15.650000 -0.010763 -0.016110 1.49685
15.656250 -0.012445 -0.017725 1.42422
15.662500 -0.014127 -0.019338 1.36884
15.668750 -0.015809 -0.020949 1.3252
15.675000 -0.017489 -0.022559 1.28993
15.681250 -0.019168 -0.024167 1.26081
15.687500 -0.020845 -0.025772 1.23636
15.693750 -0.022520 -0.027374 1.21554
15.700000 -0.024194 -0.028974 1.19759
15.706250 -0.025864 -0.030571 1.18196
15.712500 -0.027533 -0.032164 1.16821
15.718750 -0.029198 -0.033754 1.15602
15.725000 -0.030861 -0.035340 1.14514
15.731250 -0.032520 -0.036922 1.13537
15.737500 -0.034175 -0.038500 1.12654
15.743750 -0.035827 -0.040073 1.11853
15.750000 -0.037474 -0.041642 1.11122
15.756250 -0.039118 -0.043206 1.10452
15.762500 -0.040757 -0.044766 1.09836
15.768750 -0.042391 -0.046320 1.09268
15.775000 -0.044020 -0.047868 1.08741
15.781250 -0.045644 -0.049411 1.08252
15.787500 -0.047263 -0.050948 1.07797
15.793750 -0.048877 -0.052480 1.07372
15.800000 -0.050484 -0.054005 1.06974
15.806250 -0.052086 -0.055524 1.066
15.812500 -0.053681 -0.057036 1.06249
15.818750 -0.055271 -0.058542 1.05918
15.825000 -0.056853 -0.060041 1.05606
15.831250 -0.058430 -0.061533 1.05311
15.837500 -0.059999 -0.063017 1.05031
15.843750 -0.061561 -0.064495 1.04766
15.850000 -0.063116 -0.065965 1.04513
15.856250 -0.064664 -0.067427 1.04273
15.862500 -0.066204 -0.068882 1.04045
15.868750 -0.067736 -0.070328 1.03826
15.875000 -0.069261 -0.071767 1.03618
15.881250 -0.070777 -0.073197 1.03418
15.887500 -0.072286 -0.074619 1.03227
15.893750 -0.073786 -0.076032 1.03044
15.900000 -0.075278 -0.077437 1.02869
15.906250 -0.076761 -0.078833 1.027
15.912500 -0.078235 -0.080221 1.02538
15.918750 -0.079701 -0.081599 1.02382
15.925000 -0.081157 -0.082969 1.02232
15.931250 -0.082604 -0.084329 1.02088
15.937500 -0.084043 -0.085680 1.01949
15.943750 -0.085471 -0.087023 1.01815
15.950000 -0.086891 -0.088356 1.01687
15.956250 -0.088300 -0.089681 1.01563
15.962500 -0.089700 -0.090996 1.01444
15.968750 -0.091090 -0.092300 1.01328
15.975000 -0.092470 -0.093593 1.01214
15.981250 -0.093841 -0.094870 1.01097
15.987500 -0.095201 -0.096130 1.00976
15.993750 -0.096550 -0.097366 1.00845
16.000000 -0.097890 -0.098576 1.00701
16.006250 -0.099216 -0.099755 1.00544
16.012500 -0.100523 -0.100898 1.00374
16.018750 -0.101805 -0.102002 1.00193
16.025000 -0.103059 -0.103063 1.00004
16.031250 -0.104280 -0.104078 0.998066
16.037500 -0.105462 -0.105043 0.996029
16.043750 -0.106603 -0.105956 0.993937
16.050000 -0.107698 -0.106814 0.991798
16.056250 -0.108744 -0.107615 0.989621
16.062500 -0.109738 -0.108356 0.987412
16.068750 -0.110677 -0.109036 0.985177
16.075000 -0.111558 -0.109653 0.982922
16.081250 -0.112380 -0.110205 0.980651
16.087500 -0.113139 -0.110691 0.978369
16.093750 -0.113834 -0.111111 0.976078
16.100000 -0.114463 -0.111462 0.973783
16.106250 -0.115025 -0.111744 0.971484
16.112500 -0.115517 -0.111957 0.969183
16.118750 -0.115940 -0.112100 0.966882
16.125000 -0.116292 -0.112173 0.96458
16.131250 -0.116571 -0.112174 0.962279
16.137500 -0.116779 -0.112105 0.959978
16.143750 -0.116912 -0.111964 0.957677
16.150000 -0.116973 -0.111753 0.955377
16.156250 -0.116960 -0.111471 0.953075
16.162500 -0.116872 -0.111119 0.950772
16.168750 -0.116711 -0.110697 0.948467
16.175000 -0.116476 -0.110205 0.946159
16.181250 -0.116167 -0.109644 0.943845
16.187500 -0.115786 -0.109015 0.941525
16.193750 -0.115331 -0.108318 0.939198
16.200000 -0.114804 -0.107555 0.93686
16.206250 -0.114205 -0.106726 0.934511
16.212500 -0.113535 -0.105832 0.932149
16.218750 -0.112796 -0.104874 0.92977
16.225000 -0.111986 -0.103853 0.927374
16.231250 -0.111109 -0.102771 0.924956
16.237500 -0.110164 -0.101628 0.922515
16.243750 -0.109153 -0.100426 0.920047
16.250000 -0.108076 -0.099165 0.917549
16.256250 -0.106936 -0.097848 0.915018
16.262500 -0.105732 -0.096475 0.91245
16.268750 -0.104467 -0.095049 0.909842
16.275000 -0.103142 -0.093570 0.907188
16.281250 -0.101758 -0.092039 0.904485
16.287500 -0.100317 -0.090459 0.901728
16.293750 -0.098820 -0.088830 0.89891
16.300000 -0.097268 -0.087154 0.896027
16.306250 -0.095663 -0.085434 0.893072
16.312500 -0.094006 -0.083669 0.890038
16.318750 -0.092299 -0.081862 0.886918
16.325000 -0.090544 -0.080014 0.883705
16.331250 -0.088742 -0.078128 0.880388
16.337500 -0.086895 -0.076203 0.876958
16.343750 -0.085004 -0.074243 0.873406
16.350000 -0.083071 -0.072248 0.869717
16.356250 -0.081097 -0.070220 0.86588
16.362500 -0.079084 -0.068161 0.86188
16.368750 -0.077035 -0.066073 0.857699
16.375000 -0.074950 -0.063956 0.853319
16.381250 -0.072830 -0.061813 0.848719
16.387500 -0.070679 -0.059644 0.843875
16.393750 -0.068497 -0.057452 0.83876
16.400000 -0.066286 -0.055239 0.833343
16.406250 -0.064047 -0.053004 0.827587
16.412500 -0.061783 -0.050751 0.821452
16.418750 -0.059494 -0.048481 0.814889
16.425000 -0.057183 -0.046195 0.807843
16.431250 -0.054851 -0.043894 0.800247
16.437500 -0.052499 -0.041581 0.792023
16.443750 -0.050130 -0.039256 0.783077
16.450000 -0.047744 -0.036921 0.773298
16.456250 -0.045344 -0.034577 0.762547
16.462500 -0.042931 -0.032226 0.750658
16.468750 -0.040505 -0.029870 0.737422
16.475000 -0.038070 -0.027508 0.722577
16.481250 -0.035626 -0.025144 0.705788
16.487500 -0.033174 -0.022778 0.686623
16.493750 -0.030717 -0.020412 0.66451
16.500000 -0.028256 -0.018046 0.63868
16.506250 -0.025791 -0.015683 0.608072
16.512500 -0.023325 -0.013323 0.571177
16.518750 -0.020858 -0.010967 0.525783
16.525000 -0.018393 -0.008617 0.468498
16.531250 -0.015930 -0.006274 0.393853
16.537500 -0.013471 -0.003939 0.292424
16.543750 -0.011016 -0.001613 0.146454
16.550000 -0.008568 0.000702 -0.0819462
16.556250 -0.006127 0.003006 -0.490646
16.562500 -0.003695 0.005298 -1.4339
16.568750 -0.001272 0.007576 -5.95508
16.575000 0.001139 0.009840 8.63569
16.581250 0.003539 0.012088 3.41562
16.587500 0.005925 0.014319 2.41664
16.593750 0.008297 0.016534 1.99261
16.600000 0.010654 0.018730 1.75793
16.606250 0.012995 0.020906 1.60881
16.612500 0.015318 0.023063 1.5056
16.618750 0.017623 0.025199 1.42987
16.625000 0.019909 0.027313 1.37189
16.631250 0.022175 0.029405 1.32604
16.637500 0.024420 0.031473 1.28885
16.643750 0.026642 0.033517 1.25805
16.650000 0.028842 0.035537 1.23211
16.656250 0.031019 0.037531 1.20995
16.662500 0.033171 0.039499 1.19078
16.668750 0.035297 0.041440 1.17402
16.675000 0.037398 0.043353 1.15923
16.681250 0.039472 0.045239 1.14609
16.687500 0.041519 0.047096 1.13431
16.693750 0.043538 0.048924 1.12369
16.700000 0.045528 0.050722 1.11406
16.706250 0.047489 0.052489 1.10529
16.712500 0.049420 0.054226 1.09725
16.718750 0.051321 0.055932 1.08985
16.725000 0.053190 0.057606 1.08302
16.731250 0.055028 0.059248 1.07669
16.737500 0.056833 0.060857 1.0708
16.743750 0.058606 0.062434 1.06531
16.750000 0.060346 0.063977 1.06016
16.756250 0.062053 0.065486 1.05533
16.762500 0.063725 0.066962 1.05079
16.768750 0.065363 0.068403 1.04651
16.775000 0.066966 0.069810 1.04245
16.781250 0.068535 0.071181 1.03862
16.787500 0.070068 0.072518 1.03497
16.793750 0.071565 0.073819 1.03151
16.800000 0.073025 0.075085 1.0282
16.806250 0.074450 0.076315 1.02505
16.812500 0.075838 0.077509 1.02203
16.818750 0.077189 0.078667 1.01914
16.825000 0.078503 0.079788 1.01637
16.831250 0.079780 0.080874 1.01371
16.837500 0.081019 0.081922 1.01114
16.843750 0.082221 0.082934 1.00868
16.850000 0.083385 0.083910 1.0063
16.856250 0.084511 0.084849 1.004
16.862500 0.085599 0.085750 1.00177
16.868750 0.086649 0.086616 0.999618
16.875000 0.087660 0.087444 0.99753
16.881250 0.088634 0.088235 0.995504
16.887500 0.089569 0.088990 0.993536
16.893750 0.090465 0.089707 0.991622
16.900000 0.091323 0.090388 0.989758
16.906250 0.092143 0.091032 0.987942
16.912500 0.092925 0.091640 0.986171
16.918750 0.093668 0.092211 0.984441
16.925000 0.094373 0.092745 0.982751
16.931250 0.095039 0.093243 0.981097
16.937500 0.095668 0.093704 0.979478
16.943750 0.096258 0.094130 0.977891
16.950000 0.096810 0.094519 0.976334
16.956250 0.097325 0.094873 0.974806
16.962500 0.097801 0.095190 0.973304
16.968750 0.098240 0.095473 0.971827
16.975000 0.098642 0.095719 0.970374
16.981250 0.099006 0.095931 0.968942
16.987500 0.099333 0.096107 0.96753
16.993750 0.099622 0.096249 0.966138
17.000000 0.099875 0.096356 0.964762
17.006250 0.100092 0.096429 0.963403
17.012500 0.100272 0.096467 0.962059
17.018750 0.100415 0.096472 0.960729
17.025000 0.100523 0.096443 0.959411
17.031250 0.100595 0.096381 0.958104
17.037500 0.100632 0.096285 0.956808
17.043750 0.100633 0.096157 0.95552
17.050000 0.100599 0.095996 0.954241
17.056250 0.100530 0.095802 0.952969
17.062500 0.100427 0.095577 0.951703
17.068750 0.100290 0.095320 0.950443
17.075000 0.100119 0.095032 0.949186
17.081250 0.099915 0.094712 0.947932
17.087500 0.099677 0.094362 0.946681
17.093750 0.099406 0.093981 0.94543
17.100000 0.099102 0.093570 0.94418
17.106250 0.098766 0.093130 0.942929
17.112500 0.098398 0.092659 0.941676
17.118750 0.097999 0.092160 0.940421
17.125000 0.097568 0.091632 0.939161
17.131250 0.097106 0.091076 0.937897
17.137500 0.096614 0.090491 0.936627
17.143750 0.096091 0.089879 0.935351
17.150000 0.095538 0.089239 0.934066
17.156250 0.094956 0.088573 0.932772
17.162500 0.094345 0.087879 0.931468
17.168750 0.093705 0.087160 0.930153
17.175000 0.093036 0.086414 0.928825
17.181250 0.092340 0.085643 0.927483
17.187500 0.091615 0.084847 0.926127
17.193750 0.090864 0.084026 0.924754
17.200000 0.090085 0.083181 0.923363
17.206250 0.089280 0.082312 0.921953
17.212500 0.088449 0.081419 0.920522
17.218750 0.087592 0.080503 0.919069
17.225000 0.086710 0.079564 0.917592
17.231250 0.085803 0.078603 0.916088
17.237500 0.084872 0.077620 0.914558
17.243750 0.083916 0.076615 0.912997
17.250000 0.082936 0.075589 0.911405
17.256250 0.081934 0.074542 0.909779
17.262500 0.080908 0.073474 0.908116
17.268750 0.079860 0.072386 0.906414
17.275000 0.078790 0.071279 0.904671
17.281250 0.077698 0.070152 0.902883
17.287500 0.076585 0.069007 0.901047
17.293750 0.075451 0.067843 0.899161
17.300000 0.074297 0.066661 0.89722
17.306250 0.073123 0.065461 0.895221
17.312500 0.071929 0.064244 0.89316
17.318750 0.070715 0.063010 0.891031
17.325000 0.069483 0.061759 0.888831
17.331250 0.068233 0.060492 0.886554
17.337500 0.066965 0.059210 0.884193
17.343750 0.065679 0.057912 0.881744
17.350000 0.064376 0.056599 0.879198
17.356250 0.063056 0.055272 0.876549
17.362500 0.061720 0.053930 0.873787
17.368750 0.060368 0.052575 0.870905
17.375000 0.059000 0.051206 0.867891
17.381250 0.057618 0.049824 0.864735
17.387500 0.056220 0.048429 0.861424
17.393750 0.054808 0.047023 0.857944
17.400000 0.053383 0.045604 0.85428
17.406250 0.051944 0.044174 0.850414
17.412500 0.050491 0.042732 0.846327
17.418750 0.049026 0.041280 0.841997
17.425000 0.047549 0.039817 0.837398
17.431250 0.046059 0.038344 0.832502
17.437500 0.044558 0.036862 0.827276
17.443750 0.043046 0.035370 0.821682
17.450000 0.041523 0.033869 0.815677
17.456250 0.039990 0.032360 0.80921
17.462500 0.038446 0.030842 0.802222
17.468750 0.036893 0.029317 0.794643
17.475000 0.035331 0.027784 0.78639
17.481250 0.033760 0.026244 0.777366
17.487500 0.032180 0.024696 0.767451
17.493750 0.030592 0.023143 0.756502
17.500000 0.028996 0.021583 0.744341
17.506250 0.027392 0.020017 0.730748
17.512500 0.025782 0.018446 0.715448
17.518750 0.024165 0.016869 0.698089
17.525000 0.022541 0.015288 0.678216
17.531250 0.020911 0.013702 0.65523
17.537500 0.019276 0.012112 0.628325
17.543750 0.017635 0.010517 0.596392
17.550000 0.015989 0.008920 0.557857
17.556250 0.014339 0.007319 0.510418
17.562500 0.012684 0.005715 0.450557
17.568750 0.011025 0.004108 0.372627
17.575000 0.009363 0.002499 0.266945
17.581250 0.007697 0.000888 0.115409
17.587500 0.006028 -0.000725 -0.120206
17.593750 0.004356 -0.002339 -0.53694
17.600000 0.002682 -0.003954 -1.47455
17.606250 0.001005 -0.005571 -5.5406
17.612500 -0.000673 -0.007188 10.6858
17.618750 -0.002352 -0.008805 3.74329
17.625000 -0.004033 -0.010423 2.5843
17.631250 -0.005715 -0.012040 2.10679
17.637500 -0.007397 -0.013657 1.84621
17.643750 -0.009080 -0.015273 1.68205
17.650000 -0.010763 -0.016888 1.56913
17.656250 -0.012445 -0.018502 1.48667
17.662500 -0.014127 -0.020114 1.42379
17.668750 -0.015809 -0.021725 1.37425
17.675000 -0.017489 -0.023334 1.3342
17.681250 -0.019168 -0.024940 1.30115
17.687500 -0.020845 -0.026544 1.2734
17.693750 -0.022520 -0.028145 1.24976
17.700000 -0.024194 -0.029743 1.22938
17.706250 -0.025864 -0.031338 1.21162
17.712500 -0.027533 -0.032930 1.19601
17.718750 -0.029198 -0.034517 1.18218
17.725000 -0.030861 -0.036102 1.16983
17.731250 -0.032520 -0.037682 1.15873
17.737500 -0.034175 -0.039257 1.14871
17.743750 -0.035827 -0.040829 1.13961
17.750000 -0.037474 -0.042395 1.13131
17.756250 -0.039118 -0.043957 1.1237
17.762500 -0.040757 -0.045513 1.11671
17.768750 -0.042391 -0.047065 1.11025
17.775000 -0.044020 -0.048610 1.10427
17.781250 -0.045644 -0.050151 1.09872
17.787500 -0.047263 -0.051685 1.09355
17.793750 -0.048877 -0.053213 1.08873
17.800000 -0.050484 -0.054735 1.08421
17.806250 -0.052086 -0.056251 1.07997
17.812500 -0.053681 -0.057760 1.07598
17.818750 -0.055271 -0.059262 1.07222
17.825000 -0.056853 -0.060758 1.06868
17.831250 -0.058430 -0.062246 1.06533
17.837500 -0.059999 -0.063728 1.06215
17.843750 -0.061561 -0.065202 1.05914
17.850000 -0.063116 -0.066668 1.05627
17.856250 -0.064664 -0.068126 1.05355
17.862500 -0.066204 -0.069577 1.05095
17.868750 -0.067736 -0.071020 1.04848
17.875000 -0.069261 -0.072454 1.04611
17.881250 -0.070777 -0.073881 1.04385
17.887500 -0.072286 -0.075299 1.04168
17.893750 -0.073786 -0.076708 1.0396
17.900000 -0.075278 -0.078108 1.0376
17.906250 -0.076761 -0.079500 1.03569
17.912500 -0.078235 -0.080883 1.03385
17.918750 -0.079701 -0.082257 1.03208
17.925000 -0.081157 -0.083622 1.03037
17.931250 -0.082604 -0.084978 1.02873
17.937500 -0.084043 -0.086325 1.02716
17.943750 -0.085471 -0.087663 1.02564
17.950000 -0.086891 -0.088992 1.02419
17.956250 -0.088300 -0.090312 1.02279
17.962500 -0.089700 -0.091623 1.02143
17.968750 -0.091090 -0.092922 1.0201
17.975000 -0.092470 -0.094207 1.01878
17.981250 -0.093841 -0.095476 1.01743
17.987500 -0.095201 -0.096725 1.01601
17.993750 -0.096550 -0.097948 1.01448
18.000000 -0.097890 -0.099143 1.01281
18.006250 -0.099216 -0.100305 1.01098
18.012500 -0.100523 -0.101429 1.00902
18.018750 -0.101805 -0.102513 1.00695
18.025000 -0.103059 -0.103552 1.00478
18.031250 -0.104280 -0.104542 1.00252
18.037500 -0.105462 -0.105483 1.0002
18.043750 -0.106603 -0.106369 0.997811
18.050000 -0.107698 -0.107200 0.995377
18.056250 -0.108744 -0.107972 0.992901
18.062500 -0.109738 -0.108683 0.990393
18.068750 -0.110677 -0.109333 0.987857
18.075000 -0.111558 -0.109918 0.985301
18.081250 -0.112380 -0.110439 0.98273
18.087500 -0.113139 -0.110893 0.980148
18.093750 -0.113834 -0.111279 0.977559
18.100000 -0.114463 -0.111597 0.974965
18.106250 -0.115025 -0.111846 0.972369
18.112500 -0.115517 -0.112025 0.969772
18.118750 -0.115940 -0.112134 0.967175
18.125000 -0.116292 -0.112172 0.964579
18.131250 -0.116571 -0.112140 0.961984
18.137500 -0.116779 -0.112036 0.95939
18.143750 -0.116912 -0.111862 0.956798
18.150000 -0.116973 -0.111616 0.954206
18.156250 -0.116960 -0.111300 0.951615
18.162500 -0.116872 -0.110914 0.949022
18.168750 -0.116711 -0.110459 0.946427
18.175000 -0.116476 -0.109933 0.943829
18.181250 -0.116167 -0.109340 0.941226
18.187500 -0.115786 -0.108678 0.938616
18.193750 -0.115331 -0.107949 0.935998
18.200000 -0.114804 -0.107154 0.93337
18.206250 -0.114205 -0.106294 0.930728
18.212500 -0.113535 -0.105369 0.928072
18.218750 -0.112796 -0.104381 0.925398
18.225000 -0.111986 -0.103330 0.922704
18.231250 -0.111109 -0.102219 0.919987
18.237500 -0.110164 -0.101047 0.917243
18.243750 -0.109153 -0.099817 0.91447
18.250000 -0.108076 -0.098529 0.911663
18.256250 -0.106936 -0.097185 0.90882
18.262500 -0.105732 -0.095787 0.905935
18.268750 -0.104467 -0.094335 0.903004
18.275000 -0.103142 -0.092831 0.900023
18.281250 -0.101758 -0.091276 0.896986
18.287500 -0.100317 -0.089672 0.893888
18.293750 -0.098820 -0.088021 0.890723
18.300000 -0.097268 -0.086324 0.887484
18.306250 -0.095663 -0.084582 0.884165
18.312500 -0.094006 -0.082796 0.880757
18.318750 -0.092299 -0.080970 0.877253
18.325000 -0.090544 -0.079103 0.873643
18.331250 -0.088742 -0.077198 0.869917
18.337500 -0.086895 -0.075257 0.866065
18.343750 -0.085004 -0.073280 0.862074
18.350000 -0.083071 -0.071269 0.857931
18.356250 -0.081097 -0.069226 0.853621
18.362500 -0.079084 -0.067153 0.849127
18.368750 -0.077035 -0.065051 0.844431
18.375000 -0.074950 -0.062921 0.839511
18.381250 -0.072830 -0.060766 0.834344
18.387500 -0.070679 -0.058586 0.828902
18.393750 -0.068497 -0.056383 0.823155
18.400000 -0.066286 -0.054160 0.817069
18.406250 -0.064047 -0.051917 0.810603
18.412500 -0.061783 -0.049655 0.80371
18.418750 -0.059494 -0.047377 0.796336
18.425000 -0.057183 -0.045084 0.788419
18.431250 -0.054851 -0.042777 0.779884
18.437500 -0.052499 -0.040458 0.770643
18.443750 -0.050130 -0.038128 0.760591
18.450000 -0.047744 -0.035789 0.749602
18.456250 -0.045344 -0.033442 0.737522
18.462500 -0.042931 -0.031089 0.724161
18.468750 -0.040505 -0.028730 0.709287
18.475000 -0.038070 -0.026367 0.692603
18.481250 -0.035626 -0.024002 0.673735
18.487500 -0.033174 -0.021636 0.652196
18.493750 -0.030717 -0.019270 0.627343
18.500000 -0.028256 -0.016906 0.598312
18.506250 -0.025791 -0.014544 0.56391
18.512500 -0.023325 -0.012186 0.522443
18.518750 -0.020858 -0.009833 0.471421
18.525000 -0.018393 -0.007487 0.407033
18.531250 -0.015930 -0.005147 0.323133
18.537500 -0.013471 -0.002817 0.209125
18.543750 -0.011016 -0.000496 0.0450514
18.550000 -0.008568 0.001814 -0.211677
18.556250 -0.006127 0.004112 -0.671071
18.562500 -0.003695 0.006397 -1.73132
18.568750 -0.001272 0.008668 -6.81333
18.575000 0.001139 0.010924 9.58734
18.581250 0.003539 0.013164 3.71976
18.587500 0.005925 0.015387 2.59686
18.593750 0.008297 0.017593 2.12024
18.600000 0.010654 0.019779 1.85645
18.606250 0.012995 0.021946 1.68884
18.612500 0.015318 0.024093 1.57282
18.618750 0.017623 0.026218 1.4877
18.625000 0.019909 0.028322 1.42253
18.631250 0.022175 0.030402 1.371
18.637500 0.024420 0.032458 1.3292
18.643750 0.026642 0.034491 1.29459
18.650000 0.028842 0.036498 1.26543
18.656250 0.031019 0.038479 1.24052
18.662500 0.033171 0.040434 1.21897
18.668750 0.035297 0.042362 1.20014
18.675000 0.037398 0.044262 1.18353
18.681250 0.039472 0.046134 1.16875
18.687500 0.041519 0.047976 1.15552
18.693750 0.043538 0.049790 1.14359
18.700000 0.045528 0.051573 1.13277
18.706250 0.047489 0.053326 1.1229
18.712500 0.049420 0.055048 1.11387
18.718750 0.051321 0.056738 1.10556
18.725000 0.053190 0.058397 1.09789
18.731250 0.055028 0.060023 1.09077
18.737500 0.056833 0.061616 1.08416
18.743750 0.058606 0.063176 1.07798
18.750000 0.060346 0.064703 1.0722
18.756250 0.062053 0.066196 1.06678
18.762500 0.063725 0.067655 1.06167
18.768750 0.065363 0.069080 1.05686
18.775000 0.066966 0.070470 1.05231
18.781250 0.068535 0.071824 1.048
18.787500 0.070068 0.073144 1.0439
18.793750 0.071565 0.074428 1.04001
18.800000 0.073025 0.075676 1.0363
18.806250 0.074450 0.076889 1.03276
18.812500 0.075838 0.078065 1.02937
18.818750 0.077189 0.079206 1.02613
18.825000 0.078503 0.080310 1.02301
18.831250 0.079780 0.081377 1.02002
18.837500 0.081019 0.082409 1.01715
18.843750 0.082221 0.083403 1.01437
18.850000 0.083385 0.084361 1.0117
18.856250 0.084511 0.085282 1.00912
18.862500 0.085599 0.086166 1.00662
18.868750 0.086649 0.087013 1.0042
18.875000 0.087660 0.087823 1.00186
18.881250 0.088634 0.088597 0.999586
18.887500 0.089569 0.089334 0.997377
18.893750 0.090465 0.090033 0.995228
18.900000 0.091323 0.090697 0.993137
18.906250 0.092143 0.091323 0.991099
18.912500 0.092925 0.091913 0.98911
18.918750 0.093668 0.092466 0.987169
18.925000 0.094373 0.092983 0.985272
18.931250 0.095039 0.093463 0.983416
18.937500 0.095668 0.093907 0.981599
18.943750 0.096258 0.094315 0.979819
18.950000 0.096810 0.094687 0.978072
18.956250 0.097325 0.095024 0.976357
18.962500 0.097801 0.095324 0.974673
18.968750 0.098240 0.095589 0.973016
18.975000 0.098642 0.095819 0.971385
18.981250 0.099006 0.096014 0.969779
18.987500 0.099333 0.096173 0.968196
18.993750 0.099622 0.096298 0.966634
19.000000 0.099875 0.096389 0.965091
19.006250 0.100092 0.096445 0.963567
19.012500 0.100272 0.096467 0.962059
19.018750 0.100415 0.096456 0.960567
19.025000 0.100523 0.096411 0.959089
19.031250 0.100595 0.096332 0.957624
19.037500 0.100632 0.096221 0.95617
19.043750 0.100633 0.096077 0.954727
19.050000 0.100599 0.095900 0.953293
19.056250 0.100530 0.095692 0.951867
19.062500 0.100427 0.095451 0.950448
19.068750 0.100290 0.095179 0.949034
19.075000 0.100119 0.094875 0.947626
19.081250 0.099915 0.094541 0.94622
19.087500 0.099677 0.094176 0.944817
19.093750 0.099406 0.093781 0.943416
19.100000 0.099102 0.093356 0.942015
19.106250 0.098766 0.092901 0.940613
19.112500 0.098398 0.092417 0.939209
19.118750 0.097999 0.091904 0.937802
19.125000 0.097568 0.091362 0.936391
19.131250 0.097106 0.090792 0.934974
19.137500 0.096614 0.090194 0.933552
19.143750 0.096091 0.089568 0.932121
19.150000 0.095538 0.088916 0.930682
19.156250 0.094956 0.088236 0.929232
19.162500 0.094345 0.087531 0.927771
19.168750 0.093705 0.086799 0.926298
19.175000 0.093036 0.086041 0.924811
19.181250 0.092340 0.085258 0.923308
19.187500 0.091615 0.084450 0.921788
19.193750 0.090864 0.083617 0.92025
19.200000 0.090085 0.082761 0.918692
19.206250 0.089280 0.081880 0.917113
19.212500 0.088449 0.080976 0.915511
19.218750 0.087592 0.080049 0.913883
19.225000 0.086710 0.079099 0.912229
19.231250 0.085803 0.078128 0.910546
19.237500 0.084872 0.077134 0.908831
19.243750 0.083916 0.076119 0.907084
19.250000 0.082936 0.075082 0.905301
19.256250 0.081934 0.074026 0.90348
19.262500 0.080908 0.072948 0.901618
19.268750 0.079860 0.071851 0.899712
19.275000 0.078790 0.070735 0.89776
19.281250 0.077698 0.069599 0.895759
19.287500 0.076585 0.068444 0.893704
19.293750 0.075451 0.067272 0.891591
19.300000 0.074297 0.066081 0.889419
19.306250 0.073123 0.064873 0.88718
19.312500 0.071929 0.063648 0.884872
19.318750 0.070715 0.062406 0.88249
19.325000 0.069483 0.061147 0.880026
19.331250 0.068233 0.059873 0.877477
19.337500 0.066965 0.058583 0.874834
19.343750 0.065679 0.057278 0.872092
19.350000 0.064376 0.055958 0.869242
19.356250 0.063056 0.054624 0.866276
19.362500 0.061720 0.053276 0.863185
19.368750 0.060368 0.051914 0.859958
19.375000 0.059000 0.050539 0.856585
19.381250 0.057618 0.049151 0.853052
19.387500 0.056220 0.047750 0.849345
19.393750 0.054808 0.046338 0.84545
19.400000 0.053383 0.044914 0.841349
19.406250 0.051944 0.043478 0.837022
19.412500 0.050491 0.042031 0.832448
19.418750 0.049026 0.040574 0.827601
19.425000 0.047549 0.039107 0.822453
19.431250 0.046059 0.037629 0.816973
19.437500 0.044558 0.036142 0.811124
19.443750 0.043046 0.034646 0.804863
19.450000 0.041523 0.033141 0.798142
19.456250 0.039990 0.031628 0.790903
19.462500 0.038446 0.030107 0.783082
19.468750 0.036893 0.028577 0.7746
19.475000 0.035331 0.027041 0.765364
19.481250 0.033760 0.025497 0.755264
19.487500 0.032180 0.023947 0.744168
19.493750 0.030592 0.022390 0.731914
19.500000 0.028996 0.020828 0.718303
19.506250 0.027392 0.019259 0.703091
19.512500 0.025782 0.017686 0.685968
19.518750 0.024165 0.016107 0.666541
19.525000 0.022541 0.014523 0.644301
19.531250 0.020911 0.012935 0.618577
19.537500 0.019276 0.011343 0.588468
19.543750 0.017635 0.009748 0.55273
19.550000 0.015989 0.008148 0.509605
19.556250 0.014339 0.006546 0.456515
19.562500 0.012684 0.004941 0.389524
19.568750 0.011025 0.003333 0.302311
19.575000 0.009363 0.001723 0.18404
19.581250 0.007697 0.000111 0.0144523
19.587500 0.006028 -0.001502 -0.249229
19.593750 0.004356 -0.003117 -0.715607
19.600000 0.002682 -0.004733 -1.76491
19.606250 0.001005 -0.006350 -6.31533
19.612500 -0.000673 -0.007967 11.844
19.618750 -0.002352 -0.009584 4.07451
19.625000 -0.004033 -0.011202 2.77745
19.631250 -0.005715 -0.012819 2.24307
19.637500 -0.007397 -0.014435 1.95144
19.643750 -0.009080 -0.016051 1.76773
19.650000 -0.010763 -0.017665 1.64135
19.656250 -0.012445 -0.019279 1.54907
19.662500 -0.014127 -0.020890 1.4787
19.668750 -0.015809 -0.022500 1.42326
19.675000 -0.017489 -0.024107 1.37845
19.681250 -0.019168 -0.025712 1.34145
19.687500 -0.020845 -0.027315 1.31039
19.693750 -0.022520 -0.028915 1.28394
19.700000 -0.024194 -0.030511 1.26113
19.706250 -0.025864 -0.032105 1.24126
19.712500 -0.027533 -0.033694 1.22379
19.718750 -0.029198 -0.035280 1.2083
19.725000 -0.030861 -0.036862 1.19448
19.731250 -0.032520 -0.038440 1.18206
19.737500 -0.034175 -0.040014 1.17085
19.743750 -0.035827 -0.041583 1.16066
19.750000 -0.037474 -0.043147 1.15137
19.756250 -0.039118 -0.044706 1.14286
19.762500 -0.040757 -0.046260 1.13503
19.768750 -0.042391 -0.047809 1.1278
19.775000 -0.044020 -0.049352 1.12111
19.781250 -0.045644 -0.050889 1.1149
19.787500 -0.047263 -0.052420 1.10911
19.793750 -0.048877 -0.053945 1.10371
19.800000 -0.050484 -0.055464 1.09865
19.806250 -0.052086 -0.056977 1.0939
19.812500 -0.053681 -0.058483 1.08944
19.818750 -0.055271 -0.059982 1.08523
19.825000 -0.056853 -0.061474 1.08127
19.831250 -0.058430 -0.062959 1.07751
19.837500 -0.059999 -0.064436 1.07396
19.843750 -0.061561 -0.065907 1.07059
19.850000 -0.063116 -0.067369 1.06739
19.856250 -0.064664 -0.068824 1.06434
19.862500 -0.066204 -0.070271 1.06143
19.868750 -0.067736 -0.071710 1.05866
19.875000 -0.069261 -0.073140 1.05601
19.881250 -0.070777 -0.074563 1.05348
19.887500 -0.072286 -0.075976 1.05105
19.893750 -0.073786 -0.077381 1.04873
19.900000 -0.075278 -0.078778 1.04649
19.906250 -0.076761 -0.080165 1.04435
19.912500 -0.078235 -0.081544 1.04229
19.918750 -0.079701 -0.082913 1.04031
19.925000 -0.081157 -0.084273 1.0384
19.931250 -0.082604 -0.085625 1.03656
19.937500 -0.084043 -0.086967 1.0348
19.943750 -0.085471 -0.088301 1.03311
19.950000 -0.086891 -0.089626 1.03148
19.956250 -0.088300 -0.090942 1.02992
19.962500 -0.089700 -0.092247 1.02839
19.968750 -0.091090 -0.093540 1.02689
19.975000 -0.092470 -0.094818 1.02538
19.981250 -0.093841 -0.096077 1.02383
19.987500 -0.095201 -0.097313 1.02219
19.993750 -0.096550 -0.098523 1.02044
