0.000000 0.000000 0.000000 1.992
0.003125 0.000000 0.000000 1.0875
0.006250 0.000002 0.000002 1.01839
0.009375 0.000005 0.000005 0.999446
0.012500 0.000011 0.000011 0.991704
0.015625 0.000019 0.000019 0.987819
0.018750 0.000032 0.000031 0.985608
0.021875 0.000049 0.000048 0.98424
0.025000 0.000070 0.000069 0.983341
0.028125 0.000097 0.000095 0.982723
0.031250 0.000130 0.000128 0.982283
0.034375 0.000170 0.000167 0.981963
0.037500 0.000216 0.000212 0.981724
0.040625 0.000270 0.000265 0.981543
0.043750 0.000332 0.000326 0.981405
0.046875 0.000403 0.000395 0.981299
0.050000 0.000482 0.000473 0.981216
0.053125 0.000570 0.000560 0.981151
0.056250 0.000669 0.000656 0.981101
0.059375 0.000777 0.000762 0.981063
0.062500 0.000896 0.000879 0.981034
0.065625 0.001025 0.001006 0.981012
0.068750 0.001166 0.001143 0.980997
0.071875 0.001318 0.001293 0.980986
0.075000 0.001481 0.001453 0.980979
0.078125 0.001657 0.001626 0.980976
0.081250 0.001845 0.001810 0.980974
0.084375 0.002046 0.002007 0.980975
0.087500 0.002259 0.002216 0.980977
0.090625 0.002486 0.002439 0.980981
0.093750 0.002726 0.002674 0.980985
0.096875 0.002979 0.002923 0.980989
0.100000 0.003246 0.003185 0.980993
0.103125 0.003527 0.003460 0.980997
0.106250 0.003823 0.003750 0.981
0.109375 0.004132 0.004053 0.981003
0.112500 0.004456 0.004371 0.981006
0.115625 0.004794 0.004703 0.981008
0.118750 0.005147 0.005049 0.981009
0.121875 0.005515 0.005410 0.98101
0.125000 0.005897 0.005785 0.98101
0.128125 0.006295 0.006175 0.98101
0.131250 0.006708 0.006580 0.981009
0.134375 0.007136 0.007000 0.981008
0.137500 0.007579 0.007435 0.981007
0.140625 0.008037 0.007885 0.981005
0.143750 0.008511 0.008350 0.981004
0.146875 0.009001 0.008830 0.981002
0.150000 0.009505 0.009325 0.981
0.153125 0.010025 0.009835 0.980998
0.156250 0.010561 0.010361 0.980996
0.159375 0.011112 0.010901 0.980994
0.162500 0.011679 0.011457 0.980992
0.165625 0.012261 0.012028 0.98099
0.168750 0.012859 0.012615 0.980988
0.171875 0.013472 0.013216 0.980986
0.175000 0.014101 0.013833 0.980984
0.178125 0.014745 0.014465 0.980983
0.181250 0.015405 0.015112 0.980981
0.184375 0.016080 0.015774 0.980979
0.187500 0.016770 0.016451 0.980977
0.190625 0.017475 0.017143 0.980976
0.193750 0.018196 0.017850 0.980974
0.196875 0.018932 0.018571 0.980972
0.200000 0.019682 0.019308 0.980971
0.203125 0.020448 0.020059 0.980969
0.206250 0.021229 0.020825 0.980968
0.209375 0.022024 0.021605 0.980967
0.212500 0.022834 0.022400 0.980965
0.215625 0.023659 0.023208 0.980964
0.218750 0.024498 0.024032 0.980963
0.221875 0.025351 0.024869 0.980961
0.225000 0.026219 0.025720 0.98096
0.228125 0.027101 0.026585 0.980959
0.231250 0.027997 0.027464 0.980958
0.234375 0.028907 0.028356 0.980957
0.237500 0.029831 0.029262 0.980956
0.240625 0.030768 0.030182 0.980955
0.243750 0.031719 0.031114 0.980954
0.246875 0.032683 0.032060 0.980953
0.250000 0.033660 0.033019 0.980952
0.253125 0.034650 0.033990 0.980951
0.256250 0.035654 0.034974 0.98095
0.259375 0.036670 0.035971 0.980949
0.262500 0.037698 0.036980 0.980949
0.265625 0.038739 0.038001 0.980948
0.268750 0.039793 0.039035 0.980947
0.271875 0.040858 0.040080 0.980946
0.275000 0.041936 0.041137 0.980946
0.278125 0.043025 0.042205 0.980945
0.281250 0.044126 0.043285 0.980944
0.284375 0.045238 0.044376 0.980944
0.287500 0.046362 0.045479 0.980943
0.290625 0.047497 0.046592 0.980942
0.293750 0.048642 0.047715 0.980942
0.296875 0.049799 0.048850 0.980941
0.300000 0.050966 0.049994 0.980941
0.303125 0.052143 0.051149 0.98094
0.306250 0.053330 0.052314 0.980939
0.309375 0.054528 0.053488 0.980939
0.312500 0.055735 0.054673 0.980938
0.315625 0.056952 0.055866 0.980938
0.318750 0.058178 0.057069 0.980937
0.321875 0.059414 0.058281 0.980937
0.325000 0.060658 0.059502 0.980937
0.328125 0.061912 0.060731 0.980936
0.331250 0.063174 0.061969 0.980936
0.334375 0.064444 0.063216 0.980935
0.337500 0.065723 0.064470 0.980935
0.340625 0.067010 0.065732 0.980934
0.343750 0.068304 0.067002 0.980934
0.346875 0.069607 0.068280 0.980934
0.350000 0.070916 0.069564 0.980933
0.353125 0.072233 0.070856 0.980933
0.356250 0.073558 0.072155 0.980933
0.359375 0.074889 0.073461 0.980932
0.362500 0.076226 0.074773 0.980932
0.365625 0.077570 0.076091 0.980932
0.368750 0.078921 0.077416 0.980931
0.371875 0.080277 0.078746 0.980931
0.375000 0.081639 0.080082 0.98093
0.378125 0.083007 0.081424 0.98093
0.381250 0.084380 0.082771 0.98093
0.384375 0.085759 0.084124 0.980929
0.387500 0.087143 0.085481 0.980929
0.390625 0.088531 0.086843 0.980929
0.393750 0.089925 0.088209 0.980928
0.396875 0.091322 0.089580 0.980928
0.400000 0.092724 0.090956 0.980927
0.403125 0.094130 0.092335 0.980927
0.406250 0.095540 0.093718 0.980927
0.409375 0.096953 0.095104 0.980926
0.412500 0.098370 0.096494 0.980926
0.415625 0.099790 0.097887 0.980926
0.418750 0.101214 0.099283 0.980925
0.421875 0.102640 0.100682 0.980925
0.425000 0.104069 0.102083 0.980924
0.428125 0.105500 0.103487 0.980924
0.431250 0.106934 0.104894 0.980924
0.434375 0.108369 0.106302 0.980923
0.437500 0.109807 0.107712 0.980923
0.440625 0.111246 0.109124 0.980922
0.443750 0.112687 0.110537 0.980922
0.446875 0.114129 0.111952 0.980922
0.450000 0.115573 0.113368 0.980921
0.453125 0.117017 0.114784 0.980921
0.456250 0.118462 0.116202 0.98092
0.459375 0.119908 0.117620 0.98092
0.462500 0.121354 0.119038 0.98092
0.465625 0.122800 0.120457 0.980919
0.468750 0.124246 0.121876 0.980919
0.471875 0.125693 0.123294 0.980918
0.475000 0.127139 0.124713 0.980918
0.478125 0.128584 0.126130 0.980918
0.481250 0.130029 0.127547 0.980917
0.484375 0.131473 0.128964 0.980917
0.487500 0.132915 0.130379 0.980917
0.490625 0.134357 0.131793 0.980916
0.493750 0.135797 0.133206 0.980916
0.496875 0.137236 0.134617 0.980915
0.500000 0.138673 0.136027 0.980915
0.503125 0.140108 0.137434 0.980915
0.506250 0.141541 0.138840 0.980914
0.509375 0.142972 0.140243 0.980914
0.512500 0.144401 0.141645 0.980914
0.515625 0.145827 0.143043 0.980913
0.518750 0.147250 0.144439 0.980913
0.521875 0.148670 0.145833 0.980912
0.525000 0.150088 0.147223 0.980912
0.528125 0.151502 0.148610 0.980912
0.531250 0.152913 0.149994 0.980911
0.534375 0.154320 0.151374 0.980911
0.537500 0.155724 0.152751 0.980911
0.540625 0.157124 0.154124 0.98091
0.543750 0.158520 0.155494 0.98091
0.546875 0.159912 0.156859 0.98091
0.550000 0.161299 0.158220 0.980909
0.553125 0.162683 0.159577 0.980909
0.556250 0.164061 0.160929 0.980909
0.559375 0.165436 0.162277 0.980908
0.562500 0.166805 0.163620 0.980908
0.565625 0.168169 0.164958 0.980908
0.568750 0.169528 0.166292 0.980907
0.571875 0.170882 0.167620 0.980907
0.575000 0.172231 0.168943 0.980907
0.578125 0.173574 0.170260 0.980907
0.581250 0.174912 0.171572 0.980906
0.584375 0.176244 0.172879 0.980906
0.587500 0.177570 0.174179 0.980906
0.590625 0.178890 0.175474 0.980905
0.593750 0.180203 0.176762 0.980905
0.596875 0.181511 0.178045 0.980905
0.600000 0.182812 0.179321 0.980905
0.603125 0.184107 0.180591 0.980904
0.606250 0.185395 0.181854 0.980904
0.609375 0.186676 0.183111 0.980904
0.612500 0.187950 0.184361 0.980903
0.615625 0.189218 0.185605 0.980903
0.618750 0.190478 0.186841 0.980903
0.621875 0.191732 0.188070 0.980903
0.625000 0.192978 0.189292 0.980902
0.628125 0.194216 0.190507 0.980902
0.631250 0.195447 0.191714 0.980902
0.634375 0.196671 0.192914 0.980902
0.637500 0.197886 0.194107 0.980901
0.640625 0.199094 0.195292 0.980901
0.643750 0.200294 0.196469 0.980901
0.646875 0.201486 0.197638 0.980901
0.650000 0.202670 0.198799 0.9809
0.653125 0.203845 0.199952 0.9809
0.656250 0.205013 0.201097 0.9809
0.659375 0.206172 0.202234 0.9809
0.662500 0.207322 0.203362 0.980899
0.665625 0.208464 0.204482 0.980899
0.668750 0.209597 0.205594 0.980899
0.671875 0.210722 0.206697 0.980899
0.675000 0.211837 0.207791 0.980899
0.678125 0.212944 0.208876 0.980898
0.681250 0.214042 0.209953 0.980898
0.684375 0.215130 0.211021 0.980898
0.687500 0.216210 0.212080 0.980898
0.690625 0.217280 0.213130 0.980898
0.693750 0.218341 0.214170 0.980897
0.696875 0.219393 0.215202 0.980897
0.700000 0.220435 0.216224 0.980897
0.703125 0.221468 0.217237 0.980897
0.706250 0.222491 0.218240 0.980897
0.709375 0.223504 0.219235 0.980896
0.712500 0.224508 0.220219 0.980896
0.715625 0.225502 0.221194 0.980896
0.718750 0.226486 0.222159 0.980896
0.721875 0.227460 0.223115 0.980896
0.725000 0.228424 0.224060 0.980896
0.728125 0.229379 0.224996 0.980895
0.731250 0.230323 0.225922 0.980895
0.734375 0.231257 0.226838 0.980895
0.737500 0.232180 0.227745 0.980895
0.740625 0.233094 0.228641 0.980895
0.743750 0.233997 0.229527 0.980895
0.746875 0.234890 0.230402 0.980894
0.750000 0.235773 0.231268 0.980894
0.753125 0.236645 0.232123 0.980894
0.756250 0.237506 0.232968 0.980894
0.759375 0.238357 0.233803 0.980894
0.762500 0.239198 0.234627 0.980894
0.765625 0.240027 0.235441 0.980893
0.768750 0.240847 0.236245 0.980893
0.771875 0.241655 0.237038 0.980893
0.775000 0.242453 0.237820 0.980893
0.778125 0.243240 0.238592 0.980893
0.781250 0.244016 0.239354 0.980893
0.784375 0.244781 0.240104 0.980893
0.787500 0.245536 0.240844 0.980892
0.790625 0.246279 0.241574 0.980892
0.793750 0.247012 0.242292 0.980892
0.796875 0.247734 0.243000 0.980892
0.800000 0.248444 0.243697 0.980892
0.803125 0.249144 0.244383 0.980892
0.806250 0.249833 0.245059 0.980892
0.809375 0.250510 0.245723 0.980892
0.812500 0.251177 0.246377 0.980891
0.815625 0.251832 0.247020 0.980891
0.818750 0.252476 0.247652 0.980891
0.821875 0.253109 0.248273 0.980891
0.825000 0.253731 0.248883 0.980891
0.828125 0.254342 0.249482 0.980891
0.831250 0.254942 0.250070 0.980891
0.834375 0.255530 0.250647 0.980891
0.837500 0.256107 0.251213 0.980891
0.840625 0.256673 0.251768 0.98089
0.843750 0.257227 0.252312 0.98089
0.846875 0.257771 0.252845 0.98089
0.850000 0.258303 0.253367 0.98089
0.853125 0.258824 0.253878 0.98089
0.856250 0.259333 0.254377 0.98089
0.859375 0.259831 0.254866 0.98089
0.862500 0.260318 0.255344 0.98089
0.865625 0.260794 0.255810 0.98089
0.868750 0.261258 0.256266 0.98089
0.871875 0.261711 0.256710 0.980889
0.875000 0.262153 0.257143 0.980889
0.878125 0.262584 0.257565 0.980889
0.881250 0.263003 0.257977 0.980889
0.884375 0.263411 0.258377 0.980889
0.887500 0.263807 0.258766 0.980889
0.890625 0.264192 0.259143 0.980889
0.893750 0.264566 0.259510 0.980889
0.896875 0.264929 0.259866 0.980889
0.900000 0.265281 0.260211 0.980889
0.903125 0.265621 0.260545 0.980889
0.906250 0.265950 0.260867 0.980889
0.909375 0.266268 0.261179 0.980888
0.912500 0.266574 0.261479 0.980888
0.915625 0.266869 0.261769 0.980888
0.918750 0.267153 0.262048 0.980888
0.921875 0.267426 0.262315 0.980888
0.925000 0.267688 0.262572 0.980888
0.928125 0.267939 0.262818 0.980888
0.931250 0.268178 0.263053 0.980888
0.934375 0.268406 0.263276 0.980888
0.937500 0.268623 0.263489 0.980888
0.940625 0.268830 0.263692 0.980888
0.943750 0.269025 0.263883 0.980888
0.946875 0.269209 0.264063 0.980888
0.950000 0.269382 0.264233 0.980888
0.953125 0.269543 0.264392 0.980887
0.956250 0.269694 0.264540 0.980887
0.959375 0.269834 0.264677 0.980887
0.962500 0.269964 0.264804 0.980887
0.965625 0.270082 0.264920 0.980887
0.968750 0.270189 0.265025 0.980887
0.971875 0.270285 0.265119 0.980887
0.975000 0.270371 0.265203 0.980887
0.978125 0.270446 0.265277 0.980887
0.981250 0.270510 0.265339 0.980887
0.984375 0.270563 0.265392 0.980887
0.987500 0.270606 0.265433 0.980887
0.990625 0.270637 0.265465 0.980887
0.993750 0.270659 0.265485 0.980887
0.996875 0.270669 0.265496 0.980887
1.000000 0.270669 0.265496 0.980887
1.003125 0.270659 0.265485 0.980887
1.006250 0.270638 0.265465 0.980887
1.009375 0.270606 0.265434 0.980887
1.012500 0.270564 0.265393 0.980886
1.015625 0.270512 0.265341 0.980886
1.018750 0.270449 0.265280 0.980886
1.021875 0.270376 0.265208 0.980886
1.025000 0.270292 0.265126 0.980886
1.028125 0.270198 0.265034 0.980886
1.031250 0.270094 0.264932 0.980886
1.034375 0.269980 0.264820 0.980886
1.037500 0.269856 0.264698 0.980886
1.040625 0.269721 0.264566 0.980886
1.043750 0.269577 0.264424 0.980886
1.046875 0.269422 0.264273 0.980886
1.050000 0.269258 0.264111 0.980886
1.053125 0.269083 0.263940 0.980886
1.056250 0.268899 0.263759 0.980886
1.059375 0.268705 0.263569 0.980886
1.062500 0.268501 0.263368 0.980886
1.065625 0.268287 0.263159 0.980886
1.068750 0.268063 0.262939 0.980886
1.071875 0.267830 0.262710 0.980886
1.075000 0.267587 0.262472 0.980886
1.078125 0.267334 0.262224 0.980886
1.081250 0.267072 0.261967 0.980886
1.084375 0.266801 0.261701 0.980886
1.087500 0.266520 0.261425 0.980885
1.090625 0.266229 0.261140 0.980885
1.093750 0.265929 0.260846 0.980885
1.096875 0.265620 0.260543 0.980885
1.100000 0.265302 0.260231 0.980885
1.103125 0.264974 0.259909 0.980885
1.106250 0.264637 0.259579 0.980885
1.109375 0.264291 0.259240 0.980885
1.112500 0.263936 0.258891 0.980885
1.115625 0.263572 0.258534 0.980885
1.118750 0.263199 0.258168 0.980885
1.121875 0.262817 0.257794 0.980885
1.125000 0.262427 0.257410 0.980885
1.128125 0.262027 0.257018 0.980885
1.131250 0.261619 0.256618 0.980885
1.134375 0.261202 0.256209 0.980885
1.137500 0.260776 0.255791 0.980885
1.140625 0.260341 0.255365 0.980885
1.143750 0.259898 0.254930 0.980885
1.146875 0.259447 0.254488 0.980885
1.150000 0.258987 0.254036 0.980885
1.153125 0.258519 0.253577 0.980885
1.156250 0.258042 0.253109 0.980885
1.159375 0.257557 0.252634 0.980885
1.162500 0.257064 0.252150 0.980885
1.165625 0.256562 0.251658 0.980885
1.168750 0.256053 0.251158 0.980885
1.171875 0.255535 0.250651 0.980885
1.175000 0.255010 0.250135 0.980885
1.178125 0.254476 0.249612 0.980885
1.181250 0.253934 0.249080 0.980885
1.184375 0.253385 0.248541 0.980885
1.187500 0.252828 0.247995 0.980885
1.190625 0.252263 0.247441 0.980885
1.193750 0.251690 0.246879 0.980885
1.196875 0.251110 0.246310 0.980884
1.200000 0.250522 0.245733 0.980884
1.203125 0.249927 0.245149 0.980884
1.206250 0.249324 0.244558 0.980884
1.209375 0.248714 0.243959 0.980884
1.212500 0.248096 0.243354 0.980884
1.215625 0.247471 0.242741 0.980884
1.218750 0.246839 0.242121 0.980884
1.221875 0.246200 0.241493 0.980884
1.225000 0.245553 0.240859 0.980884
1.228125 0.244900 0.240218 0.980884
1.231250 0.244239 0.239570 0.980884
1.234375 0.243572 0.238916 0.980884
1.237500 0.242897 0.238254 0.980884
1.240625 0.242216 0.237586 0.980884
1.243750 0.241528 0.236911 0.980884
1.246875 0.240833 0.236230 0.980884
1.250000 0.240132 0.235542 0.980884
1.253125 0.239424 0.234847 0.980884
1.256250 0.238709 0.234146 0.980884
1.259375 0.237988 0.233439 0.980884
1.262500 0.237261 0.232725 0.980884
1.265625 0.236527 0.232005 0.980884
1.268750 0.235787 0.231279 0.980884
1.271875 0.235040 0.230547 0.980884
1.275000 0.234288 0.229809 0.980884
1.278125 0.233529 0.229065 0.980884
1.281250 0.232764 0.228314 0.980884
1.284375 0.231993 0.227558 0.980884
1.287500 0.231216 0.226796 0.980884
1.290625 0.230433 0.226028 0.980884
1.293750 0.229645 0.225255 0.980884
1.296875 0.228850 0.224475 0.980884
1.300000 0.228050 0.223690 0.980884
1.303125 0.227244 0.222900 0.980884
1.306250 0.226432 0.222104 0.980884
1.309375 0.225615 0.221302 0.980884
1.312500 0.224793 0.220496 0.980884
1.315625 0.223965 0.219683 0.980884
1.318750 0.223131 0.218866 0.980884
1.321875 0.222293 0.218043 0.980884
1.325000 0.221449 0.217215 0.980884
1.328125 0.220599 0.216382 0.980884
1.331250 0.219745 0.215544 0.980884
1.334375 0.218885 0.214701 0.980884
1.337500 0.218021 0.213853 0.980883
1.340625 0.217151 0.213000 0.980883
1.343750 0.216277 0.212142 0.980883
1.346875 0.215397 0.211280 0.980883
1.350000 0.214513 0.210413 0.980883
1.353125 0.213624 0.209541 0.980883
1.356250 0.212731 0.208664 0.980883
1.359375 0.211832 0.207783 0.980883
1.362500 0.210930 0.206897 0.980883
1.365625 0.210022 0.206007 0.980883
1.368750 0.209110 0.205113 0.980883
1.371875 0.208194 0.204214 0.980883
1.375000 0.207273 0.203311 0.980883
1.378125 0.206349 0.202404 0.980883
1.381250 0.205419 0.201492 0.980883
1.384375 0.204486 0.200577 0.980883
1.387500 0.203548 0.199657 0.980883
1.390625 0.202607 0.198734 0.980883
1.393750 0.201661 0.197806 0.980883
1.396875 0.200712 0.196875 0.980883
1.400000 0.199758 0.195939 0.980883
1.403125 0.198801 0.195000 0.980883
1.406250 0.197840 0.194058 0.980883
1.409375 0.196875 0.193111 0.980883
1.412500 0.195906 0.192161 0.980883
1.415625 0.194934 0.191207 0.980883
1.418750 0.193958 0.190250 0.980883
1.421875 0.192979 0.189290 0.980883
1.425000 0.191996 0.188326 0.980883
1.428125 0.191010 0.187358 0.980883
1.431250 0.190020 0.186387 0.980883
1.434375 0.189027 0.185414 0.980883
1.437500 0.188031 0.184436 0.980883
1.440625 0.187032 0.183456 0.980883
1.443750 0.186029 0.182473 0.980883
1.446875 0.185024 0.181486 0.980883
1.450000 0.184015 0.180497 0.980883
1.453125 0.183003 0.179505 0.980883
1.456250 0.181989 0.178510 0.980883
1.459375 0.180971 0.177512 0.980883
1.462500 0.179951 0.176511 0.980883
1.465625 0.178928 0.175507 0.980883
1.468750 0.177902 0.174501 0.980883
1.471875 0.176874 0.173492 0.980883
1.475000 0.175843 0.172481 0.980883
1.478125 0.174809 0.171467 0.980882
1.481250 0.173773 0.170451 0.980882
1.484375 0.172734 0.169432 0.980882
1.487500 0.171693 0.168411 0.980882
1.490625 0.170650 0.167387 0.980882
1.493750 0.169604 0.166362 0.980882
1.496875 0.168556 0.165334 0.980882
1.500000 0.167506 0.164304 0.980882
1.503125 0.166454 0.163271 0.980882
1.506250 0.165399 0.162237 0.980882
1.509375 0.164343 0.161201 0.980882
1.512500 0.163284 0.160162 0.980882
1.515625 0.162224 0.159122 0.980882
1.518750 0.161161 0.158080 0.980882
1.521875 0.160097 0.157036 0.980882
1.525000 0.159031 0.155990 0.980882
1.528125 0.157963 0.154943 0.980882
1.531250 0.156893 0.153894 0.980882
1.534375 0.155822 0.152843 0.980882
1.537500 0.154749 0.151791 0.980882
1.540625 0.153675 0.150737 0.980882
1.543750 0.152599 0.149681 0.980882
1.546875 0.151521 0.148624 0.980882
1.550000 0.150442 0.147566 0.980882
1.553125 0.149362 0.146506 0.980882
1.556250 0.148280 0.145445 0.980882
1.559375 0.147197 0.144383 0.980882
1.562500 0.146113 0.143320 0.980882
1.565625 0.145028 0.142255 0.980882
1.568750 0.143941 0.141189 0.980882
1.571875 0.142853 0.140122 0.980882
1.575000 0.141765 0.139054 0.980882
1.578125 0.140675 0.137985 0.980882
1.581250 0.139584 0.136916 0.980882
1.584375 0.138493 0.135845 0.980882
1.587500 0.137400 0.134773 0.980882
1.590625 0.136307 0.133701 0.980882
1.593750 0.135212 0.132627 0.980882
1.596875 0.134117 0.131553 0.980881
1.600000 0.133022 0.130478 0.980881
1.603125 0.131925 0.129403 0.980881
1.606250 0.130828 0.128327 0.980881
1.609375 0.129731 0.127250 0.980881
1.612500 0.128633 0.126173 0.980881
1.615625 0.127534 0.125096 0.980881
1.618750 0.126435 0.124018 0.980881
1.621875 0.125335 0.122939 0.980881
1.625000 0.124236 0.121860 0.980881
1.628125 0.123135 0.120781 0.980881
1.631250 0.122035 0.119702 0.980881
1.634375 0.120934 0.118622 0.980881
1.637500 0.119833 0.117542 0.980881
1.640625 0.118732 0.116462 0.980881
1.643750 0.117631 0.115382 0.980881
1.646875 0.116529 0.114301 0.980881
1.650000 0.115428 0.113221 0.980881
1.653125 0.114327 0.112141 0.980881
1.656250 0.113225 0.111060 0.980881
1.659375 0.112124 0.109980 0.980881
1.662500 0.111023 0.108900 0.980881
1.665625 0.109921 0.107820 0.980881
1.668750 0.108820 0.106740 0.980881
1.671875 0.107720 0.105660 0.980881
1.675000 0.106619 0.104581 0.980881
1.678125 0.105519 0.103502 0.980881
1.681250 0.104419 0.102423 0.980881
1.684375 0.103320 0.101344 0.980881
1.687500 0.102221 0.100266 0.980881
1.690625 0.101122 0.099189 0.98088
1.693750 0.100024 0.098112 0.98088
1.696875 0.098926 0.097035 0.98088
1.700000 0.097829 0.095959 0.98088
1.703125 0.096733 0.094883 0.98088
1.706250 0.095637 0.093808 0.98088
1.709375 0.094542 0.092734 0.98088
1.712500 0.093447 0.091660 0.98088
1.715625 0.092353 0.090587 0.98088
1.718750 0.091260 0.089515 0.98088
1.721875 0.090168 0.088444 0.98088
1.725000 0.089076 0.087373 0.98088
1.728125 0.087986 0.086303 0.98088
1.731250 0.086896 0.085234 0.98088
1.734375 0.085807 0.084166 0.98088
1.737500 0.084719 0.083099 0.98088
1.740625 0.083632 0.082033 0.98088
1.743750 0.082546 0.080968 0.98088
1.746875 0.081462 0.079904 0.98088
1.750000 0.080378 0.078841 0.980879
1.753125 0.079295 0.077779 0.980879
1.756250 0.078214 0.076718 0.980879
1.759375 0.077133 0.075659 0.980879
1.762500 0.076054 0.074600 0.980879
1.765625 0.074976 0.073543 0.980879
1.768750 0.073900 0.072487 0.980879
1.771875 0.072824 0.071432 0.980879
1.775000 0.071751 0.070379 0.980879
1.778125 0.070678 0.069326 0.980879
1.781250 0.069607 0.068276 0.980879
1.784375 0.068537 0.067226 0.980878
1.787500 0.067468 0.066178 0.980878
1.790625 0.066401 0.065132 0.980878
1.793750 0.065336 0.064087 0.980878
1.796875 0.064272 0.063043 0.980878
1.800000 0.063210 0.062001 0.980878
1.803125 0.062149 0.060961 0.980878
1.806250 0.061090 0.059922 0.980878
1.809375 0.060032 0.058884 0.980877
1.812500 0.058977 0.057849 0.980877
1.815625 0.057922 0.056815 0.980877
1.818750 0.056870 0.055782 0.980877
1.821875 0.055819 0.054752 0.980877
1.825000 0.054770 0.053723 0.980877
1.828125 0.053723 0.052696 0.980876
1.831250 0.052678 0.051670 0.980876
1.834375 0.051634 0.050647 0.980876
1.837500 0.050593 0.049625 0.980876
1.840625 0.049553 0.048605 0.980875
1.843750 0.048515 0.047587 0.980875
1.846875 0.047479 0.046571 0.980875
1.850000 0.046445 0.045557 0.980875
1.853125 0.045413 0.044545 0.980874
1.856250 0.044384 0.043535 0.980874
1.859375 0.043356 0.042526 0.980874
1.862500 0.042330 0.041520 0.980873
1.865625 0.041306 0.040516 0.980873
1.868750 0.040284 0.039514 0.980872
1.871875 0.039265 0.038514 0.980872
1.875000 0.038248 0.037516 0.980871
1.878125 0.037232 0.036520 0.980871
1.881250 0.036219 0.035527 0.98087
1.884375 0.035209 0.034535 0.98087
1.887500 0.034200 0.033546 0.980869
1.890625 0.033194 0.032559 0.980868
1.893750 0.032190 0.031574 0.980867
1.896875 0.031188 0.030591 0.980867
1.900000 0.030189 0.029611 0.980866
1.903125 0.029192 0.028633 0.980865
1.906250 0.028197 0.027657 0.980864
1.909375 0.027205 0.026684 0.980863
1.912500 0.026215 0.025713 0.980861
1.915625 0.025227 0.024745 0.98086
1.918750 0.024242 0.023778 0.980859
1.921875 0.023260 0.022814 0.980857
1.925000 0.022280 0.021853 0.980855
1.928125 0.021302 0.020894 0.980853
1.931250 0.020327 0.019938 0.980851
1.934375 0.019354 0.018983 0.980849
1.937500 0.018384 0.018032 0.980846
1.940625 0.017417 0.017083 0.980843
1.943750 0.016452 0.016136 0.98084
1.946875 0.015489 0.015192 0.980836
1.950000 0.014530 0.014251 0.980831
1.953125 0.013573 0.013312 0.980826
1.956250 0.012618 0.012376 0.980821
1.959375 0.011666 0.011442 0.980814
1.962500 0.010717 0.010511 0.980806
1.965625 0.009771 0.009583 0.980796
1.968750 0.008827 0.008657 0.980784
1.971875 0.007886 0.007734 0.980769
1.975000 0.006948 0.006814 0.980751
1.978125 0.006012 0.005897 0.980726
1.981250 0.005080 0.004982 0.980692
1.984375 0.004150 0.004069 0.980643
1.987500 0.003223 0.003160 0.980566
1.990625 0.002298 0.002253 0.980426
1.993750 0.001377 0.001349 0.980098
1.996875 0.000458 0.000448 0.97861
2.000000 -0.000458 -0.000449 0.982131
2.003125 -0.001370 -0.001343 0.980484
2.006250 -0.002279 -0.002233 0.979873
2.009375 -0.003183 -0.003117 0.979413
2.012500 -0.004081 -0.003995 0.979008
2.015625 -0.004974 -0.004867 0.978629
2.018750 -0.005860 -0.005732 0.978267
2.021875 -0.006738 -0.006590 0.977917
2.025000 -0.007609 -0.007439 0.977575
2.028125 -0.008472 -0.008279 0.977241
2.031250 -0.009325 -0.009110 0.976912
2.034375 -0.010169 -0.009931 0.976588
2.037500 -0.011003 -0.010742 0.976268
2.040625 -0.011827 -0.011542 0.975952
2.043750 -0.012639 -0.012331 0.975639
2.046875 -0.013440 -0.013109 0.975329
2.050000 -0.014230 -0.013874 0.975021
2.053125 -0.015006 -0.014627 0.974716
2.056250 -0.015770 -0.015367 0.974412
2.059375 -0.016521 -0.016094 0.97411
2.062500 -0.017259 -0.016807 0.973809
2.065625 -0.017982 -0.017506 0.973509
2.068750 -0.018692 -0.018191 0.97321
2.071875 -0.019386 -0.018861 0.972912
2.075000 -0.020066 -0.019517 0.972614
2.078125 -0.020731 -0.020157 0.972316
2.081250 -0.021380 -0.020782 0.972018
2.084375 -0.022014 -0.021391 0.97172
2.087500 -0.022632 -0.021985 0.971422
2.090625 -0.023233 -0.022562 0.971123
2.093750 -0.023818 -0.023123 0.970824
2.096875 -0.024386 -0.023667 0.970523
2.100000 -0.024937 -0.024195 0.970222
2.103125 -0.025471 -0.024705 0.96992
2.106250 -0.025988 -0.025199 0.969617
2.109375 -0.026488 -0.025675 0.969312
2.112500 -0.026969 -0.026133 0.969006
2.115625 -0.027433 -0.026575 0.968699
2.118750 -0.027879 -0.026998 0.968389
2.121875 -0.028307 -0.027404 0.968077
2.125000 -0.028717 -0.027792 0.967764
2.128125 -0.029109 -0.028161 0.967447
2.131250 -0.029482 -0.028513 0.967129
2.134375 -0.029837 -0.028847 0.966807
2.137500 -0.030174 -0.029162 0.966482
2.140625 -0.030491 -0.029459 0.966153
2.143750 -0.030790 -0.029738 0.965821
2.146875 -0.031071 -0.029998 0.965486
2.150000 -0.031332 -0.030240 0.965145
2.153125 -0.031575 -0.030464 0.964801
2.156250 -0.031799 -0.030669 0.964452
2.159375 -0.032004 -0.030855 0.964097
2.162500 -0.032191 -0.031024 0.963737
2.165625 -0.032358 -0.031173 0.963372
2.168750 -0.032507 -0.031304 0.963001
2.171875 -0.032637 -0.031417 0.962623
2.175000 -0.032748 -0.031512 0.962238
2.178125 -0.032841 -0.031588 0.961846
2.181250 -0.032914 -0.031645 0.961447
2.184375 -0.032969 -0.031685 0.96104
2.187500 -0.033005 -0.031706 0.960624
2.190625 -0.033023 -0.031709 0.960199
2.193750 -0.033022 -0.031694 0.959765
2.196875 -0.033003 -0.031660 0.959321
2.200000 -0.032965 -0.031609 0.958867
2.203125 -0.032909 -0.031540 0.958401
2.206250 -0.032835 -0.031453 0.957924
2.209375 -0.032743 -0.031349 0.957434
2.212500 -0.032632 -0.031227 0.956931
2.215625 -0.032504 -0.031087 0.956414
2.218750 -0.032358 -0.030930 0.955883
2.221875 -0.032194 -0.030756 0.955336
2.225000 -0.032012 -0.030564 0.954772
2.228125 -0.031813 -0.030355 0.954191
2.231250 -0.031596 -0.030130 0.953591
2.234375 -0.031362 -0.029887 0.952972
2.237500 -0.031111 -0.029628 0.952331
2.240625 -0.030843 -0.029353 0.951669
2.243750 -0.030558 -0.029060 0.950982
2.246875 -0.030257 -0.028752 0.95027
2.250000 -0.029938 -0.028427 0.949531
2.253125 -0.029604 -0.028087 0.948763
2.256250 -0.029253 -0.027730 0.947965
2.259375 -0.028885 -0.027358 0.947133
2.262500 -0.028502 -0.026971 0.946265
2.265625 -0.028103 -0.026568 0.945359
2.268750 -0.027689 -0.026149 0.944412
2.271875 -0.027258 -0.025716 0.943421
2.275000 -0.026813 -0.025268 0.942382
2.278125 -0.026352 -0.024805 0.941291
2.281250 -0.025876 -0.024328 0.940144
2.284375 -0.025386 -0.023836 0.938936
2.287500 -0.024881 -0.023330 0.937662
2.290625 -0.024361 -0.022809 0.936315
2.293750 -0.023827 -0.022276 0.934889
2.296875 -0.023279 -0.021728 0.933377
2.300000 -0.022717 -0.021167 0.931769
2.303125 -0.022141 -0.020592 0.930056
2.306250 -0.021552 -0.020005 0.928226
2.309375 -0.020949 -0.019404 0.926267
2.312500 -0.020333 -0.018791 0.924164
2.315625 -0.019704 -0.018165 0.921901
2.318750 -0.019062 -0.017527 0.919456
2.321875 -0.018408 -0.016877 0.916807
2.325000 -0.017741 -0.016214 0.913926
2.328125 -0.017062 -0.015540 0.910781
2.331250 -0.016372 -0.014854 0.907332
2.334375 -0.015669 -0.014157 0.903533
2.337500 -0.014954 -0.013449 0.899327
2.340625 -0.014229 -0.012730 0.894642
2.343750 -0.013492 -0.011999 0.889392
2.346875 -0.012744 -0.011259 0.883466
2.350000 -0.011985 -0.010507 0.876722
2.353125 -0.011215 -0.009746 0.868978
2.356250 -0.010436 -0.008974 0.859991
2.359375 -0.009645 -0.008193 0.849433
2.362500 -0.008845 -0.007402 0.83685
2.365625 -0.008036 -0.006602 0.821594
2.368750 -0.007216 -0.005792 0.802708
2.371875 -0.006387 -0.004974 0.778716
2.375000 -0.005549 -0.004146 0.747217
2.378125 -0.004702 -0.003310 0.704026
2.381250 -0.003846 -0.002466 0.641131
2.384375 -0.002982 -0.001613 0.541046
2.387500 -0.002109 -0.000753 0.356883
2.390625 -0.001228 0.000116 -0.0941628
2.393750 -0.000340 0.000992 -2.92033
2.396875 0.000557 0.001875 3.3667
2.400000 0.001461 0.002766 1.893
2.403125 0.002373 0.003664 1.54413
2.406250 0.003291 0.004568 1.38797
2.409375 0.004217 0.005479 1.29939
2.412500 0.005149 0.006397 1.24232
2.415625 0.006088 0.007321 1.20248
2.418750 0.007033 0.008251 1.17309
2.421875 0.007985 0.009187 1.1505
2.425000 0.008942 0.010128 1.13261
2.428125 0.009905 0.011075 1.11807
2.431250 0.010874 0.012027 1.10603
2.434375 0.011848 0.012984 1.0959
2.437500 0.012827 0.013946 1.08724
2.440625 0.013811 0.014913 1.07977
2.443750 0.014800 0.015884 1.07325
2.446875 0.015793 0.016859 1.0675
2.450000 0.016791 0.017839 1.06241
2.453125 0.017793 0.018822 1.05786
2.456250 0.018799 0.019810 1.05377
2.459375 0.019809 0.020800 1.05007
2.462500 0.020822 0.021794 1.04671
2.465625 0.021839 0.022792 1.04365
2.468750 0.022859 0.023792 1.04084
2.471875 0.023882 0.024795 1.03826
2.475000 0.024908 0.025801 1.03587
2.478125 0.025936 0.026809 1.03367
2.481250 0.026967 0.027820 1.03162
2.484375 0.028000 0.028832 1.02971
2.487500 0.029036 0.029847 1.02793
2.490625 0.030073 0.030863 1.02626
2.493750 0.031113 0.031881 1.0247
2.496875 0.032153 0.032900 1.02323
2.500000 0.033196 0.033921 1.02184
2.503125 0.034239 0.034942 1.02054
2.506250 0.035284 0.035965 1.0193
2.509375 0.036329 0.036988 1.01813
2.512500 0.037375 0.038012 1.01703
2.515625 0.038422 0.039036 1.01597
2.518750 0.039469 0.040060 1.01497
2.521875 0.040516 0.041084 1.01402
2.525000 0.041564 0.042109 1.01311
2.528125 0.042611 0.043133 1.01224
2.531250 0.043658 0.044156 1.01141
2.534375 0.044705 0.045179 1.01062
2.537500 0.045751 0.046202 1.00986
2.540625 0.046796 0.047223 1.00913
2.543750 0.047840 0.048244 1.00844
2.546875 0.048883 0.049263 1.00776
2.550000 0.049925 0.050281 1.00712
2.553125 0.050966 0.051297 1.0065
2.556250 0.052005 0.052312 1.0059
2.559375 0.053043 0.053325 1.00532
2.562500 0.054078 0.054336 1.00477
2.565625 0.055112 0.055345 1.00423
2.568750 0.056143 0.056352 1.00371
2.571875 0.057173 0.057357 1.00321
2.575000 0.058200 0.058359 1.00273
2.578125 0.059224 0.059358 1.00226
2.581250 0.060246 0.060355 1.00181
2.584375 0.061265 0.061348 1.00137
2.587500 0.062281 0.062339 1.00094
2.590625 0.063294 0.063327 1.00053
2.593750 0.064303 0.064311 1.00013
2.596875 0.065309 0.065292 0.999736
2.600000 0.066312 0.066270 0.999357
2.603125 0.067311 0.067243 0.998989
2.606250 0.068307 0.068213 0.998631
2.609375 0.069299 0.069180 0.998282
2.612500 0.070286 0.070142 0.997943
2.615625 0.071270 0.071100 0.997613
2.618750 0.072249 0.072053 0.997291
2.621875 0.073224 0.073003 0.996978
2.625000 0.074195 0.073948 0.996672
2.628125 0.075160 0.074888 0.996374
2.631250 0.076122 0.075824 0.996083
2.634375 0.077078 0.076754 0.995799
2.637500 0.078030 0.077680 0.995521
2.640625 0.078976 0.078601 0.99525
2.643750 0.079918 0.079517 0.994985
2.646875 0.080854 0.080427 0.994726
2.650000 0.081784 0.081332 0.994473
2.653125 0.082710 0.082232 0.994225
2.656250 0.083630 0.083126 0.993983
2.659375 0.084544 0.084015 0.993746
2.662500 0.085452 0.084898 0.993513
2.665625 0.086355 0.085775 0.993286
2.668750 0.087251 0.086646 0.993063
2.671875 0.088142 0.087511 0.992845
2.675000 0.089026 0.088370 0.99263
2.678125 0.089905 0.089223 0.99242
2.681250 0.090776 0.090070 0.992214
2.684375 0.091642 0.090910 0.992012
2.687500 0.092501 0.091744 0.991814
2.690625 0.093353 0.092571 0.991619
2.693750 0.094199 0.093392 0.991428
2.696875 0.095038 0.094206 0.991241
2.700000 0.095871 0.095013 0.991056
2.703125 0.096696 0.095814 0.990875
2.706250 0.097514 0.096607 0.990697
2.709375 0.098326 0.097394 0.990522
2.712500 0.099130 0.098173 0.99035
2.715625 0.099927 0.098946 0.990181
2.718750 0.100717 0.099711 0.990014
2.721875 0.101499 0.100469 0.98985
2.725000 0.102274 0.101220 0.989689
2.728125 0.103042 0.101963 0.989531
2.731250 0.103802 0.102699 0.989374
2.734375 0.104554 0.103427 0.989221
2.737500 0.105299 0.104148 0.989069
2.740625 0.106036 0.104861 0.98892
2.743750 0.106765 0.105567 0.988773
2.746875 0.107487 0.106264 0.988628
2.750000 0.108200 0.106954 0.988485
2.753125 0.108906 0.107636 0.988345
2.756250 0.109603 0.108311 0.988206
2.759375 0.110293 0.108977 0.988069
2.762500 0.110974 0.109635 0.987934
2.765625 0.111647 0.110285 0.987801
2.768750 0.112312 0.110927 0.987669
2.771875 0.112969 0.111561 0.98754
2.775000 0.113617 0.112187 0.987412
2.778125 0.114257 0.112804 0.987285
2.781250 0.114888 0.113413 0.98716
2.784375 0.115511 0.114014 0.987037
2.787500 0.116126 0.114607 0.986915
2.790625 0.116732 0.115191 0.986795
2.793750 0.117330 0.115766 0.986676
2.796875 0.117918 0.116334 0.986559
2.800000 0.118499 0.116892 0.986443
2.803125 0.119070 0.117442 0.986328
2.806250 0.119633 0.117984 0.986215
2.809375 0.120187 0.118517 0.986103
2.812500 0.120732 0.119041 0.985992
2.815625 0.121269 0.119557 0.985882
2.818750 0.121796 0.120064 0.985774
2.821875 0.122315 0.120562 0.985666
2.825000 0.122825 0.121051 0.98556
2.828125 0.123326 0.121532 0.985455
2.831250 0.123818 0.122004 0.985351
2.834375 0.124301 0.122467 0.985248
2.837500 0.124775 0.122921 0.985146
2.840625 0.125240 0.123367 0.985045
2.843750 0.125696 0.123803 0.984945
2.846875 0.126143 0.124231 0.984846
2.850000 0.126580 0.124650 0.984748
2.853125 0.127009 0.125060 0.98465
2.856250 0.127429 0.125461 0.984554
2.859375 0.127839 0.125852 0.984458
2.862500 0.128241 0.126235 0.984364
2.865625 0.128633 0.126609 0.98427
2.868750 0.129016 0.126974 0.984177
2.871875 0.129390 0.127330 0.984085
2.875000 0.129754 0.127677 0.983993
2.878125 0.130110 0.128015 0.983902
2.881250 0.130456 0.128344 0.983812
2.884375 0.130793 0.128664 0.983723
2.887500 0.131121 0.128975 0.983634
2.890625 0.131440 0.129277 0.983546
2.893750 0.131749 0.129570 0.983459
2.896875 0.132049 0.129854 0.983372
2.900000 0.132340 0.130129 0.983286
2.903125 0.132622 0.130394 0.983201
2.906250 0.132895 0.130651 0.983116
2.909375 0.133158 0.130899 0.983032
2.912500 0.133412 0.131137 0.982948
2.915625 0.133657 0.131367 0.982865
2.918750 0.133893 0.131587 0.982782
2.921875 0.134119 0.131799 0.9827
2.925000 0.134336 0.132001 0.982619
2.928125 0.134544 0.132195 0.982538
2.931250 0.134743 0.132380 0.982457
2.934375 0.134933 0.132555 0.982377
2.937500 0.135114 0.132722 0.982297
2.940625 0.135285 0.132879 0.982218
2.943750 0.135447 0.133028 0.982139
2.946875 0.135600 0.133167 0.982061
2.950000 0.135744 0.133298 0.981983
2.953125 0.135879 0.133420 0.981905
2.956250 0.136004 0.133533 0.981828
2.959375 0.136121 0.133637 0.981751
2.962500 0.136228 0.133732 0.981675
2.965625 0.136327 0.133818 0.981599
2.968750 0.136416 0.133896 0.981523
2.971875 0.136497 0.133964 0.981447
2.975000 0.136568 0.134024 0.981372
2.978125 0.136630 0.134075 0.981297
2.981250 0.136684 0.134117 0.981223
2.984375 0.136728 0.134151 0.981149
2.987500 0.136764 0.134175 0.981075
2.990625 0.136790 0.134191 0.981001
2.993750 0.136808 0.134199 0.980928
2.996875 0.136817 0.134197 0.980854
3.000000 0.136817 0.134187 0.980782
3.003125 0.136808 0.134169 0.980709
3.006250 0.136790 0.134142 0.980636
3.009375 0.136764 0.134106 0.980564
3.012500 0.136729 0.134062 0.980492
3.015625 0.136685 0.134009 0.98042
3.018750 0.136633 0.133947 0.980348
3.021875 0.136571 0.133878 0.980277
3.025000 0.136502 0.133800 0.980205
3.028125 0.136423 0.133713 0.980134
3.031250 0.136336 0.133618 0.980063
3.034375 0.136241 0.133515 0.979992
3.037500 0.136137 0.133403 0.979921
3.040625 0.136024 0.133283 0.97985
3.043750 0.135903 0.133155 0.979779
3.046875 0.135774 0.133019 0.979709
3.050000 0.135636 0.132874 0.979638
3.053125 0.135490 0.132721 0.979568
3.056250 0.135335 0.132560 0.979498
3.059375 0.135172 0.132391 0.979427
3.062500 0.135001 0.132214 0.979357
3.065625 0.134822 0.132029 0.979287
3.068750 0.134635 0.131836 0.979217
3.071875 0.134439 0.131636 0.979146
3.075000 0.134235 0.131427 0.979076
3.078125 0.134024 0.131210 0.979006
3.081250 0.133804 0.130985 0.978936
3.084375 0.133576 0.130753 0.978866
3.087500 0.133340 0.130513 0.978795
3.090625 0.133097 0.130265 0.978725
3.093750 0.132845 0.130009 0.978655
3.096875 0.132586 0.129746 0.978585
3.100000 0.132318 0.129475 0.978514
3.103125 0.132043 0.129197 0.978444
3.106250 0.131761 0.128911 0.978373
3.109375 0.131470 0.128618 0.978302
3.112500 0.131172 0.128317 0.978231
3.115625 0.130867 0.128008 0.978161
3.118750 0.130553 0.127693 0.97809
3.121875 0.130233 0.127370 0.978018
3.125000 0.129904 0.127040 0.977947
3.128125 0.129569 0.126702 0.977876
3.131250 0.129226 0.126357 0.977804
3.134375 0.128875 0.126006 0.977732
3.137500 0.128518 0.125647 0.97766
3.140625 0.128153 0.125280 0.977588
3.143750 0.127780 0.124907 0.977515
3.146875 0.127401 0.124527 0.977443
3.150000 0.127015 0.124140 0.97737
3.153125 0.126621 0.123746 0.977297
3.156250 0.126220 0.123346 0.977223
3.159375 0.125813 0.122938 0.97715
3.162500 0.125398 0.122524 0.977076
3.165625 0.124977 0.122103 0.977002
3.168750 0.124549 0.121675 0.976927
3.171875 0.124114 0.121241 0.976852
3.175000 0.123672 0.120800 0.976777
3.178125 0.123223 0.120352 0.976702
3.181250 0.122768 0.119898 0.976626
3.184375 0.122306 0.119438 0.97655
3.187500 0.121837 0.118971 0.976473
3.190625 0.121363 0.118498 0.976396
3.193750 0.120881 0.118018 0.976318
3.196875 0.120393 0.117533 0.976241
3.200000 0.119899 0.117041 0.976162
3.203125 0.119398 0.116543 0.976084
3.206250 0.118891 0.116039 0.976004
3.209375 0.118378 0.115528 0.975925
3.212500 0.117859 0.115012 0.975844
3.215625 0.117333 0.114490 0.975764
3.218750 0.116802 0.113962 0.975682
3.221875 0.116264 0.113428 0.975601
3.225000 0.115721 0.112888 0.975518
3.228125 0.115171 0.112342 0.975435
3.231250 0.114616 0.111791 0.975352
3.234375 0.114054 0.111234 0.975268
3.237500 0.113487 0.110671 0.975183
3.240625 0.112915 0.110103 0.975097
3.243750 0.112336 0.109529 0.975011
3.246875 0.111752 0.108950 0.974924
3.250000 0.111162 0.108365 0.974837
3.253125 0.110567 0.107775 0.974748
3.256250 0.109966 0.107179 0.974659
3.259375 0.109360 0.106579 0.974569
3.262500 0.108748 0.105973 0.974478
3.265625 0.108131 0.105362 0.974387
3.268750 0.107509 0.104745 0.974294
3.271875 0.106881 0.104124 0.974201
3.275000 0.106249 0.103498 0.974107
3.278125 0.105611 0.102866 0.974012
3.281250 0.104968 0.102230 0.973915
3.284375 0.104320 0.101589 0.973818
3.287500 0.103667 0.100943 0.97372
3.290625 0.103009 0.100292 0.973621
3.293750 0.102346 0.099636 0.973521
3.296875 0.101679 0.098976 0.973419
3.300000 0.101006 0.098311 0.973316
3.303125 0.100329 0.097642 0.973213
3.306250 0.099647 0.096967 0.973108
3.309375 0.098961 0.096289 0.973001
3.312500 0.098270 0.095606 0.972894
3.315625 0.097574 0.094919 0.972785
3.318750 0.096874 0.094227 0.972674
3.321875 0.096169 0.093531 0.972563
3.325000 0.095461 0.092831 0.972449
3.328125 0.094747 0.092126 0.972335
3.331250 0.094030 0.091417 0.972218
3.334375 0.093308 0.090705 0.972101
3.337500 0.092582 0.089988 0.971981
3.340625 0.091852 0.089267 0.97186
3.343750 0.091118 0.088543 0.971737
3.346875 0.090380 0.087814 0.971612
3.350000 0.089638 0.087082 0.971485
3.353125 0.088892 0.086345 0.971357
3.356250 0.088142 0.085605 0.971226
3.359375 0.087388 0.084862 0.971094
3.362500 0.086630 0.084114 0.970959
3.365625 0.085869 0.083364 0.970822
3.368750 0.085104 0.082609 0.970683
3.371875 0.084335 0.081851 0.970541
3.375000 0.083563 0.081090 0.970397
3.378125 0.082788 0.080325 0.970251
3.381250 0.082008 0.079557 0.970102
3.384375 0.081226 0.078785 0.96995
3.387500 0.080440 0.078010 0.969796
3.390625 0.079651 0.077232 0.969638
3.393750 0.078858 0.076451 0.969478
3.396875 0.078062 0.075667 0.969315
3.400000 0.077263 0.074879 0.969148
3.403125 0.076461 0.074089 0.968978
3.406250 0.075656 0.073296 0.968805
3.409375 0.074848 0.072500 0.968629
3.412500 0.074036 0.071700 0.968448
3.415625 0.073222 0.070898 0.968264
3.418750 0.072405 0.070094 0.968076
3.421875 0.071585 0.069286 0.967884
3.425000 0.070763 0.068476 0.967687
3.428125 0.069937 0.067663 0.967486
3.431250 0.069109 0.066848 0.967281
3.434375 0.068278 0.066030 0.967071
3.437500 0.067445 0.065209 0.966856
3.440625 0.066609 0.064386 0.966635
3.443750 0.065770 0.063561 0.96641
3.446875 0.064929 0.062733 0.966178
3.450000 0.064086 0.061903 0.965941
3.453125 0.063240 0.061071 0.965698
3.456250 0.062392 0.060237 0.965448
3.459375 0.061542 0.059400 0.965192
3.462500 0.060690 0.058561 0.964929
3.465625 0.059835 0.057720 0.964658
3.468750 0.058978 0.056877 0.96438
3.471875 0.058119 0.056032 0.964094
3.475000 0.057258 0.055185 0.963799
3.478125 0.056395 0.054337 0.963496
3.481250 0.055530 0.053486 0.963184
3.484375 0.054664 0.052633 0.962862
3.487500 0.053795 0.051779 0.96253
3.490625 0.052924 0.050923 0.962187
3.493750 0.052052 0.050065 0.961833
3.496875 0.051178 0.049206 0.961467
3.500000 0.050303 0.048345 0.961089
3.503125 0.049425 0.047483 0.960698
3.506250 0.048546 0.046619 0.960293
3.509375 0.047666 0.045753 0.959873
3.512500 0.046784 0.044886 0.959438
3.515625 0.045901 0.044018 0.958986
3.518750 0.045016 0.043148 0.958517
3.521875 0.044130 0.042277 0.95803
3.525000 0.043242 0.041405 0.957523
3.528125 0.042353 0.040532 0.956995
3.531250 0.041463 0.039657 0.956445
3.534375 0.040572 0.038782 0.95587
3.537500 0.039680 0.037905 0.955271
3.540625 0.038786 0.037027 0.954644
3.543750 0.037891 0.036148 0.953989
3.546875 0.036996 0.035268 0.953301
3.550000 0.036099 0.034387 0.952581
3.553125 0.035202 0.033506 0.951824
3.556250 0.034303 0.032623 0.951028
3.559375 0.033404 0.031740 0.950189
3.562500 0.032504 0.030856 0.949305
3.565625 0.031603 0.029971 0.948371
3.568750 0.030701 0.029085 0.947382
3.571875 0.029798 0.028199 0.946335
3.575000 0.028895 0.027313 0.945222
3.578125 0.027992 0.026425 0.944039
3.581250 0.027087 0.025537 0.942777
3.584375 0.026182 0.024649 0.941429
3.587500 0.025277 0.023760 0.939985
3.590625 0.024371 0.022871 0.938435
3.593750 0.023465 0.021981 0.936766
3.596875 0.022558 0.021091 0.934964
3.600000 0.021651 0.020201 0.933013
3.603125 0.020744 0.019310 0.930892
3.606250 0.019836 0.018420 0.928578
3.609375 0.018929 0.017529 0.926043
3.612500 0.018021 0.016638 0.923255
3.615625 0.017112 0.015746 0.920173
3.618750 0.016204 0.014855 0.916747
3.621875 0.015296 0.013964 0.912916
3.625000 0.014387 0.013072 0.908604
3.628125 0.013479 0.012181 0.903713
3.631250 0.012570 0.011289 0.898119
3.634375 0.011662 0.010398 0.891656
3.637500 0.010753 0.009507 0.884106
3.640625 0.009845 0.008616 0.875168
3.643750 0.008937 0.007725 0.86442
3.646875 0.008029 0.006835 0.851248
3.650000 0.007121 0.005945 0.834728
3.653125 0.006214 0.005055 0.813394
3.656250 0.005307 0.004165 0.784783
3.659375 0.004400 0.003276 0.744402
3.662500 0.003494 0.002387 0.6831
3.665625 0.002588 0.001498 0.578929
3.668750 0.001682 0.000610 0.362715
3.671875 0.000777 -0.000277 -0.356712
3.675000 -0.000127 -0.001164 9.14861
3.678125 -0.001031 -0.002051 1.98844
3.681250 -0.001935 -0.002937 1.51775
3.684375 -0.002838 -0.003822 1.34679
3.687500 -0.003740 -0.004706 1.2584
3.690625 -0.004641 -0.005590 1.20439
3.693750 -0.005542 -0.006473 1.16797
3.696875 -0.006443 -0.007356 1.14174
3.700000 -0.007342 -0.008237 1.12196
3.703125 -0.008241 -0.009118 1.1065
3.706250 -0.009138 -0.009998 1.09409
3.709375 -0.010035 -0.010877 1.0839
3.712500 -0.010931 -0.011756 1.07539
3.715625 -0.011827 -0.012633 1.06818
3.718750 -0.012721 -0.013509 1.06198
3.721875 -0.013614 -0.014385 1.0566
3.725000 -0.014506 -0.015259 1.05189
3.728125 -0.015398 -0.016132 1.04772
3.731250 -0.016288 -0.017005 1.04401
3.734375 -0.017177 -0.017876 1.04069
3.737500 -0.018065 -0.018746 1.0377
3.740625 -0.018952 -0.019615 1.03499
3.743750 -0.019837 -0.020482 1.03252
3.746875 -0.020722 -0.021349 1.03027
3.750000 -0.021605 -0.022214 1.0282
3.753125 -0.022487 -0.023078 1.02629
3.756250 -0.023368 -0.023941 1.02453
3.759375 -0.024247 -0.024802 1.0229
3.762500 -0.025125 -0.025662 1.02138
3.765625 -0.026002 -0.026521 1.01997
3.768750 -0.026877 -0.027378 1.01865
3.771875 -0.027751 -0.028234 1.01742
3.775000 -0.028623 -0.029089 1.01626
3.778125 -0.029494 -0.029942 1.01517
3.781250 -0.030364 -0.030793 1.01414
3.784375 -0.031232 -0.031643 1.01317
3.787500 -0.032098 -0.032491 1.01226
3.790625 -0.032963 -0.033338 1.01139
3.793750 -0.033826 -0.034184 1.01057
3.796875 -0.034688 -0.035027 1.00979
3.800000 -0.035548 -0.035869 1.00905
3.803125 -0.036406 -0.036710 1.00834
3.806250 -0.037263 -0.037548 1.00767
3.809375 -0.038118 -0.038385 1.00702
3.812500 -0.038971 -0.039221 1.00641
3.815625 -0.039822 -0.040054 1.00582
3.818750 -0.040672 -0.040886 1.00526
3.821875 -0.041520 -0.041716 1.00472
3.825000 -0.042366 -0.042544 1.00421
3.828125 -0.043210 -0.043370 1.00371
3.831250 -0.044052 -0.044195 1.00323
3.834375 -0.044893 -0.045017 1.00277
3.837500 -0.045731 -0.045838 1.00233
3.840625 -0.046568 -0.046657 1.00191
3.843750 -0.047403 -0.047474 1.0015
3.846875 -0.048235 -0.048289 1.0011
3.850000 -0.049066 -0.049101 1.00072
3.853125 -0.049895 -0.049912 1.00036
3.856250 -0.050721 -0.050721 1
3.859375 -0.051546 -0.051528 0.999656
3.862500 -0.052368 -0.052333 0.999324
3.865625 -0.053189 -0.053135 0.999002
3.868750 -0.054007 -0.053936 0.99869
3.871875 -0.054823 -0.054735 0.998387
3.875000 -0.055637 -0.055531 0.998094
3.878125 -0.056449 -0.056325 0.99781
3.881250 -0.057258 -0.057117 0.997534
3.884375 -0.058066 -0.057907 0.997266
3.887500 -0.058871 -0.058695 0.997006
3.890625 -0.059674 -0.059480 0.996752
3.893750 -0.060474 -0.060263 0.996506
3.896875 -0.061273 -0.061044 0.996267
3.900000 -0.062069 -0.061823 0.996034
3.903125 -0.062863 -0.062599 0.995808
3.906250 -0.063654 -0.063373 0.995587
3.909375 -0.064443 -0.064145 0.995372
3.912500 -0.065230 -0.064914 0.995162
3.915625 -0.066014 -0.065681 0.994958
3.918750 -0.066796 -0.066446 0.994758
3.921875 -0.067575 -0.067208 0.994564
3.925000 -0.068353 -0.067968 0.994374
3.928125 -0.069127 -0.068725 0.994189
3.931250 -0.069899 -0.069480 0.994008
3.934375 -0.070669 -0.070233 0.993832
3.937500 -0.071436 -0.070983 0.993659
3.940625 -0.072201 -0.071731 0.993491
3.943750 -0.072963 -0.072476 0.993326
3.946875 -0.073723 -0.073219 0.993164
3.950000 -0.074480 -0.073959 0.993007
3.953125 -0.075234 -0.074697 0.992853
3.956250 -0.075986 -0.075432 0.992702
3.959375 -0.076736 -0.076164 0.992554
3.962500 -0.077482 -0.076894 0.992409
3.965625 -0.078226 -0.077622 0.992268
3.968750 -0.078968 -0.078346 0.992129
3.971875 -0.079707 -0.079069 0.991993
3.975000 -0.080443 -0.079788 0.99186
3.978125 -0.081176 -0.080505 0.991729
3.981250 -0.081907 -0.081219 0.991601
3.984375 -0.082635 -0.081931 0.991476
3.987500 -0.083361 -0.082640 0.991353
3.990625 -0.084084 -0.083346 0.991232
3.993750 -0.084804 -0.084050 0.991112
3.996875 -0.085521 -0.084750 0.990988
4.000000 -0.086235 -0.085447 0.990855
4.003125 -0.086947 -0.086139 0.990709
4.006250 -0.087654 -0.086826 0.990551
4.009375 -0.088357 -0.087507 0.990383
4.012500 -0.089055 -0.088183 0.990204
4.015625 -0.089747 -0.088851 0.990016
4.018750 -0.090432 -0.089511 0.989819
4.021875 -0.091110 -0.090164 0.989614
4.025000 -0.091781 -0.090808 0.989401
4.028125 -0.092443 -0.091443 0.989181
4.031250 -0.093097 -0.092068 0.988955
4.034375 -0.093741 -0.092683 0.988722
4.037500 -0.094375 -0.093288 0.988484
4.040625 -0.094999 -0.093881 0.988241
4.043750 -0.095611 -0.094463 0.987992
4.046875 -0.096213 -0.095033 0.98774
4.050000 -0.096803 -0.095591 0.987483
4.053125 -0.097381 -0.096136 0.987223
4.056250 -0.097946 -0.096668 0.986959
4.059375 -0.098498 -0.097187 0.986691
4.062500 -0.099036 -0.097692 0.986421
4.065625 -0.099561 -0.098182 0.986148
4.068750 -0.100072 -0.098658 0.985873
4.071875 -0.100569 -0.099120 0.985595
4.075000 -0.101051 -0.099567 0.985315
4.078125 -0.101517 -0.099998 0.985032
4.081250 -0.101969 -0.100414 0.984748
4.084375 -0.102405 -0.100814 0.984463
4.087500 -0.102825 -0.101198 0.984176
4.090625 -0.103229 -0.101566 0.983887
4.093750 -0.103617 -0.101917 0.983597
4.096875 -0.103988 -0.102252 0.983306
4.100000 -0.104342 -0.102570 0.983014
4.103125 -0.104680 -0.102871 0.982722
4.106250 -0.105000 -0.103155 0.982428
4.109375 -0.105303 -0.103422 0.982134
4.112500 -0.105589 -0.103671 0.981839
4.115625 -0.105857 -0.103903 0.981543
4.118750 -0.106107 -0.104118 0.981247
4.121875 -0.106340 -0.104314 0.98095
4.125000 -0.106555 -0.104493 0.980653
4.128125 -0.106751 -0.104654 0.980356
4.131250 -0.106929 -0.104797 0.980058
4.134375 -0.107089 -0.104922 0.97976
4.137500 -0.107231 -0.105029 0.979461
4.140625 -0.107354 -0.105117 0.979162
4.143750 -0.107459 -0.105188 0.978862
4.146875 -0.107546 -0.105240 0.978562
4.150000 -0.107613 -0.105274 0.978262
4.153125 -0.107663 -0.105290 0.977962
4.156250 -0.107693 -0.105288 0.97766
4.159375 -0.107705 -0.105267 0.977359
4.162500 -0.107699 -0.105228 0.977057
4.165625 -0.107674 -0.105171 0.976754
4.168750 -0.107630 -0.105095 0.976451
4.171875 -0.107567 -0.105002 0.976147
4.175000 -0.107486 -0.104890 0.975843
4.178125 -0.107387 -0.104760 0.975538
4.181250 -0.107269 -0.104612 0.975232
4.184375 -0.107132 -0.104446 0.974925
4.187500 -0.106977 -0.104262 0.974618
4.190625 -0.106804 -0.104060 0.97431
4.193750 -0.106612 -0.103840 0.974001
4.196875 -0.106402 -0.103603 0.97369
4.200000 -0.106174 -0.103348 0.973379
4.203125 -0.105928 -0.103075 0.973067
4.206250 -0.105664 -0.102785 0.972753
4.209375 -0.105382 -0.102477 0.972438
4.212500 -0.105082 -0.102152 0.972122
4.215625 -0.104764 -0.101810 0.971804
4.218750 -0.104429 -0.101451 0.971485
4.221875 -0.104076 -0.101075 0.971164
4.225000 -0.103706 -0.100682 0.970842
4.228125 -0.103318 -0.100272 0.970518
4.231250 -0.102913 -0.099846 0.970192
4.234375 -0.102492 -0.099403 0.969863
4.237500 -0.102053 -0.098944 0.969533
4.240625 -0.101598 -0.098469 0.969201
4.243750 -0.101126 -0.097977 0.968866
4.246875 -0.100637 -0.097470 0.968529
4.250000 -0.100132 -0.096947 0.968189
4.253125 -0.099611 -0.096408 0.967846
4.256250 -0.099074 -0.095854 0.967501
4.259375 -0.098521 -0.095285 0.967153
4.262500 -0.097952 -0.094700 0.966801
4.265625 -0.097368 -0.094101 0.966447
4.268750 -0.096768 -0.093486 0.966089
4.271875 -0.096153 -0.092857 0.965727
4.275000 -0.095523 -0.092214 0.965362
4.278125 -0.094878 -0.091556 0.964993
4.281250 -0.094218 -0.090884 0.964619
4.284375 -0.093543 -0.090198 0.964242
4.287500 -0.092855 -0.089499 0.963859
4.290625 -0.092152 -0.088785 0.963473
4.293750 -0.091434 -0.088059 0.963081
4.296875 -0.090704 -0.087319 0.962684
4.300000 -0.089959 -0.086566 0.962282
4.303125 -0.089201 -0.085800 0.961874
4.306250 -0.088429 -0.085021 0.96146
4.309375 -0.087645 -0.084230 0.96104
4.312500 -0.086848 -0.083427 0.960614
4.315625 -0.086038 -0.082612 0.96018
4.318750 -0.085215 -0.081784 0.95974
4.321875 -0.084380 -0.080945 0.959293
4.325000 -0.083533 -0.080094 0.958837
4.328125 -0.082674 -0.079232 0.958374
4.331250 -0.081803 -0.078359 0.957902
4.334375 -0.080921 -0.077475 0.957421
4.337500 -0.080027 -0.076580 0.956931
4.340625 -0.079122 -0.075675 0.956432
4.343750 -0.078206 -0.074759 0.955922
4.346875 -0.077280 -0.073833 0.955401
4.350000 -0.076343 -0.072897 0.954869
4.353125 -0.075396 -0.071952 0.954325
4.356250 -0.074438 -0.070997 0.953769
4.359375 -0.073471 -0.070032 0.9532
4.362500 -0.072493 -0.069059 0.952617
4.365625 -0.071507 -0.068076 0.95202
4.368750 -0.070511 -0.067085 0.951408
4.371875 -0.069506 -0.066085 0.950779
4.375000 -0.068492 -0.065076 0.950134
4.378125 -0.067469 -0.064060 0.949472
4.381250 -0.066438 -0.063036 0.94879
4.384375 -0.065399 -0.062004 0.948089
4.387500 -0.064351 -0.060964 0.947367
4.390625 -0.063296 -0.059917 0.946623
4.393750 -0.062233 -0.058863 0.945855
4.396875 -0.061162 -0.057802 0.945063
4.400000 -0.060084 -0.056734 0.944244
4.403125 -0.058999 -0.055660 0.943397
4.406250 -0.057908 -0.054579 0.942521
4.409375 -0.056809 -0.053492 0.941613
4.412500 -0.055705 -0.052400 0.940671
4.415625 -0.054593 -0.051301 0.939694
4.418750 -0.053476 -0.050197 0.938678
4.421875 -0.052353 -0.049088 0.937621
4.425000 -0.051225 -0.047973 0.93652
4.428125 -0.050091 -0.046854 0.935372
4.431250 -0.048951 -0.045729 0.934174
4.434375 -0.047807 -0.044600 0.932921
4.437500 -0.046658 -0.043467 0.931609
4.440625 -0.045504 -0.042329 0.930234
4.443750 -0.044346 -0.041188 0.928791
4.446875 -0.043183 -0.040043 0.927273
4.450000 -0.042017 -0.038894 0.925674
4.453125 -0.040846 -0.037741 0.923987
4.456250 -0.039672 -0.036586 0.922204
4.459375 -0.038494 -0.035427 0.920317
4.462500 -0.037313 -0.034265 0.918314
4.465625 -0.036129 -0.033101 0.916184
4.468750 -0.034942 -0.031934 0.913914
4.471875 -0.033752 -0.030765 0.91149
4.475000 -0.032560 -0.029593 0.908892
4.478125 -0.031365 -0.028420 0.906103
4.481250 -0.030168 -0.027245 0.903099
4.484375 -0.028969 -0.026068 0.899852
4.487500 -0.027769 -0.024890 0.896331
4.490625 -0.026566 -0.023710 0.8925
4.493750 -0.025362 -0.022530 0.888312
4.496875 -0.024157 -0.021348 0.883716
4.500000 -0.022951 -0.020166 0.878646
4.503125 -0.021744 -0.018983 0.873024
4.506250 -0.020536 -0.017800 0.866753
4.509375 -0.019327 -0.016616 0.85971
4.512500 -0.018119 -0.015432 0.851742
4.515625 -0.016909 -0.014249 0.842651
4.518750 -0.015700 -0.013065 0.83218
4.521875 -0.014491 -0.011882 0.819982
4.525000 -0.013282 -0.010700 0.80559
4.528125 -0.012074 -0.009518 0.788347
4.531250 -0.010866 -0.008337 0.767308
4.534375 -0.009659 -0.007158 0.741055
4.537500 -0.008452 -0.005979 0.707367
4.540625 -0.007247 -0.004802 0.662549
4.543750 -0.006043 -0.003626 0.599978
4.546875 -0.004841 -0.002452 0.506466
4.550000 -0.003640 -0.001279 0.351476
4.553125 -0.002440 -0.000109 0.0445804
4.556250 -0.001243 0.001060 -0.852592
4.559375 -0.000047 0.002226 -47.0915
4.562500 0.001146 0.003390 2.9574
4.565625 0.002337 0.004551 1.94711
4.568750 0.003526 0.005710 1.61929
4.571875 0.004712 0.006865 1.45699
4.575000 0.005895 0.008018 1.36009
4.578125 0.007076 0.009168 1.29568
4.581250 0.008254 0.010315 1.24976
4.584375 0.009428 0.011458 1.21536
4.587500 0.010599 0.012598 1.18862
4.590625 0.011767 0.013735 1.16723
4.593750 0.012931 0.014867 1.14973
4.596875 0.014092 0.015996 1.13515
4.600000 0.015248 0.017121 1.1228
4.603125 0.016401 0.018242 1.11222
4.606250 0.017550 0.019358 1.10304
4.609375 0.018695 0.020471 1.095
4.612500 0.019835 0.021578 1.0879
4.615625 0.020971 0.022682 1.08158
4.618750 0.022102 0.023780 1.07593
4.621875 0.023229 0.024874 1.07083
4.625000 0.024351 0.025963 1.06621
4.628125 0.025468 0.027047 1.06201
4.631250 0.026580 0.028126 1.05816
4.634375 0.027686 0.029199 1.05464
4.637500 0.028788 0.030267 1.05138
4.640625 0.029884 0.031330 1.04838
4.643750 0.030975 0.032387 1.04559
4.646875 0.032060 0.033439 1.043
4.650000 0.033140 0.034485 1.04058
4.653125 0.034214 0.035525 1.03832
4.656250 0.035282 0.036559 1.0362
4.659375 0.036344 0.037587 1.0342
4.662500 0.037400 0.038609 1.03233
4.665625 0.038450 0.039625 1.03056
4.668750 0.039493 0.040634 1.02889
4.671875 0.040530 0.041637 1.02731
4.675000 0.041561 0.042633 1.02581
4.678125 0.042585 0.043623 1.02438
4.681250 0.043603 0.044607 1.02303
4.684375 0.044613 0.045583 1.02174
4.687500 0.045617 0.046553 1.02051
4.690625 0.046614 0.047516 1.01933
4.693750 0.047605 0.048471 1.01821
4.696875 0.048588 0.049420 1.01713
4.700000 0.049564 0.050362 1.0161
4.703125 0.050532 0.051296 1.01512
4.706250 0.051494 0.052223 1.01417
4.709375 0.052448 0.053143 1.01326
4.712500 0.053395 0.054055 1.01238
4.715625 0.054334 0.054960 1.01153
4.718750 0.055265 0.055858 1.01072
4.721875 0.056189 0.056747 1.00993
4.725000 0.057105 0.057629 1.00917
4.728125 0.058014 0.058503 1.00844
4.731250 0.058914 0.059370 1.00773
4.734375 0.059807 0.060228 1.00705
4.737500 0.060691 0.061079 1.00638
4.740625 0.061568 0.061921 1.00574
4.743750 0.062436 0.062756 1.00512
4.746875 0.063296 0.063582 1.00451
4.750000 0.064148 0.064400 1.00393
4.753125 0.064992 0.065210 1.00336
4.756250 0.065828 0.066012 1.0028
4.759375 0.066655 0.066805 1.00226
4.762500 0.067473 0.067590 1.00174
4.765625 0.068283 0.068367 1.00123
4.768750 0.069085 0.069135 1.00073
4.771875 0.069878 0.069895 1.00025
4.775000 0.070662 0.070646 0.999773
4.778125 0.071437 0.071388 0.999312
4.781250 0.072204 0.072122 0.998862
4.784375 0.072962 0.072847 0.998423
4.787500 0.073712 0.073564 0.997994
4.790625 0.074452 0.074272 0.997574
4.793750 0.075184 0.074970 0.997164
4.796875 0.075906 0.075661 0.996763
4.800000 0.076620 0.076342 0.996371
4.803125 0.077325 0.077014 0.995987
4.806250 0.078020 0.077678 0.995611
4.809375 0.078707 0.078332 0.995243
4.812500 0.079384 0.078978 0.994882
4.815625 0.080052 0.079614 0.994528
4.818750 0.080711 0.080242 0.994181
4.821875 0.081361 0.080860 0.993841
4.825000 0.082002 0.081470 0.993507
4.828125 0.082634 0.082070 0.993179
4.831250 0.083256 0.082661 0.992857
4.834375 0.083869 0.083243 0.992541
4.837500 0.084472 0.083816 0.99223
4.840625 0.085067 0.084380 0.991924
4.843750 0.085652 0.084934 0.991624
4.846875 0.086227 0.085479 0.991329
4.850000 0.086793 0.086015 0.991038
4.853125 0.087350 0.086542 0.990752
4.856250 0.087897 0.087060 0.99047
4.859375 0.088435 0.087568 0.990193
4.862500 0.088964 0.088067 0.98992
4.865625 0.089483 0.088556 0.989651
4.868750 0.089992 0.089037 0.989385
4.871875 0.090492 0.089508 0.989124
4.875000 0.090983 0.089970 0.988866
4.878125 0.091464 0.090422 0.988612
4.881250 0.091935 0.090865 0.988361
4.884375 0.092397 0.091299 0.988113
4.887500 0.092849 0.091723 0.987869
4.890625 0.093292 0.092138 0.987628
4.893750 0.093726 0.092544 0.98739
4.896875 0.094150 0.092940 0.987154
4.900000 0.094564 0.093327 0.986922
4.903125 0.094969 0.093705 0.986692
4.906250 0.095364 0.094073 0.986465
4.909375 0.095750 0.094432 0.98624
4.912500 0.096126 0.094782 0.986018
4.915625 0.096492 0.095122 0.985798
4.918750 0.096850 0.095453 0.985581
4.921875 0.097197 0.095775 0.985366
4.925000 0.097535 0.096087 0.985153
4.928125 0.097864 0.096390 0.984942
4.931250 0.098183 0.096684 0.984733
4.934375 0.098492 0.096968 0.984526
4.937500 0.098793 0.097244 0.984321
4.940625 0.099083 0.097510 0.984118
4.943750 0.099364 0.097766 0.983917
4.946875 0.099636 0.098014 0.983717
4.950000 0.099898 0.098252 0.983519
4.953125 0.100151 0.098481 0.983323
4.956250 0.100395 0.098701 0.983128
4.959375 0.100629 0.098911 0.982935
4.962500 0.100853 0.099113 0.982743
4.965625 0.101069 0.099305 0.982553
4.968750 0.101274 0.099488 0.982364
4.971875 0.101471 0.099662 0.982177
4.975000 0.101658 0.099827 0.98199
4.978125 0.101836 0.099983 0.981805
4.981250 0.102005 0.100130 0.981621
4.984375 0.102164 0.100268 0.981438
4.987500 0.102315 0.100397 0.981257
4.990625 0.102456 0.100517 0.981076
4.993750 0.102587 0.100628 0.980897
4.996875 0.102710 0.100730 0.980718
5.000000 0.102824 0.100823 0.98054
5.003125 0.102928 0.100907 0.980363
5.006250 0.103023 0.100982 0.980188
5.009375 0.103109 0.101049 0.980012
5.012500 0.103187 0.101106 0.979838
5.015625 0.103255 0.101155 0.979664
5.018750 0.103314 0.101195 0.979492
5.021875 0.103364 0.101227 0.979319
5.025000 0.103405 0.101249 0.979148
5.028125 0.103438 0.101263 0.978977
5.031250 0.103461 0.101269 0.978806
5.034375 0.103476 0.101265 0.978636
5.037500 0.103482 0.101254 0.978467
5.040625 0.103479 0.101233 0.978298
5.043750 0.103467 0.101204 0.97813
5.046875 0.103447 0.101167 0.977962
5.050000 0.103418 0.101121 0.977794
5.053125 0.103380 0.101067 0.977627
5.056250 0.103334 0.101005 0.97746
5.059375 0.103279 0.100934 0.977293
5.062500 0.103215 0.100854 0.977126
5.065625 0.103143 0.100767 0.97696
5.068750 0.103063 0.100671 0.976794
5.071875 0.102974 0.100567 0.976628
5.075000 0.102877 0.100455 0.976462
5.078125 0.102771 0.100335 0.976296
5.081250 0.102657 0.100207 0.97613
5.084375 0.102535 0.100070 0.975965
5.087500 0.102404 0.099926 0.975799
5.090625 0.102265 0.099773 0.975633
5.093750 0.102118 0.099613 0.975467
5.096875 0.101963 0.099445 0.975301
5.100000 0.101800 0.099269 0.975135
5.103125 0.101629 0.099085 0.974969
5.106250 0.101450 0.098893 0.974802
5.109375 0.101262 0.098694 0.974636
5.112500 0.101067 0.098487 0.974469
5.115625 0.100864 0.098272 0.974302
5.118750 0.100653 0.098050 0.974134
5.121875 0.100435 0.097820 0.973966
5.125000 0.100208 0.097583 0.973798
5.128125 0.099974 0.097338 0.973629
5.131250 0.099732 0.097085 0.97346
5.134375 0.099483 0.096826 0.97329
5.137500 0.099226 0.096558 0.97312
5.140625 0.098961 0.096284 0.972949
5.143750 0.098689 0.096002 0.972778
5.146875 0.098409 0.095713 0.972606
5.150000 0.098122 0.095417 0.972434
5.153125 0.097828 0.095114 0.97226
5.156250 0.097526 0.094804 0.972086
5.159375 0.097217 0.094487 0.971911
5.162500 0.096901 0.094162 0.971736
5.165625 0.096578 0.093831 0.971559
5.168750 0.096247 0.093493 0.971382
5.171875 0.095910 0.093148 0.971203
5.175000 0.095565 0.092796 0.971024
5.178125 0.095214 0.092437 0.970844
5.181250 0.094855 0.092072 0.970662
5.184375 0.094490 0.091700 0.97048
5.187500 0.094117 0.091322 0.970296
5.190625 0.093738 0.090936 0.970111
5.193750 0.093352 0.090545 0.969925
5.196875 0.092960 0.090147 0.969738
5.200000 0.092560 0.089742 0.969549
5.203125 0.092155 0.089331 0.969359
5.206250 0.091742 0.088914 0.969168
5.209375 0.091323 0.088490 0.968975
5.212500 0.090898 0.088060 0.96878
5.215625 0.090466 0.087624 0.968584
5.218750 0.090028 0.087182 0.968386
5.221875 0.089584 0.086734 0.968187
5.225000 0.089133 0.086279 0.967986
5.228125 0.088676 0.085819 0.967783
5.231250 0.088213 0.085353 0.967578
5.234375 0.087744 0.084881 0.967371
5.237500 0.087268 0.084403 0.967162
5.240625 0.086787 0.083919 0.966951
5.243750 0.086300 0.083429 0.966738
5.246875 0.085807 0.082934 0.966523
5.250000 0.085308 0.082433 0.966305
5.253125 0.084803 0.081927 0.966085
5.256250 0.084292 0.081415 0.965863
5.259375 0.083776 0.080897 0.965638
5.262500 0.083254 0.080374 0.96541
5.265625 0.082726 0.079846 0.96518
5.268750 0.082193 0.079312 0.964947
5.271875 0.081654 0.078773 0.964711
5.275000 0.081110 0.078229 0.964472
5.278125 0.080561 0.077679 0.96423
5.281250 0.080006 0.077125 0.963985
5.284375 0.079446 0.076565 0.963737
5.287500 0.078880 0.076000 0.963485
5.290625 0.078310 0.075430 0.96323
5.293750 0.077734 0.074856 0.962971
5.296875 0.077153 0.074276 0.962708
5.300000 0.076567 0.073692 0.962442
5.303125 0.075976 0.073102 0.962171
5.306250 0.075381 0.072508 0.961897
5.309375 0.074780 0.071910 0.961618
5.312500 0.074174 0.071306 0.961335
5.315625 0.073564 0.070698 0.961047
5.318750 0.072949 0.070086 0.960755
5.321875 0.072329 0.069469 0.960457
5.325000 0.071705 0.068847 0.960155
5.328125 0.071076 0.068222 0.959847
5.331250 0.070442 0.067591 0.959534
5.334375 0.069804 0.066957 0.959216
5.337500 0.069161 0.066318 0.958891
5.340625 0.068515 0.065675 0.958561
5.343750 0.067863 0.065028 0.958224
5.346875 0.067208 0.064377 0.957881
5.350000 0.066548 0.063722 0.957531
5.353125 0.065884 0.063063 0.957174
5.356250 0.065216 0.062400 0.95681
5.359375 0.064544 0.061733 0.956438
5.362500 0.063868 0.061062 0.956059
5.365625 0.063188 0.060387 0.955671
5.368750 0.062504 0.059709 0.955275
5.371875 0.061816 0.059027 0.954871
5.375000 0.061125 0.058341 0.954457
5.378125 0.060429 0.057652 0.954033
5.381250 0.059730 0.056959 0.9536
5.384375 0.059027 0.056262 0.953157
5.387500 0.058321 0.055562 0.952702
5.390625 0.057611 0.054859 0.952237
5.393750 0.056897 0.054152 0.95176
5.396875 0.056180 0.053442 0.95127
5.400000 0.055460 0.052729 0.950768
5.403125 0.054736 0.052013 0.950253
5.406250 0.054009 0.051293 0.949724
5.409375 0.053278 0.050570 0.94918
5.412500 0.052544 0.049845 0.948621
5.415625 0.051808 0.049116 0.948046
5.418750 0.051068 0.048384 0.947454
5.421875 0.050324 0.047649 0.946845
5.425000 0.049578 0.046912 0.946217
5.428125 0.048829 0.046171 0.94557
5.431250 0.048077 0.045428 0.944902
5.434375 0.047322 0.044682 0.944213
5.437500 0.046565 0.043934 0.943502
5.440625 0.045804 0.043183 0.942767
5.443750 0.045041 0.042429 0.942006
5.446875 0.044275 0.041672 0.94122
5.450000 0.043506 0.040913 0.940405
5.453125 0.042735 0.040152 0.93956
5.456250 0.041961 0.039388 0.938685
5.459375 0.041185 0.038622 0.937776
5.462500 0.040406 0.037854 0.936831
5.465625 0.039625 0.037083 0.935849
5.468750 0.038842 0.036310 0.934827
5.471875 0.038056 0.035535 0.933763
5.475000 0.037268 0.034758 0.932653
5.478125 0.036477 0.033979 0.931495
5.481250 0.035685 0.033197 0.930285
5.484375 0.034890 0.032414 0.92902
5.487500 0.034094 0.031628 0.927695
5.490625 0.033295 0.030841 0.926306
5.493750 0.032494 0.030052 0.924848
5.496875 0.031691 0.029261 0.923315
5.500000 0.030887 0.028468 0.921702
5.503125 0.030080 0.027674 0.920002
5.506250 0.029272 0.026878 0.918208
5.509375 0.028462 0.026080 0.916311
5.512500 0.027650 0.025281 0.914301
5.515625 0.026837 0.024480 0.912169
5.518750 0.026022 0.023677 0.909903
5.521875 0.025205 0.022873 0.907488
5.525000 0.024387 0.022068 0.904911
5.528125 0.023567 0.021261 0.902153
5.531250 0.022746 0.020453 0.899195
5.534375 0.021923 0.019643 0.896014
5.537500 0.021099 0.018833 0.892583
5.540625 0.020274 0.018021 0.888871
5.543750 0.019447 0.017208 0.884842
5.546875 0.018619 0.016393 0.880454
5.550000 0.017790 0.015578 0.875654
5.553125 0.016960 0.014761 0.870382
5.556250 0.016128 0.013944 0.864564
5.559375 0.015296 0.013125 0.858111
5.562500 0.014462 0.012306 0.85091
5.565625 0.013628 0.011486 0.842825
5.568750 0.012792 0.010665 0.833681
5.571875 0.011956 0.009843 0.823253
5.575000 0.011119 0.009020 0.81125
5.578125 0.010280 0.008196 0.797285
5.581250 0.009441 0.007372 0.780832
5.584375 0.008602 0.006547 0.761159
5.587500 0.007761 0.005722 0.737218
5.590625 0.006920 0.004896 0.707447
5.593750 0.006079 0.004069 0.669418
5.596875 0.005236 0.003242 0.619136
5.600000 0.004393 0.002414 0.549538
5.603125 0.003550 0.001586 0.446836
5.606250 0.002706 0.000758 0.280023
5.609375 0.001862 -0.000071 -0.0381999
5.612500 0.001017 -0.000900 -0.885393
5.615625 0.000172 -0.001730 -10.0759
5.618750 -0.000674 -0.002559 3.7985
5.621875 -0.001520 -0.003389 2.23047
5.625000 -0.002366 -0.004219 1.78368
5.628125 -0.003212 -0.005050 1.57221
5.631250 -0.004058 -0.005880 1.44891
5.634375 -0.004905 -0.006711 1.36813
5.637500 -0.005752 -0.007541 1.31112
5.640625 -0.006598 -0.008372 1.26872
5.643750 -0.007445 -0.009202 1.23596
5.646875 -0.008292 -0.010032 1.20988
5.650000 -0.009139 -0.010863 1.18863
5.653125 -0.009986 -0.011693 1.17097
5.656250 -0.010832 -0.012523 1.15607
5.659375 -0.011679 -0.013353 1.14333
5.662500 -0.012525 -0.014182 1.13231
5.665625 -0.013371 -0.015011 1.12267
5.668750 -0.014217 -0.015840 1.11419
5.671875 -0.015063 -0.016669 1.10665
5.675000 -0.015908 -0.017497 1.09991
5.678125 -0.016753 -0.018325 1.09385
5.681250 -0.017598 -0.019153 1.08838
5.684375 -0.018442 -0.019980 1.0834
5.687500 -0.019286 -0.020806 1.07885
5.690625 -0.020129 -0.021632 1.07469
5.693750 -0.020972 -0.022458 1.07086
5.696875 -0.021814 -0.023283 1.06733
5.700000 -0.022656 -0.024107 1.06406
5.703125 -0.023497 -0.024931 1.06102
5.706250 -0.024337 -0.025753 1.05819
5.709375 -0.025177 -0.026576 1.05555
5.712500 -0.026016 -0.027397 1.05308
5.715625 -0.026855 -0.028218 1.05076
5.718750 -0.027692 -0.029038 1.04858
5.721875 -0.028529 -0.029857 1.04653
5.725000 -0.029365 -0.030675 1.0446
5.728125 -0.030201 -0.031492 1.04278
5.731250 -0.031035 -0.032309 1.04105
5.734375 -0.031868 -0.033124 1.03941
5.737500 -0.032701 -0.033939 1.03786
5.740625 -0.033533 -0.034752 1.03638
5.743750 -0.034363 -0.035565 1.03497
5.746875 -0.035193 -0.036376 1.03364
5.750000 -0.036021 -0.037187 1.03236
5.753125 -0.036849 -0.037996 1.03114
5.756250 -0.037675 -0.038804 1.02997
5.759375 -0.038500 -0.039611 1.02885
5.762500 -0.039324 -0.040417 1.02778
5.765625 -0.040147 -0.041222 1.02676
5.768750 -0.040969 -0.042025 1.02577
5.771875 -0.041789 -0.042827 1.02483
5.775000 -0.042609 -0.043628 1.02392
5.778125 -0.043427 -0.044427 1.02304
5.781250 -0.044243 -0.045225 1.0222
5.784375 -0.045058 -0.046022 1.02139
5.787500 -0.045872 -0.046818 1.02061
5.790625 -0.046685 -0.047612 1.01985
5.793750 -0.047496 -0.048404 1.01912
5.796875 -0.048306 -0.049195 1.01842
5.800000 -0.049114 -0.049985 1.01773
5.803125 -0.049921 -0.050773 1.01707
5.806250 -0.050726 -0.051559 1.01644
5.809375 -0.051529 -0.052344 1.01582
5.812500 -0.052332 -0.053128 1.01522
5.815625 -0.053132 -0.053910 1.01464
5.818750 -0.053931 -0.054690 1.01407
5.821875 -0.054728 -0.055469 1.01353
5.825000 -0.055524 -0.056245 1.013
5.828125 -0.056318 -0.057021 1.01248
5.831250 -0.057110 -0.057794 1.01198
5.834375 -0.057901 -0.058566 1.01149
5.837500 -0.058689 -0.059336 1.01102
5.840625 -0.059476 -0.060104 1.01055
5.843750 -0.060262 -0.060871 1.01011
5.846875 -0.061045 -0.061635 1.00967
5.850000 -0.061827 -0.062398 1.00924
5.853125 -0.062607 -0.063159 1.00883
5.856250 -0.063384 -0.063918 1.00842
5.859375 -0.064160 -0.064675 1.00803
5.862500 -0.064935 -0.065431 1.00764
5.865625 -0.065707 -0.066184 1.00726
5.868750 -0.066477 -0.066935 1.0069
5.871875 -0.067245 -0.067685 1.00654
5.875000 -0.068011 -0.068432 1.00619
5.878125 -0.068776 -0.069178 1.00585
5.881250 -0.069538 -0.069921 1.00551
5.884375 -0.070298 -0.070663 1.00518
5.887500 -0.071056 -0.071402 1.00486
5.890625 -0.071812 -0.072139 1.00455
5.893750 -0.072566 -0.072874 1.00425
5.896875 -0.073318 -0.073607 1.00395
5.900000 -0.074068 -0.074338 1.00365
5.903125 -0.074815 -0.075067 1.00337
5.906250 -0.075560 -0.075793 1.00308
5.909375 -0.076304 -0.076518 1.00281
5.912500 -0.077044 -0.077240 1.00254
5.915625 -0.077783 -0.077960 1.00227
5.918750 -0.078520 -0.078678 1.00201
5.921875 -0.079254 -0.079393 1.00176
5.925000 -0.079986 -0.080107 1.00151
5.928125 -0.080715 -0.080818 1.00127
5.931250 -0.081443 -0.081526 1.00103
5.934375 -0.082168 -0.082233 1.00079
5.937500 -0.082891 -0.082937 1.00056
5.940625 -0.083611 -0.083639 1.00033
5.943750 -0.084329 -0.084338 1.00011
5.946875 -0.085044 -0.085035 0.999892
5.950000 -0.085758 -0.085730 0.999678
5.953125 -0.086468 -0.086422 0.999467
5.956250 -0.087177 -0.087112 0.99926
5.959375 -0.087883 -0.087800 0.999057
5.962500 -0.088586 -0.088485 0.998857
5.965625 -0.089287 -0.089168 0.998661
5.968750 -0.089986 -0.089848 0.998468
5.971875 -0.090682 -0.090526 0.998278
5.975000 -0.091375 -0.091201 0.998092
5.978125 -0.092066 -0.091874 0.997909
5.981250 -0.092755 -0.092544 0.997729
5.984375 -0.093441 -0.093212 0.997551
5.987500 -0.094124 -0.093877 0.997376
5.990625 -0.094805 -0.094540 0.997202
5.993750 -0.095483 -0.095199 0.997024
5.996875 -0.096159 -0.095855 0.996838
6.000000 -0.096832 -0.096506 0.996638
6.003125 -0.097502 -0.097153 0.996422
6.006250 -0.098168 -0.097794 0.99619
6.009375 -0.098830 -0.098429 0.995943
6.012500 -0.099487 -0.099057 0.995682
6.015625 -0.100138 -0.099678 0.995409
6.018750 -0.100783 -0.100291 0.995124
6.021875 -0.101421 -0.100896 0.994827
6.025000 -0.102051 -0.101492 0.99452
6.028125 -0.102673 -0.102078 0.994203
6.031250 -0.103286 -0.102654 0.993878
6.034375 -0.103890 -0.103220 0.993543
6.037500 -0.104485 -0.103775 0.993202
6.040625 -0.105069 -0.104318 0.992852
6.043750 -0.105642 -0.104850 0.992497
6.046875 -0.106205 -0.105369 0.992135
6.050000 -0.106755 -0.105876 0.991767
6.053125 -0.107294 -0.106371 0.991393
6.056250 -0.107820 -0.106851 0.991015
6.059375 -0.108334 -0.107319 0.990632
6.062500 -0.108834 -0.107772 0.990245
6.065625 -0.109320 -0.108211 0.989854
6.068750 -0.109793 -0.108635 0.98946
6.071875 -0.110251 -0.109045 0.989061
6.075000 -0.110695 -0.109439 0.98866
6.078125 -0.111124 -0.109819 0.988256
6.081250 -0.111537 -0.110182 0.987849
6.084375 -0.111936 -0.110530 0.98744
6.087500 -0.112318 -0.110861 0.987029
6.090625 -0.112685 -0.111176 0.986615
6.093750 -0.113035 -0.111475 0.9862
6.096875 -0.113369 -0.111757 0.985784
6.100000 -0.113687 -0.112023 0.985365
6.103125 -0.113987 -0.112271 0.984946
6.106250 -0.114271 -0.112503 0.984525
6.109375 -0.114538 -0.112717 0.984104
6.112500 -0.114787 -0.112914 0.983681
6.115625 -0.115019 -0.113093 0.983258
6.118750 -0.115233 -0.113255 0.982834
6.121875 -0.115429 -0.113399 0.982409
6.125000 -0.115608 -0.113525 0.981983
6.128125 -0.115768 -0.113633 0.981557
6.131250 -0.115911 -0.113724 0.981131
6.134375 -0.116036 -0.113797 0.980704
6.137500 -0.116142 -0.113851 0.980276
6.140625 -0.116230 -0.113888 0.979848
6.143750 -0.116300 -0.113906 0.979419
6.146875 -0.116351 -0.113906 0.97899
6.150000 -0.116384 -0.113889 0.97856
6.153125 -0.116398 -0.113853 0.978129
6.156250 -0.116394 -0.113799 0.977699
6.159375 -0.116372 -0.113726 0.977267
6.162500 -0.116331 -0.113636 0.976835
6.165625 -0.116271 -0.113528 0.976403
6.168750 -0.116193 -0.113401 0.975969
6.171875 -0.116097 -0.113257 0.975535
6.175000 -0.115982 -0.113094 0.975101
6.178125 -0.115849 -0.112914 0.974665
6.181250 -0.115697 -0.112715 0.974229
6.184375 -0.115527 -0.112499 0.973791
6.187500 -0.115338 -0.112265 0.973353
6.190625 -0.115132 -0.112013 0.972914
6.193750 -0.114907 -0.111744 0.972473
6.196875 -0.114664 -0.111457 0.972032
6.200000 -0.114403 -0.111152 0.971589
6.203125 -0.114124 -0.110831 0.971145
6.206250 -0.113827 -0.110492 0.970699
6.209375 -0.113512 -0.110135 0.970252
6.212500 -0.113180 -0.109762 0.969803
6.215625 -0.112830 -0.109372 0.969353
6.218750 -0.112462 -0.108965 0.9689
6.221875 -0.112077 -0.108541 0.968446
6.225000 -0.111675 -0.108101 0.96799
6.228125 -0.111256 -0.107644 0.967531
6.231250 -0.110819 -0.107170 0.967071
6.234375 -0.110366 -0.106681 0.966607
6.237500 -0.109896 -0.106175 0.966142
6.240625 -0.109409 -0.105654 0.965673
6.243750 -0.108906 -0.105116 0.965202
6.246875 -0.108386 -0.104563 0.964728
6.250000 -0.107850 -0.103995 0.96425
6.253125 -0.107298 -0.103411 0.96377
6.256250 -0.106730 -0.102812 0.963286
6.259375 -0.106147 -0.102198 0.962798
6.262500 -0.105547 -0.101569 0.962307
6.265625 -0.104932 -0.100925 0.961811
6.268750 -0.104302 -0.100267 0.961312
6.271875 -0.103657 -0.099594 0.960807
6.275000 -0.102996 -0.098907 0.960299
6.278125 -0.102321 -0.098207 0.959786
6.281250 -0.101632 -0.097492 0.959267
6.284375 -0.100927 -0.096763 0.958743
6.287500 -0.100209 -0.096022 0.958214
6.290625 -0.099476 -0.095266 0.957679
6.293750 -0.098730 -0.094498 0.957138
6.296875 -0.097969 -0.093717 0.956591
6.300000 -0.097196 -0.092923 0.956037
6.303125 -0.096408 -0.092116 0.955477
6.306250 -0.095608 -0.091297 0.954909
6.309375 -0.094794 -0.090466 0.954333
6.312500 -0.093968 -0.089622 0.95375
6.315625 -0.093129 -0.088767 0.953159
6.318750 -0.092278 -0.087900 0.952558
6.321875 -0.091415 -0.087022 0.951949
6.325000 -0.090539 -0.086133 0.951331
6.328125 -0.089652 -0.085232 0.950703
6.331250 -0.088753 -0.084321 0.950064
6.334375 -0.087842 -0.083399 0.949415
6.337500 -0.086921 -0.082466 0.948754
6.340625 -0.085988 -0.081524 0.948082
6.343750 -0.085045 -0.080571 0.947398
6.346875 -0.084090 -0.079608 0.9467
6.350000 -0.083126 -0.078636 0.945989
6.353125 -0.082151 -0.077654 0.945264
6.356250 -0.081166 -0.076663 0.944525
6.359375 -0.080172 -0.075663 0.943769
6.362500 -0.079167 -0.074655 0.942998
6.365625 -0.078154 -0.073637 0.942209
6.368750 -0.077131 -0.072611 0.941403
6.371875 -0.076099 -0.071577 0.940577
6.375000 -0.075058 -0.070534 0.939732
6.378125 -0.074009 -0.069484 0.938866
6.381250 -0.072951 -0.068426 0.937978
6.384375 -0.071885 -0.067361 0.937067
6.387500 -0.070811 -0.066289 0.936132
6.390625 -0.069730 -0.065209 0.935171
6.393750 -0.068640 -0.064123 0.934183
6.396875 -0.067544 -0.063030 0.933167
6.400000 -0.066440 -0.061930 0.932121
6.403125 -0.065329 -0.060824 0.931042
6.406250 -0.064212 -0.059713 0.92993
6.409375 -0.063088 -0.058595 0.928782
6.412500 -0.061957 -0.057472 0.927596
6.415625 -0.060821 -0.056343 0.92637
6.418750 -0.059678 -0.055209 0.925101
6.421875 -0.058530 -0.054069 0.923787
6.425000 -0.057376 -0.052925 0.922424
6.428125 -0.056217 -0.051777 0.921009
6.431250 -0.055053 -0.050623 0.919539
6.434375 -0.053884 -0.049466 0.918011
6.437500 -0.052710 -0.048304 0.916419
6.440625 -0.051531 -0.047139 0.914759
6.443750 -0.050348 -0.045969 0.913027
6.446875 -0.049161 -0.044797 0.911216
6.450000 -0.047970 -0.043620 0.909322
6.453125 -0.046775 -0.042441 0.907336
6.456250 -0.045577 -0.041259 0.905252
6.459375 -0.044375 -0.040073 0.903062
6.462500 -0.043170 -0.038886 0.900756
6.465625 -0.041962 -0.037695 0.898324
6.468750 -0.040751 -0.036503 0.895755
6.471875 -0.039537 -0.035308 0.893035
6.475000 -0.038321 -0.034112 0.890152
6.478125 -0.037103 -0.032914 0.887087
6.481250 -0.035883 -0.031714 0.883823
6.484375 -0.034660 -0.030513 0.880337
6.487500 -0.033436 -0.029310 0.876607
6.490625 -0.032211 -0.028107 0.872604
6.493750 -0.030984 -0.026903 0.868295
6.496875 -0.029755 -0.025698 0.863642
6.500000 -0.028526 -0.024493 0.858601
6.503125 -0.027296 -0.023287 0.853121
6.506250 -0.026065 -0.022081 0.847138
6.509375 -0.024834 -0.020875 0.840578
6.512500 -0.023603 -0.019669 0.833352
6.515625 -0.022371 -0.018464 0.825351
6.518750 -0.021139 -0.017259 0.816439
6.521875 -0.019908 -0.016055 0.806449
6.525000 -0.018677 -0.014851 0.795169
6.528125 -0.017446 -0.013648 0.782329
6.531250 -0.016216 -0.012447 0.767577
6.534375 -0.014987 -0.011247 0.750445
6.537500 -0.013759 -0.010048 0.730302
6.540625 -0.012532 -0.008851 0.70627
6.543750 -0.011306 -0.007655 0.677094
6.546875 -0.010082 -0.006461 0.640915
6.550000 -0.008859 -0.005270 0.594853
6.553125 -0.007638 -0.004080 0.534199
6.556250 -0.006419 -0.002893 0.450688
6.559375 -0.005202 -0.001708 0.328365
6.562500 -0.003988 -0.000526 0.131915
6.565625 -0.002775 0.000653 -0.235466
6.568750 -0.001565 0.001830 -1.16907
6.571875 -0.000358 0.003004 -8.38374
6.575000 0.000846 0.004174 4.93368
6.578125 0.002047 0.005341 2.6088
6.581250 0.003246 0.006505 2.00421
6.584375 0.004441 0.007666 1.72613
6.587500 0.005633 0.008822 1.56626
6.590625 0.006821 0.009975 1.46242
6.593750 0.008006 0.011124 1.38953
6.596875 0.009187 0.012269 1.33554
6.600000 0.010364 0.013410 1.29393
6.603125 0.011537 0.014546 1.26088
6.606250 0.012706 0.015679 1.23398
6.609375 0.013870 0.016806 1.21166
6.612500 0.015031 0.017929 1.19284
6.615625 0.016187 0.019047 1.17675
6.618750 0.017338 0.020161 1.16283
6.621875 0.018484 0.021269 1.15068
6.625000 0.019626 0.022373 1.13996
6.628125 0.020762 0.023471 1.13045
6.631250 0.021894 0.024564 1.12194
6.634375 0.023020 0.025651 1.11429
6.637500 0.024141 0.026733 1.10736
6.640625 0.025257 0.027809 1.10106
6.643750 0.026367 0.028880 1.09531
6.646875 0.027471 0.029945 1.09004
6.650000 0.028570 0.031004 1.08518
6.653125 0.029663 0.032057 1.0807
6.656250 0.030750 0.033103 1.07654
6.659375 0.031831 0.034144 1.07268
6.662500 0.032905 0.035178 1.06908
6.665625 0.033974 0.036206 1.06571
6.668750 0.035036 0.037228 1.06256
6.671875 0.036092 0.038243 1.0596
6.675000 0.037141 0.039251 1.05681
6.678125 0.038183 0.040252 1.05418
6.681250 0.039219 0.041247 1.0517
6.684375 0.040248 0.042235 1.04936
6.687500 0.041271 0.043216 1.04713
6.690625 0.042286 0.044190 1.04502
6.693750 0.043294 0.045156 1.04301
6.696875 0.044295 0.046116 1.0411
6.700000 0.045289 0.047068 1.03928
6.703125 0.046276 0.048013 1.03754
6.706250 0.047255 0.048950 1.03588
6.709375 0.048227 0.049880 1.03429
6.712500 0.049191 0.050803 1.03276
6.715625 0.050148 0.051717 1.0313
6.718750 0.051097 0.052624 1.0299
6.721875 0.052038 0.053524 1.02855
6.725000 0.052972 0.054415 1.02725
6.728125 0.053897 0.055299 1.026
6.731250 0.054815 0.056174 1.0248
6.734375 0.055725 0.057042 1.02364
6.737500 0.056626 0.057902 1.02252
6.740625 0.057520 0.058753 1.02144
6.743750 0.058405 0.059596 1.02039
6.746875 0.059282 0.060431 1.01938
6.750000 0.060151 0.061258 1.0184
6.753125 0.061012 0.062076 1.01745
6.756250 0.061864 0.062886 1.01653
6.759375 0.062708 0.063688 1.01564
6.762500 0.063543 0.064481 1.01477
6.765625 0.064369 0.065266 1.01393
6.768750 0.065187 0.066042 1.01311
6.771875 0.065996 0.066809 1.01232
6.775000 0.066797 0.067568 1.01154
6.778125 0.067589 0.068318 1.01079
6.781250 0.068372 0.069059 1.01006
6.784375 0.069146 0.069792 1.00934
6.787500 0.069912 0.070516 1.00864
6.790625 0.070668 0.071231 1.00796
6.793750 0.071415 0.071937 1.0073
6.796875 0.072154 0.072634 1.00665
6.800000 0.072883 0.073322 1.00602
6.803125 0.073604 0.074001 1.0054
6.806250 0.074315 0.074671 1.0048
6.809375 0.075017 0.075333 1.00421
6.812500 0.075710 0.075985 1.00363
6.815625 0.076394 0.076628 1.00306
6.818750 0.077068 0.077262 1.00251
6.821875 0.077734 0.077886 1.00196
6.825000 0.078390 0.078502 1.00143
6.828125 0.079036 0.079108 1.00091
6.831250 0.079674 0.079706 1.0004
6.834375 0.080302 0.080294 0.999897
6.837500 0.080921 0.080872 0.999405
6.840625 0.081530 0.081442 0.998921
6.843750 0.082130 0.082002 0.998446
6.846875 0.082720 0.082553 0.99798
6.850000 0.083301 0.083095 0.997521
6.853125 0.083873 0.083627 0.997071
6.856250 0.084435 0.084150 0.996628
6.859375 0.084987 0.084664 0.996192
6.862500 0.085530 0.085168 0.995763
6.865625 0.086064 0.085663 0.995341
6.868750 0.086588 0.086148 0.994926
6.871875 0.087102 0.086624 0.994517
6.875000 0.087607 0.087091 0.994114
6.878125 0.088102 0.087549 0.993717
6.881250 0.088588 0.087997 0.993325
6.884375 0.089064 0.088435 0.99294
6.887500 0.089531 0.088864 0.992559
6.890625 0.089988 0.089284 0.992184
6.893750 0.090435 0.089695 0.991814
6.896875 0.090873 0.090096 0.991448
6.900000 0.091301 0.090487 0.991087
6.903125 0.091720 0.090870 0.990731
6.906250 0.092129 0.091242 0.990379
6.909375 0.092528 0.091606 0.990032
6.912500 0.092918 0.091960 0.989689
6.915625 0.093298 0.092305 0.989349
6.918750 0.093669 0.092640 0.989014
6.921875 0.094030 0.092966 0.988682
6.925000 0.094382 0.093283 0.988353
6.928125 0.094724 0.093590 0.988029
6.931250 0.095056 0.093888 0.987707
6.934375 0.095379 0.094176 0.987389
6.937500 0.095692 0.094456 0.987075
6.940625 0.095996 0.094725 0.986763
6.943750 0.096291 0.094986 0.986454
6.946875 0.096575 0.095238 0.986148
6.950000 0.096851 0.095480 0.985845
6.953125 0.097116 0.095713 0.985545
6.956250 0.097373 0.095936 0.985247
6.959375 0.097620 0.096151 0.984951
6.962500 0.097857 0.096356 0.984659
6.965625 0.098085 0.096552 0.984368
6.968750 0.098304 0.096739 0.98408
6.971875 0.098513 0.096917 0.983794
6.975000 0.098713 0.097085 0.98351
6.978125 0.098904 0.097245 0.983228
6.981250 0.099085 0.097395 0.982948
6.984375 0.099257 0.097537 0.98267
6.987500 0.099419 0.097669 0.982394
6.990625 0.099573 0.097792 0.98212
6.993750 0.099717 0.097907 0.981847
6.996875 0.099852 0.098012 0.981576
7.000000 0.099978 0.098109 0.981306
7.003125 0.100094 0.098196 0.981038
7.006250 0.100202 0.098275 0.980772
7.009375 0.100300 0.098345 0.980507
7.012500 0.100389 0.098406 0.980243
7.015625 0.100469 0.098458 0.97998
7.018750 0.100540 0.098501 0.979719
7.021875 0.100602 0.098536 0.979459
7.025000 0.100655 0.098562 0.979199
7.028125 0.100700 0.098579 0.978941
7.031250 0.100735 0.098588 0.978684
7.034375 0.100761 0.098588 0.978428
7.037500 0.100779 0.098579 0.978173
7.040625 0.100787 0.098562 0.977918
7.043750 0.100787 0.098536 0.977665
7.046875 0.100778 0.098502 0.977412
7.050000 0.100761 0.098459 0.977159
7.053125 0.100734 0.098408 0.976908
7.056250 0.100699 0.098349 0.976657
7.059375 0.100656 0.098281 0.976406
7.062500 0.100604 0.098205 0.976156
7.065625 0.100543 0.098120 0.975906
7.068750 0.100474 0.098028 0.975657
7.071875 0.100396 0.097927 0.975408
7.075000 0.100310 0.097818 0.975159
7.078125 0.100215 0.097701 0.974911
7.081250 0.100112 0.097575 0.974662
7.084375 0.100001 0.097442 0.974414
7.087500 0.099881 0.097301 0.974166
7.090625 0.099753 0.097151 0.973918
7.093750 0.099617 0.096994 0.97367
7.096875 0.099473 0.096829 0.973422
7.100000 0.099320 0.096656 0.973173
7.103125 0.099160 0.096475 0.972925
7.106250 0.098991 0.096286 0.972676
7.109375 0.098814 0.096090 0.972428
7.112500 0.098630 0.095886 0.972178
7.115625 0.098437 0.095674 0.971929
7.118750 0.098237 0.095455 0.971679
7.121875 0.098029 0.095228 0.971428
7.125000 0.097812 0.094993 0.971178
7.128125 0.097589 0.094751 0.970926
7.131250 0.097357 0.094502 0.970674
7.134375 0.097118 0.094245 0.970421
7.137500 0.096871 0.093981 0.970168
7.140625 0.096617 0.093710 0.969914
7.143750 0.096355 0.093431 0.969659
7.146875 0.096085 0.093145 0.969403
7.150000 0.095808 0.092852 0.969146
7.153125 0.095524 0.092552 0.968888
7.156250 0.095232 0.092245 0.968629
7.159375 0.094933 0.091930 0.96837
7.162500 0.094627 0.091609 0.968109
7.165625 0.094313 0.091281 0.967846
7.168750 0.093993 0.090946 0.967583
7.171875 0.093665 0.090604 0.967318
7.175000 0.093330 0.090255 0.967052
7.178125 0.092988 0.089899 0.966784
7.181250 0.092639 0.089537 0.966515
7.184375 0.092283 0.089168 0.966244
7.187500 0.091920 0.088792 0.965972
7.190625 0.091551 0.088410 0.965697
7.193750 0.091174 0.088022 0.965421
7.196875 0.090791 0.087627 0.965144
7.200000 0.090401 0.087225 0.964864
7.203125 0.090005 0.086817 0.964582
7.206250 0.089602 0.086403 0.964298
7.209375 0.089192 0.085983 0.964012
7.212500 0.088776 0.085556 0.963724
7.215625 0.088354 0.085123 0.963434
7.218750 0.087925 0.084684 0.963141
7.221875 0.087489 0.084239 0.962845
7.225000 0.087048 0.083788 0.962547
7.228125 0.086600 0.083330 0.962247
7.231250 0.086146 0.082867 0.961943
7.234375 0.085686 0.082398 0.961637
7.237500 0.085219 0.081924 0.961328
7.240625 0.084747 0.081443 0.961015
7.243750 0.084268 0.080957 0.9607
7.246875 0.083784 0.080465 0.960381
7.250000 0.083294 0.079967 0.960059
7.253125 0.082798 0.079464 0.959734
7.256250 0.082296 0.078955 0.959405
7.259375 0.081788 0.078441 0.959072
7.262500 0.081275 0.077921 0.958735
7.265625 0.080756 0.077396 0.958394
7.268750 0.080232 0.076866 0.95805
7.271875 0.079701 0.076330 0.9577
7.275000 0.079166 0.075789 0.957347
7.278125 0.078625 0.075243 0.956989
7.281250 0.078078 0.074692 0.956626
7.284375 0.077527 0.074136 0.956259
7.287500 0.076970 0.073574 0.955886
7.290625 0.076407 0.073008 0.955508
7.293750 0.075840 0.072437 0.955125
7.296875 0.075267 0.071860 0.954736
7.300000 0.074690 0.071279 0.954342
7.303125 0.074107 0.070694 0.953942
7.306250 0.073519 0.070103 0.953535
7.309375 0.072927 0.069508 0.953122
7.312500 0.072329 0.068908 0.952703
7.315625 0.071727 0.068304 0.952277
7.318750 0.071120 0.067695 0.951843
7.321875 0.070508 0.067081 0.951403
7.325000 0.069892 0.066464 0.950955
7.328125 0.069270 0.065841 0.950499
7.331250 0.068645 0.065215 0.950035
7.334375 0.068015 0.064584 0.949562
7.337500 0.067380 0.063949 0.949081
7.340625 0.066741 0.063310 0.948591
7.343750 0.066098 0.062666 0.948092
7.346875 0.065450 0.062019 0.947582
7.350000 0.064798 0.061368 0.947063
7.353125 0.064142 0.060712 0.946533
7.356250 0.063481 0.060053 0.945993
7.359375 0.062817 0.059390 0.945441
7.362500 0.062148 0.058722 0.944877
7.365625 0.061476 0.058052 0.944301
7.368750 0.060799 0.057377 0.943712
7.371875 0.060119 0.056699 0.94311
7.375000 0.059435 0.056017 0.942494
7.378125 0.058747 0.055331 0.941864
7.381250 0.058055 0.054642 0.941219
7.384375 0.057359 0.053950 0.940558
7.387500 0.056660 0.053254 0.939881
7.390625 0.055957 0.052554 0.939187
7.393750 0.055251 0.051852 0.938476
7.396875 0.054541 0.051146 0.937745
7.400000 0.053828 0.050437 0.936996
7.403125 0.053111 0.049724 0.936226
7.406250 0.052391 0.049009 0.935435
7.409375 0.051668 0.048290 0.934622
7.412500 0.050941 0.047568 0.933785
7.415625 0.050212 0.046844 0.932924
7.418750 0.049479 0.046116 0.932037
7.421875 0.048742 0.045385 0.931124
7.425000 0.048003 0.044652 0.930182
7.428125 0.047261 0.043916 0.929211
7.431250 0.046516 0.043177 0.928208
7.434375 0.045768 0.042435 0.927172
7.437500 0.045017 0.041690 0.926102
7.440625 0.044263 0.040943 0.924995
7.443750 0.043507 0.040194 0.923848
7.446875 0.042748 0.039442 0.922661
7.450000 0.041986 0.038687 0.921431
7.453125 0.041221 0.037930 0.920155
7.456250 0.040454 0.037171 0.918829
7.459375 0.039685 0.036409 0.917452
7.462500 0.038913 0.035645 0.91602
7.465625 0.038138 0.034878 0.914529
7.468750 0.037361 0.034110 0.912976
7.471875 0.036582 0.033339 0.911356
7.475000 0.035800 0.032566 0.909665
7.478125 0.035016 0.031791 0.907897
7.481250 0.034230 0.031014 0.906048
7.484375 0.033442 0.030235 0.90411
7.487500 0.032652 0.029455 0.902078
7.490625 0.031859 0.028672 0.899944
7.493750 0.031065 0.027887 0.8977
7.496875 0.030269 0.027101 0.895338
7.500000 0.029470 0.026312 0.892846
7.503125 0.028670 0.025523 0.890214
7.506250 0.027868 0.024731 0.887429
7.509375 0.027064 0.023938 0.884478
7.512500 0.026259 0.023143 0.881344
7.515625 0.025451 0.022347 0.87801
7.518750 0.024642 0.021549 0.874456
7.521875 0.023832 0.020749 0.870658
7.525000 0.023020 0.019949 0.866591
7.528125 0.022206 0.019146 0.862223
7.531250 0.021391 0.018343 0.857521
7.534375 0.020574 0.017538 0.852442
7.537500 0.019756 0.016732 0.846941
7.540625 0.018937 0.015925 0.840961
7.543750 0.018116 0.015117 0.834436
7.546875 0.017294 0.014307 0.827288
7.550000 0.016471 0.013496 0.819422
7.553125 0.015646 0.012685 0.810722
7.556250 0.014821 0.011872 0.801049
7.559375 0.013994 0.011058 0.790229
7.562500 0.013166 0.010244 0.778042
7.565625 0.012337 0.009428 0.764212
7.568750 0.011508 0.008612 0.74838
7.571875 0.010677 0.007795 0.730076
7.575000 0.009845 0.006977 0.708671
7.578125 0.009013 0.006158 0.683301
7.581250 0.008180 0.005339 0.652749
7.584375 0.007345 0.004519 0.615242
7.587500 0.006511 0.003699 0.568096
7.590625 0.005675 0.002878 0.507043
7.593750 0.004839 0.002056 0.424855
7.596875 0.004002 0.001234 0.308252
7.600000 0.003165 0.000411 0.129871
7.603125 0.002327 -0.000412 -0.177107
7.606250 0.001488 -0.001236 -0.830203
7.609375 0.000649 -0.002059 -3.17166
7.612500 -0.000190 -0.002883 15.1703
7.615625 -0.001030 -0.003708 3.60045
7.618750 -0.001870 -0.004533 2.42386
7.621875 -0.002710 -0.005357 1.9766
7.625000 -0.003551 -0.006182 1.74097
7.628125 -0.004392 -0.007008 1.59549
7.631250 -0.005233 -0.007833 1.49673
7.634375 -0.006075 -0.008658 1.4253
7.637500 -0.006916 -0.009484 1.37122
7.640625 -0.007758 -0.010309 1.32885
7.643750 -0.008599 -0.011134 1.29477
7.646875 -0.009441 -0.011959 1.26674
7.650000 -0.010283 -0.012785 1.2433
7.653125 -0.011124 -0.013610 1.2234
7.656250 -0.011966 -0.014434 1.20628
7.659375 -0.012807 -0.015259 1.19142
7.662500 -0.013649 -0.016083 1.17837
7.665625 -0.014490 -0.016907 1.16684
7.668750 -0.015331 -0.017731 1.15657
7.671875 -0.016171 -0.018555 1.14737
7.675000 -0.017012 -0.019378 1.13907
7.678125 -0.017852 -0.020200 1.13155
7.681250 -0.018691 -0.021022 1.1247
7.684375 -0.019531 -0.021844 1.11845
7.687500 -0.020370 -0.022665 1.1127
7.690625 -0.021208 -0.023486 1.10741
7.693750 -0.022046 -0.024306 1.10251
7.696875 -0.022884 -0.025126 1.09798
7.700000 -0.023721 -0.025945 1.09376
7.703125 -0.024557 -0.026763 1.08983
7.706250 -0.025393 -0.027580 1.08616
7.709375 -0.026228 -0.028397 1.08272
7.712500 -0.027062 -0.029213 1.07949
7.715625 -0.027896 -0.030029 1.07646
7.718750 -0.028729 -0.030843 1.0736
7.721875 -0.029561 -0.031657 1.0709
7.725000 -0.030393 -0.032470 1.06835
7.728125 -0.031223 -0.033282 1.06593
7.731250 -0.032053 -0.034093 1.06364
7.734375 -0.032882 -0.034903 1.06146
7.737500 -0.033710 -0.035712 1.05939
7.740625 -0.034537 -0.036520 1.05742
7.743750 -0.035363 -0.037327 1.05554
7.746875 -0.036188 -0.038133 1.05375
7.750000 -0.037012 -0.038938 1.05203
7.753125 -0.037835 -0.039742 1.05039
7.756250 -0.038657 -0.040544 1.04882
7.759375 -0.039478 -0.041346 1.04732
7.762500 -0.040298 -0.042146 1.04587
7.765625 -0.041116 -0.042945 1.04449
7.768750 -0.041934 -0.043743 1.04315
7.771875 -0.042750 -0.044540 1.04187
7.775000 -0.043565 -0.045335 1.04064
7.778125 -0.044378 -0.046129 1.03945
7.781250 -0.045191 -0.046922 1.03831
7.784375 -0.046002 -0.047713 1.0372
7.787500 -0.046811 -0.048503 1.03613
7.790625 -0.047620 -0.049291 1.0351
7.793750 -0.048426 -0.050078 1.03411
7.796875 -0.049232 -0.050864 1.03315
7.800000 -0.050036 -0.051648 1.03221
7.803125 -0.050838 -0.052430 1.03131
7.806250 -0.051640 -0.053211 1.03044
7.809375 -0.052439 -0.053991 1.02959
7.812500 -0.053237 -0.054769 1.02877
7.815625 -0.054034 -0.055545 1.02797
7.818750 -0.054828 -0.056319 1.02719
7.821875 -0.055622 -0.057092 1.02644
7.825000 -0.056413 -0.057864 1.02571
7.828125 -0.057203 -0.058633 1.025
7.831250 -0.057991 -0.059401 1.02431
7.834375 -0.058778 -0.060167 1.02364
7.837500 -0.059563 -0.060932 1.02298
7.840625 -0.060346 -0.061694 1.02234
7.843750 -0.061127 -0.062455 1.02172
7.846875 -0.061907 -0.063214 1.02112
7.850000 -0.062685 -0.063971 1.02053
7.853125 -0.063460 -0.064727 1.01995
7.856250 -0.064235 -0.065480 1.01939
7.859375 -0.065007 -0.066232 1.01884
7.862500 -0.065777 -0.066981 1.01831
7.865625 -0.066545 -0.067729 1.01779
7.868750 -0.067312 -0.068475 1.01728
7.871875 -0.068076 -0.069218 1.01678
7.875000 -0.068839 -0.069960 1.01629
7.878125 -0.069599 -0.070700 1.01582
7.881250 -0.070358 -0.071438 1.01535
7.884375 -0.071114 -0.072173 1.01489
7.887500 -0.071869 -0.072907 1.01445
7.890625 -0.072621 -0.073639 1.01401
7.893750 -0.073371 -0.074368 1.01359
7.896875 -0.074119 -0.075095 1.01317
7.900000 -0.074865 -0.075821 1.01276
7.903125 -0.075609 -0.076544 1.01236
7.906250 -0.076351 -0.077265 1.01197
7.909375 -0.077091 -0.077983 1.01158
7.912500 -0.077828 -0.078700 1.0112
7.915625 -0.078563 -0.079414 1.01083
7.918750 -0.079296 -0.080127 1.01047
7.921875 -0.080027 -0.080836 1.01012
7.925000 -0.080755 -0.081544 1.00977
7.928125 -0.081481 -0.082249 1.00943
7.931250 -0.082205 -0.082953 1.00909
7.934375 -0.082927 -0.083653 1.00876
7.937500 -0.083646 -0.084352 1.00844
7.940625 -0.084363 -0.085048 1.00812
7.943750 -0.085078 -0.085742 1.00781
7.946875 -0.085790 -0.086433 1.0075
7.950000 -0.086500 -0.087123 1.0072
7.953125 -0.087207 -0.087809 1.00691
7.956250 -0.087912 -0.088494 1.00662
7.959375 -0.088615 -0.089176 1.00633
7.962500 -0.089315 -0.089855 1.00605
7.965625 -0.090013 -0.090532 1.00578
7.968750 -0.090708 -0.091207 1.00551
7.971875 -0.091400 -0.091880 1.00524
7.975000 -0.092091 -0.092549 1.00498
7.978125 -0.092779 -0.093217 1.00472
7.981250 -0.093464 -0.093882 1.00447
7.984375 -0.094146 -0.094544 1.00422
7.987500 -0.094827 -0.095203 1.00397
7.990625 -0.095504 -0.095860 1.00372
7.993750 -0.096179 -0.096512 1.00346
7.996875 -0.096852 -0.097161 1.00319
8.000000 -0.097522 -0.097805 1.0029
8.003125 -0.098189 -0.098443 1.00259
8.006250 -0.098852 -0.099075 1.00226
8.009375 -0.099511 -0.099700 1.00191
8.012500 -0.100164 -0.100318 1.00154
8.015625 -0.100812 -0.100928 1.00115
8.018750 -0.101454 -0.101530 1.00075
8.021875 -0.102089 -0.102123 1.00034
8.025000 -0.102716 -0.102707 0.99991
8.028125 -0.103335 -0.103280 0.99947
8.031250 -0.103945 -0.103843 0.999018
8.034375 -0.104547 -0.104396 0.998556
8.037500 -0.105138 -0.104937 0.998085
8.040625 -0.105719 -0.105466 0.997604
8.043750 -0.106290 -0.105983 0.997114
8.046875 -0.106849 -0.106488 0.996617
8.050000 -0.107397 -0.106979 0.996113
8.053125 -0.107932 -0.107458 0.995602
8.056250 -0.108456 -0.107922 0.995084
8.059375 -0.108966 -0.108373 0.994561
8.062500 -0.109463 -0.108810 0.994033
8.065625 -0.109947 -0.109232 0.9935
8.068750 -0.110417 -0.109639 0.992962
8.071875 -0.110872 -0.110032 0.99242
8.075000 -0.111313 -0.110408 0.991874
8.078125 -0.111739 -0.110770 0.991325
8.081250 -0.112150 -0.111115 0.990773
8.084375 -0.112545 -0.111444 0.990218
8.087500 -0.112925 -0.111757 0.98966
8.090625 -0.113289 -0.112054 0.9891
8.093750 -0.113637 -0.112334 0.988538
8.096875 -0.113968 -0.112597 0.987975
8.100000 -0.114283 -0.112844 0.987409
8.103125 -0.114581 -0.113073 0.986843
8.106250 -0.114862 -0.113285 0.986275
8.109375 -0.115125 -0.113480 0.985706
8.112500 -0.115372 -0.113657 0.985135
8.115625 -0.115601 -0.113817 0.984565
8.118750 -0.115813 -0.113959 0.983993
8.121875 -0.116006 -0.114083 0.98342
8.125000 -0.116182 -0.114189 0.982847
8.128125 -0.116340 -0.114278 0.982274
8.131250 -0.116480 -0.114349 0.981699
8.134375 -0.116602 -0.114401 0.981125
8.137500 -0.116706 -0.114436 0.980549
8.140625 -0.116791 -0.114453 0.979973
8.143750 -0.116859 -0.114451 0.979397
8.146875 -0.116907 -0.114431 0.97882
8.150000 -0.116938 -0.114393 0.978243
8.153125 -0.116950 -0.114338 0.977665
8.156250 -0.116943 -0.114264 0.977086
8.159375 -0.116918 -0.114171 0.976507
8.162500 -0.116875 -0.114061 0.975928
8.165625 -0.116813 -0.113933 0.975347
8.168750 -0.116732 -0.113786 0.974766
8.171875 -0.116633 -0.113622 0.974184
8.175000 -0.116516 -0.113440 0.973602
8.178125 -0.116380 -0.113240 0.973018
8.181250 -0.116226 -0.113022 0.972433
8.184375 -0.116053 -0.112786 0.971847
8.187500 -0.115862 -0.112533 0.97126
8.190625 -0.115653 -0.112261 0.970672
8.193750 -0.115426 -0.111973 0.970083
8.196875 -0.115181 -0.111667 0.969492
8.200000 -0.114917 -0.111343 0.968899
8.203125 -0.114636 -0.111003 0.968305
8.206250 -0.114337 -0.110645 0.967709
8.209375 -0.114020 -0.110270 0.967111
8.212500 -0.113685 -0.109878 0.966511
8.215625 -0.113333 -0.109469 0.965909
8.218750 -0.112963 -0.109044 0.965304
8.221875 -0.112576 -0.108601 0.964697
8.225000 -0.112171 -0.108143 0.964087
8.228125 -0.111750 -0.107668 0.963475
8.231250 -0.111311 -0.107177 0.962859
8.234375 -0.110855 -0.106669 0.962241
8.237500 -0.110383 -0.106146 0.961619
8.240625 -0.109894 -0.105607 0.960994
8.243750 -0.109388 -0.105053 0.960365
8.246875 -0.108866 -0.104483 0.959732
8.250000 -0.108328 -0.103897 0.959095
8.253125 -0.107774 -0.103296 0.958454
8.256250 -0.107204 -0.102681 0.957809
8.259375 -0.106618 -0.102050 0.957158
8.262500 -0.106016 -0.101405 0.956503
8.265625 -0.105399 -0.100745 0.955842
8.268750 -0.104767 -0.100071 0.955176
8.271875 -0.104120 -0.099383 0.954505
8.275000 -0.103457 -0.098680 0.953827
8.278125 -0.102780 -0.097964 0.953143
8.281250 -0.102088 -0.097234 0.952452
8.284375 -0.101382 -0.096490 0.951755
8.287500 -0.100661 -0.095734 0.95105
8.290625 -0.099926 -0.094964 0.950338
8.293750 -0.099178 -0.094181 0.949618
8.296875 -0.098415 -0.093385 0.948889
8.300000 -0.097639 -0.092577 0.948152
8.303125 -0.096850 -0.091756 0.947406
8.306250 -0.096048 -0.090924 0.94665
8.309375 -0.095232 -0.090079 0.945885
8.312500 -0.094404 -0.089222 0.945109
8.315625 -0.093563 -0.088354 0.944322
8.318750 -0.092710 -0.087474 0.943524
8.321875 -0.091844 -0.086583 0.942715
8.325000 -0.090967 -0.085681 0.941892
8.328125 -0.090078 -0.084768 0.941057
8.331250 -0.089177 -0.083845 0.940209
8.334375 -0.088264 -0.082911 0.939346
8.337500 -0.087341 -0.081967 0.938468
8.340625 -0.086406 -0.081012 0.937575
8.343750 -0.085461 -0.080048 0.936666
8.346875 -0.084505 -0.079074 0.93574
8.350000 -0.083538 -0.078091 0.934796
8.353125 -0.082561 -0.077099 0.933834
8.356250 -0.081575 -0.076097 0.932851
8.359375 -0.080578 -0.075087 0.931849
8.362500 -0.079572 -0.074068 0.930825
8.365625 -0.078556 -0.073040 0.929779
8.368750 -0.077532 -0.072004 0.928709
8.371875 -0.076498 -0.070960 0.927614
8.375000 -0.075455 -0.069909 0.926493
8.378125 -0.074404 -0.068849 0.925345
8.381250 -0.073345 -0.067783 0.924168
8.384375 -0.072277 -0.066709 0.92296
8.387500 -0.071201 -0.065628 0.921721
8.390625 -0.070118 -0.064540 0.920448
8.393750 -0.069027 -0.063445 0.919139
8.396875 -0.067928 -0.062344 0.917793
8.400000 -0.066823 -0.061237 0.916407
8.403125 -0.065710 -0.060124 0.914979
8.406250 -0.064591 -0.059004 0.913506
8.409375 -0.063465 -0.057880 0.911987
8.412500 -0.062333 -0.056749 0.910418
8.415625 -0.061195 -0.055614 0.908795
8.418750 -0.060051 -0.054473 0.907117
8.421875 -0.058901 -0.053327 0.905379
8.425000 -0.057745 -0.052177 0.903577
8.428125 -0.056584 -0.051023 0.901707
8.431250 -0.055418 -0.049863 0.899765
8.434375 -0.054247 -0.048700 0.897745
8.437500 -0.053072 -0.047533 0.895642
8.440625 -0.051892 -0.046363 0.893451
8.443750 -0.050707 -0.045188 0.891164
8.446875 -0.049518 -0.044011 0.888775
8.450000 -0.048325 -0.042830 0.886275
8.453125 -0.047129 -0.041646 0.883657
8.456250 -0.045929 -0.040459 0.880909
8.459375 -0.044725 -0.039270 0.878023
8.462500 -0.043519 -0.038078 0.874985
8.465625 -0.042309 -0.036884 0.871783
8.468750 -0.041096 -0.035688 0.868401
8.471875 -0.039881 -0.034490 0.864823
8.475000 -0.038664 -0.033291 0.861031
8.478125 -0.037444 -0.032089 0.857003
8.481250 -0.036222 -0.030887 0.852715
8.484375 -0.034998 -0.029683 0.84814
8.487500 -0.033772 -0.028478 0.843246
8.490625 -0.032545 -0.027273 0.837997
8.493750 -0.031316 -0.026066 0.832351
8.496875 -0.030087 -0.024859 0.82626
8.500000 -0.028856 -0.023652 0.819666
8.503125 -0.027624 -0.022445 0.812503
8.506250 -0.026392 -0.021238 0.804692
8.509375 -0.025159 -0.020030 0.796137
8.512500 -0.023926 -0.018823 0.786725
8.515625 -0.022693 -0.017617 0.776315
8.518750 -0.021460 -0.016411 0.764738
8.521875 -0.020227 -0.015206 0.751783
8.525000 -0.018994 -0.014002 0.737181
8.528125 -0.017762 -0.012799 0.720594
8.531250 -0.016531 -0.011598 0.701582
8.534375 -0.015300 -0.010397 0.679565
8.537500 -0.014070 -0.009199 0.65376
8.540625 -0.012842 -0.008002 0.623091
8.543750 -0.011615 -0.006807 0.586028
8.546875 -0.010389 -0.005613 0.540324
8.550000 -0.009165 -0.004422 0.482543
8.553125 -0.007943 -0.003234 0.407147
8.556250 -0.006722 -0.002048 0.3046
8.559375 -0.005504 -0.000864 0.156971
8.562500 -0.004288 0.000317 -0.0739196
8.565625 -0.003074 0.001495 -0.486318
8.568750 -0.001863 0.002670 -1.43325
8.571875 -0.000654 0.003842 -5.87087
8.575000 0.000551 0.005011 9.08857
8.578125 0.001754 0.006176 3.52084
8.581250 0.002954 0.007338 2.48413
8.584375 0.004150 0.008496 2.04702
8.587500 0.005343 0.009650 1.80596
8.590625 0.006533 0.010800 1.65319
8.593750 0.007719 0.011947 1.54769
8.596875 0.008901 0.013089 1.47044
8.600000 0.010080 0.014227 1.41143
8.603125 0.011254 0.015361 1.36487
8.606250 0.012424 0.016490 1.32718
8.609375 0.013590 0.017614 1.29605
8.612500 0.014752 0.018734 1.2699
8.615625 0.015909 0.019848 1.24761
8.618750 0.017062 0.020958 1.22838
8.621875 0.018209 0.022063 1.21163
8.625000 0.019352 0.023163 1.19689
8.628125 0.020490 0.024257 1.18383
8.631250 0.021623 0.025346 1.17216
8.634375 0.022751 0.026429 1.16168
8.637500 0.023873 0.027507 1.15222
8.640625 0.024990 0.028579 1.14362
8.643750 0.026101 0.029645 1.13578
8.646875 0.027207 0.030705 1.12859
8.650000 0.028307 0.031759 1.12198
8.653125 0.029401 0.032808 1.11588
8.656250 0.030489 0.033850 1.11023
8.659375 0.031571 0.034885 1.10498
8.662500 0.032647 0.035915 1.10009
8.665625 0.033717 0.036937 1.09553
8.668750 0.034780 0.037954 1.09126
8.671875 0.035837 0.038963 1.08725
8.675000 0.036887 0.039966 1.08347
8.678125 0.037931 0.040962 1.07992
8.681250 0.038968 0.041952 1.07656
8.684375 0.039998 0.042934 1.07339
8.687500 0.041022 0.043909 1.07039
8.690625 0.042038 0.044877 1.06753
8.693750 0.043047 0.045838 1.06482
8.696875 0.044050 0.046791 1.06224
8.700000 0.045045 0.047738 1.05978
8.703125 0.046033 0.048676 1.05744
8.706250 0.047013 0.049608 1.05519
8.709375 0.047986 0.050531 1.05305
8.712500 0.048951 0.051448 1.051
8.715625 0.049909 0.052356 1.04903
8.718750 0.050859 0.053257 1.04714
8.721875 0.051802 0.054149 1.04532
8.725000 0.052736 0.055034 1.04357
8.728125 0.053663 0.055911 1.04189
8.731250 0.054582 0.056780 1.04027
8.734375 0.055493 0.057641 1.03871
8.737500 0.056395 0.058494 1.03721
8.740625 0.057290 0.059338 1.03575
8.743750 0.058177 0.060175 1.03435
8.746875 0.059055 0.061003 1.03299
8.750000 0.059925 0.061823 1.03167
8.753125 0.060786 0.062634 1.03039
8.756250 0.061639 0.063437 1.02916
8.759375 0.062484 0.064231 1.02796
8.762500 0.063320 0.065017 1.0268
8.765625 0.064148 0.065794 1.02567
8.768750 0.064967 0.066563 1.02457
8.771875 0.065777 0.067323 1.0235
8.775000 0.066579 0.068075 1.02247
8.778125 0.067372 0.068817 1.02146
8.781250 0.068156 0.069551 1.02047
8.784375 0.068931 0.070276 1.01951
8.787500 0.069697 0.070992 1.01858
8.790625 0.070455 0.071700 1.01767
8.793750 0.071203 0.072398 1.01678
8.796875 0.071943 0.073088 1.01591
8.800000 0.072673 0.073768 1.01506
8.803125 0.073395 0.074439 1.01424
8.806250 0.074107 0.075102 1.01343
8.809375 0.074810 0.075755 1.01264
8.812500 0.075504 0.076400 1.01186
8.815625 0.076189 0.077035 1.0111
8.818750 0.076864 0.077661 1.01036
8.821875 0.077530 0.078278 1.00964
8.825000 0.078187 0.078885 1.00892
8.828125 0.078835 0.079484 1.00823
8.831250 0.079473 0.080073 1.00754
8.834375 0.080102 0.080653 1.00687
8.837500 0.080722 0.081224 1.00621
8.840625 0.081332 0.081785 1.00557
8.843750 0.081933 0.082337 1.00493
8.846875 0.082524 0.082880 1.00431
8.850000 0.083106 0.083414 1.0037
8.853125 0.083679 0.083938 1.0031
8.856250 0.084242 0.084453 1.0025
8.859375 0.084795 0.084958 1.00192
8.862500 0.085339 0.085454 1.00135
8.865625 0.085873 0.085941 1.00079
8.868750 0.086398 0.086418 1.00023
8.871875 0.086914 0.086886 0.999686
8.875000 0.087419 0.087345 0.999149
8.878125 0.087916 0.087794 0.998619
8.881250 0.088402 0.088234 0.998097
8.884375 0.088879 0.088664 0.997583
8.887500 0.089347 0.089085 0.997076
8.890625 0.089805 0.089497 0.996576
8.893750 0.090253 0.089899 0.996082
8.896875 0.090691 0.090292 0.995595
8.900000 0.091121 0.090675 0.995115
8.903125 0.091540 0.091049 0.99464
8.906250 0.091950 0.091414 0.994171
8.909375 0.092350 0.091769 0.993709
8.912500 0.092741 0.092115 0.993251
8.915625 0.093122 0.092452 0.9928
8.918750 0.093494 0.092779 0.992353
8.921875 0.093856 0.093096 0.991911
8.925000 0.094208 0.093405 0.991475
8.928125 0.094551 0.093704 0.991043
8.931250 0.094884 0.093994 0.990615
8.934375 0.095208 0.094274 0.990192
8.937500 0.095522 0.094545 0.989774
8.940625 0.095826 0.094807 0.989359
8.943750 0.096122 0.095059 0.988949
8.946875 0.096407 0.095303 0.988542
8.950000 0.096683 0.095537 0.988139
8.953125 0.096950 0.095761 0.98774
8.956250 0.097207 0.095977 0.987345
8.959375 0.097455 0.096183 0.986953
8.962500 0.097693 0.096380 0.986564
8.965625 0.097922 0.096568 0.986178
8.968750 0.098141 0.096747 0.985795
8.971875 0.098351 0.096917 0.985416
8.975000 0.098552 0.097078 0.985039
8.978125 0.098743 0.097229 0.984665
8.981250 0.098925 0.097372 0.984294
8.984375 0.099098 0.097505 0.983925
8.987500 0.099261 0.097629 0.983559
8.990625 0.099415 0.097745 0.983195
8.993750 0.099560 0.097851 0.982834
8.996875 0.099696 0.097949 0.982474
9.000000 0.099823 0.098037 0.982117
9.003125 0.099940 0.098117 0.981762
9.006250 0.100048 0.098188 0.981409
9.009375 0.100147 0.098250 0.981058
9.012500 0.100237 0.098303 0.980709
9.015625 0.100318 0.098348 0.980361
9.018750 0.100390 0.098383 0.980015
9.021875 0.100452 0.098410 0.979671
9.025000 0.100506 0.098429 0.979328
9.028125 0.100551 0.098438 0.978986
9.031250 0.100587 0.098439 0.978646
9.034375 0.100614 0.098431 0.978307
9.037500 0.100632 0.098415 0.97797
9.040625 0.100642 0.098391 0.977633
9.043750 0.100642 0.098357 0.977298
9.046875 0.100634 0.098316 0.976964
9.050000 0.100617 0.098266 0.976631
9.053125 0.100591 0.098207 0.976298
9.056250 0.100557 0.098140 0.975966
9.059375 0.100514 0.098065 0.975635
9.062500 0.100463 0.097982 0.975305
9.065625 0.100403 0.097890 0.974976
9.068750 0.100334 0.097790 0.974647
9.071875 0.100257 0.097682 0.974318
9.075000 0.100171 0.097566 0.97399
9.078125 0.100077 0.097441 0.973662
9.081250 0.099975 0.097309 0.973335
9.084375 0.099864 0.097169 0.973007
9.087500 0.099745 0.097020 0.97268
9.090625 0.099618 0.096864 0.972353
9.093750 0.099482 0.096700 0.972026
9.096875 0.099339 0.096527 0.971699
9.100000 0.099187 0.096347 0.971372
9.103125 0.099027 0.096160 0.971045
9.106250 0.098859 0.095964 0.970717
9.109375 0.098683 0.095761 0.97039
9.112500 0.098499 0.095550 0.970062
9.115625 0.098307 0.095332 0.969733
9.118750 0.098107 0.095106 0.969404
9.121875 0.097900 0.094872 0.969075
9.125000 0.097684 0.094631 0.968745
9.128125 0.097461 0.094383 0.968414
9.131250 0.097230 0.094127 0.968083
9.134375 0.096992 0.093864 0.96775
9.137500 0.096745 0.093593 0.967417
9.140625 0.096491 0.093315 0.967083
9.143750 0.096230 0.093030 0.966748
9.146875 0.095961 0.092738 0.966412
9.150000 0.095685 0.092439 0.966075
9.153125 0.095401 0.092132 0.965736
9.156250 0.095110 0.091819 0.965396
9.159375 0.094811 0.091498 0.965055
9.162500 0.094506 0.091171 0.964712
9.165625 0.094193 0.090837 0.964368
9.168750 0.093873 0.090495 0.964022
9.171875 0.093545 0.090147 0.963675
9.175000 0.093211 0.089793 0.963325
9.178125 0.092870 0.089431 0.962974
9.181250 0.092521 0.089063 0.962621
9.184375 0.092166 0.088688 0.962266
9.187500 0.091804 0.088307 0.961909
9.190625 0.091435 0.087919 0.96155
9.193750 0.091059 0.087525 0.961188
9.196875 0.090677 0.087124 0.960824
9.200000 0.090287 0.086717 0.960458
9.203125 0.089891 0.086304 0.960088
9.206250 0.089489 0.085884 0.959717
9.209375 0.089080 0.085458 0.959342
9.212500 0.088664 0.085026 0.958965
9.215625 0.088242 0.084588 0.958585
9.218750 0.087814 0.084143 0.958201
9.221875 0.087379 0.083693 0.957815
9.225000 0.086938 0.083236 0.957425
9.228125 0.086490 0.082774 0.957031
9.231250 0.086037 0.082306 0.956635
9.234375 0.085577 0.081832 0.956234
9.237500 0.085111 0.081352 0.95583
9.240625 0.084640 0.080866 0.955421
9.243750 0.084162 0.080375 0.955009
9.246875 0.083678 0.079878 0.954592
9.250000 0.083188 0.079376 0.954171
9.253125 0.082693 0.078868 0.953746
9.256250 0.082191 0.078354 0.953316
9.259375 0.081684 0.077835 0.952881
9.262500 0.081171 0.077311 0.952441
9.265625 0.080653 0.076781 0.951996
9.268750 0.080129 0.076246 0.951546
9.271875 0.079599 0.075706 0.95109
9.275000 0.079064 0.075161 0.950629
9.278125 0.078524 0.074610 0.950161
9.281250 0.077978 0.074054 0.949688
9.284375 0.077426 0.073494 0.949208
9.287500 0.076870 0.072928 0.948722
9.290625 0.076308 0.072357 0.948229
9.293750 0.075741 0.071782 0.947729
9.296875 0.075169 0.071202 0.947222
9.300000 0.074592 0.070617 0.946708
9.303125 0.074009 0.070027 0.946185
9.306250 0.073422 0.069432 0.945655
9.309375 0.072830 0.068833 0.945117
9.312500 0.072233 0.068229 0.94457
9.315625 0.071631 0.067621 0.944015
9.318750 0.071025 0.067008 0.94345
9.321875 0.070413 0.066391 0.942876
9.325000 0.069797 0.065769 0.942292
9.328125 0.069177 0.065143 0.941698
9.331250 0.068551 0.064513 0.941093
9.334375 0.067922 0.063879 0.940478
9.337500 0.067288 0.063240 0.939851
9.340625 0.066649 0.062598 0.939212
9.343750 0.066006 0.061951 0.938562
9.346875 0.065359 0.061300 0.937899
9.350000 0.064707 0.060645 0.937222
9.353125 0.064051 0.059986 0.936532
9.356250 0.063391 0.059324 0.935828
9.359375 0.062727 0.058657 0.93511
9.362500 0.062059 0.057987 0.934376
9.365625 0.061387 0.057313 0.933626
9.368750 0.060711 0.056635 0.93286
9.371875 0.060031 0.055954 0.932076
9.375000 0.059347 0.055269 0.931275
9.378125 0.058660 0.054580 0.930455
9.381250 0.057968 0.053888 0.929615
9.384375 0.057273 0.053193 0.928755
9.387500 0.056575 0.052494 0.927875
9.390625 0.055872 0.051792 0.926972
9.393750 0.055166 0.051087 0.926046
9.396875 0.054457 0.050378 0.925096
9.400000 0.053744 0.049666 0.924121
9.403125 0.053028 0.048951 0.923119
9.406250 0.052308 0.048233 0.92209
9.409375 0.051585 0.047512 0.921032
9.412500 0.050859 0.046787 0.919944
9.415625 0.050130 0.046060 0.918825
9.418750 0.049397 0.045330 0.917672
9.421875 0.048661 0.044597 0.916484
9.425000 0.047923 0.043862 0.915259
9.428125 0.047181 0.043123 0.913996
9.431250 0.046436 0.042382 0.912692
9.434375 0.045688 0.041638 0.911345
9.437500 0.044938 0.040891 0.909953
9.440625 0.044185 0.040142 0.908513
9.443750 0.043429 0.039391 0.907023
9.446875 0.042670 0.038637 0.905479
9.450000 0.041908 0.037880 0.903879
9.453125 0.041144 0.037121 0.90222
9.456250 0.040377 0.036360 0.900496
9.459375 0.039608 0.035596 0.898706
9.462500 0.038836 0.034830 0.896844
9.465625 0.038062 0.034062 0.894905
9.468750 0.037286 0.033292 0.892885
9.471875 0.036507 0.032519 0.890779
9.475000 0.035725 0.031745 0.888579
9.478125 0.034942 0.030968 0.886281
9.481250 0.034156 0.030190 0.883875
9.484375 0.033369 0.029410 0.881356
9.487500 0.032579 0.028627 0.878713
9.490625 0.031787 0.027843 0.875938
9.493750 0.030992 0.027057 0.873019
9.496875 0.030196 0.026269 0.869945
9.500000 0.029398 0.025480 0.866704
9.503125 0.028599 0.024689 0.86328
9.506250 0.027797 0.023896 0.859657
9.509375 0.026993 0.023101 0.855816
9.512500 0.026188 0.022305 0.851738
9.515625 0.025381 0.021508 0.847399
9.518750 0.024573 0.020709 0.842773
9.521875 0.023762 0.019909 0.837828
9.525000 0.022950 0.019107 0.832532
9.528125 0.022137 0.018304 0.826845
9.531250 0.021322 0.017500 0.820719
9.534375 0.020506 0.016694 0.814104
9.537500 0.019688 0.015887 0.806936
9.540625 0.018869 0.015079 0.799142
9.543750 0.018049 0.014270 0.790636
9.546875 0.017227 0.013460 0.781314
9.550000 0.016404 0.012648 0.771053
9.553125 0.015580 0.011836 0.759701
9.556250 0.014755 0.011023 0.747073
9.559375 0.013928 0.010209 0.732941
9.562500 0.013101 0.009394 0.717017
9.565625 0.012273 0.008578 0.698936
9.568750 0.011443 0.007761 0.678223
9.571875 0.010613 0.006943 0.654259
9.575000 0.009781 0.006125 0.62621
9.578125 0.008949 0.005306 0.59293
9.581250 0.008116 0.004487 0.552801
9.584375 0.007282 0.003666 0.503463
9.587500 0.006448 0.002846 0.441327
9.590625 0.005613 0.002024 0.360665
9.593750 0.004777 0.001202 0.251729
9.596875 0.003940 0.000380 0.096477
9.600000 0.003103 -0.000443 -0.142628
9.603125 0.002265 -0.001266 -0.558702
9.606250 0.001427 -0.002089 -1.46375
9.609375 0.000589 -0.002913 -4.9486
9.612500 -0.000250 -0.003737 14.9228
9.615625 -0.001090 -0.004561 4.18516
9.618750 -0.001930 -0.005386 2.79103
9.621875 -0.002770 -0.006211 2.2422
9.625000 -0.003610 -0.007035 1.94871
9.628125 -0.004451 -0.007860 1.76599
9.631250 -0.005292 -0.008685 1.64127
9.634375 -0.006133 -0.009511 1.55072
9.637500 -0.006974 -0.010336 1.48197
9.640625 -0.007815 -0.011161 1.428
9.643750 -0.008657 -0.011985 1.38451
9.646875 -0.009498 -0.012810 1.3487
9.650000 -0.010340 -0.013635 1.31871
9.653125 -0.011181 -0.014460 1.29322
9.656250 -0.012022 -0.015284 1.27129
9.659375 -0.012863 -0.016108 1.25222
9.662500 -0.013705 -0.016932 1.23548
9.665625 -0.014545 -0.017755 1.22068
9.668750 -0.015386 -0.018578 1.20748
9.671875 -0.016226 -0.019401 1.19565
9.675000 -0.017066 -0.020223 1.18498
9.678125 -0.017906 -0.021045 1.17531
9.681250 -0.018746 -0.021867 1.1665
9.684375 -0.019585 -0.022688 1.15844
9.687500 -0.020423 -0.023508 1.15105
9.690625 -0.021262 -0.024328 1.14423
9.693750 -0.022099 -0.025147 1.13793
9.696875 -0.022937 -0.025966 1.13208
9.700000 -0.023773 -0.026784 1.12665
9.703125 -0.024609 -0.027601 1.12159
9.706250 -0.025445 -0.028418 1.11685
9.709375 -0.026280 -0.029234 1.11242
9.712500 -0.027114 -0.030049 1.10826
9.715625 -0.027947 -0.030863 1.10434
9.718750 -0.028780 -0.031677 1.10065
9.721875 -0.029612 -0.032489 1.09717
9.725000 -0.030443 -0.033301 1.09388
9.728125 -0.031274 -0.034112 1.09076
9.731250 -0.032103 -0.034922 1.0878
9.734375 -0.032932 -0.035731 1.08499
9.737500 -0.033760 -0.036539 1.08232
9.740625 -0.034586 -0.037345 1.07977
9.743750 -0.035412 -0.038151 1.07734
9.746875 -0.036237 -0.038956 1.07503
9.750000 -0.037061 -0.039759 1.07281
9.753125 -0.037884 -0.040562 1.0707
9.756250 -0.038705 -0.041363 1.06867
9.759375 -0.039526 -0.042163 1.06673
9.762500 -0.040345 -0.042962 1.06486
9.765625 -0.041164 -0.043760 1.06307
9.768750 -0.041981 -0.044556 1.06135
9.771875 -0.042797 -0.045351 1.05969
9.775000 -0.043611 -0.046145 1.0581
9.778125 -0.044425 -0.046938 1.05656
9.781250 -0.045237 -0.047729 1.05508
9.784375 -0.046048 -0.048518 1.05365
9.787500 -0.046857 -0.049307 1.05227
9.790625 -0.047665 -0.050093 1.05094
9.793750 -0.048472 -0.050879 1.04965
9.796875 -0.049277 -0.051663 1.04841
9.800000 -0.050081 -0.052445 1.0472
9.803125 -0.050883 -0.053226 1.04604
9.806250 -0.051684 -0.054005 1.04491
9.809375 -0.052484 -0.054783 1.04381
9.812500 -0.053281 -0.055559 1.04275
9.815625 -0.054078 -0.056333 1.04171
9.818750 -0.054872 -0.057106 1.04071
9.821875 -0.055665 -0.057877 1.03974
9.825000 -0.056457 -0.058647 1.03879
9.828125 -0.057246 -0.059414 1.03787
9.831250 -0.058034 -0.060180 1.03698
9.834375 -0.058821 -0.060945 1.03611
9.837500 -0.059605 -0.061707 1.03526
9.840625 -0.060388 -0.062468 1.03443
9.843750 -0.061169 -0.063227 1.03363
9.846875 -0.061949 -0.063984 1.03285
9.850000 -0.062726 -0.064739 1.03208
9.853125 -0.063502 -0.065492 1.03134
9.856250 -0.064276 -0.066243 1.03061
9.859375 -0.065048 -0.066993 1.0299
9.862500 -0.065818 -0.067740 1.02921
9.865625 -0.066586 -0.068486 1.02853
9.868750 -0.067352 -0.069230 1.02787
9.871875 -0.068116 -0.069971 1.02723
9.875000 -0.068879 -0.070711 1.0266
9.878125 -0.069639 -0.071448 1.02598
9.881250 -0.070397 -0.072184 1.02538
9.884375 -0.071154 -0.072917 1.02479
9.887500 -0.071908 -0.073649 1.02421
9.890625 -0.072660 -0.074378 1.02364
9.893750 -0.073410 -0.075105 1.02309
9.896875 -0.074158 -0.075830 1.02255
9.900000 -0.074904 -0.076553 1.02202
9.903125 -0.075648 -0.077274 1.0215
9.906250 -0.076389 -0.077993 1.02099
9.909375 -0.077129 -0.078709 1.02049
9.912500 -0.077866 -0.079423 1.02
9.915625 -0.078601 -0.080135 1.01952
9.918750 -0.079334 -0.080845 1.01905
9.921875 -0.080064 -0.081552 1.01859
9.925000 -0.080792 -0.082258 1.01814
9.928125 -0.081518 -0.082961 1.01769
9.931250 -0.082242 -0.083661 1.01726
9.934375 -0.082963 -0.084360 1.01683
9.937500 -0.083682 -0.085056 1.01641
9.940625 -0.084399 -0.085749 1.016
9.943750 -0.085114 -0.086441 1.01559
9.946875 -0.085826 -0.087130 1.0152
9.950000 -0.086535 -0.087817 1.01481
9.953125 -0.087242 -0.088501 1.01443
9.956250 -0.087947 -0.089183 1.01405
9.959375 -0.088650 -0.089863 1.01368
9.962500 -0.089350 -0.090540 1.01332
9.965625 -0.090047 -0.091215 1.01296
9.968750 -0.090742 -0.091887 1.01261
9.971875 -0.091435 -0.092557 1.01227
9.975000 -0.092125 -0.093224 1.01193
9.978125 -0.092813 -0.093889 1.0116
9.981250 -0.093498 -0.094552 1.01127
9.984375 -0.094180 -0.095211 1.01095
9.987500 -0.094860 -0.095867 1.01062
9.990625 -0.095538 -0.096520 1.01028
9.993750 -0.096213 -0.097168 1.00994
9.996875 -0.096885 -0.097812 1.00957
10.000000 -0.097555 -0.098450 1.00918
10.003125 -0.098221 -0.099082 1.00876
10.006250 -0.098884 -0.099708 1.00833
10.009375 -0.099543 -0.100326 1.00786
10.012500 -0.100197 -0.100936 1.00738
10.015625 -0.100844 -0.101538 1.00688
10.018750 -0.101486 -0.102131 1.00635
10.021875 -0.102121 -0.102714 1.00582
10.025000 -0.102748 -0.103288 1.00526
10.028125 -0.103366 -0.103851 1.00469
10.031250 -0.103977 -0.104404 1.00411
10.034375 -0.104578 -0.104945 1.00351
10.037500 -0.105169 -0.105475 1.00291
10.040625 -0.105750 -0.105992 1.00229
10.043750 -0.106320 -0.106497 1.00166
10.046875 -0.106880 -0.106989 1.00102
10.050000 -0.107427 -0.107468 1.00038
10.053125 -0.107963 -0.107933 0.999723
10.056250 -0.108486 -0.108384 0.999062
10.059375 -0.108996 -0.108821 0.998394
10.062500 -0.109493 -0.109243 0.99772
10.065625 -0.109977 -0.109651 0.997041
10.068750 -0.110446 -0.110044 0.996356
10.071875 -0.110901 -0.110421 0.995666
10.075000 -0.111342 -0.110782 0.994972
10.078125 -0.111768 -0.111128 0.994275
10.081250 -0.112179 -0.111458 0.993573
10.084375 -0.112574 -0.111771 0.992869
10.087500 -0.112954 -0.112068 0.992162
10.090625 -0.113317 -0.112349 0.991452
10.093750 -0.113665 -0.112613 0.990741
10.096875 -0.113996 -0.112859 0.990027
10.100000 -0.114311 -0.113089 0.989312
10.103125 -0.114609 -0.113301 0.988595
10.106250 -0.114889 -0.113497 0.987877
10.109375 -0.115153 -0.113674 0.987158
10.112500 -0.115399 -0.113834 0.986438
10.115625 -0.115628 -0.113977 0.985717
10.118750 -0.115840 -0.114102 0.984996
10.121875 -0.116033 -0.114209 0.984273
10.125000 -0.116209 -0.114298 0.98355
10.128125 -0.116367 -0.114369 0.982827
10.131250 -0.116507 -0.114422 0.982103
10.134375 -0.116629 -0.114457 0.981379
10.137500 -0.116732 -0.114474 0.980654
10.140625 -0.116818 -0.114473 0.979929
10.143750 -0.116885 -0.114454 0.979203
10.146875 -0.116933 -0.114417 0.978477
10.150000 -0.116964 -0.114361 0.97775
10.153125 -0.116975 -0.114288 0.977023
10.156250 -0.116969 -0.114196 0.976295
10.159375 -0.116944 -0.114086 0.975567
10.162500 -0.116900 -0.113959 0.974838
10.165625 -0.116838 -0.113813 0.974109
10.168750 -0.116757 -0.113649 0.973378
10.171875 -0.116658 -0.113467 0.972647
10.175000 -0.116541 -0.113268 0.971915
10.178125 -0.116405 -0.113050 0.971182
10.181250 -0.116250 -0.112815 0.970447
10.184375 -0.116078 -0.112562 0.969712
10.187500 -0.115887 -0.112291 0.968975
10.190625 -0.115678 -0.112003 0.968236
10.193750 -0.115450 -0.111698 0.967496
10.196875 -0.115205 -0.111375 0.966755
10.200000 -0.114941 -0.111035 0.966011
10.203125 -0.114660 -0.110677 0.965266
10.206250 -0.114360 -0.110303 0.964518
10.209375 -0.114043 -0.109911 0.963768
10.212500 -0.113709 -0.109503 0.963015
10.215625 -0.113356 -0.109078 0.96226
10.218750 -0.112986 -0.108636 0.961502
10.221875 -0.112599 -0.108178 0.960741
10.225000 -0.112194 -0.107704 0.959977
10.228125 -0.111772 -0.107213 0.959209
10.231250 -0.111334 -0.106706 0.958438
10.234375 -0.110878 -0.106184 0.957663
10.237500 -0.110406 -0.105645 0.956884
10.240625 -0.109916 -0.105091 0.956101
10.243750 -0.109411 -0.104521 0.955313
10.246875 -0.108889 -0.103936 0.95452
10.250000 -0.108350 -0.103336 0.953722
10.253125 -0.107796 -0.102721 0.952919
10.256250 -0.107226 -0.102091 0.952111
10.259375 -0.106640 -0.101446 0.951297
10.262500 -0.106038 -0.100787 0.950476
10.265625 -0.105421 -0.100113 0.949649
10.268750 -0.104789 -0.099425 0.948815
10.271875 -0.104141 -0.098723 0.947975
10.275000 -0.103478 -0.098007 0.947126
10.278125 -0.102801 -0.097278 0.94627
10.281250 -0.102109 -0.096534 0.945406
10.284375 -0.101403 -0.095778 0.944533
10.287500 -0.100682 -0.095009 0.943651
10.290625 -0.099947 -0.094226 0.94276
10.293750 -0.099198 -0.093431 0.941858
10.296875 -0.098436 -0.092623 0.940947
10.300000 -0.097660 -0.091803 0.940025
10.303125 -0.096871 -0.090970 0.939091
10.306250 -0.096068 -0.090126 0.938146
10.309375 -0.095252 -0.089269 0.937188
10.312500 -0.094424 -0.088401 0.936217
10.315625 -0.093583 -0.087522 0.935233
10.318750 -0.092730 -0.086631 0.934235
10.321875 -0.091864 -0.085730 0.933222
10.325000 -0.090987 -0.084817 0.932194
10.328125 -0.090097 -0.083894 0.931149
10.331250 -0.089196 -0.082960 0.930088
10.334375 -0.088284 -0.082016 0.929009
10.337500 -0.087360 -0.081062 0.927911
10.340625 -0.086425 -0.080098 0.926794
10.343750 -0.085480 -0.079125 0.925657
10.346875 -0.084524 -0.078142 0.924499
10.350000 -0.083557 -0.077150 0.923319
10.353125 -0.082580 -0.076148 0.922115
10.356250 -0.081593 -0.075138 0.920887
10.359375 -0.080597 -0.074119 0.919634
10.362500 -0.079590 -0.073092 0.918353
10.365625 -0.078575 -0.072057 0.917045
10.368750 -0.077550 -0.071013 0.915707
10.371875 -0.076516 -0.069962 0.914338
10.375000 -0.075473 -0.068902 0.912937
10.378125 -0.074422 -0.067836 0.911501
10.381250 -0.073363 -0.066762 0.910029
10.384375 -0.072295 -0.065681 0.90852
10.387500 -0.071219 -0.064593 0.90697
10.390625 -0.070135 -0.063499 0.905378
10.393750 -0.069044 -0.062398 0.903742
10.396875 -0.067946 -0.061291 0.902058
10.400000 -0.066840 -0.060178 0.900326
10.403125 -0.065728 -0.059059 0.89854
10.406250 -0.064608 -0.057934 0.896699
10.409375 -0.063482 -0.056804 0.8948
10.412500 -0.062350 -0.055669 0.892838
10.415625 -0.061212 -0.054528 0.890809
10.418750 -0.060068 -0.053383 0.888711
10.421875 -0.058918 -0.052233 0.886538
10.425000 -0.057762 -0.051078 0.884285
10.428125 -0.056601 -0.049919 0.881947
10.431250 -0.055435 -0.048756 0.879519
10.434375 -0.054264 -0.047589 0.876993
10.437500 -0.053088 -0.046418 0.874365
10.440625 -0.051908 -0.045244 0.871625
10.443750 -0.050723 -0.044067 0.868766
10.446875 -0.049534 -0.042886 0.865779
10.450000 -0.048342 -0.041702 0.862654
10.453125 -0.047145 -0.040515 0.85938
10.456250 -0.045945 -0.039326 0.855945
10.459375 -0.044741 -0.038135 0.852336
10.462500 -0.043534 -0.036941 0.848538
10.465625 -0.042325 -0.035745 0.844535
10.468750 -0.041112 -0.034547 0.840307
10.471875 -0.039897 -0.033347 0.835834
10.475000 -0.038679 -0.032146 0.831094
10.478125 -0.037459 -0.030943 0.826058
10.481250 -0.036237 -0.029740 0.820697
10.484375 -0.035013 -0.028535 0.814978
10.487500 -0.033787 -0.027329 0.80886
10.490625 -0.032560 -0.026123 0.802298
10.493750 -0.031331 -0.024916 0.79524
10.496875 -0.030102 -0.023709 0.787626
10.500000 -0.028871 -0.022501 0.779385
10.503125 -0.027639 -0.021294 0.770432
10.506250 -0.026407 -0.020087 0.760668
10.509375 -0.025174 -0.018880 0.749976
10.512500 -0.023941 -0.017673 0.738212
10.515625 -0.022708 -0.016468 0.725203
10.518750 -0.021474 -0.015263 0.710736
10.521875 -0.020241 -0.014059 0.694547
10.525000 -0.019009 -0.012856 0.676302
10.528125 -0.017776 -0.011654 0.655579
10.531250 -0.016545 -0.010453 0.631828
10.534375 -0.015314 -0.009255 0.604326
10.537500 -0.014084 -0.008058 0.572097
10.540625 -0.012856 -0.006862 0.533799
10.543750 -0.011629 -0.005669 0.487525
10.546875 -0.010403 -0.004478 0.430477
10.550000 -0.009179 -0.003289 0.358377
10.553125 -0.007956 -0.002103 0.264331
10.556250 -0.006736 -0.000919 0.136487
10.559375 -0.005517 0.000262 -0.0474269
10.562500 -0.004301 0.001440 -0.334746
10.565625 -0.003088 0.002615 -0.846961
10.568750 -0.001876 0.003787 -2.01839
10.571875 -0.000668 0.004956 -7.42246
10.575000 0.000538 0.006121 11.3755
10.578125 0.001741 0.007283 4.1834
10.581250 0.002941 0.008441 2.8705
10.584375 0.004137 0.009596 2.31935
10.587500 0.005331 0.010746 2.01602
10.590625 0.006520 0.011893 1.824
10.593750 0.007706 0.013035 1.69151
10.596875 0.008889 0.014173 1.59455
10.600000 0.010067 0.015307 1.5205
10.603125 0.011242 0.016436 1.4621
10.606250 0.012412 0.017561 1.41484
10.609375 0.013578 0.018681 1.37581
10.612500 0.014740 0.019796 1.34302
10.615625 0.015897 0.020906 1.31509
10.618750 0.017049 0.022011 1.291
10.621875 0.018197 0.023110 1.27
10.625000 0.019340 0.024205 1.25154
10.628125 0.020478 0.025294 1.23517
10.631250 0.021611 0.026377 1.22056
10.634375 0.022739 0.027455 1.20744
10.637500 0.023861 0.028528 1.19558
10.640625 0.024978 0.029594 1.18481
10.643750 0.026089 0.030655 1.17499
10.646875 0.027195 0.031709 1.16599
10.650000 0.028295 0.032757 1.15772
10.653125 0.029389 0.033800 1.15008
10.656250 0.030477 0.034836 1.14301
10.659375 0.031559 0.035865 1.13644
10.662500 0.032635 0.036888 1.13032
10.665625 0.033705 0.037905 1.1246
10.668750 0.034769 0.038915 1.11925
10.671875 0.035825 0.039918 1.11423
10.675000 0.036876 0.040914 1.10951
10.678125 0.037920 0.041904 1.10506
10.681250 0.038957 0.042886 1.10086
10.684375 0.039987 0.043862 1.09689
10.687500 0.041011 0.044830 1.09313
10.690625 0.042027 0.045791 1.08956
10.693750 0.043037 0.046745 1.08617
10.696875 0.044039 0.047691 1.08294
10.700000 0.045034 0.048630 1.07986
10.703125 0.046022 0.049562 1.07692
10.706250 0.047002 0.050486 1.07412
10.709375 0.047975 0.051402 1.07144
10.712500 0.048941 0.052311 1.06887
10.715625 0.049899 0.053212 1.0664
10.718750 0.050849 0.054105 1.06404
10.721875 0.051791 0.054990 1.06177
10.725000 0.052726 0.055867 1.05958
10.728125 0.053653 0.056737 1.05748
10.731250 0.054572 0.057598 1.05546
10.734375 0.055482 0.058451 1.0535
10.737500 0.056385 0.059296 1.05162
10.740625 0.057280 0.060133 1.0498
10.743750 0.058167 0.060961 1.04804
10.746875 0.059045 0.061781 1.04634
10.750000 0.059915 0.062593 1.0447
10.753125 0.060776 0.063396 1.0431
10.756250 0.061630 0.064191 1.04156
10.759375 0.062474 0.064977 1.04006
10.762500 0.063311 0.065755 1.0386
10.765625 0.064138 0.066524 1.03719
10.768750 0.064957 0.067284 1.03582
10.771875 0.065768 0.068036 1.03449
10.775000 0.066569 0.068779 1.03319
10.778125 0.067362 0.069513 1.03193
10.781250 0.068146 0.070238 1.0307
10.784375 0.068922 0.070955 1.0295
10.787500 0.069688 0.071662 1.02833
10.790625 0.070446 0.072361 1.02719
10.793750 0.071194 0.073051 1.02608
10.796875 0.071934 0.073732 1.025
10.800000 0.072664 0.074404 1.02394
10.803125 0.073385 0.075066 1.02291
10.806250 0.074098 0.075720 1.02189
10.809375 0.074801 0.076365 1.02091
10.812500 0.075495 0.077000 1.01994
10.815625 0.076180 0.077627 1.01899
10.818750 0.076855 0.078244 1.01807
10.821875 0.077522 0.078852 1.01716
10.825000 0.078179 0.079451 1.01627
10.828125 0.078826 0.080040 1.0154
10.831250 0.079465 0.080620 1.01454
10.834375 0.080094 0.081192 1.01371
10.837500 0.080713 0.081753 1.01288
10.840625 0.081324 0.082306 1.01208
10.843750 0.081924 0.082849 1.01129
10.846875 0.082516 0.083383 1.01051
10.850000 0.083098 0.083908 1.00974
10.853125 0.083670 0.084423 1.00899
10.856250 0.084233 0.084929 1.00825
10.859375 0.084787 0.085425 1.00753
10.862500 0.085331 0.085912 1.00681
10.865625 0.085865 0.086390 1.00611
10.868750 0.086390 0.086858 1.00542
10.871875 0.086905 0.087317 1.00474
10.875000 0.087411 0.087767 1.00407
10.878125 0.087907 0.088207 1.00341
10.881250 0.088394 0.088638 1.00276
10.884375 0.088871 0.089059 1.00211
10.887500 0.089339 0.089471 1.00148
10.890625 0.089797 0.089874 1.00086
10.893750 0.090245 0.090267 1.00024
10.896875 0.090684 0.090651 0.999636
10.900000 0.091113 0.091025 0.999036
10.903125 0.091532 0.091390 0.998445
10.906250 0.091942 0.091745 0.997861
10.909375 0.092343 0.092092 0.997284
10.912500 0.092733 0.092429 0.996714
10.915625 0.093114 0.092756 0.996151
10.918750 0.093486 0.093074 0.995594
10.921875 0.093848 0.093383 0.995044
10.925000 0.094200 0.093682 0.9945
10.928125 0.094543 0.093972 0.993961
10.931250 0.094877 0.094253 0.993429
10.934375 0.095200 0.094525 0.992902
10.937500 0.095514 0.094787 0.992381
10.940625 0.095819 0.095040 0.991864
10.943750 0.096114 0.095283 0.991353
10.946875 0.096400 0.095518 0.990847
10.950000 0.096676 0.095743 0.990345
10.953125 0.096943 0.095959 0.989848
10.956250 0.097200 0.096165 0.989356
10.959375 0.097448 0.096363 0.988868
10.962500 0.097686 0.096551 0.988384
10.965625 0.097915 0.096730 0.987904
10.968750 0.098134 0.096900 0.987427
10.971875 0.098344 0.097061 0.986955
10.975000 0.098545 0.097213 0.986486
10.978125 0.098736 0.097356 0.986021
10.981250 0.098918 0.097490 0.985559
10.984375 0.099091 0.097615 0.9851
10.987500 0.099255 0.097731 0.984645
10.990625 0.099409 0.097837 0.984192
10.993750 0.099554 0.097935 0.983743
10.996875 0.099689 0.098024 0.983296
11.000000 0.099816 0.098104 0.982852
11.003125 0.099933 0.098175 0.982411
11.006250 0.100041 0.098238 0.981972
11.009375 0.100140 0.098291 0.981535
11.012500 0.100230 0.098336 0.981101
11.015625 0.100311 0.098372 0.980669
11.018750 0.100383 0.098399 0.980239
11.021875 0.100446 0.098418 0.979811
11.025000 0.100500 0.098428 0.979385
11.028125 0.100545 0.098429 0.978961
11.031250 0.100581 0.098422 0.978539
11.034375 0.100608 0.098406 0.978118
11.037500 0.100626 0.098382 0.977699
11.040625 0.100635 0.098349 0.977281
11.043750 0.100636 0.098308 0.976865
11.046875 0.100628 0.098258 0.97645
11.050000 0.100611 0.098200 0.976036
11.053125 0.100585 0.098133 0.975623
11.056250 0.100551 0.098058 0.975211
11.059375 0.100508 0.097975 0.974801
11.062500 0.100457 0.097884 0.974391
11.065625 0.100397 0.097784 0.973982
11.068750 0.100328 0.097677 0.973574
11.071875 0.100251 0.097561 0.973166
11.075000 0.100165 0.097437 0.972759
11.078125 0.100071 0.097305 0.972353
11.081250 0.099969 0.097165 0.971946
11.084375 0.099858 0.097016 0.971541
11.087500 0.099739 0.096860 0.971135
11.090625 0.099612 0.096696 0.97073
11.093750 0.099477 0.096525 0.970324
11.096875 0.099333 0.096345 0.969919
11.100000 0.099181 0.096158 0.969514
11.103125 0.099021 0.095962 0.969108
11.106250 0.098853 0.095760 0.968703
11.109375 0.098678 0.095549 0.968297
11.112500 0.098494 0.095331 0.96789
11.115625 0.098302 0.095105 0.967483
11.118750 0.098102 0.094872 0.967076
11.121875 0.097894 0.094631 0.966668
11.125000 0.097679 0.094383 0.966259
11.128125 0.097456 0.094128 0.96585
11.131250 0.097225 0.093865 0.965439
11.134375 0.096986 0.093594 0.965028
11.137500 0.096740 0.093317 0.964616
11.140625 0.096486 0.093032 0.964202
11.143750 0.096225 0.092740 0.963788
11.146875 0.095956 0.092441 0.963372
11.150000 0.095680 0.092135 0.962954
11.153125 0.095396 0.091822 0.962536
11.156250 0.095105 0.091502 0.962115
11.159375 0.094806 0.091175 0.961693
11.162500 0.094501 0.090841 0.961269
11.165625 0.094188 0.090500 0.960844
11.168750 0.093868 0.090152 0.960416
11.171875 0.093540 0.089798 0.959986
11.175000 0.093206 0.089436 0.959555
11.178125 0.092865 0.089069 0.959121
11.181250 0.092516 0.088694 0.958684
11.184375 0.092161 0.088313 0.958246
11.187500 0.091799 0.087926 0.957804
11.190625 0.091430 0.087531 0.95736
11.193750 0.091054 0.087131 0.956913
11.196875 0.090672 0.086724 0.956464
11.200000 0.090282 0.086311 0.956011
11.203125 0.089887 0.085892 0.955555
11.206250 0.089484 0.085466 0.955096
11.209375 0.089075 0.085034 0.954634
11.212500 0.088659 0.084596 0.954168
11.215625 0.088237 0.084152 0.953698
11.218750 0.087809 0.083702 0.953225
11.221875 0.087374 0.083246 0.952748
11.225000 0.086933 0.082784 0.952267
11.228125 0.086486 0.082316 0.951781
11.231250 0.086032 0.081842 0.951291
11.234375 0.085573 0.081362 0.950797
11.237500 0.085107 0.080877 0.950298
11.240625 0.084635 0.080386 0.949795
11.243750 0.084157 0.079889 0.949286
11.246875 0.083673 0.079387 0.948772
11.250000 0.083184 0.078879 0.948253
11.253125 0.082688 0.078366 0.947728
11.256250 0.082187 0.077847 0.947198
11.259375 0.081680 0.077323 0.946662
11.262500 0.081167 0.076794 0.946119
11.265625 0.080648 0.076259 0.945571
11.268750 0.080124 0.075719 0.945016
11.271875 0.079595 0.075174 0.944454
11.275000 0.079060 0.074623 0.943885
11.278125 0.078519 0.074068 0.943309
11.281250 0.077973 0.073507 0.942726
11.284375 0.077422 0.072942 0.942135
11.287500 0.076866 0.072372 0.941535
11.290625 0.076304 0.071796 0.940928
11.293750 0.075737 0.071216 0.940312
11.296875 0.075165 0.070631 0.939688
11.300000 0.074588 0.070042 0.939054
11.303125 0.074005 0.069447 0.938411
11.306250 0.073418 0.068848 0.937758
11.309375 0.072826 0.068245 0.937095
11.312500 0.072229 0.067637 0.936422
11.315625 0.071627 0.067024 0.935738
11.318750 0.071021 0.066407 0.935042
11.321875 0.070409 0.065786 0.934336
11.325000 0.069793 0.065160 0.933617
11.328125 0.069173 0.064530 0.932885
11.331250 0.068548 0.063896 0.932141
11.334375 0.067918 0.063258 0.931384
11.337500 0.067284 0.062615 0.930612
11.340625 0.066645 0.061968 0.929827
11.343750 0.066002 0.061318 0.929026
11.346875 0.065355 0.060663 0.92821
11.350000 0.064703 0.060004 0.927378
11.353125 0.064048 0.059342 0.926529
11.356250 0.063388 0.058676 0.925663
11.359375 0.062724 0.058006 0.924778
11.362500 0.062056 0.057332 0.923876
11.365625 0.061384 0.056654 0.922953
11.368750 0.060708 0.055973 0.922011
11.371875 0.060028 0.055288 0.921047
11.375000 0.059344 0.054600 0.920061
11.378125 0.058656 0.053908 0.919053
11.381250 0.057965 0.053213 0.91802
11.384375 0.057270 0.052514 0.916963
11.387500 0.056571 0.051812 0.91588
11.390625 0.055869 0.051107 0.914769
11.393750 0.055163 0.050398 0.913631
11.396875 0.054453 0.049687 0.912463
11.400000 0.053741 0.048972 0.911264
11.403125 0.053024 0.048254 0.910033
11.406250 0.052305 0.047533 0.908768
11.409375 0.051582 0.046809 0.907468
11.412500 0.050856 0.046082 0.90613
11.415625 0.050126 0.045352 0.904754
11.418750 0.049394 0.044619 0.903337
11.421875 0.048658 0.043883 0.901876
11.425000 0.047919 0.043145 0.900371
11.428125 0.047178 0.042404 0.898819
11.431250 0.046433 0.041660 0.897216
11.434375 0.045685 0.040914 0.895561
11.437500 0.044935 0.040165 0.89385
11.440625 0.044181 0.039413 0.892081
11.443750 0.043425 0.038659 0.89025
11.446875 0.042666 0.037903 0.888353
11.450000 0.041905 0.037144 0.886387
11.453125 0.041141 0.036383 0.884348
11.456250 0.040374 0.035619 0.882231
11.459375 0.039605 0.034854 0.880031
11.462500 0.038833 0.034086 0.877743
11.465625 0.038059 0.033315 0.875362
11.468750 0.037283 0.032543 0.87288
11.471875 0.036504 0.031769 0.870292
11.475000 0.035722 0.030992 0.86759
11.478125 0.034939 0.030214 0.864767
11.481250 0.034153 0.029434 0.861812
11.484375 0.033365 0.028651 0.858717
11.487500 0.032576 0.027867 0.855471
11.490625 0.031784 0.027082 0.852062
11.493750 0.030989 0.026294 0.848477
11.496875 0.030193 0.025504 0.844702
11.500000 0.029396 0.024713 0.840721
11.503125 0.028596 0.023921 0.836515
11.506250 0.027794 0.023126 0.832065
11.509375 0.026990 0.022331 0.827348
11.512500 0.026185 0.021533 0.82234
11.515625 0.025378 0.020734 0.817011
11.518750 0.024570 0.019934 0.811329
11.521875 0.023759 0.019132 0.805257
11.525000 0.022948 0.018329 0.798752
11.528125 0.022134 0.017525 0.791767
11.531250 0.021319 0.016720 0.784245
11.534375 0.020503 0.015913 0.776121
11.537500 0.019685 0.015105 0.767318
11.540625 0.018866 0.014296 0.757746
11.543750 0.018046 0.013486 0.7473
11.546875 0.017224 0.012675 0.735853
11.550000 0.016401 0.011862 0.723251
11.553125 0.015577 0.011049 0.70931
11.556250 0.014752 0.010235 0.693803
11.559375 0.013926 0.009420 0.676447
11.562500 0.013098 0.008604 0.656891
11.565625 0.012270 0.007787 0.634684
11.568750 0.011440 0.006970 0.609247
11.571875 0.010610 0.006152 0.579815
11.575000 0.009779 0.005333 0.545365
11.578125 0.008947 0.004513 0.504488
11.581250 0.008114 0.003693 0.455198
11.584375 0.007280 0.002873 0.394591
11.587500 0.006445 0.002051 0.318259
11.590625 0.005610 0.001230 0.219159
11.593750 0.004774 0.000407 0.0853039
11.596875 0.003938 -0.000415 -0.105497
11.600000 0.003101 -0.001238 -0.399432
11.603125 0.002263 -0.002062 -0.911152
11.606250 0.001425 -0.002886 -2.02529
11.609375 0.000586 -0.003710 -6.32859
11.612500 -0.000253 -0.004534 17.9287
11.615625 -0.001092 -0.005358 4.90542
11.618750 -0.001932 -0.006183 3.20008
11.621875 -0.002772 -0.007008 2.52781
11.625000 -0.003613 -0.007833 2.1681
11.628125 -0.004453 -0.008658 1.94407
11.631250 -0.005294 -0.009483 1.79113
11.634375 -0.006135 -0.010308 1.68006
11.637500 -0.006977 -0.011133 1.59573
11.640625 -0.007818 -0.011958 1.52953
11.643750 -0.008659 -0.012782 1.47616
11.646875 -0.009501 -0.013607 1.43223
11.650000 -0.010342 -0.014432 1.39543
11.653125 -0.011183 -0.015256 1.36415
11.656250 -0.012025 -0.016080 1.33724
11.659375 -0.012866 -0.016904 1.31384
11.662500 -0.013707 -0.017727 1.2933
11.665625 -0.014548 -0.018550 1.27513
11.668750 -0.015388 -0.019373 1.25894
11.671875 -0.016229 -0.020195 1.24442
11.675000 -0.017069 -0.021017 1.23133
11.678125 -0.017908 -0.021839 1.21945
11.681250 -0.018748 -0.022660 1.20864
11.684375 -0.019587 -0.023480 1.19875
11.687500 -0.020426 -0.024300 1.18967
11.690625 -0.021264 -0.025119 1.18131
11.693750 -0.022101 -0.025938 1.17357
11.696875 -0.022939 -0.026756 1.1664
11.700000 -0.023775 -0.027573 1.15973
11.703125 -0.024611 -0.028390 1.15351
11.706250 -0.025447 -0.029205 1.1477
11.709375 -0.026282 -0.030021 1.14226
11.712500 -0.027116 -0.030835 1.13715
11.715625 -0.027949 -0.031648 1.13234
11.718750 -0.028782 -0.032461 1.12782
11.721875 -0.029614 -0.033273 1.12354
11.725000 -0.030445 -0.034083 1.1195
11.728125 -0.031276 -0.034893 1.11567
11.731250 -0.032105 -0.035702 1.11204
11.734375 -0.032934 -0.036510 1.10859
11.737500 -0.033762 -0.037317 1.10531
11.740625 -0.034588 -0.038123 1.10218
11.743750 -0.035414 -0.038927 1.0992
11.746875 -0.036239 -0.039731 1.09636
11.750000 -0.037063 -0.040534 1.09364
11.753125 -0.037886 -0.041335 1.09104
11.756250 -0.038707 -0.042135 1.08855
11.759375 -0.039528 -0.042934 1.08617
11.762500 -0.040347 -0.043732 1.08388
11.765625 -0.041166 -0.044528 1.08168
11.768750 -0.041983 -0.045323 1.07957
11.771875 -0.042799 -0.046117 1.07753
11.775000 -0.043613 -0.046909 1.07558
11.778125 -0.044427 -0.047701 1.07369
11.781250 -0.045239 -0.048490 1.07187
11.784375 -0.046050 -0.049279 1.07012
11.787500 -0.046859 -0.050065 1.06843
11.790625 -0.047667 -0.050851 1.06679
11.793750 -0.048474 -0.051635 1.06521
11.796875 -0.049279 -0.052417 1.06368
11.800000 -0.050083 -0.053198 1.0622
11.803125 -0.050885 -0.053977 1.06077
11.806250 -0.051686 -0.054755 1.05938
11.809375 -0.052485 -0.055531 1.05803
11.812500 -0.053283 -0.056306 1.05673
11.815625 -0.054079 -0.057078 1.05546
11.818750 -0.054874 -0.057850 1.05423
11.821875 -0.055667 -0.058619 1.05303
11.825000 -0.056458 -0.059387 1.05187
11.828125 -0.057248 -0.060153 1.05074
11.831250 -0.058036 -0.060917 1.04964
11.834375 -0.058822 -0.061680 1.04858
11.837500 -0.059607 -0.062440 1.04753
11.840625 -0.060390 -0.063199 1.04652
11.843750 -0.061171 -0.063956 1.04553
11.846875 -0.061950 -0.064712 1.04457
11.850000 -0.062728 -0.065465 1.04363
11.853125 -0.063504 -0.066216 1.04272
11.856250 -0.064277 -0.066966 1.04183
11.859375 -0.065049 -0.067713 1.04095
11.862500 -0.065819 -0.068459 1.0401
11.865625 -0.066588 -0.069203 1.03927
11.868750 -0.067354 -0.069944 1.03846
11.871875 -0.068118 -0.070684 1.03767
11.875000 -0.068880 -0.071422 1.03689
11.878125 -0.069641 -0.072157 1.03613
11.881250 -0.070399 -0.072891 1.03539
11.884375 -0.071155 -0.073622 1.03467
11.887500 -0.071909 -0.074351 1.03396
11.890625 -0.072662 -0.075079 1.03326
11.893750 -0.073412 -0.075804 1.03258
11.896875 -0.074160 -0.076527 1.03192
11.900000 -0.074905 -0.077247 1.03126
11.903125 -0.075649 -0.077966 1.03062
11.906250 -0.076391 -0.078682 1.03
11.909375 -0.077130 -0.079397 1.02938
11.912500 -0.077867 -0.080108 1.02878
11.915625 -0.078602 -0.080818 1.02819
11.918750 -0.079335 -0.081526 1.02761
11.921875 -0.080065 -0.082231 1.02705
11.925000 -0.080794 -0.082934 1.02649
11.928125 -0.081520 -0.083635 1.02594
11.931250 -0.082243 -0.084333 1.02541
11.934375 -0.082965 -0.085029 1.02488
11.937500 -0.083684 -0.085723 1.02437
11.940625 -0.084401 -0.086414 1.02386
11.943750 -0.085115 -0.087104 1.02336
11.946875 -0.085827 -0.087790 1.02288
11.950000 -0.086537 -0.088475 1.0224
11.953125 -0.087244 -0.089157 1.02193
11.956250 -0.087949 -0.089837 1.02147
11.959375 -0.088651 -0.090514 1.02101
11.962500 -0.089351 -0.091189 1.02057
11.965625 -0.090049 -0.091862 1.02013
11.968750 -0.090744 -0.092532 1.01971
11.971875 -0.091436 -0.093200 1.01929
11.975000 -0.092126 -0.093865 1.01887
11.978125 -0.092814 -0.094527 1.01846
11.981250 -0.093499 -0.095187 1.01806
11.984375 -0.094182 -0.095844 1.01765
11.987500 -0.094862 -0.096496 1.01723
11.990625 -0.095539 -0.097145 1.01681
11.993750 -0.096214 -0.097788 1.01636
11.996875 -0.096886 -0.098426 1.0159
12.000000 -0.097556 -0.099059 1.0154
12.003125 -0.098223 -0.099684 1.01488
12.006250 -0.098886 -0.100302 1.01433
12.009375 -0.099544 -0.100913 1.01375
12.012500 -0.100198 -0.101515 1.01315
12.015625 -0.100846 -0.102108 1.01252
12.018750 -0.101487 -0.102692 1.01187
12.021875 -0.102122 -0.103266 1.01121
12.025000 -0.102749 -0.103830 1.01052
12.028125 -0.103368 -0.104383 1.00982
12.031250 -0.103978 -0.104924 1.0091
12.034375 -0.104579 -0.105454 1.00837
12.037500 -0.105170 -0.105972 1.00762
12.040625 -0.105751 -0.106477 1.00687
12.043750 -0.106322 -0.106970 1.0061
12.046875 -0.106881 -0.107449 1.00532
12.050000 -0.107428 -0.107914 1.00453
12.053125 -0.107964 -0.108366 1.00373
12.056250 -0.108487 -0.108804 1.00292
12.059375 -0.108997 -0.109227 1.00211
12.062500 -0.109494 -0.109635 1.00128
12.065625 -0.109978 -0.110028 1.00046
12.068750 -0.110447 -0.110406 0.999622
12.071875 -0.110903 -0.110768 0.998783
12.075000 -0.111343 -0.111114 0.997939
12.078125 -0.111769 -0.111444 0.997092
12.081250 -0.112180 -0.111758 0.99624
12.084375 -0.112575 -0.112056 0.995385
12.087500 -0.112955 -0.112337 0.994527
12.090625 -0.113319 -0.112601 0.993667
12.093750 -0.113666 -0.112848 0.992804
12.096875 -0.113997 -0.113078 0.99194
12.100000 -0.114312 -0.113292 0.991074
12.103125 -0.114610 -0.113487 0.990207
12.106250 -0.114890 -0.113666 0.989338
12.109375 -0.115154 -0.113826 0.988468
12.112500 -0.115401 -0.113969 0.987598
12.115625 -0.115630 -0.114095 0.986727
12.118750 -0.115841 -0.114202 0.985855
12.121875 -0.116035 -0.114292 0.984982
12.125000 -0.116210 -0.114364 0.984109
12.128125 -0.116368 -0.114418 0.983236
12.131250 -0.116508 -0.114453 0.982362
12.134375 -0.116630 -0.114471 0.981488
12.137500 -0.116734 -0.114471 0.980614
12.140625 -0.116819 -0.114452 0.979739
12.143750 -0.116886 -0.114415 0.978864
12.146875 -0.116934 -0.114361 0.977988
12.150000 -0.116965 -0.114288 0.977112
12.153125 -0.116976 -0.114197 0.976236
12.156250 -0.116970 -0.114088 0.975359
12.159375 -0.116945 -0.113960 0.974482
12.162500 -0.116901 -0.113815 0.973604
12.165625 -0.116839 -0.113652 0.972725
12.168750 -0.116758 -0.113471 0.971846
12.171875 -0.116659 -0.113272 0.970965
12.175000 -0.116542 -0.113055 0.970084
12.178125 -0.116406 -0.112821 0.969201
12.181250 -0.116251 -0.112568 0.968318
12.184375 -0.116079 -0.112298 0.967433
12.187500 -0.115888 -0.112011 0.966546
12.190625 -0.115679 -0.111706 0.965658
12.193750 -0.115451 -0.111384 0.964768
12.196875 -0.115206 -0.111044 0.963876
12.200000 -0.114942 -0.110687 0.962981
12.203125 -0.114661 -0.110313 0.962085
12.206250 -0.114361 -0.109923 0.961186
12.209375 -0.114044 -0.109515 0.960284
12.212500 -0.113709 -0.109091 0.95938
12.215625 -0.113357 -0.108650 0.958472
12.218750 -0.112987 -0.108192 0.957561
12.221875 -0.112600 -0.107718 0.956647
12.225000 -0.112195 -0.107228 0.955729
12.228125 -0.111773 -0.106722 0.954806
12.231250 -0.111335 -0.106200 0.95388
12.234375 -0.110879 -0.105662 0.952949
12.237500 -0.110406 -0.105108 0.952013
12.240625 -0.109917 -0.104539 0.951072
12.243750 -0.109412 -0.103955 0.950126
12.246875 -0.108890 -0.103355 0.949174
12.250000 -0.108351 -0.102740 0.948216
12.253125 -0.107797 -0.102111 0.947252
12.256250 -0.107227 -0.101467 0.946281
12.259375 -0.106641 -0.100808 0.945303
12.262500 -0.106039 -0.100135 0.944318
12.265625 -0.105422 -0.099447 0.943325
12.268750 -0.104789 -0.098746 0.942325
12.271875 -0.104142 -0.098030 0.941315
12.275000 -0.103479 -0.097301 0.940297
12.278125 -0.102802 -0.096559 0.939269
12.281250 -0.102110 -0.095803 0.938232
12.284375 -0.101403 -0.095034 0.937184
12.287500 -0.100683 -0.094252 0.936126
12.290625 -0.099948 -0.093457 0.935056
12.293750 -0.099199 -0.092650 0.933975
12.296875 -0.098437 -0.091830 0.932881
12.300000 -0.097661 -0.090998 0.931774
12.303125 -0.096871 -0.090154 0.930654
12.306250 -0.096069 -0.089298 0.929519
12.309375 -0.095253 -0.088430 0.92837
12.312500 -0.094425 -0.087551 0.927205
12.315625 -0.093584 -0.086661 0.926025
12.318750 -0.092731 -0.085760 0.924827
12.321875 -0.091865 -0.084848 0.923611
12.325000 -0.090987 -0.083925 0.922378
12.328125 -0.090098 -0.082991 0.921124
12.331250 -0.089197 -0.082048 0.919851
12.334375 -0.088284 -0.081094 0.918556
12.337500 -0.087361 -0.080131 0.91724
12.340625 -0.086426 -0.079158 0.9159
12.343750 -0.085480 -0.078175 0.914536
12.346875 -0.084524 -0.077183 0.913146
12.350000 -0.083558 -0.076182 0.91173
12.353125 -0.082581 -0.075172 0.910286
12.356250 -0.081594 -0.074154 0.908813
12.359375 -0.080597 -0.073127 0.907309
12.362500 -0.079591 -0.072092 0.905773
12.365625 -0.078575 -0.071048 0.904204
12.368750 -0.077551 -0.069997 0.902599
12.371875 -0.076517 -0.068938 0.900957
12.375000 -0.075474 -0.067872 0.899276
12.378125 -0.074423 -0.066798 0.897553
12.381250 -0.073363 -0.065718 0.895788
12.384375 -0.072295 -0.064630 0.893977
12.387500 -0.071220 -0.063536 0.892117
12.390625 -0.070136 -0.062436 0.890208
12.393750 -0.069045 -0.061329 0.888245
12.396875 -0.067947 -0.060216 0.886225
12.400000 -0.066841 -0.059097 0.884146
12.403125 -0.065728 -0.057973 0.882004
12.406250 -0.064609 -0.056843 0.879796
12.409375 -0.063483 -0.055708 0.877517
12.412500 -0.062351 -0.054567 0.875163
12.415625 -0.061213 -0.053422 0.872729
12.418750 -0.060068 -0.052272 0.870212
12.421875 -0.058918 -0.051118 0.867604
12.425000 -0.057763 -0.049959 0.864901
12.428125 -0.056602 -0.048796 0.862097
12.431250 -0.055436 -0.047629 0.859183
12.434375 -0.054265 -0.046459 0.856154
12.437500 -0.053089 -0.045285 0.853
12.440625 -0.051909 -0.044107 0.849712
12.443750 -0.050724 -0.042927 0.846282
12.446875 -0.049535 -0.041743 0.842698
12.450000 -0.048342 -0.040557 0.838948
12.453125 -0.047146 -0.039367 0.83502
12.456250 -0.045945 -0.038176 0.830898
12.459375 -0.044742 -0.036982 0.826568
12.462500 -0.043535 -0.035786 0.82201
12.465625 -0.042325 -0.034588 0.817206
12.468750 -0.041113 -0.033389 0.812133
12.471875 -0.039897 -0.032188 0.806766
12.475000 -0.038680 -0.030985 0.801077
12.478125 -0.037460 -0.029782 0.795034
12.481250 -0.036238 -0.028577 0.788602
12.484375 -0.035014 -0.027371 0.781738
12.487500 -0.033788 -0.026165 0.774396
12.490625 -0.032561 -0.024958 0.766521
12.493750 -0.031332 -0.023751 0.758052
12.496875 -0.030102 -0.022544 0.748914
12.500000 -0.028871 -0.021337 0.739024
12.503125 -0.027640 -0.020129 0.728279
12.506250 -0.026407 -0.018923 0.716562
12.509375 -0.025175 -0.017716 0.70373
12.512500 -0.023941 -0.016510 0.689612
12.515625 -0.022708 -0.015305 0.674
12.518750 -0.021475 -0.014101 0.656638
12.521875 -0.020242 -0.012898 0.637208
12.525000 -0.019009 -0.011697 0.615312
12.528125 -0.017777 -0.010496 0.590441
12.531250 -0.016545 -0.009297 0.561936
12.534375 -0.015315 -0.008100 0.528929
12.537500 -0.014085 -0.006905 0.490249
12.540625 -0.012856 -0.005712 0.444286
12.543750 -0.011629 -0.004521 0.38875
12.546875 -0.010403 -0.003332 0.320284
12.550000 -0.009179 -0.002146 0.233753
12.553125 -0.007957 -0.000962 0.120887
12.556250 -0.006736 0.000219 -0.0325399
12.559375 -0.005518 0.001397 -0.25325
12.562500 -0.004302 0.002573 -0.59804
12.565625 -0.003088 0.003745 -1.21267
12.568750 -0.001877 0.004914 -2.61811
12.571875 -0.000668 0.006079 -9.09788
12.575000 0.000538 0.007241 13.469
12.578125 0.001740 0.008399 4.82594
12.581250 0.002940 0.009554 3.24936
12.584375 0.004137 0.010705 2.58764
12.587500 0.005330 0.011851 2.22348
12.590625 0.006520 0.012994 1.99297
12.593750 0.007706 0.014132 1.83392
12.596875 0.008888 0.015266 1.71753
12.600000 0.010067 0.016395 1.62864
12.603125 0.011241 0.017520 1.55854
12.606250 0.012411 0.018640 1.50181
12.609375 0.013578 0.019755 1.45496
12.612500 0.014739 0.020865 1.41561
12.615625 0.015896 0.021970 1.38208
12.618750 0.017049 0.023070 1.35316
12.621875 0.018197 0.024164 1.32796
12.625000 0.019340 0.025254 1.3058
12.628125 0.020478 0.026337 1.28616
12.631250 0.021610 0.027415 1.26862
12.634375 0.022738 0.028488 1.25287
12.637500 0.023860 0.029554 1.23864
12.640625 0.024977 0.030615 1.22572
12.643750 0.026089 0.031670 1.21393
12.646875 0.027194 0.032718 1.20313
12.650000 0.028294 0.033761 1.19319
12.653125 0.029389 0.034797 1.18403
12.656250 0.030477 0.035827 1.17554
12.659375 0.031559 0.036850 1.16765
12.662500 0.032635 0.037867 1.16031
12.665625 0.033705 0.038877 1.15345
12.668750 0.034768 0.039880 1.14703
12.671875 0.035825 0.040877 1.14101
12.675000 0.036876 0.041866 1.13534
12.678125 0.037919 0.042849 1.13
12.681250 0.038956 0.043825 1.12496
12.684375 0.039987 0.044793 1.1202
12.687500 0.041010 0.045754 1.11568
12.690625 0.042027 0.046709 1.1114
12.693750 0.043036 0.047655 1.10733
12.696875 0.044038 0.048595 1.10346
12.700000 0.045034 0.049526 1.09976
12.703125 0.046021 0.050451 1.09624
12.706250 0.047002 0.051367 1.09288
12.709375 0.047975 0.052276 1.08966
12.712500 0.048940 0.053177 1.08657
12.715625 0.049898 0.054071 1.08362
12.718750 0.050848 0.054956 1.08078
12.721875 0.051791 0.055834 1.07806
12.725000 0.052726 0.056703 1.07544
12.728125 0.053652 0.057564 1.07292
12.731250 0.054571 0.058418 1.07049
12.734375 0.055482 0.059263 1.06815
12.737500 0.056385 0.060100 1.06589
12.740625 0.057280 0.060929 1.0637
12.743750 0.058166 0.061749 1.06159
12.746875 0.059044 0.062561 1.05956
12.750000 0.059914 0.063364 1.05758
12.753125 0.060776 0.064159 1.05567
12.756250 0.061629 0.064946 1.05382
12.759375 0.062474 0.065724 1.05202
12.762500 0.063310 0.066493 1.05028
12.765625 0.064138 0.067254 1.04858
12.768750 0.064957 0.068006 1.04694
12.771875 0.065767 0.068749 1.04534
12.775000 0.066569 0.069483 1.04378
12.778125 0.067362 0.070209 1.04227
12.781250 0.068146 0.070926 1.04079
12.784375 0.068921 0.071634 1.03936
12.787500 0.069688 0.072333 1.03796
12.790625 0.070445 0.073023 1.03659
12.793750 0.071194 0.073704 1.03526
12.796875 0.071933 0.074376 1.03396
12.800000 0.072664 0.075039 1.03269
12.803125 0.073385 0.075693 1.03145
12.806250 0.074097 0.076338 1.03024
12.809375 0.074801 0.076974 1.02906
12.812500 0.075495 0.077601 1.0279
12.815625 0.076179 0.078218 1.02676
12.818750 0.076855 0.078827 1.02565
12.821875 0.077521 0.079426 1.02457
12.825000 0.078178 0.080016 1.0235
12.828125 0.078826 0.080596 1.02246
12.831250 0.079464 0.081168 1.02143
12.834375 0.080093 0.081730 1.02043
12.837500 0.080713 0.082283 1.01945
12.840625 0.081323 0.082826 1.01848
12.843750 0.081924 0.083360 1.01753
12.846875 0.082516 0.083885 1.0166
12.850000 0.083098 0.084401 1.01568
12.853125 0.083670 0.084907 1.01478
12.856250 0.084233 0.085404 1.0139
12.859375 0.084786 0.085891 1.01303
12.862500 0.085330 0.086369 1.01217
12.865625 0.085865 0.086838 1.01133
12.868750 0.086390 0.087297 1.0105
12.871875 0.086905 0.087747 1.00969
12.875000 0.087411 0.088188 1.00889
12.878125 0.087907 0.088619 1.00809
12.881250 0.088394 0.089040 1.00731
12.884375 0.088871 0.089453 1.00655
12.887500 0.089338 0.089856 1.00579
12.890625 0.089796 0.090249 1.00504
12.893750 0.090245 0.090633 1.00431
12.896875 0.090683 0.091008 1.00358
12.900000 0.091112 0.091373 1.00286
12.903125 0.091532 0.091729 1.00215
12.906250 0.091942 0.092076 1.00145
12.909375 0.092342 0.092413 1.00076
12.912500 0.092733 0.092741 1.00008
12.915625 0.093114 0.093059 0.999408
12.918750 0.093486 0.093368 0.998742
12.921875 0.093848 0.093668 0.998083
12.925000 0.094200 0.093958 0.997432
12.928125 0.094543 0.094239 0.996788
12.931250 0.094876 0.094511 0.996151
12.934375 0.095200 0.094774 0.995521
12.937500 0.095514 0.095027 0.994897
12.940625 0.095819 0.095271 0.99428
12.943750 0.096114 0.095505 0.993668
12.946875 0.096400 0.095731 0.993063
12.950000 0.096676 0.095947 0.992463
12.953125 0.096942 0.096154 0.991868
12.956250 0.097200 0.096352 0.991279
12.959375 0.097447 0.096541 0.990696
12.962500 0.097686 0.096720 0.990117
12.965625 0.097915 0.096891 0.989543
12.968750 0.098134 0.097052 0.988974
12.971875 0.098344 0.097204 0.988409
12.975000 0.098545 0.097347 0.987848
12.978125 0.098736 0.097481 0.987292
12.981250 0.098918 0.097607 0.98674
12.984375 0.099091 0.097723 0.986192
12.987500 0.099254 0.097830 0.985647
12.990625 0.099408 0.097928 0.985107
12.993750 0.099553 0.098017 0.984569
12.996875 0.099689 0.098098 0.984036
13.000000 0.099816 0.098169 0.983505
13.003125 0.099933 0.098232 0.982978
13.006250 0.100041 0.098286 0.982453
13.009375 0.100140 0.098331 0.981932
13.012500 0.100230 0.098367 0.981413
13.015625 0.100311 0.098395 0.980897
13.018750 0.100383 0.098414 0.980384
13.021875 0.100446 0.098424 0.979872
13.025000 0.100500 0.098426 0.979364
13.028125 0.100544 0.098419 0.978857
13.031250 0.100580 0.098403 0.978353
13.034375 0.100608 0.098379 0.97785
13.037500 0.100626 0.098347 0.97735
13.040625 0.100635 0.098306 0.976851
13.043750 0.100636 0.098256 0.976354
13.046875 0.100628 0.098198 0.975859
13.050000 0.100611 0.098132 0.975365
13.053125 0.100585 0.098058 0.974872
13.056250 0.100551 0.097975 0.974381
13.059375 0.100508 0.097884 0.973891
13.062500 0.100456 0.097784 0.973402
13.065625 0.100396 0.097677 0.972914
13.068750 0.100328 0.097561 0.972427
13.071875 0.100251 0.097438 0.97194
13.075000 0.100165 0.097306 0.971455
13.078125 0.100071 0.097166 0.97097
13.081250 0.099969 0.097018 0.970485
13.084375 0.099858 0.096863 0.970001
13.087500 0.099739 0.096699 0.969517
13.090625 0.099612 0.096527 0.969034
13.093750 0.099476 0.096348 0.96855
13.096875 0.099333 0.096161 0.968067
13.100000 0.099181 0.095966 0.967584
13.103125 0.099021 0.095763 0.9671
13.106250 0.098853 0.095553 0.966617
13.109375 0.098677 0.095335 0.966133
13.112500 0.098493 0.095110 0.965648
13.115625 0.098302 0.094877 0.965163
13.118750 0.098102 0.094637 0.964678
13.121875 0.097894 0.094389 0.964191
13.125000 0.097679 0.094133 0.963704
13.128125 0.097455 0.093871 0.963216
13.131250 0.097225 0.093601 0.962727
13.134375 0.096986 0.093324 0.962237
13.137500 0.096740 0.093039 0.961746
13.140625 0.096486 0.092747 0.961253
13.143750 0.096225 0.092449 0.960759
13.146875 0.095956 0.092143 0.960264
13.150000 0.095679 0.091830 0.959767
13.153125 0.095396 0.091510 0.959268
13.156250 0.095105 0.091183 0.958767
13.159375 0.094806 0.090849 0.958265
13.162500 0.094500 0.090509 0.95776
13.165625 0.094188 0.090161 0.957253
13.168750 0.093867 0.089807 0.956744
13.171875 0.093540 0.089446 0.956232
13.175000 0.093206 0.089079 0.955718
13.178125 0.092865 0.088704 0.955202
13.181250 0.092516 0.088324 0.954682
13.184375 0.092161 0.087936 0.95416
13.187500 0.091799 0.087543 0.953635
13.190625 0.091430 0.087142 0.953106
13.193750 0.091054 0.086736 0.952574
13.196875 0.090672 0.086323 0.952039
13.200000 0.090282 0.085904 0.951501
13.203125 0.089886 0.085478 0.950958
13.206250 0.089484 0.085047 0.950412
13.209375 0.089075 0.084609 0.949862
13.212500 0.088659 0.084165 0.949308
13.215625 0.088237 0.083715 0.948749
13.218750 0.087809 0.083259 0.948186
13.221875 0.087374 0.082797 0.947619
13.225000 0.086933 0.082330 0.947046
13.228125 0.086486 0.081856 0.946469
13.231250 0.086032 0.081377 0.945887
13.234375 0.085572 0.080892 0.945299
13.237500 0.085107 0.080401 0.944706
13.240625 0.084635 0.079904 0.944107
13.243750 0.084157 0.079402 0.943502
13.246875 0.083673 0.078895 0.942891
13.250000 0.083184 0.078382 0.942274
13.253125 0.082688 0.077863 0.941651
13.256250 0.082187 0.077339 0.94102
13.259375 0.081680 0.076810 0.940383
13.262500 0.081167 0.076276 0.939738
13.265625 0.080648 0.075736 0.939086
13.268750 0.080124 0.075191 0.938427
13.271875 0.079595 0.074641 0.937759
13.275000 0.079060 0.074085 0.937083
13.278125 0.078519 0.073525 0.936399
13.281250 0.077973 0.072960 0.935706
13.284375 0.077422 0.072390 0.935003
13.287500 0.076865 0.071815 0.934292
13.290625 0.076304 0.071235 0.93357
13.293750 0.075737 0.070650 0.932839
13.296875 0.075165 0.070061 0.932097
13.300000 0.074587 0.069467 0.931344
13.303125 0.074005 0.068868 0.93058
13.306250 0.073418 0.068264 0.929805
13.309375 0.072826 0.067657 0.929018
13.312500 0.072229 0.067044 0.928218
13.315625 0.071627 0.066427 0.927406
13.318750 0.071021 0.065806 0.92658
13.321875 0.070409 0.065181 0.925741
13.325000 0.069793 0.064551 0.924887
13.328125 0.069173 0.063917 0.924019
13.331250 0.068547 0.063279 0.923136
13.334375 0.067918 0.062636 0.922236
13.337500 0.067284 0.061990 0.921321
13.340625 0.066645 0.061339 0.920388
13.343750 0.066002 0.060685 0.919438
13.346875 0.065355 0.060026 0.918469
13.350000 0.064703 0.059364 0.917481
13.353125 0.064047 0.058698 0.916474
13.356250 0.063388 0.058028 0.915446
13.359375 0.062724 0.057354 0.914396
13.362500 0.062056 0.056677 0.913325
13.365625 0.061383 0.055996 0.91223
13.368750 0.060707 0.055311 0.911111
13.371875 0.060027 0.054623 0.909968
13.375000 0.059344 0.053931 0.908798
13.378125 0.058656 0.053236 0.907601
13.381250 0.057965 0.052538 0.906376
13.384375 0.057270 0.051836 0.905122
13.387500 0.056571 0.051131 0.903837
13.390625 0.055869 0.050422 0.90252
13.393750 0.055163 0.049711 0.901169
13.396875 0.054453 0.048996 0.899783
13.400000 0.053740 0.048278 0.898361
13.403125 0.053024 0.047557 0.8969
13.406250 0.052305 0.046834 0.8954
13.409375 0.051582 0.046107 0.893857
13.412500 0.050855 0.045377 0.892271
13.415625 0.050126 0.044644 0.890638
13.418750 0.049394 0.043909 0.888957
13.421875 0.048658 0.043170 0.887225
13.425000 0.047919 0.042430 0.88544
13.428125 0.047177 0.041686 0.883598
13.431250 0.046433 0.040940 0.881698
13.434375 0.045685 0.040191 0.879734
13.437500 0.044935 0.039439 0.877706
13.440625 0.044181 0.038685 0.875607
13.443750 0.043425 0.037929 0.873435
13.446875 0.042666 0.037170 0.871186
13.450000 0.041905 0.036409 0.868855
13.453125 0.041141 0.035646 0.866436
13.456250 0.040374 0.034880 0.863925
13.459375 0.039605 0.034112 0.861316
13.462500 0.038833 0.033342 0.858603
13.465625 0.038059 0.032570 0.855779
13.468750 0.037282 0.031796 0.852837
13.471875 0.036504 0.031020 0.849768
13.475000 0.035722 0.030241 0.846564
13.478125 0.034939 0.029461 0.843215
13.481250 0.034153 0.028679 0.839712
13.484375 0.033365 0.027895 0.836042
13.487500 0.032575 0.027109 0.832193
13.490625 0.031783 0.026321 0.828151
13.493750 0.030989 0.025532 0.8239
13.496875 0.030193 0.024741 0.819424
13.500000 0.029395 0.023949 0.814703
13.503125 0.028596 0.023154 0.809717
13.506250 0.027794 0.022359 0.804441
13.509375 0.026990 0.021561 0.798849
13.512500 0.026185 0.020762 0.79291
13.515625 0.025378 0.019962 0.786592
13.518750 0.024570 0.019161 0.779855
13.521875 0.023759 0.018358 0.772656
13.525000 0.022948 0.017554 0.764945
13.528125 0.022134 0.016748 0.756663
13.531250 0.021319 0.015941 0.747745
13.534375 0.020503 0.015134 0.738113
13.537500 0.019685 0.014325 0.727676
13.540625 0.018866 0.013514 0.716329
13.543750 0.018046 0.012703 0.703944
13.546875 0.017224 0.011891 0.690373
13.550000 0.016401 0.011078 0.675433
13.553125 0.015577 0.010264 0.658905
13.556250 0.014752 0.009449 0.640521
13.559375 0.013926 0.008633 0.619946
13.562500 0.013098 0.007817 0.596762
13.565625 0.012270 0.006999 0.570436
13.568750 0.011440 0.006181 0.54028
13.571875 0.010610 0.005362 0.505389
13.575000 0.009779 0.004543 0.464548
13.578125 0.008946 0.003723 0.416089
13.581250 0.008114 0.002902 0.357656
13.584375 0.007280 0.002081 0.285809
13.587500 0.006445 0.001259 0.195319
13.590625 0.005610 0.000437 0.0778367
13.593750 0.004774 -0.000386 -0.0808469
13.596875 0.003938 -0.001209 -0.30704
13.600000 0.003101 -0.002032 -0.6555
13.603125 0.002263 -0.002856 -1.26216
13.606250 0.001425 -0.003680 -2.58303
13.609375 0.000586 -0.004504 -7.68541
13.612500 -0.000253 -0.005329 21.0645
13.615625 -0.001092 -0.006153 5.63275
13.618750 -0.001932 -0.006978 3.61142
13.621875 -0.002772 -0.007803 2.81455
13.625000 -0.003613 -0.008628 2.38816
13.628125 -0.004453 -0.009453 2.12259
13.631250 -0.005294 -0.010278 1.94129
13.634375 -0.006135 -0.011103 1.80963
13.637500 -0.006977 -0.011928 1.70967
13.640625 -0.007818 -0.012752 1.63119
13.643750 -0.008659 -0.013577 1.56792
13.646875 -0.009501 -0.014402 1.51585
13.650000 -0.010342 -0.015226 1.47222
13.653125 -0.011183 -0.016050 1.43514
13.656250 -0.012025 -0.016874 1.40324
13.659375 -0.012866 -0.017697 1.3755
13.662500 -0.013707 -0.018520 1.35115
13.665625 -0.014548 -0.019343 1.32961
13.668750 -0.015388 -0.020165 1.31042
13.671875 -0.016229 -0.020987 1.2932
13.675000 -0.017069 -0.021808 1.27768
13.678125 -0.017909 -0.022629 1.26361
13.681250 -0.018748 -0.023450 1.25079
13.684375 -0.019587 -0.024270 1.23906
13.687500 -0.020426 -0.025089 1.2283
13.690625 -0.021264 -0.025907 1.21838
13.693750 -0.022102 -0.026725 1.20921
13.696875 -0.022939 -0.027543 1.20071
13.700000 -0.023775 -0.028359 1.1928
13.703125 -0.024611 -0.029175 1.18543
13.706250 -0.025447 -0.029990 1.17854
13.709375 -0.026282 -0.030805 1.17209
13.712500 -0.027116 -0.031618 1.16603
13.715625 -0.027949 -0.032431 1.16033
13.718750 -0.028782 -0.033242 1.15496
13.721875 -0.029614 -0.034053 1.14989
13.725000 -0.030445 -0.034863 1.1451
13.728125 -0.031276 -0.035672 1.14056
13.731250 -0.032105 -0.036480 1.13625
13.734375 -0.032934 -0.037287 1.13216
13.737500 -0.033762 -0.038092 1.12828
13.740625 -0.034588 -0.038897 1.12457
13.743750 -0.035414 -0.039701 1.12104
13.746875 -0.036239 -0.040503 1.11767
13.750000 -0.037063 -0.041305 1.11445
13.753125 -0.037886 -0.042105 1.11136
13.756250 -0.038707 -0.042904 1.10841
13.759375 -0.039528 -0.043701 1.10558
13.762500 -0.040347 -0.044498 1.10287
13.765625 -0.041166 -0.045293 1.10026
13.768750 -0.041983 -0.046087 1.09775
13.771875 -0.042799 -0.046879 1.09534
13.775000 -0.043613 -0.047670 1.09302
13.778125 -0.044427 -0.048460 1.09079
13.781250 -0.045239 -0.049249 1.08863
13.784375 -0.046050 -0.050035 1.08655
13.787500 -0.046859 -0.050821 1.08455
13.790625 -0.047667 -0.051605 1.08261
13.793750 -0.048474 -0.052387 1.08073
13.796875 -0.049279 -0.053168 1.07892
13.800000 -0.050083 -0.053948 1.07717
13.803125 -0.050885 -0.054725 1.07547
13.806250 -0.051686 -0.055502 1.07382
13.809375 -0.052485 -0.056276 1.07223
13.812500 -0.053283 -0.057049 1.07068
13.815625 -0.054079 -0.057820 1.06917
13.818750 -0.054874 -0.058590 1.06772
13.821875 -0.055667 -0.059358 1.0663
13.825000 -0.056458 -0.060124 1.06492
13.828125 -0.057248 -0.060888 1.06358
13.831250 -0.058036 -0.061651 1.06228
13.834375 -0.058823 -0.062411 1.06101
13.837500 -0.059607 -0.063170 1.05978
13.840625 -0.060390 -0.063928 1.05858
13.843750 -0.061171 -0.064683 1.05741
13.846875 -0.061950 -0.065436 1.05627
13.850000 -0.062728 -0.066188 1.05516
13.853125 -0.063504 -0.066937 1.05407
13.856250 -0.064277 -0.067685 1.05301
13.859375 -0.065049 -0.068431 1.05198
13.862500 -0.065819 -0.069174 1.05097
13.865625 -0.066588 -0.069916 1.04998
13.868750 -0.067354 -0.070656 1.04902
13.871875 -0.068118 -0.071393 1.04808
13.875000 -0.068880 -0.072129 1.04716
13.878125 -0.069641 -0.072863 1.04626
13.881250 -0.070399 -0.073594 1.04538
13.884375 -0.071155 -0.074323 1.04452
13.887500 -0.071910 -0.075051 1.04368
13.890625 -0.072662 -0.075776 1.04286
13.893750 -0.073412 -0.076499 1.04205
13.896875 -0.074160 -0.077219 1.04126
13.900000 -0.074906 -0.077938 1.04048
13.903125 -0.075649 -0.078654 1.03973
13.906250 -0.076391 -0.079369 1.03898
13.909375 -0.077130 -0.080081 1.03825
13.912500 -0.077867 -0.080790 1.03754
13.915625 -0.078602 -0.081498 1.03684
13.918750 -0.079335 -0.082203 1.03615
13.921875 -0.080066 -0.082906 1.03548
13.925000 -0.080794 -0.083607 1.03482
13.928125 -0.081520 -0.084305 1.03417
13.931250 -0.082243 -0.085001 1.03353
13.934375 -0.082965 -0.085695 1.03291
13.937500 -0.083684 -0.086387 1.0323
13.940625 -0.084401 -0.087076 1.0317
13.943750 -0.085115 -0.087763 1.03111
13.946875 -0.085827 -0.088447 1.03053
13.950000 -0.086537 -0.089129 1.02996
13.953125 -0.087244 -0.089809 1.0294
13.956250 -0.087949 -0.090487 1.02886
13.959375 -0.088651 -0.091162 1.02832
13.962500 -0.089351 -0.091835 1.0278
13.965625 -0.090049 -0.092505 1.02728
13.968750 -0.090744 -0.093174 1.02678
13.971875 -0.091436 -0.093839 1.02628
13.975000 -0.092126 -0.094502 1.02579
13.978125 -0.092814 -0.095162 1.0253
13.981250 -0.093499 -0.095818 1.0248
13.984375 -0.094182 -0.096471 1.02431
13.987500 -0.094862 -0.097120 1.0238
13.990625 -0.095539 -0.097763 1.02328
13.993750 -0.096214 -0.098402 1.02274
13.996875 -0.096886 -0.099034 1.02217
14.000000 -0.097556 -0.099660 1.02156
14.003125 -0.098223 -0.100278 1.02093
14.006250 -0.098886 -0.100889 1.02026
14.009375 -0.099544 -0.101491 1.01956
14.012500 -0.100198 -0.102085 1.01883
14.015625 -0.100846 -0.102669 1.01808
14.018750 -0.101487 -0.103243 1.0173
14.021875 -0.102122 -0.103807 1.0165
14.025000 -0.102749 -0.104360 1.01568
14.028125 -0.103368 -0.104902 1.01484
14.031250 -0.103978 -0.105432 1.01399
14.034375 -0.104579 -0.105951 1.01312
14.037500 -0.105170 -0.106456 1.01223
14.040625 -0.105751 -0.106949 1.01133
14.043750 -0.106322 -0.107429 1.01042
14.046875 -0.106881 -0.107895 1.00949
14.050000 -0.107428 -0.108347 1.00855
14.053125 -0.107964 -0.108785 1.00761
14.056250 -0.108487 -0.109209 1.00665
14.059375 -0.108997 -0.109617 1.00569
14.062500 -0.109494 -0.110011 1.00472
14.065625 -0.109978 -0.110389 1.00374
14.068750 -0.110447 -0.110752 1.00276
14.071875 -0.110903 -0.111098 1.00177
14.075000 -0.111343 -0.111429 1.00077
14.078125 -0.111769 -0.111744 0.999772
14.081250 -0.112180 -0.112042 0.998769
14.084375 -0.112575 -0.112323 0.997763
14.087500 -0.112955 -0.112588 0.996753
14.090625 -0.113319 -0.112836 0.995742
14.093750 -0.113666 -0.113067 0.994727
14.096875 -0.113997 -0.113280 0.993712
14.100000 -0.114312 -0.113477 0.992694
14.103125 -0.114610 -0.113656 0.991676
14.106250 -0.114891 -0.113817 0.990656
14.109375 -0.115154 -0.113961 0.989635
14.112500 -0.115401 -0.114087 0.988614
14.115625 -0.115630 -0.114195 0.987592
14.118750 -0.115841 -0.114285 0.98657
14.121875 -0.116035 -0.114358 0.985547
14.125000 -0.116210 -0.114412 0.984524
14.128125 -0.116368 -0.114448 0.9835
14.131250 -0.116508 -0.114467 0.982477
14.134375 -0.116630 -0.114467 0.981453
14.137500 -0.116734 -0.114449 0.980429
14.140625 -0.116819 -0.114413 0.979405
14.143750 -0.116886 -0.114359 0.97838
14.146875 -0.116935 -0.114287 0.977355
14.150000 -0.116965 -0.114196 0.97633
14.153125 -0.116977 -0.114088 0.975305
14.156250 -0.116970 -0.113961 0.974279
14.159375 -0.116945 -0.113817 0.973253
14.162500 -0.116901 -0.113654 0.972226
14.165625 -0.116839 -0.113474 0.971199
14.168750 -0.116758 -0.113275 0.97017
14.171875 -0.116659 -0.113059 0.969141
14.175000 -0.116542 -0.112825 0.968111
14.178125 -0.116406 -0.112574 0.96708
14.181250 -0.116251 -0.112304 0.966047
14.184375 -0.116079 -0.112017 0.965013
14.187500 -0.115888 -0.111713 0.963977
14.190625 -0.115679 -0.111392 0.962939
14.193750 -0.115451 -0.111053 0.9619
14.196875 -0.115206 -0.110696 0.960858
14.200000 -0.114942 -0.110323 0.959814
14.203125 -0.114661 -0.109933 0.958767
14.206250 -0.114361 -0.109526 0.957717
14.209375 -0.114044 -0.109102 0.956665
14.212500 -0.113709 -0.108662 0.955609
14.215625 -0.113357 -0.108205 0.954549
14.218750 -0.112987 -0.107732 0.953486
14.221875 -0.112600 -0.107242 0.952419
14.225000 -0.112195 -0.106737 0.951347
14.228125 -0.111773 -0.106215 0.950271
14.231250 -0.111335 -0.105678 0.94919
14.234375 -0.110879 -0.105125 0.948103
14.237500 -0.110406 -0.104556 0.947011
14.240625 -0.109917 -0.103972 0.945914
14.243750 -0.109412 -0.103373 0.94481
14.246875 -0.108890 -0.102759 0.943699
14.250000 -0.108351 -0.102130 0.942582
14.253125 -0.107797 -0.101486 0.941457
14.256250 -0.107227 -0.100828 0.940325
14.259375 -0.106641 -0.100155 0.939185
14.262500 -0.106039 -0.099468 0.938036
14.265625 -0.105422 -0.098767 0.936878
14.268750 -0.104789 -0.098053 0.935711
14.271875 -0.104142 -0.097324 0.934534
14.275000 -0.103479 -0.096582 0.933347
14.278125 -0.102802 -0.095827 0.932148
14.281250 -0.102110 -0.095058 0.930939
14.284375 -0.101403 -0.094277 0.929717
14.287500 -0.100683 -0.093482 0.928483
14.290625 -0.099948 -0.092675 0.927236
14.293750 -0.099199 -0.091856 0.925975
14.296875 -0.098437 -0.091024 0.924699
14.300000 -0.097661 -0.090181 0.923409
14.303125 -0.096871 -0.089325 0.922103
14.306250 -0.096069 -0.088458 0.92078
14.309375 -0.095253 -0.087580 0.919441
14.312500 -0.094425 -0.086690 0.918083
14.315625 -0.093584 -0.085789 0.916706
14.318750 -0.092731 -0.084877 0.91531
14.321875 -0.091865 -0.083955 0.913893
14.325000 -0.090987 -0.083022 0.912455
14.328125 -0.090098 -0.082079 0.910994
14.331250 -0.089197 -0.081125 0.909509
14.334375 -0.088284 -0.080162 0.908
14.337500 -0.087361 -0.079190 0.906465
14.340625 -0.086426 -0.078207 0.904904
14.343750 -0.085481 -0.077216 0.903313
14.346875 -0.084524 -0.076215 0.901694
14.350000 -0.083558 -0.075206 0.900043
14.353125 -0.082581 -0.074187 0.89836
14.356250 -0.081594 -0.073161 0.896643
14.359375 -0.080597 -0.072126 0.89489
14.362500 -0.079591 -0.071083 0.8931
14.365625 -0.078575 -0.070032 0.89127
14.368750 -0.077551 -0.068973 0.889399
14.371875 -0.076517 -0.067907 0.887485
14.375000 -0.075474 -0.066834 0.885525
14.378125 -0.074423 -0.065754 0.883518
14.381250 -0.073363 -0.064667 0.881459
14.384375 -0.072295 -0.063573 0.879348
14.387500 -0.071220 -0.062473 0.877181
14.390625 -0.070136 -0.061366 0.874955
14.393750 -0.069045 -0.060253 0.872666
14.396875 -0.067947 -0.059135 0.870312
14.400000 -0.066841 -0.058010 0.867889
14.403125 -0.065728 -0.056881 0.865392
14.406250 -0.064609 -0.055746 0.862817
14.409375 -0.063483 -0.054606 0.86016
14.412500 -0.062351 -0.053461 0.857416
14.415625 -0.061213 -0.052311 0.854579
14.418750 -0.060068 -0.051157 0.851644
14.421875 -0.058918 -0.049998 0.848604
14.425000 -0.057763 -0.048836 0.845453
14.428125 -0.056602 -0.047669 0.842183
14.431250 -0.055436 -0.046499 0.838786
14.434375 -0.054265 -0.045325 0.835253
14.437500 -0.053089 -0.044147 0.831576
14.440625 -0.051909 -0.042967 0.827743
14.443750 -0.050724 -0.041783 0.823744
14.446875 -0.049535 -0.040597 0.819565
14.450000 -0.048342 -0.039408 0.815192
14.453125 -0.047146 -0.038217 0.810612
14.456250 -0.045945 -0.037023 0.805806
14.459375 -0.044742 -0.035827 0.800757
14.462500 -0.043535 -0.034630 0.795442
14.465625 -0.042325 -0.033430 0.789841
14.468750 -0.041113 -0.032229 0.783925
14.471875 -0.039897 -0.031027 0.777666
14.475000 -0.038680 -0.029823 0.771032
14.478125 -0.037460 -0.028619 0.763986
14.481250 -0.036238 -0.027413 0.756484
14.484375 -0.035014 -0.026207 0.74848
14.487500 -0.033788 -0.025000 0.739918
14.490625 -0.032561 -0.023793 0.730735
14.493750 -0.031332 -0.022586 0.720858
14.496875 -0.030102 -0.021379 0.710202
14.500000 -0.028871 -0.020172 0.698667
14.503125 -0.027640 -0.018965 0.686137
14.506250 -0.026407 -0.017758 0.672472
14.509375 -0.025175 -0.016552 0.657507
14.512500 -0.023941 -0.015347 0.641042
14.515625 -0.022708 -0.014143 0.622834
14.518750 -0.021475 -0.012940 0.602585
14.521875 -0.020242 -0.011739 0.579924
14.525000 -0.019009 -0.010538 0.554387
14.528125 -0.017777 -0.009340 0.52538
14.531250 -0.016545 -0.008143 0.492135
14.534375 -0.015315 -0.006947 0.453638
14.537500 -0.014085 -0.005754 0.408526
14.540625 -0.012856 -0.004563 0.354918
14.543750 -0.011629 -0.003374 0.290145
14.546875 -0.010403 -0.002188 0.210292
14.550000 -0.009179 -0.001004 0.109368
14.553125 -0.007957 0.000177 -0.0222722
14.556250 -0.006736 0.001355 -0.20122
14.559375 -0.005518 0.002531 -0.458643
14.562500 -0.004302 0.003703 -0.860786
14.565625 -0.003088 0.004872 -1.57765
14.568750 -0.001877 0.006037 -3.21686
14.571875 -0.000668 0.007200 -10.7743
14.575000 0.000538 0.008358 15.5468
14.578125 0.001740 0.009513 5.46553
14.581250 0.002940 0.010663 3.62666
14.584375 0.004137 0.011810 2.85485
14.587500 0.005330 0.012953 2.43011
14.590625 0.006520 0.014091 2.16126
14.593750 0.007706 0.015225 1.97574
14.596875 0.008888 0.016354 1.83999
14.600000 0.010067 0.017479 1.73633
14.603125 0.011241 0.018599 1.65456
14.606250 0.012411 0.019714 1.5884
14.609375 0.013577 0.020825 1.53376
14.612500 0.014739 0.021930 1.48786
14.615625 0.015896 0.023030 1.44875
14.618750 0.017049 0.024125 1.41502
14.621875 0.018197 0.025214 1.38563
14.625000 0.019340 0.026298 1.35978
14.628125 0.020478 0.027376 1.33688
14.631250 0.021610 0.028448 1.31642
14.634375 0.022738 0.029515 1.29805
14.637500 0.023860 0.030576 1.28146
14.640625 0.024977 0.031631 1.26639
14.643750 0.026089 0.032680 1.25264
14.646875 0.027194 0.033722 1.24004
14.650000 0.028294 0.034759 1.22846
14.653125 0.029389 0.035788 1.21777
14.656250 0.030477 0.036812 1.20787
14.659375 0.031559 0.037829 1.19867
14.662500 0.032635 0.038839 1.19011
14.665625 0.033705 0.039843 1.18211
14.668750 0.034768 0.040839 1.17462
14.671875 0.035825 0.041829 1.1676
14.675000 0.036875 0.042812 1.16099
14.678125 0.037919 0.043788 1.15477
14.681250 0.038956 0.044757 1.14889
14.684375 0.039987 0.045718 1.14334
14.687500 0.041010 0.046673 1.13807
14.690625 0.042027 0.047620 1.13308
14.693750 0.043036 0.048559 1.12833
14.696875 0.044038 0.049491 1.12382
14.700000 0.045034 0.050416 1.11951
14.703125 0.046021 0.051332 1.1154
14.706250 0.047002 0.052242 1.11148
14.709375 0.047975 0.053143 1.10773
14.712500 0.048940 0.054037 1.10413
14.715625 0.049898 0.054922 1.10069
14.718750 0.050848 0.055800 1.09738
14.721875 0.051791 0.056670 1.0942
14.725000 0.052725 0.057531 1.09115
14.728125 0.053652 0.058385 1.08821
14.731250 0.054571 0.059230 1.08538
14.734375 0.055482 0.060068 1.08265
14.737500 0.056385 0.060896 1.08001
14.740625 0.057280 0.061717 1.07747
14.743750 0.058166 0.062529 1.07501
14.746875 0.059044 0.063333 1.07263
14.750000 0.059914 0.064128 1.07033
14.753125 0.060776 0.064915 1.06811
14.756250 0.061629 0.065693 1.06595
14.759375 0.062474 0.066463 1.06385
14.762500 0.063310 0.067224 1.06182
14.765625 0.064138 0.067976 1.05985
14.768750 0.064957 0.068720 1.05793
14.771875 0.065767 0.069454 1.05606
14.775000 0.066569 0.070180 1.05425
14.778125 0.067362 0.070898 1.05249
14.781250 0.068146 0.071606 1.05077
14.784375 0.068921 0.072305 1.0491
14.787500 0.069688 0.072995 1.04747
14.790625 0.070445 0.073677 1.04588
14.793750 0.071194 0.074349 1.04432
14.796875 0.071933 0.075013 1.04281
14.800000 0.072664 0.075667 1.04133
14.803125 0.073385 0.076312 1.03989
14.806250 0.074097 0.076948 1.03848
14.809375 0.074801 0.077575 1.0371
14.812500 0.075495 0.078193 1.03575
14.815625 0.076179 0.078802 1.03442
14.818750 0.076855 0.079401 1.03313
14.821875 0.077521 0.079991 1.03186
14.825000 0.078178 0.080572 1.03062
14.828125 0.078826 0.081144 1.02941
14.831250 0.079464 0.081706 1.02822
14.834375 0.080093 0.082260 1.02705
14.837500 0.080713 0.082803 1.0259
14.840625 0.081323 0.083338 1.02477
14.843750 0.081924 0.083863 1.02367
14.846875 0.082516 0.084379 1.02258
14.850000 0.083097 0.084886 1.02152
14.853125 0.083670 0.085383 1.02047
14.856250 0.084233 0.085870 1.01944
14.859375 0.084786 0.086349 1.01843
14.862500 0.085330 0.086818 1.01743
14.865625 0.085865 0.087277 1.01645
14.868750 0.086390 0.087728 1.01549
14.871875 0.086905 0.088168 1.01454
14.875000 0.087411 0.088600 1.0136
14.878125 0.087907 0.089022 1.01268
14.881250 0.088394 0.089435 1.01177
14.884375 0.088871 0.089838 1.01088
14.887500 0.089338 0.090232 1.01
14.890625 0.089796 0.090616 1.00913
14.893750 0.090245 0.090991 1.00827
14.896875 0.090683 0.091357 1.00743
14.900000 0.091112 0.091713 1.00659
14.903125 0.091532 0.092060 1.00577
14.906250 0.091942 0.092397 1.00495
14.909375 0.092342 0.092725 1.00415
14.912500 0.092733 0.093044 1.00336
14.915625 0.093114 0.093354 1.00257
14.918750 0.093486 0.093654 1.0018
14.921875 0.093848 0.093944 1.00103
14.925000 0.094200 0.094226 1.00027
14.928125 0.094543 0.094498 0.999523
14.931250 0.094876 0.094761 0.998782
14.934375 0.095200 0.095014 0.998049
14.937500 0.095514 0.095259 0.997323
14.940625 0.095819 0.095494 0.996605
14.943750 0.096114 0.095719 0.995894
14.946875 0.096400 0.095936 0.995189
14.950000 0.096676 0.096143 0.994492
14.953125 0.096942 0.096341 0.9938
14.956250 0.097200 0.096530 0.993115
14.959375 0.097447 0.096710 0.992436
14.962500 0.097686 0.096881 0.991763
14.965625 0.097915 0.097043 0.991096
14.968750 0.098134 0.097195 0.990434
14.971875 0.098344 0.097339 0.989777
14.975000 0.098545 0.097473 0.989125
14.978125 0.098736 0.097599 0.988479
14.981250 0.098918 0.097715 0.987837
14.984375 0.099091 0.097822 0.987199
14.987500 0.099254 0.097921 0.986567
14.990625 0.099408 0.098011 0.985938
14.993750 0.099553 0.098091 0.985313
14.996875 0.099689 0.098163 0.984693
15.000000 0.099816 0.098226 0.984076
15.003125 0.099933 0.098280 0.983463
15.006250 0.100041 0.098326 0.982854
15.009375 0.100140 0.098362 0.982248
15.012500 0.100230 0.098390 0.981645
15.015625 0.100311 0.098410 0.981045
15.018750 0.100383 0.098420 0.980448
15.021875 0.100446 0.098422 0.979855
15.025000 0.100500 0.098416 0.979263
15.028125 0.100544 0.098400 0.978675
15.031250 0.100580 0.098377 0.978089
15.034375 0.100608 0.098344 0.977505
15.037500 0.100626 0.098304 0.976924
15.040625 0.100635 0.098255 0.976344
15.043750 0.100636 0.098197 0.975767
15.046875 0.100628 0.098131 0.975191
15.050000 0.100611 0.098057 0.974618
15.053125 0.100585 0.097974 0.974045
15.056250 0.100551 0.097884 0.973475
15.059375 0.100508 0.097785 0.972906
15.062500 0.100456 0.097677 0.972338
15.065625 0.100396 0.097562 0.971771
15.068750 0.100328 0.097439 0.971205
15.071875 0.100251 0.097307 0.97064
15.075000 0.100165 0.097168 0.970077
15.078125 0.100071 0.097020 0.969513
15.081250 0.099969 0.096865 0.968951
15.084375 0.099858 0.096702 0.968389
15.087500 0.099739 0.096530 0.967827
15.090625 0.099612 0.096351 0.967266
15.093750 0.099476 0.096164 0.966705
15.096875 0.099333 0.095970 0.966144
15.100000 0.099181 0.095768 0.965583
15.103125 0.099021 0.095558 0.965022
15.106250 0.098853 0.095340 0.96446
15.109375 0.098677 0.095115 0.963898
15.112500 0.098493 0.094882 0.963336
15.115625 0.098301 0.094642 0.962773
15.118750 0.098102 0.094394 0.96221
15.121875 0.097894 0.094139 0.961645
15.125000 0.097679 0.093877 0.96108
15.128125 0.097455 0.093607 0.960514
15.131250 0.097225 0.093330 0.959947
15.134375 0.096986 0.093046 0.959378
15.137500 0.096740 0.092755 0.958808
15.140625 0.096486 0.092456 0.958237
15.143750 0.096225 0.092151 0.957663
15.146875 0.095956 0.091838 0.957089
15.150000 0.095679 0.091518 0.956512
15.153125 0.095396 0.091192 0.955933
15.156250 0.095105 0.090858 0.955353
15.159375 0.094806 0.090518 0.95477
15.162500 0.094500 0.090171 0.954184
15.165625 0.094188 0.089817 0.953596
15.168750 0.093867 0.089456 0.953006
15.171875 0.093540 0.089089 0.952413
15.175000 0.093206 0.088715 0.951817
15.178125 0.092865 0.088334 0.951218
15.181250 0.092516 0.087947 0.950615
15.184375 0.092161 0.087554 0.95001
15.187500 0.091799 0.087154 0.949401
15.190625 0.091430 0.086748 0.948788
15.193750 0.091054 0.086335 0.948171
15.196875 0.090672 0.085916 0.947551
15.200000 0.090282 0.085491 0.946927
15.203125 0.089886 0.085059 0.946298
15.206250 0.089484 0.084622 0.945665
15.209375 0.089075 0.084178 0.945027
15.212500 0.088659 0.083728 0.944385
15.215625 0.088237 0.083273 0.943737
15.218750 0.087809 0.082811 0.943085
15.221875 0.087374 0.082344 0.942427
15.225000 0.086933 0.081870 0.941764
15.228125 0.086486 0.081391 0.941095
15.231250 0.086032 0.080906 0.94042
15.234375 0.085572 0.080416 0.939739
15.237500 0.085107 0.079920 0.939052
15.240625 0.084635 0.079418 0.938358
15.243750 0.084157 0.078910 0.937657
15.246875 0.083673 0.078398 0.936949
15.250000 0.083184 0.077879 0.936234
15.253125 0.082688 0.077356 0.935512
15.256250 0.082187 0.076827 0.934782
15.259375 0.081680 0.076292 0.934043
15.262500 0.081167 0.075753 0.933297
15.265625 0.080648 0.075208 0.932542
15.268750 0.080124 0.074658 0.931777
15.271875 0.079595 0.074103 0.931004
15.275000 0.079060 0.073543 0.930221
15.278125 0.078519 0.072978 0.929429
15.281250 0.077973 0.072408 0.928626
15.284375 0.077422 0.071833 0.927813
15.287500 0.076865 0.071253 0.926988
15.290625 0.076304 0.070669 0.926153
15.293750 0.075737 0.070080 0.925306
15.296875 0.075165 0.069486 0.924447
15.300000 0.074587 0.068887 0.923575
15.303125 0.074005 0.068284 0.922691
15.306250 0.073418 0.067676 0.921793
15.309375 0.072826 0.067064 0.920882
15.312500 0.072229 0.066447 0.919956
15.315625 0.071627 0.065826 0.919016
15.318750 0.071021 0.065201 0.91806
15.321875 0.070409 0.064571 0.917088
15.325000 0.069793 0.063938 0.9161
15.328125 0.069173 0.063299 0.915095
15.331250 0.068547 0.062657 0.914072
15.334375 0.067918 0.062011 0.913032
15.337500 0.067284 0.061361 0.911972
15.340625 0.066645 0.060706 0.910892
15.343750 0.066002 0.060048 0.909792
15.346875 0.065355 0.059386 0.908671
15.350000 0.064703 0.058720 0.907528
15.353125 0.064047 0.058050 0.906362
15.356250 0.063388 0.057377 0.905172
15.359375 0.062724 0.056699 0.903958
15.362500 0.062056 0.056019 0.902718
15.365625 0.061383 0.055334 0.901451
15.368750 0.060707 0.054646 0.900157
15.371875 0.060027 0.053955 0.898833
15.375000 0.059344 0.053260 0.89748
15.378125 0.058656 0.052561 0.896095
15.381250 0.057965 0.051860 0.894678
15.384375 0.057270 0.051155 0.893226
15.387500 0.056571 0.050447 0.891739
15.390625 0.055869 0.049735 0.890215
15.393750 0.055163 0.049020 0.888653
15.396875 0.054453 0.048303 0.887049
15.400000 0.053740 0.047582 0.885404
15.403125 0.053024 0.046858 0.883714
15.406250 0.052305 0.046132 0.881978
15.409375 0.051582 0.045402 0.880194
15.412500 0.050855 0.044669 0.878358
15.415625 0.050126 0.043934 0.87647
15.418750 0.049394 0.043196 0.874525
15.421875 0.048658 0.042455 0.872522
15.425000 0.047919 0.041712 0.870457
15.428125 0.047177 0.040965 0.868327
15.431250 0.046433 0.040217 0.866128
15.434375 0.045685 0.039465 0.863857
15.437500 0.044935 0.038712 0.86151
15.440625 0.044181 0.037955 0.859083
15.443750 0.043425 0.037197 0.856571
15.446875 0.042666 0.036436 0.853969
15.450000 0.041905 0.035672 0.851273
15.453125 0.041141 0.034907 0.848475
15.456250 0.040374 0.034139 0.845571
15.459375 0.039605 0.033369 0.842554
15.462500 0.038833 0.032597 0.839415
15.465625 0.038059 0.031823 0.836149
15.468750 0.037282 0.031047 0.832746
15.471875 0.036504 0.030269 0.829196
15.475000 0.035722 0.029488 0.825491
15.478125 0.034939 0.028706 0.821618
15.481250 0.034153 0.027922 0.817566
15.484375 0.033365 0.027137 0.813322
15.487500 0.032575 0.026349 0.80887
15.490625 0.031783 0.025560 0.804196
15.493750 0.030989 0.024769 0.79928
15.496875 0.030193 0.023977 0.794103
15.500000 0.029395 0.023182 0.788643
15.503125 0.028596 0.022387 0.782876
15.506250 0.027794 0.021590 0.776774
15.509375 0.026990 0.020791 0.770307
15.512500 0.026185 0.019991 0.763439
15.515625 0.025378 0.019189 0.756132
15.518750 0.024570 0.018386 0.748341
15.521875 0.023759 0.017582 0.740015
15.525000 0.022948 0.016777 0.731097
15.528125 0.022134 0.015970 0.721519
15.531250 0.021319 0.015162 0.711206
15.534375 0.020503 0.014353 0.700066
15.537500 0.019685 0.013543 0.687997
15.540625 0.018866 0.012732 0.674873
15.543750 0.018046 0.011920 0.660551
15.546875 0.017224 0.011107 0.644856
15.550000 0.016401 0.010293 0.627579
15.553125 0.015577 0.009478 0.608465
15.556250 0.014752 0.008662 0.587205
15.559375 0.013926 0.007846 0.563411
15.562500 0.013098 0.007028 0.536599
15.565625 0.012270 0.006210 0.506154
15.568750 0.011440 0.005392 0.47128
15.571875 0.010610 0.004572 0.43093
15.575000 0.009779 0.003752 0.3837
15.578125 0.008946 0.002931 0.32766
15.581250 0.008113 0.002110 0.260086
15.584375 0.007280 0.001288 0.176998
15.587500 0.006445 0.000466 0.0723509
15.590625 0.005610 -0.000356 -0.0635101
15.593750 0.004774 -0.001179 -0.247018
15.596875 0.003938 -0.002003 -0.508597
15.600000 0.003101 -0.002826 -0.911572
15.603125 0.002263 -0.003650 -1.61313
15.606250 0.001425 -0.004475 -3.14065
15.609375 0.000586 -0.005299 -9.04128
15.612500 -0.000253 -0.006124 24.2059
15.615625 -0.001092 -0.006948 6.36038
15.618750 -0.001932 -0.007773 4.02285
15.621875 -0.002772 -0.008598 3.10132
15.625000 -0.003613 -0.009423 2.60822
15.628125 -0.004453 -0.010248 2.30112
15.631250 -0.005294 -0.011073 2.09145
15.634375 -0.006135 -0.011898 1.93919
15.637500 -0.006977 -0.012723 1.82359
15.640625 -0.007818 -0.013547 1.73283
15.643750 -0.008659 -0.014372 1.65967
15.646875 -0.009501 -0.015196 1.59944
15.650000 -0.010342 -0.016020 1.54899
15.653125 -0.011183 -0.016844 1.50612
15.656250 -0.012025 -0.017667 1.46922
15.659375 -0.012866 -0.018490 1.43714
15.662500 -0.013707 -0.019313 1.40898
15.665625 -0.014548 -0.020135 1.38407
15.668750 -0.015388 -0.020957 1.36187
15.671875 -0.016229 -0.021778 1.34197
15.675000 -0.017069 -0.022599 1.32401
15.678125 -0.017909 -0.023420 1.30774
15.681250 -0.018748 -0.024239 1.29291
15.684375 -0.019587 -0.025059 1.27935
15.687500 -0.020426 -0.025877 1.2669
15.690625 -0.021264 -0.026695 1.25543
15.693750 -0.022102 -0.027513 1.24483
15.696875 -0.022939 -0.028329 1.23499
15.700000 -0.023775 -0.029145 1.22585
15.703125 -0.024611 -0.029960 1.21732
15.706250 -0.025447 -0.030774 1.20935
15.709375 -0.026282 -0.031588 1.20189
15.712500 -0.027116 -0.032400 1.19488
15.715625 -0.027949 -0.033212 1.18829
15.718750 -0.028782 -0.034023 1.18208
15.721875 -0.029614 -0.034833 1.17622
15.725000 -0.030445 -0.035642 1.17068
15.728125 -0.031276 -0.036450 1.16543
15.731250 -0.032105 -0.037256 1.16045
15.734375 -0.032934 -0.038062 1.15571
15.737500 -0.033762 -0.038867 1.15122
15.740625 -0.034588 -0.039671 1.14693
15.743750 -0.035414 -0.040473 1.14285
15.746875 -0.036239 -0.041274 1.13895
15.750000 -0.037063 -0.042075 1.13522
15.753125 -0.037886 -0.042874 1.13165
15.756250 -0.038707 -0.043671 1.12824
15.759375 -0.039528 -0.044468 1.12497
15.762500 -0.040347 -0.045263 1.12183
15.765625 -0.041166 -0.046057 1.11881
15.768750 -0.041983 -0.046849 1.11591
15.771875 -0.042799 -0.047640 1.11312
15.775000 -0.043613 -0.048430 1.11044
15.778125 -0.044427 -0.049218 1.10786
15.781250 -0.045239 -0.050005 1.10536
15.784375 -0.046050 -0.050791 1.10296
15.787500 -0.046859 -0.051575 1.10064
15.790625 -0.047667 -0.052357 1.09839
15.793750 -0.048474 -0.053138 1.09623
15.796875 -0.049279 -0.053918 1.09413
15.800000 -0.050083 -0.054695 1.0921
15.803125 -0.050885 -0.055472 1.09014
15.806250 -0.051686 -0.056246 1.08823
15.809375 -0.052485 -0.057019 1.08639
15.812500 -0.053283 -0.057791 1.08459
15.815625 -0.054079 -0.058560 1.08286
15.818750 -0.054874 -0.059328 1.08117
15.821875 -0.055667 -0.060094 1.07953
15.825000 -0.056458 -0.060859 1.07794
15.828125 -0.057248 -0.061621 1.07639
15.831250 -0.058036 -0.062382 1.07489
15.834375 -0.058823 -0.063141 1.07342
15.837500 -0.059607 -0.063898 1.07199
15.840625 -0.060390 -0.064654 1.0706
15.843750 -0.061171 -0.065407 1.06925
15.846875 -0.061950 -0.066159 1.06793
15.850000 -0.062728 -0.066909 1.06665
15.853125 -0.063504 -0.067656 1.06539
15.856250 -0.064277 -0.068402 1.06417
15.859375 -0.065049 -0.069146 1.06297
15.862500 -0.065819 -0.069888 1.06181
15.865625 -0.066588 -0.070627 1.06067
15.868750 -0.067354 -0.071365 1.05955
15.871875 -0.068118 -0.072101 1.05847
15.875000 -0.068880 -0.072834 1.0574
15.878125 -0.069641 -0.073566 1.05636
15.881250 -0.070399 -0.074295 1.05535
15.884375 -0.071155 -0.075023 1.05435
15.887500 -0.071910 -0.075748 1.05338
15.890625 -0.072662 -0.076471 1.05242
15.893750 -0.073412 -0.077192 1.05149
15.896875 -0.074160 -0.077910 1.05057
15.900000 -0.074906 -0.078627 1.04968
15.903125 -0.075649 -0.079341 1.0488
15.906250 -0.076391 -0.080053 1.04794
15.909375 -0.077130 -0.080763 1.0471
15.912500 -0.077867 -0.081470 1.04627
15.915625 -0.078602 -0.082175 1.04546
15.918750 -0.079335 -0.082878 1.04466
15.921875 -0.080066 -0.083579 1.04388
15.925000 -0.080794 -0.084278 1.04312
15.928125 -0.081520 -0.084974 1.04237
15.931250 -0.082243 -0.085667 1.04163
15.934375 -0.082965 -0.086359 1.04091
15.937500 -0.083684 -0.087048 1.0402
15.940625 -0.084401 -0.087735 1.03951
15.943750 -0.085115 -0.088420 1.03882
15.946875 -0.085827 -0.089102 1.03816
15.950000 -0.086537 -0.089782 1.0375
15.953125 -0.087244 -0.090460 1.03686
15.956250 -0.087949 -0.091135 1.03623
15.959375 -0.088651 -0.091808 1.03561
15.962500 -0.089351 -0.092479 1.03501
15.965625 -0.090049 -0.093147 1.03441
15.968750 -0.090744 -0.093813 1.03382
15.971875 -0.091436 -0.094476 1.03325
15.975000 -0.092126 -0.095136 1.03267
15.978125 -0.092814 -0.095793 1.0321
15.981250 -0.093499 -0.096446 1.03152
15.984375 -0.094182 -0.097094 1.03093
15.987500 -0.094862 -0.097738 1.03033
15.990625 -0.095539 -0.098377 1.0297
15.993750 -0.096214 -0.099009 1.02905
15.996875 -0.096886 -0.099635 1.02837
16.000000 -0.097556 -0.100254 1.02765
16.003125 -0.098223 -0.100865 1.0269
16.006250 -0.098886 -0.101467 1.02611
16.009375 -0.099544 -0.102061 1.02528
16.012500 -0.100198 -0.102645 1.02443
16.015625 -0.100846 -0.103220 1.02354
16.018750 -0.101487 -0.103784 1.02263
16.021875 -0.102122 -0.104338 1.0217
16.025000 -0.102749 -0.104880 1.02074
16.028125 -0.103368 -0.105411 1.01977
16.031250 -0.103978 -0.105929 1.01877
16.034375 -0.104579 -0.106436 1.01775
16.037500 -0.105170 -0.106929 1.01672
16.040625 -0.105751 -0.107409 1.01568
16.043750 -0.106322 -0.107876 1.01462
16.046875 -0.106881 -0.108328 1.01354
16.050000 -0.107428 -0.108767 1.01246
16.053125 -0.107964 -0.109191 1.01136
16.056250 -0.108487 -0.109600 1.01026
16.059375 -0.108997 -0.109994 1.00914
16.062500 -0.109494 -0.110373 1.00802
16.065625 -0.109978 -0.110736 1.00689
16.068750 -0.110447 -0.111083 1.00576
16.071875 -0.110903 -0.111414 1.00461
16.075000 -0.111343 -0.111729 1.00347
16.078125 -0.111769 -0.112028 1.00232
16.081250 -0.112180 -0.112310 1.00116
16.084375 -0.112575 -0.112575 1
16.087500 -0.112955 -0.112824 0.998839
16.090625 -0.113319 -0.113055 0.997675
16.093750 -0.113666 -0.113269 0.996509
16.096875 -0.113997 -0.113466 0.995342
16.100000 -0.114312 -0.113646 0.994172
16.103125 -0.114610 -0.113808 0.993002
16.106250 -0.114891 -0.113952 0.991831
16.109375 -0.115154 -0.114079 0.990659
16.112500 -0.115401 -0.114187 0.989487
16.115625 -0.115630 -0.114278 0.988314
16.118750 -0.115841 -0.114351 0.987141
16.121875 -0.116035 -0.114406 0.985967
16.125000 -0.116210 -0.114443 0.984794
16.128125 -0.116368 -0.114462 0.98362
16.131250 -0.116508 -0.114463 0.982447
16.134375 -0.116630 -0.114446 0.981273
16.137500 -0.116734 -0.114410 0.980099
16.140625 -0.116819 -0.114357 0.978926
16.143750 -0.116886 -0.114285 0.977752
16.146875 -0.116935 -0.114196 0.976578
16.150000 -0.116965 -0.114088 0.975404
16.153125 -0.116977 -0.113962 0.97423
16.156250 -0.116970 -0.113818 0.973056
16.159375 -0.116945 -0.113656 0.971881
16.162500 -0.116901 -0.113476 0.970706
16.165625 -0.116839 -0.113279 0.96953
16.168750 -0.116758 -0.113063 0.968353
16.171875 -0.116659 -0.112830 0.967175
16.175000 -0.116542 -0.112579 0.965997
16.178125 -0.116406 -0.112310 0.964817
16.181250 -0.116251 -0.112024 0.963636
16.184375 -0.116079 -0.111720 0.962453
16.187500 -0.115888 -0.111399 0.961269
16.190625 -0.115679 -0.111061 0.960082
16.193750 -0.115451 -0.110705 0.958893
16.196875 -0.115206 -0.110333 0.957702
16.200000 -0.114942 -0.109943 0.956509
16.203125 -0.114661 -0.109537 0.955312
16.206250 -0.114361 -0.109114 0.954113
16.209375 -0.114044 -0.108674 0.95291
16.212500 -0.113709 -0.108218 0.951703
16.215625 -0.113357 -0.107745 0.950492
16.218750 -0.112987 -0.107256 0.949277
16.221875 -0.112600 -0.106751 0.948058
16.225000 -0.112195 -0.106230 0.946833
16.228125 -0.111773 -0.105693 0.945604
16.231250 -0.111335 -0.105141 0.944369
16.234375 -0.110879 -0.104573 0.943128
16.237500 -0.110406 -0.103990 0.941881
16.240625 -0.109917 -0.103391 0.940627
16.243750 -0.109412 -0.102778 0.939366
16.246875 -0.108890 -0.102149 0.938098
16.250000 -0.108351 -0.101506 0.936822
16.253125 -0.107797 -0.100848 0.935538
16.256250 -0.107227 -0.100176 0.934245
16.259375 -0.106641 -0.099490 0.932943
16.262500 -0.106039 -0.098789 0.931631
16.265625 -0.105422 -0.098075 0.930309
16.268750 -0.104789 -0.097347 0.928976
16.271875 -0.104142 -0.096605 0.927632
16.275000 -0.103479 -0.095850 0.926276
16.278125 -0.102802 -0.095082 0.924908
16.281250 -0.102110 -0.094301 0.923527
16.284375 -0.101403 -0.093507 0.922133
16.287500 -0.100683 -0.092701 0.920724
16.290625 -0.099948 -0.091882 0.9193
16.293750 -0.099199 -0.091051 0.91786
16.296875 -0.098437 -0.090208 0.916404
16.300000 -0.097661 -0.089353 0.914931
16.303125 -0.096871 -0.088486 0.91344
16.306250 -0.096069 -0.087608 0.911931
16.309375 -0.095253 -0.086719 0.910401
16.312500 -0.094425 -0.085818 0.908851
16.315625 -0.093584 -0.084907 0.90728
16.318750 -0.092731 -0.083985 0.905686
16.321875 -0.091865 -0.083052 0.904069
16.325000 -0.090987 -0.082110 0.902427
16.328125 -0.090098 -0.081157 0.900759
16.331250 -0.089197 -0.080194 0.899065
16.334375 -0.088284 -0.079221 0.897343
16.337500 -0.087361 -0.078239 0.895591
16.340625 -0.086426 -0.077248 0.893808
16.343750 -0.085481 -0.076248 0.891993
16.346875 -0.084524 -0.075239 0.890144
16.350000 -0.083558 -0.074221 0.88826
16.353125 -0.082581 -0.073195 0.886339
16.356250 -0.081594 -0.072160 0.884379
16.359375 -0.080597 -0.071117 0.882378
16.362500 -0.079591 -0.070067 0.880334
16.365625 -0.078575 -0.069009 0.878246
16.368750 -0.077551 -0.067943 0.876111
16.371875 -0.076517 -0.066870 0.873926
16.375000 -0.075474 -0.065790 0.871689
16.378125 -0.074423 -0.064703 0.869397
16.381250 -0.073363 -0.063609 0.867047
16.384375 -0.072295 -0.062509 0.864637
16.387500 -0.071220 -0.061403 0.862163
16.390625 -0.070136 -0.060291 0.859622
16.393750 -0.069045 -0.059172 0.85701
16.396875 -0.067947 -0.058048 0.854322
16.400000 -0.066841 -0.056919 0.851556
16.403125 -0.065728 -0.055784 0.848705
16.406250 -0.064609 -0.054644 0.845766
16.409375 -0.063483 -0.053499 0.842733
16.412500 -0.062351 -0.052350 0.8396
16.415625 -0.061213 -0.051196 0.836361
16.418750 -0.060068 -0.050037 0.83301
16.421875 -0.058918 -0.048875 0.829539
16.425000 -0.057763 -0.047709 0.825942
16.428125 -0.056602 -0.046538 0.822208
16.431250 -0.055436 -0.045365 0.81833
16.434375 -0.054265 -0.044188 0.814297
16.437500 -0.053089 -0.043007 0.810098
16.440625 -0.051909 -0.041824 0.805722
16.443750 -0.050724 -0.040638 0.801155
16.446875 -0.049535 -0.039449 0.796383
16.450000 -0.048342 -0.038258 0.791391
16.453125 -0.047146 -0.037064 0.786161
16.456250 -0.045945 -0.035868 0.780674
16.459375 -0.044742 -0.034671 0.774908
16.462500 -0.043535 -0.033471 0.768839
16.465625 -0.042325 -0.032271 0.762443
16.468750 -0.041113 -0.031068 0.755687
16.471875 -0.039897 -0.029865 0.748541
16.475000 -0.038680 -0.028660 0.740965
16.478125 -0.037460 -0.027455 0.732918
16.481250 -0.036238 -0.026249 0.724352
16.484375 -0.035014 -0.025042 0.715211
16.487500 -0.033788 -0.023835 0.705433
16.490625 -0.032561 -0.022628 0.694946
16.493750 -0.031332 -0.021421 0.683667
16.496875 -0.030102 -0.020214 0.671497
16.500000 -0.028871 -0.019007 0.658324
16.503125 -0.027640 -0.017800 0.644014
16.506250 -0.026407 -0.016595 0.628408
16.509375 -0.025175 -0.015390 0.611317
16.512500 -0.023941 -0.014186 0.592512
16.515625 -0.022708 -0.012983 0.571717
16.518750 -0.021475 -0.011781 0.54859
16.521875 -0.020242 -0.010581 0.52271
16.525000 -0.019009 -0.009382 0.493544
16.528125 -0.017777 -0.008185 0.460414
16.531250 -0.016545 -0.006989 0.422444
16.534375 -0.015315 -0.005796 0.378476
16.537500 -0.014085 -0.004605 0.326951
16.540625 -0.012856 -0.003416 0.265723
16.543750 -0.011629 -0.002230 0.191742
16.546875 -0.010403 -0.001046 0.100537
16.550000 -0.009179 0.000135 -0.014734
16.553125 -0.007957 0.001314 -0.165088
16.556250 -0.006736 0.002489 -0.369476
16.559375 -0.005518 0.003661 -0.663496
16.562500 -0.004302 0.004830 -1.12281
16.565625 -0.003088 0.005996 -1.94159
16.568750 -0.001877 0.007158 -3.81386
16.571875 -0.000668 0.008316 -12.4458
16.575000 0.000538 0.009471 17.6176
16.578125 0.001740 0.010622 6.10295
16.581250 0.002940 0.011769 4.00264
16.584375 0.004137 0.012911 3.1211
16.587500 0.005330 0.014050 2.63598
16.590625 0.006520 0.015184 2.3289
16.593750 0.007706 0.016313 2.11701
16.596875 0.008888 0.017438 1.96196
16.600000 0.010067 0.018558 1.84356
16.603125 0.011241 0.019674 1.75017
16.606250 0.012411 0.020784 1.6746
16.609375 0.013577 0.021890 1.61219
16.612500 0.014739 0.022990 1.55977
16.615625 0.015896 0.024085 1.5151
16.618750 0.017049 0.025174 1.47658
16.621875 0.018197 0.026258 1.44301
16.625000 0.019340 0.027336 1.4135
16.628125 0.020478 0.028409 1.38733
16.631250 0.021610 0.029476 1.36397
16.634375 0.022738 0.030537 1.34299
16.637500 0.023860 0.031592 1.32404
16.640625 0.024977 0.032641 1.30683
16.643750 0.026089 0.033684 1.29112
16.646875 0.027194 0.034720 1.27674
16.650000 0.028294 0.035750 1.26351
16.653125 0.029389 0.036774 1.2513
16.656250 0.030477 0.037791 1.24
16.659375 0.031559 0.038802 1.2295
16.662500 0.032635 0.039805 1.21972
16.665625 0.033705 0.040802 1.21058
16.668750 0.034768 0.041792 1.20203
16.671875 0.035825 0.042775 1.19401
16.675000 0.036875 0.043751 1.18647
16.678125 0.037919 0.044720 1.17936
16.681250 0.038956 0.045682 1.17265
16.684375 0.039987 0.046637 1.1663
16.687500 0.041010 0.047584 1.16029
16.690625 0.042027 0.048524 1.15459
16.693750 0.043036 0.049456 1.14917
16.696875 0.044038 0.050381 1.14401
16.700000 0.045034 0.051298 1.1391
16.703125 0.046021 0.052207 1.13441
16.706250 0.047002 0.053109 1.12993
16.709375 0.047975 0.054002 1.12564
16.712500 0.048940 0.054888 1.12154
16.715625 0.049898 0.055766 1.11761
16.718750 0.050848 0.056636 1.11383
16.721875 0.051791 0.057498 1.1102
16.725000 0.052725 0.058352 1.10672
16.728125 0.053652 0.059198 1.10336
16.731250 0.054571 0.060035 1.10013
16.734375 0.055482 0.060864 1.09701
16.737500 0.056385 0.061685 1.094
16.740625 0.057280 0.062498 1.0911
16.743750 0.058166 0.063302 1.08829
16.746875 0.059044 0.064097 1.08558
16.750000 0.059914 0.064884 1.08295
16.753125 0.060776 0.065663 1.08041
16.756250 0.061629 0.066433 1.07794
16.759375 0.062474 0.067194 1.07555
16.762500 0.063310 0.067947 1.07323
16.765625 0.064138 0.068690 1.07098
16.768750 0.064957 0.069425 1.06879
16.771875 0.065767 0.070152 1.06667
16.775000 0.066569 0.070869 1.0646
16.778125 0.067362 0.071578 1.06258
16.781250 0.068146 0.072277 1.06062
16.784375 0.068921 0.072968 1.05871
16.787500 0.069688 0.073650 1.05685
16.790625 0.070445 0.074322 1.05504
16.793750 0.071194 0.074986 1.05327
16.796875 0.071933 0.075641 1.05154
16.800000 0.072664 0.076286 1.04985
16.803125 0.073385 0.076923 1.0482
16.806250 0.074097 0.077550 1.04659
16.809375 0.074801 0.078168 1.04502
16.812500 0.075495 0.078777 1.04348
16.815625 0.076179 0.079377 1.04197
16.818750 0.076855 0.079967 1.0405
16.821875 0.077521 0.080548 1.03905
16.825000 0.078178 0.081120 1.03763
16.828125 0.078826 0.081683 1.03625
16.831250 0.079464 0.082237 1.03489
16.834375 0.080093 0.082781 1.03355
16.837500 0.080713 0.083316 1.03224
16.840625 0.081323 0.083841 1.03096
16.843750 0.081924 0.084357 1.0297
16.846875 0.082516 0.084864 1.02846
16.850000 0.083097 0.085362 1.02725
16.853125 0.083670 0.085850 1.02605
16.856250 0.084233 0.086328 1.02488
16.859375 0.084786 0.086798 1.02372
16.862500 0.085330 0.087258 1.02259
16.865625 0.085865 0.087708 1.02147
16.868750 0.086390 0.088149 1.02037
16.871875 0.086905 0.088581 1.01928
16.875000 0.087411 0.089003 1.01822
16.878125 0.087907 0.089416 1.01717
16.881250 0.088394 0.089820 1.01613
16.884375 0.088871 0.090214 1.01511
16.887500 0.089338 0.090599 1.01411
16.890625 0.089796 0.090974 1.01312
16.893750 0.090245 0.091340 1.01214
16.896875 0.090683 0.091697 1.01117
16.900000 0.091112 0.092044 1.01022
16.903125 0.091532 0.092382 1.00928
16.906250 0.091942 0.092710 1.00836
16.909375 0.092342 0.093029 1.00744
16.912500 0.092733 0.093339 1.00653
16.915625 0.093114 0.093639 1.00564
16.918750 0.093486 0.093930 1.00476
16.921875 0.093848 0.094212 1.00388
16.925000 0.094200 0.094485 1.00302
16.928125 0.094543 0.094748 1.00217
16.931250 0.094876 0.095002 1.00132
16.934375 0.095200 0.095246 1.00049
16.937500 0.095514 0.095482 0.999658
16.940625 0.095819 0.095708 0.99884
16.943750 0.096114 0.095925 0.998029
16.946875 0.096400 0.096132 0.997226
16.950000 0.096676 0.096331 0.996431
16.953125 0.096942 0.096520 0.995644
16.956250 0.097200 0.096700 0.994863
16.959375 0.097447 0.096871 0.994089
16.962500 0.097686 0.097033 0.993322
16.965625 0.097915 0.097186 0.992562
16.968750 0.098134 0.097330 0.991807
16.971875 0.098344 0.097465 0.991059
16.975000 0.098545 0.097591 0.990317
16.978125 0.098736 0.097707 0.98958
16.981250 0.098918 0.097815 0.988848
16.984375 0.099091 0.097914 0.988122
16.987500 0.099254 0.098004 0.987401
16.990625 0.099408 0.098085 0.986685
16.993750 0.099553 0.098157 0.985974
16.996875 0.099689 0.098220 0.985267
17.000000 0.099816 0.098275 0.984565
17.003125 0.099933 0.098321 0.983866
17.006250 0.100041 0.098358 0.983172
17.009375 0.100140 0.098386 0.982482
17.012500 0.100230 0.098405 0.981795
17.015625 0.100311 0.098416 0.981112
17.018750 0.100383 0.098419 0.980433
17.021875 0.100446 0.098412 0.979757
17.025000 0.100500 0.098397 0.979083
17.028125 0.100544 0.098374 0.978413
17.031250 0.100580 0.098342 0.977746
17.034375 0.100608 0.098302 0.977081
17.037500 0.100626 0.098253 0.976419
17.040625 0.100635 0.098196 0.97576
17.043750 0.100636 0.098130 0.975102
17.046875 0.100628 0.098056 0.974447
17.050000 0.100611 0.097974 0.973794
17.053125 0.100585 0.097884 0.973142
17.056250 0.100551 0.097785 0.972493
17.059375 0.100508 0.097678 0.971845
17.062500 0.100456 0.097563 0.971198
17.065625 0.100396 0.097440 0.970553
17.068750 0.100328 0.097309 0.969909
17.071875 0.100251 0.097170 0.969266
17.075000 0.100165 0.097022 0.968624
17.078125 0.100071 0.096867 0.967983
17.081250 0.099969 0.096704 0.967343
17.084375 0.099858 0.096533 0.966704
17.087500 0.099739 0.096354 0.966065
17.090625 0.099612 0.096168 0.965426
17.093750 0.099476 0.095974 0.964787
17.096875 0.099333 0.095772 0.964149
17.100000 0.099181 0.095562 0.96351
17.103125 0.099021 0.095345 0.962872
17.106250 0.098853 0.095120 0.962233
17.109375 0.098677 0.094887 0.961594
17.112500 0.098493 0.094648 0.960954
17.115625 0.098301 0.094400 0.960314
17.118750 0.098102 0.094146 0.959673
17.121875 0.097894 0.093883 0.959031
17.125000 0.097679 0.093614 0.958388
17.128125 0.097455 0.093337 0.957744
17.131250 0.097225 0.093053 0.957098
17.134375 0.096986 0.092762 0.956451
17.137500 0.096740 0.092464 0.955803
17.140625 0.096486 0.092159 0.955153
17.143750 0.096225 0.091846 0.954501
17.146875 0.095956 0.091527 0.953847
17.150000 0.095679 0.091201 0.953191
17.153125 0.095396 0.090868 0.952533
17.156250 0.095105 0.090527 0.951872
17.159375 0.094806 0.090180 0.951209
17.162500 0.094500 0.089827 0.950544
17.165625 0.094188 0.089466 0.949875
17.168750 0.093867 0.089099 0.949204
17.171875 0.093540 0.088726 0.948529
17.175000 0.093206 0.088345 0.947851
17.178125 0.092865 0.087959 0.94717
17.181250 0.092516 0.087565 0.946485
17.184375 0.092161 0.087166 0.945796
17.187500 0.091799 0.086759 0.945104
17.190625 0.091430 0.086347 0.944407
17.193750 0.091054 0.085928 0.943706
17.196875 0.090672 0.085503 0.943001
17.200000 0.090282 0.085072 0.942291
17.203125 0.089886 0.084635 0.941576
17.206250 0.089484 0.084191 0.940856
17.209375 0.089075 0.083742 0.940131
17.212500 0.088659 0.083287 0.939401
17.215625 0.088237 0.082825 0.938665
17.218750 0.087809 0.082358 0.937923
17.221875 0.087374 0.081885 0.937176
17.225000 0.086933 0.081406 0.936422
17.228125 0.086486 0.080921 0.935661
17.231250 0.086032 0.080431 0.934894
17.234375 0.085572 0.079935 0.93412
17.237500 0.085107 0.079433 0.933339
17.240625 0.084635 0.078926 0.93255
17.243750 0.084157 0.078414 0.931753
17.246875 0.083673 0.077896 0.930949
17.250000 0.083184 0.077372 0.930137
17.253125 0.082688 0.076843 0.929315
17.256250 0.082187 0.076309 0.928485
17.259375 0.081680 0.075770 0.927646
17.262500 0.081167 0.075225 0.926798
17.265625 0.080648 0.074675 0.92594
17.268750 0.080124 0.074121 0.925071
17.271875 0.079595 0.073561 0.924192
17.275000 0.079060 0.072996 0.923303
17.278125 0.078519 0.072426 0.922402
17.281250 0.077973 0.071852 0.92149
17.284375 0.077422 0.071272 0.920565
17.287500 0.076865 0.070688 0.919629
17.290625 0.076304 0.070099 0.91868
17.293750 0.075737 0.069505 0.917717
17.296875 0.075165 0.068906 0.916741
17.300000 0.074587 0.068303 0.915751
17.303125 0.074005 0.067696 0.914746
17.306250 0.073418 0.067084 0.913726
17.309375 0.072826 0.066468 0.91269
17.312500 0.072229 0.065847 0.911639
17.315625 0.071627 0.065221 0.91057
17.318750 0.071021 0.064592 0.909484
17.321875 0.070409 0.063958 0.90838
17.325000 0.069793 0.063320 0.907258
17.328125 0.069173 0.062678 0.906116
17.331250 0.068547 0.062032 0.904954
17.334375 0.067918 0.061382 0.903772
17.337500 0.067284 0.060728 0.902568
17.340625 0.066645 0.060070 0.901342
17.343750 0.066002 0.059408 0.900092
17.346875 0.065355 0.058742 0.898819
17.350000 0.064703 0.058072 0.89752
17.353125 0.064047 0.057399 0.896196
17.356250 0.063388 0.056722 0.894844
17.359375 0.062724 0.056041 0.893465
17.362500 0.062056 0.055357 0.892056
17.365625 0.061383 0.054669 0.890618
17.368750 0.060707 0.053978 0.889147
17.371875 0.060027 0.053283 0.887644
17.375000 0.059344 0.052585 0.886107
17.378125 0.058656 0.051883 0.884534
17.381250 0.057965 0.051178 0.882925
17.384375 0.057270 0.050470 0.881276
17.387500 0.056571 0.049759 0.879588
17.390625 0.055869 0.049045 0.877857
17.393750 0.055163 0.048327 0.876082
17.396875 0.054453 0.047606 0.874262
17.400000 0.053740 0.046883 0.872393
17.403125 0.053024 0.046156 0.870474
17.406250 0.052305 0.045427 0.868503
17.409375 0.051582 0.044694 0.866477
17.412500 0.050855 0.043959 0.864392
17.415625 0.050126 0.043221 0.862248
17.418750 0.049394 0.042480 0.86004
17.421875 0.048658 0.041737 0.857765
17.425000 0.047919 0.040991 0.85542
17.428125 0.047177 0.040242 0.853001
17.431250 0.046433 0.039491 0.850505
17.434375 0.045685 0.038738 0.847926
17.437500 0.044935 0.037981 0.845261
17.440625 0.044181 0.037223 0.842505
17.443750 0.043425 0.036462 0.839653
17.446875 0.042666 0.035699 0.836699
17.450000 0.041905 0.034933 0.833637
17.453125 0.041141 0.034166 0.830461
17.456250 0.040374 0.033396 0.827164
17.459375 0.039605 0.032624 0.823738
17.462500 0.038833 0.031850 0.820175
17.465625 0.038059 0.031074 0.816466
17.468750 0.037282 0.030296 0.812603
17.471875 0.036504 0.029516 0.808573
17.475000 0.035722 0.028734 0.804366
17.478125 0.034939 0.027950 0.799969
17.481250 0.034153 0.027164 0.795369
17.484375 0.033365 0.026377 0.79055
17.487500 0.032575 0.025588 0.785496
17.490625 0.031783 0.024797 0.780189
17.493750 0.030989 0.024005 0.774608
17.496875 0.030193 0.023211 0.768731
17.500000 0.029395 0.022415 0.762533
17.503125 0.028596 0.021618 0.755985
17.506250 0.027794 0.020819 0.749058
17.509375 0.026990 0.020019 0.741716
17.512500 0.026185 0.019218 0.733919
17.515625 0.025378 0.018415 0.725623
17.518750 0.024570 0.017611 0.716778
17.521875 0.023759 0.016806 0.707326
17.525000 0.022948 0.015999 0.697201
17.528125 0.022134 0.015191 0.686328
17.531250 0.021319 0.014382 0.67462
17.534375 0.020503 0.013572 0.661973
17.537500 0.019685 0.012761 0.648271
17.540625 0.018866 0.011949 0.633373
17.543750 0.018046 0.011136 0.617113
17.546875 0.017224 0.010322 0.599295
17.550000 0.016401 0.009508 0.579681
17.553125 0.015577 0.008692 0.557982
17.556250 0.014752 0.007875 0.533845
17.559375 0.013926 0.007058 0.506833
17.562500 0.013098 0.006240 0.476395
17.565625 0.012270 0.005421 0.441832
17.568750 0.011440 0.004602 0.40224
17.571875 0.010610 0.003782 0.356432
17.575000 0.009779 0.002961 0.302814
17.578125 0.008946 0.002140 0.239194
17.581250 0.008113 0.001318 0.162478
17.584375 0.007280 0.000496 0.0681513
17.587500 0.006445 -0.000326 -0.0506507
17.590625 0.005610 -0.001149 -0.204889
17.593750 0.004774 -0.001973 -0.413221
17.596875 0.003938 -0.002796 -0.710183
17.600000 0.003101 -0.003620 -1.16767
17.603125 0.002263 -0.004445 -1.96413
17.606250 0.001425 -0.005269 -3.69827
17.609375 0.000586 -0.006094 -10.3971
17.612500 -0.000253 -0.006918 27.3475
17.615625 -0.001092 -0.007743 7.08795
17.618750 -0.001932 -0.008568 4.43422
17.621875 -0.002772 -0.009393 3.38804
17.625000 -0.003613 -0.010218 2.82824
17.628125 -0.004453 -0.011043 2.47959
17.631250 -0.005294 -0.011868 2.24157
17.634375 -0.006135 -0.012692 2.06871
17.637500 -0.006977 -0.013517 1.93747
17.640625 -0.007818 -0.014341 1.83444
17.643750 -0.008659 -0.015166 1.75138
17.646875 -0.009501 -0.015990 1.68301
17.650000 -0.010342 -0.016813 1.62573
17.653125 -0.011183 -0.017637 1.57705
17.656250 -0.012025 -0.018460 1.53517
17.659375 -0.012866 -0.019283 1.49875
17.662500 -0.013707 -0.020105 1.46678
17.665625 -0.014548 -0.020927 1.4385
17.668750 -0.015388 -0.021748 1.4133
17.671875 -0.016229 -0.022569 1.3907
17.675000 -0.017069 -0.023390 1.37031
17.678125 -0.017909 -0.024209 1.35184
17.681250 -0.018748 -0.025029 1.33501
17.684375 -0.019587 -0.025847 1.31961
17.687500 -0.020426 -0.026665 1.30548
17.690625 -0.021264 -0.027483 1.29245
17.693750 -0.022102 -0.028299 1.28041
17.696875 -0.022939 -0.029115 1.26925
17.700000 -0.023775 -0.029930 1.25887
17.703125 -0.024611 -0.030744 1.24919
17.706250 -0.025447 -0.031558 1.24014
17.709375 -0.026282 -0.032370 1.23167
17.712500 -0.027116 -0.033182 1.22371
17.715625 -0.027949 -0.033993 1.21623
17.718750 -0.028782 -0.034803 1.20918
17.721875 -0.029614 -0.035612 1.20252
17.725000 -0.030445 -0.036420 1.19622
17.728125 -0.031276 -0.037226 1.19026
17.731250 -0.032105 -0.038032 1.18461
17.734375 -0.032934 -0.038837 1.17924
17.737500 -0.033762 -0.039641 1.17413
17.740625 -0.034588 -0.040443 1.16926
17.743750 -0.035414 -0.041244 1.16463
17.746875 -0.036239 -0.042045 1.1602
17.750000 -0.037063 -0.042843 1.15596
17.753125 -0.037886 -0.043641 1.15192
17.756250 -0.038707 -0.044438 1.14804
17.759375 -0.039528 -0.045233 1.14432
17.762500 -0.040347 -0.046027 1.14076
17.765625 -0.041166 -0.046819 1.13733
17.768750 -0.041983 -0.047610 1.13404
17.771875 -0.042799 -0.048400 1.13088
17.775000 -0.043613 -0.049188 1.12783
17.778125 -0.044427 -0.049975 1.12489
17.781250 -0.045239 -0.050761 1.12206
17.784375 -0.046050 -0.051545 1.11933
17.787500 -0.046859 -0.052327 1.1167
17.790625 -0.047667 -0.053108 1.11415
17.793750 -0.048474 -0.053888 1.11169
17.796875 -0.049279 -0.054666 1.10931
17.800000 -0.050083 -0.055442 1.107
17.803125 -0.050885 -0.056217 1.10477
17.806250 -0.051686 -0.056990 1.10261
17.809375 -0.052485 -0.057761 1.10051
17.812500 -0.053283 -0.058531 1.09848
17.815625 -0.054079 -0.059298 1.09651
17.818750 -0.054874 -0.060065 1.09459
17.821875 -0.055667 -0.060829 1.09273
17.825000 -0.056458 -0.061592 1.09093
17.828125 -0.057248 -0.062353 1.08917
17.831250 -0.058036 -0.063112 1.08746
17.834375 -0.058823 -0.063869 1.08579
17.837500 -0.059607 -0.064625 1.08418
17.840625 -0.060390 -0.065378 1.0826
17.843750 -0.061171 -0.066130 1.08106
17.846875 -0.061950 -0.066880 1.07957
17.850000 -0.062728 -0.067627 1.07811
17.853125 -0.063504 -0.068373 1.07668
17.856250 -0.064277 -0.069117 1.07529
17.859375 -0.065049 -0.069859 1.07394
17.862500 -0.065819 -0.070599 1.07261
17.865625 -0.066588 -0.071337 1.07132
17.868750 -0.067354 -0.072072 1.07006
17.871875 -0.068118 -0.072806 1.06882
17.875000 -0.068880 -0.073538 1.06761
17.878125 -0.069641 -0.074267 1.06643
17.881250 -0.070399 -0.074995 1.06528
17.884375 -0.071155 -0.075720 1.06415
17.887500 -0.071910 -0.076443 1.06304
17.890625 -0.072662 -0.077164 1.06196
17.893750 -0.073412 -0.077883 1.0609
17.896875 -0.074160 -0.078599 1.05986
17.900000 -0.074906 -0.079313 1.05884
17.903125 -0.075649 -0.080025 1.05785
17.906250 -0.076391 -0.080735 1.05687
17.909375 -0.077130 -0.081443 1.05591
17.912500 -0.077867 -0.082148 1.05497
17.915625 -0.078602 -0.082851 1.05405
17.918750 -0.079335 -0.083552 1.05315
17.921875 -0.080066 -0.084250 1.05226
17.925000 -0.080794 -0.084946 1.05139
17.928125 -0.081520 -0.085640 1.05054
17.931250 -0.082243 -0.086331 1.0497
17.934375 -0.082965 -0.087020 1.04888
17.937500 -0.083684 -0.087707 1.04808
17.940625 -0.084401 -0.088392 1.04729
17.943750 -0.085115 -0.089074 1.04652
17.946875 -0.085827 -0.089754 1.04576
17.950000 -0.086537 -0.090432 1.04502
17.953125 -0.087244 -0.091108 1.04429
17.956250 -0.087949 -0.091781 1.04358
17.959375 -0.088651 -0.092452 1.04288
17.962500 -0.089351 -0.093121 1.04219
17.965625 -0.090049 -0.093787 1.04152
17.968750 -0.090744 -0.094450 1.04085
17.971875 -0.091436 -0.095111 1.04019
17.975000 -0.092126 -0.095768 1.03952
17.978125 -0.092814 -0.096421 1.03886
17.981250 -0.093499 -0.097069 1.03819
17.984375 -0.094182 -0.097713 1.0375
17.987500 -0.094862 -0.098352 1.03679
17.990625 -0.095539 -0.098984 1.03606
17.993750 -0.096214 -0.099610 1.0353
17.996875 -0.096886 -0.100229 1.0345
18.000000 -0.097556 -0.100840 1.03367
18.003125 -0.098223 -0.101443 1.03279
18.006250 -0.098886 -0.102037 1.03187
18.009375 -0.099544 -0.102622 1.03092
18.012500 -0.100198 -0.103197 1.02993
18.015625 -0.100846 -0.103762 1.02891
18.018750 -0.101487 -0.104315 1.02787
18.021875 -0.102122 -0.104858 1.02679
18.025000 -0.102749 -0.105389 1.0257
18.028125 -0.103368 -0.105908 1.02458
18.031250 -0.103978 -0.106415 1.02344
18.034375 -0.104579 -0.106908 1.02228
18.037500 -0.105170 -0.107389 1.0211
18.040625 -0.105751 -0.107856 1.0199
18.043750 -0.106322 -0.108309 1.01869
18.046875 -0.106881 -0.108748 1.01747
18.050000 -0.107428 -0.109173 1.01624
18.053125 -0.107964 -0.109582 1.01499
18.056250 -0.108487 -0.109977 1.01373
18.059375 -0.108997 -0.110356 1.01247
18.062500 -0.109494 -0.110720 1.01119
18.065625 -0.109978 -0.111068 1.00991
18.068750 -0.110447 -0.111399 1.00862
18.071875 -0.110903 -0.111715 1.00733
18.075000 -0.111343 -0.112014 1.00602
18.078125 -0.111769 -0.112297 1.00472
18.081250 -0.112180 -0.112563 1.00341
18.084375 -0.112575 -0.112812 1.0021
18.087500 -0.112955 -0.113044 1.00078
18.090625 -0.113319 -0.113258 0.999468
18.093750 -0.113666 -0.113456 0.998149
18.096875 -0.113997 -0.113636 0.996829
18.100000 -0.114312 -0.113798 0.995507
18.103125 -0.114610 -0.113943 0.994185
18.106250 -0.114891 -0.114070 0.992862
18.109375 -0.115154 -0.114180 0.991539
18.112500 -0.115401 -0.114271 0.990215
18.115625 -0.115630 -0.114345 0.988891
18.118750 -0.115841 -0.114401 0.987567
18.121875 -0.116035 -0.114438 0.986243
18.125000 -0.116210 -0.114458 0.984919
18.128125 -0.116368 -0.114459 0.983595
18.131250 -0.116508 -0.114443 0.982272
18.134375 -0.116630 -0.114408 0.980949
18.137500 -0.116734 -0.114355 0.979626
18.140625 -0.116819 -0.114284 0.978303
18.143750 -0.116886 -0.114195 0.97698
18.146875 -0.116935 -0.114088 0.975657
18.150000 -0.116965 -0.113963 0.974335
18.153125 -0.116977 -0.113820 0.973012
18.156250 -0.116970 -0.113658 0.971689
18.159375 -0.116945 -0.113479 0.970366
18.162500 -0.116901 -0.113282 0.969043
18.165625 -0.116839 -0.113067 0.967719
18.168750 -0.116758 -0.112835 0.966394
18.171875 -0.116659 -0.112584 0.965069
18.175000 -0.116542 -0.112316 0.963742
18.178125 -0.116406 -0.112031 0.962415
18.181250 -0.116251 -0.111728 0.961085
18.184375 -0.116079 -0.111407 0.959755
18.187500 -0.115888 -0.111069 0.958422
18.190625 -0.115679 -0.110715 0.957087
18.193750 -0.115451 -0.110343 0.95575
18.196875 -0.115206 -0.109954 0.95441
18.200000 -0.114942 -0.109548 0.953068
18.203125 -0.114661 -0.109125 0.951722
18.206250 -0.114361 -0.108686 0.950373
18.209375 -0.114044 -0.108230 0.94902
18.212500 -0.113709 -0.107758 0.947663
18.215625 -0.113357 -0.107270 0.946302
18.218750 -0.112987 -0.106766 0.944936
18.221875 -0.112600 -0.106245 0.943565
18.225000 -0.112195 -0.105709 0.942189
18.228125 -0.111773 -0.105157 0.940807
18.231250 -0.111335 -0.104590 0.939419
18.234375 -0.110879 -0.104007 0.938024
18.237500 -0.110406 -0.103409 0.936622
18.240625 -0.109917 -0.102796 0.935213
18.243750 -0.109412 -0.102168 0.933796
18.246875 -0.108890 -0.101526 0.932371
18.250000 -0.108351 -0.100868 0.930937
18.253125 -0.107797 -0.100197 0.929494
18.256250 -0.107227 -0.099511 0.928041
18.259375 -0.106641 -0.098811 0.926578
18.262500 -0.106039 -0.098097 0.925104
18.265625 -0.105422 -0.097370 0.923619
18.268750 -0.104789 -0.096629 0.922122
18.271875 -0.104142 -0.095874 0.920612
18.275000 -0.103479 -0.095107 0.919088
18.278125 -0.102802 -0.094326 0.917551
18.281250 -0.102110 -0.093533 0.916
18.284375 -0.101403 -0.092727 0.914433
18.287500 -0.100683 -0.091908 0.91285
18.290625 -0.099948 -0.091078 0.911251
18.293750 -0.099199 -0.090235 0.909633
18.296875 -0.098437 -0.089380 0.907998
18.300000 -0.097661 -0.088514 0.906343
18.303125 -0.096871 -0.087636 0.904668
18.306250 -0.096069 -0.086747 0.902972
18.309375 -0.095253 -0.085847 0.901254
18.312500 -0.094425 -0.084936 0.899513
18.315625 -0.093584 -0.084015 0.897748
18.318750 -0.092731 -0.083083 0.895958
18.321875 -0.091865 -0.082140 0.894141
18.325000 -0.090987 -0.081188 0.892297
18.328125 -0.090098 -0.080225 0.890423
18.331250 -0.089197 -0.079253 0.88852
18.334375 -0.088284 -0.078272 0.886585
18.337500 -0.087361 -0.077281 0.884617
18.340625 -0.086426 -0.076281 0.882615
18.343750 -0.085481 -0.075272 0.880576
18.346875 -0.084524 -0.074255 0.878499
18.350000 -0.083558 -0.073229 0.876383
18.353125 -0.082581 -0.072194 0.874225
18.356250 -0.081594 -0.071152 0.872023
18.359375 -0.080597 -0.070102 0.869776
18.362500 -0.079591 -0.069044 0.86748
18.365625 -0.078575 -0.067978 0.865134
18.368750 -0.077551 -0.066906 0.862735
18.371875 -0.076517 -0.065826 0.860281
18.375000 -0.075474 -0.064739 0.857768
18.378125 -0.074423 -0.063646 0.855193
18.381250 -0.073363 -0.062546 0.852554
18.384375 -0.072295 -0.061440 0.849846
18.387500 -0.071220 -0.060328 0.847067
18.390625 -0.070136 -0.059210 0.844212
18.393750 -0.069045 -0.058086 0.841277
18.396875 -0.067947 -0.056957 0.838258
18.400000 -0.066841 -0.055822 0.83515
18.403125 -0.065728 -0.054683 0.831947
18.406250 -0.064609 -0.053538 0.828645
18.409375 -0.063483 -0.052389 0.825237
18.412500 -0.062351 -0.051235 0.821717
18.415625 -0.061213 -0.050077 0.818079
18.418750 -0.060068 -0.048914 0.814314
18.421875 -0.058918 -0.047748 0.810414
18.425000 -0.057763 -0.046578 0.806372
18.428125 -0.056602 -0.045405 0.802177
18.431250 -0.055436 -0.044228 0.797819
18.434375 -0.054265 -0.043047 0.793287
18.437500 -0.053089 -0.041864 0.788569
18.440625 -0.051909 -0.040678 0.783652
18.443750 -0.050724 -0.039490 0.77852
18.446875 -0.049535 -0.038298 0.773158
18.450000 -0.048342 -0.037105 0.767548
18.453125 -0.047146 -0.035909 0.761671
18.456250 -0.045945 -0.034712 0.755504
18.459375 -0.044742 -0.033513 0.749025
18.462500 -0.043535 -0.032312 0.742205
18.465625 -0.042325 -0.031110 0.735017
18.468750 -0.041113 -0.029906 0.727425
18.471875 -0.039897 -0.028702 0.719393
18.475000 -0.038680 -0.027497 0.71088
18.478125 -0.037460 -0.026291 0.701836
18.481250 -0.036238 -0.025084 0.692208
18.484375 -0.035014 -0.023877 0.681935
18.487500 -0.033788 -0.022670 0.670946
18.490625 -0.032561 -0.021463 0.65916
18.493750 -0.031332 -0.020256 0.646483
18.496875 -0.030102 -0.019049 0.632805
18.500000 -0.028871 -0.017843 0.618
18.503125 -0.027640 -0.016637 0.601916
18.506250 -0.026407 -0.015432 0.584376
18.509375 -0.025175 -0.014228 0.565166
18.512500 -0.023941 -0.013025 0.54403
18.515625 -0.022708 -0.011823 0.520657
18.518750 -0.021475 -0.010623 0.494663
18.521875 -0.020242 -0.009424 0.465573
18.525000 -0.019009 -0.008227 0.43279
18.528125 -0.017777 -0.007032 0.395552
18.531250 -0.016545 -0.005838 0.352873
18.534375 -0.015315 -0.004647 0.303451
18.537500 -0.014085 -0.003458 0.245537
18.540625 -0.012856 -0.002272 0.176713
18.543750 -0.011629 -0.001088 0.0935565
18.546875 -0.010403 0.000093 -0.00896214
18.550000 -0.009179 0.001272 -0.138533
18.553125 -0.007957 0.002447 -0.307538
18.556250 -0.006736 0.003619 -0.537282
18.559375 -0.005518 0.004788 -0.867777
18.562500 -0.004302 0.005954 -1.38407
18.565625 -0.003088 0.007116 -2.30443
18.568750 -0.001877 0.008275 -4.40898
18.571875 -0.000668 0.009430 -14.1118
18.575000 0.000538 0.010581 19.6813
18.578125 0.001740 0.011727 6.73814
18.581250 0.002940 0.012870 4.37726
18.584375 0.004137 0.014009 3.38636
18.587500 0.005330 0.015143 2.84105
18.590625 0.006520 0.016273 2.49588
18.593750 0.007706 0.017398 2.25771
18.596875 0.008888 0.018518 2.08342
18.600000 0.010067 0.019633 1.95033
18.603125 0.011241 0.020744 1.84535
18.606250 0.012411 0.021849 1.76042
18.609375 0.013577 0.022950 1.69027
18.612500 0.014739 0.024045 1.63134
18.615625 0.015896 0.025134 1.58113
18.618750 0.017049 0.026218 1.53784
18.621875 0.018197 0.027297 1.50011
18.625000 0.019340 0.028370 1.46693
18.628125 0.020478 0.029437 1.43752
18.631250 0.021610 0.030498 1.41127
18.634375 0.022738 0.031553 1.38768
18.637500 0.023860 0.032602 1.36638
18.640625 0.024977 0.033645 1.34703
18.643750 0.026089 0.034682 1.32938
18.646875 0.027194 0.035712 1.31322
18.650000 0.028294 0.036736 1.29835
18.653125 0.029389 0.037753 1.28463
18.656250 0.030477 0.038764 1.27192
18.659375 0.031559 0.039768 1.26012
18.662500 0.032635 0.040765 1.24912
18.665625 0.033705 0.041755 1.23886
18.668750 0.034768 0.042739 1.22925
18.671875 0.035825 0.043715 1.22023
18.675000 0.036875 0.044684 1.21176
18.678125 0.037919 0.045646 1.20377
18.681250 0.038956 0.046601 1.19623
18.684375 0.039987 0.047548 1.1891
18.687500 0.041010 0.048488 1.18234
18.690625 0.042027 0.049421 1.17593
18.693750 0.043036 0.050346 1.16984
18.696875 0.044038 0.051263 1.16405
18.700000 0.045034 0.052172 1.15853
18.703125 0.046021 0.053074 1.15326
18.706250 0.047002 0.053968 1.14822
18.709375 0.047975 0.054855 1.14341
18.712500 0.048940 0.055733 1.13879
18.715625 0.049898 0.056603 1.13437
18.718750 0.050848 0.057465 1.13013
18.721875 0.051791 0.058319 1.12606
18.725000 0.052725 0.059165 1.12214
18.728125 0.053652 0.060003 1.11837
18.731250 0.054571 0.060832 1.11474
18.734375 0.055482 0.061654 1.11123
18.737500 0.056385 0.062466 1.10786
18.740625 0.057280 0.063271 1.10459
18.743750 0.058166 0.064066 1.10144
18.746875 0.059044 0.064854 1.09839
18.750000 0.059914 0.065633 1.09544
18.753125 0.060776 0.066403 1.09258
18.756250 0.061629 0.067164 1.08981
18.759375 0.062474 0.067917 1.08713
18.762500 0.063310 0.068661 1.08452
18.765625 0.064138 0.069397 1.08199
18.768750 0.064957 0.070123 1.07953
18.771875 0.065767 0.070841 1.07714
18.775000 0.066569 0.071550 1.07482
18.778125 0.067362 0.072249 1.07256
18.781250 0.068146 0.072940 1.07036
18.784375 0.068921 0.073622 1.06821
18.787500 0.069688 0.074295 1.06612
18.790625 0.070445 0.074959 1.06408
18.793750 0.071194 0.075614 1.06209
18.796875 0.071933 0.076260 1.06015
18.800000 0.072664 0.076897 1.05826
18.803125 0.073385 0.077524 1.05641
18.806250 0.074097 0.078143 1.0546
18.809375 0.074801 0.078752 1.05283
18.812500 0.075495 0.079352 1.0511
18.815625 0.076179 0.079943 1.04941
18.818750 0.076855 0.080525 1.04775
18.821875 0.077521 0.081097 1.04613
18.825000 0.078178 0.081660 1.04454
18.828125 0.078826 0.082214 1.04298
18.831250 0.079464 0.082758 1.04145
18.834375 0.080093 0.083293 1.03995
18.837500 0.080713 0.083819 1.03848
18.840625 0.081323 0.084336 1.03704
18.843750 0.081924 0.084843 1.03563
18.846875 0.082516 0.085341 1.03424
18.850000 0.083097 0.085829 1.03287
18.853125 0.083670 0.086308 1.03153
18.856250 0.084233 0.086778 1.03021
18.859375 0.084786 0.087238 1.02891
18.862500 0.085330 0.087689 1.02764
18.865625 0.085865 0.088130 1.02638
18.868750 0.086390 0.088562 1.02515
18.871875 0.086905 0.088985 1.02393
18.875000 0.087411 0.089398 1.02274
18.878125 0.087907 0.089802 1.02156
18.881250 0.088394 0.090197 1.02039
18.884375 0.088871 0.090582 1.01925
18.887500 0.089338 0.090957 1.01812
18.890625 0.089796 0.091324 1.01701
18.893750 0.090245 0.091680 1.01591
18.896875 0.090683 0.092028 1.01483
18.900000 0.091112 0.092366 1.01376
18.903125 0.091532 0.092695 1.01271
18.906250 0.091942 0.093014 1.01166
18.909375 0.092342 0.093324 1.01064
18.912500 0.092733 0.093625 1.00962
18.915625 0.093114 0.093917 1.00862
18.918750 0.093486 0.094199 1.00763
18.921875 0.093848 0.094471 1.00665
18.925000 0.094200 0.094735 1.00568
18.928125 0.094543 0.094989 1.00472
18.931250 0.094876 0.095234 1.00377
18.934375 0.095200 0.095470 1.00283
18.937500 0.095514 0.095696 1.0019
18.940625 0.095819 0.095913 1.00099
18.943750 0.096114 0.096121 1.00008
18.946875 0.096400 0.096320 0.999175
18.950000 0.096676 0.096510 0.998283
18.953125 0.096942 0.096690 0.997399
18.956250 0.097200 0.096862 0.996523
18.959375 0.097447 0.097024 0.995655
18.962500 0.097686 0.097177 0.994795
18.965625 0.097915 0.097321 0.993941
18.968750 0.098134 0.097456 0.993095
18.971875 0.098344 0.097582 0.992256
18.975000 0.098545 0.097700 0.991423
18.978125 0.098736 0.097808 0.990596
18.981250 0.098918 0.097907 0.989776
18.984375 0.099091 0.097997 0.988961
18.987500 0.099254 0.098078 0.988152
18.990625 0.099408 0.098151 0.987349
18.993750 0.099553 0.098215 0.986551
18.996875 0.099689 0.098269 0.985758
19.000000 0.099816 0.098315 0.984971
19.003125 0.099933 0.098353 0.984188
19.006250 0.100041 0.098381 0.983409
19.009375 0.100140 0.098401 0.982635
19.012500 0.100230 0.098412 0.981865
19.015625 0.100311 0.098415 0.981099
19.018750 0.100383 0.098409 0.980337
19.021875 0.100446 0.098394 0.979578
19.025000 0.100500 0.098371 0.978824
19.028125 0.100544 0.098340 0.978072
19.031250 0.100580 0.098300 0.977324
19.034375 0.100608 0.098251 0.976579
19.037500 0.100626 0.098194 0.975836
19.040625 0.100635 0.098129 0.975096
19.043750 0.100636 0.098055 0.974359
19.046875 0.100628 0.097973 0.973625
19.050000 0.100611 0.097883 0.972892
19.053125 0.100585 0.097785 0.972162
19.056250 0.100551 0.097678 0.971434
19.059375 0.100508 0.097564 0.970707
19.062500 0.100456 0.097441 0.969982
19.065625 0.100396 0.097310 0.969259
19.068750 0.100328 0.097171 0.968537
19.071875 0.100251 0.097024 0.967817
19.075000 0.100165 0.096869 0.967097
19.078125 0.100071 0.096707 0.966379
19.081250 0.099969 0.096536 0.965661
19.084375 0.099858 0.096358 0.964944
19.087500 0.099739 0.096171 0.964228
19.090625 0.099612 0.095977 0.963512
19.093750 0.099476 0.095776 0.962796
19.096875 0.099333 0.095566 0.962081
19.100000 0.099181 0.095349 0.961365
19.103125 0.099021 0.095125 0.96065
19.106250 0.098853 0.094893 0.959934
19.109375 0.098677 0.094653 0.959217
19.112500 0.098493 0.094406 0.958501
19.115625 0.098301 0.094151 0.957783
19.118750 0.098102 0.093890 0.957065
19.121875 0.097894 0.093621 0.956345
19.125000 0.097679 0.093344 0.955625
19.128125 0.097455 0.093061 0.954903
19.131250 0.097225 0.092770 0.95418
19.134375 0.096986 0.092472 0.953455
19.137500 0.096740 0.092167 0.952728
19.140625 0.096486 0.091855 0.952
19.143750 0.096225 0.091536 0.95127
19.146875 0.095956 0.091209 0.950537
19.150000 0.095679 0.090876 0.949802
19.153125 0.095396 0.090537 0.949065
19.156250 0.095105 0.090190 0.948325
19.159375 0.094806 0.089837 0.947582
19.162500 0.094500 0.089476 0.946836
19.165625 0.094188 0.089110 0.946087
19.168750 0.093867 0.088736 0.945335
19.171875 0.093540 0.088356 0.94458
19.175000 0.093206 0.087970 0.94382
19.178125 0.092865 0.087577 0.943057
19.181250 0.092516 0.087177 0.94229
19.184375 0.092161 0.086771 0.941518
19.187500 0.091799 0.086359 0.940743
19.190625 0.091430 0.085941 0.939962
19.193750 0.091054 0.085516 0.939177
19.196875 0.090672 0.085085 0.938387
19.200000 0.090282 0.084648 0.937592
19.203125 0.089886 0.084205 0.936792
19.206250 0.089484 0.083756 0.935985
19.209375 0.089075 0.083300 0.935173
19.212500 0.088659 0.082839 0.934355
19.215625 0.088237 0.082372 0.933531
19.218750 0.087809 0.081899 0.932701
19.221875 0.087374 0.081421 0.931863
19.225000 0.086933 0.080936 0.931019
19.228125 0.086486 0.080446 0.930167
19.231250 0.086032 0.079950 0.929308
19.234375 0.085572 0.079449 0.928441
19.237500 0.085107 0.078942 0.927566
19.240625 0.084635 0.078430 0.926683
19.243750 0.084157 0.077912 0.925791
19.246875 0.083673 0.077389 0.92489
19.250000 0.083184 0.076860 0.92398
19.253125 0.082688 0.076326 0.923061
19.256250 0.082187 0.075787 0.922132
19.259375 0.081680 0.075243 0.921192
19.262500 0.081167 0.074693 0.920242
19.265625 0.080648 0.074138 0.919281
19.268750 0.080124 0.073579 0.918308
19.271875 0.079595 0.073014 0.917324
19.275000 0.079060 0.072445 0.916328
19.278125 0.078519 0.071870 0.91532
19.281250 0.077973 0.071291 0.914298
19.284375 0.077422 0.070707 0.913263
19.287500 0.076865 0.070118 0.912214
19.290625 0.076304 0.069524 0.911152
19.293750 0.075737 0.068926 0.910074
19.296875 0.075165 0.068323 0.908981
19.300000 0.074587 0.067716 0.907872
19.303125 0.074005 0.067104 0.906747
19.306250 0.073418 0.066488 0.905605
19.309375 0.072826 0.065867 0.904446
19.312500 0.072229 0.065242 0.903268
19.315625 0.071627 0.064613 0.902072
19.318750 0.071021 0.063979 0.900856
19.321875 0.070409 0.063342 0.89962
19.325000 0.069793 0.062700 0.898364
19.328125 0.069173 0.062054 0.897085
19.331250 0.068547 0.061404 0.895785
19.334375 0.067918 0.060750 0.894461
19.337500 0.067284 0.060092 0.893113
19.340625 0.066645 0.059430 0.89174
19.343750 0.066002 0.058764 0.890341
19.346875 0.065355 0.058095 0.888915
19.350000 0.064703 0.057422 0.887461
19.353125 0.064047 0.056745 0.885979
19.356250 0.063388 0.056064 0.884466
19.359375 0.062724 0.055380 0.882921
19.362500 0.062056 0.054692 0.881345
19.365625 0.061383 0.054001 0.879734
19.368750 0.060707 0.053306 0.878088
19.371875 0.060027 0.052608 0.876405
19.375000 0.059344 0.051907 0.874684
19.378125 0.058656 0.051202 0.872924
19.381250 0.057965 0.050494 0.871122
19.384375 0.057270 0.049783 0.869276
19.387500 0.056571 0.049069 0.867386
19.390625 0.055869 0.048351 0.865449
19.393750 0.055163 0.047631 0.863462
19.396875 0.054453 0.046907 0.861424
19.400000 0.053740 0.046181 0.859332
19.403125 0.053024 0.045452 0.857184
19.406250 0.052305 0.044719 0.854978
19.409375 0.051582 0.043984 0.85271
19.412500 0.050855 0.043246 0.850377
19.415625 0.050126 0.042506 0.847976
19.418750 0.049394 0.041762 0.845505
19.421875 0.048658 0.041017 0.842958
19.425000 0.047919 0.040268 0.840333
19.428125 0.047177 0.039517 0.837626
19.431250 0.046433 0.038763 0.834831
19.434375 0.045685 0.038007 0.831945
19.437500 0.044935 0.037249 0.828963
19.440625 0.044181 0.036488 0.825878
19.443750 0.043425 0.035725 0.822686
19.446875 0.042666 0.034960 0.819379
19.450000 0.041905 0.034192 0.815952
19.453125 0.041141 0.033423 0.812397
19.456250 0.040374 0.032651 0.808707
19.459375 0.039605 0.031877 0.804872
19.462500 0.038833 0.031101 0.800884
19.465625 0.038059 0.030323 0.796734
19.468750 0.037282 0.029543 0.792409
19.471875 0.036504 0.028761 0.787899
19.475000 0.035722 0.027977 0.783191
19.478125 0.034939 0.027192 0.77827
19.481250 0.034153 0.026405 0.773121
19.484375 0.033365 0.025616 0.767728
19.487500 0.032575 0.024825 0.762072
19.490625 0.031783 0.024032 0.756132
19.493750 0.030989 0.023238 0.749886
19.496875 0.030193 0.022443 0.743309
19.500000 0.029395 0.021646 0.736372
19.503125 0.028596 0.020847 0.729044
19.506250 0.027794 0.020047 0.721291
19.509375 0.026990 0.019246 0.713074
19.512500 0.026185 0.018443 0.704348
19.515625 0.025378 0.017639 0.695064
19.518750 0.024570 0.016834 0.685165
19.521875 0.023759 0.016028 0.674587
19.525000 0.022948 0.015220 0.663256
19.528125 0.022134 0.014411 0.651088
19.531250 0.021319 0.013601 0.637984
19.534375 0.020503 0.012790 0.623831
19.537500 0.019685 0.011978 0.608496
19.540625 0.018866 0.011165 0.591823
19.543750 0.018046 0.010352 0.573627
19.546875 0.017224 0.009537 0.553686
19.550000 0.016401 0.008721 0.531735
19.553125 0.015577 0.007905 0.507451
19.556250 0.014752 0.007087 0.480439
19.559375 0.013926 0.006269 0.450208
19.562500 0.013098 0.005451 0.416144
19.565625 0.012270 0.004631 0.377464
19.568750 0.011440 0.003811 0.333156
19.571875 0.010610 0.002991 0.28189
19.575000 0.009779 0.002170 0.221884
19.578125 0.008946 0.001348 0.150684
19.581250 0.008113 0.000526 0.0648295
19.584375 0.007280 -0.000297 -0.0407354
19.587500 0.006445 -0.001119 -0.173691
19.590625 0.005610 -0.001943 -0.346306
19.593750 0.004774 -0.002766 -0.579458
19.596875 0.003938 -0.003590 -0.911801
19.600000 0.003101 -0.004414 -1.42379
19.603125 0.002263 -0.005239 -2.31514
19.606250 0.001425 -0.006063 -4.2559
19.609375 0.000586 -0.006888 -11.7528
19.612500 -0.000253 -0.007713 30.4887
19.615625 -0.001092 -0.008538 7.81542
19.618750 -0.001932 -0.009363 4.84552
19.621875 -0.002772 -0.010188 3.6747
19.625000 -0.003613 -0.011013 3.0482
19.628125 -0.004453 -0.011837 2.65801
19.631250 -0.005294 -0.012662 2.39163
19.634375 -0.006135 -0.013487 2.19818
19.637500 -0.006977 -0.014311 2.05131
19.640625 -0.007818 -0.015135 1.93599
19.643750 -0.008659 -0.015959 1.84304
19.646875 -0.009501 -0.016783 1.76652
19.650000 -0.010342 -0.017607 1.70242
19.653125 -0.011183 -0.018430 1.64795
19.656250 -0.012025 -0.019252 1.60107
19.659375 -0.012866 -0.020075 1.56031
19.662500 -0.013707 -0.020897 1.52454
19.665625 -0.014548 -0.021718 1.49289
19.668750 -0.015388 -0.022539 1.46468
19.671875 -0.016229 -0.023359 1.43939
19.675000 -0.017069 -0.024179 1.41658
19.678125 -0.017909 -0.024999 1.3959
19.681250 -0.018748 -0.025817 1.37706
19.684375 -0.019587 -0.026635 1.35984
19.687500 -0.020426 -0.027452 1.34402
19.690625 -0.021264 -0.028269 1.32944
19.693750 -0.022102 -0.029085 1.31597
19.696875 -0.022939 -0.029900 1.30347
19.700000 -0.023775 -0.030714 1.29185
19.703125 -0.024611 -0.031528 1.28102
19.706250 -0.025447 -0.032340 1.27089
19.709375 -0.026282 -0.033152 1.26141
19.712500 -0.027116 -0.033963 1.25251
19.715625 -0.027949 -0.034773 1.24413
19.718750 -0.028782 -0.035582 1.23624
19.721875 -0.029614 -0.036390 1.22879
19.725000 -0.030445 -0.037196 1.22174
19.728125 -0.031276 -0.038002 1.21507
19.731250 -0.032105 -0.038807 1.20874
19.734375 -0.032934 -0.039611 1.20273
19.737500 -0.033762 -0.040413 1.19701
19.740625 -0.034588 -0.041215 1.19157
19.743750 -0.035414 -0.042015 1.18638
19.746875 -0.036239 -0.042814 1.18142
19.750000 -0.037063 -0.043611 1.17668
19.753125 -0.037886 -0.044408 1.17215
19.756250 -0.038707 -0.045203 1.16781
19.759375 -0.039528 -0.045997 1.16365
19.762500 -0.040347 -0.046789 1.15966
19.765625 -0.041166 -0.047580 1.15583
19.768750 -0.041983 -0.048370 1.15214
19.771875 -0.042799 -0.049159 1.1486
19.775000 -0.043613 -0.049946 1.14519
19.778125 -0.044427 -0.050731 1.1419
19.781250 -0.045239 -0.051515 1.13873
19.784375 -0.046050 -0.052298 1.13568
19.787500 -0.046859 -0.053079 1.13273
19.790625 -0.047667 -0.053858 1.12988
19.793750 -0.048474 -0.054636 1.12712
19.796875 -0.049279 -0.055412 1.12446
19.800000 -0.050083 -0.056187 1.12188
19.803125 -0.050885 -0.056960 1.11938
19.806250 -0.051686 -0.057731 1.11696
19.809375 -0.052485 -0.058501 1.11461
19.812500 -0.053283 -0.059269 1.11234
19.815625 -0.054079 -0.060035 1.11013
19.818750 -0.054874 -0.060800 1.10799
19.821875 -0.055667 -0.061562 1.1059
19.825000 -0.056458 -0.062323 1.10388
19.828125 -0.057248 -0.063082 1.10191
19.831250 -0.058036 -0.063840 1.1
19.834375 -0.058823 -0.064595 1.09814
19.837500 -0.059607 -0.065349 1.09633
19.840625 -0.060390 -0.066101 1.09456
19.843750 -0.061171 -0.066850 1.09284
19.846875 -0.061950 -0.067598 1.09117
19.850000 -0.062728 -0.068344 1.08953
19.853125 -0.063504 -0.069088 1.08794
19.856250 -0.064277 -0.069830 1.08639
19.859375 -0.065049 -0.070570 1.08487
19.862500 -0.065819 -0.071308 1.08339
19.865625 -0.066588 -0.072044 1.08194
19.868750 -0.067354 -0.072778 1.08053
19.871875 -0.068118 -0.073509 1.07915
19.875000 -0.068880 -0.074239 1.0778
19.878125 -0.069641 -0.074967 1.07647
19.881250 -0.070399 -0.075692 1.07518
19.884375 -0.071155 -0.076415 1.07392
19.887500 -0.071910 -0.077136 1.07268
19.890625 -0.072662 -0.077855 1.07147
19.893750 -0.073412 -0.078571 1.07028
19.896875 -0.074160 -0.079286 1.06912
19.900000 -0.074906 -0.079998 1.06798
19.903125 -0.075649 -0.080708 1.06687
19.906250 -0.076391 -0.081415 1.06577
19.909375 -0.077130 -0.082120 1.0647
19.912500 -0.077867 -0.082823 1.06365
19.915625 -0.078602 -0.083524 1.06262
19.918750 -0.079335 -0.084222 1.0616
19.921875 -0.080066 -0.084919 1.06061
19.925000 -0.080794 -0.085612 1.05964
19.928125 -0.081520 -0.086304 1.05868
19.931250 -0.082243 -0.086993 1.05775
19.934375 -0.082965 -0.087680 1.05683
19.937500 -0.083684 -0.088364 1.05593
19.940625 -0.084401 -0.089047 1.05505
19.943750 -0.085115 -0.089727 1.05419
19.946875 -0.085827 -0.090405 1.05334
19.950000 -0.086537 -0.091081 1.05251
19.953125 -0.087244 -0.091754 1.0517
19.956250 -0.087949 -0.092426 1.0509
19.959375 -0.088651 -0.093095 1.05012
19.962500 -0.089351 -0.093761 1.04935
19.965625 -0.090049 -0.094425 1.0486
19.968750 -0.090744 -0.095085 1.04784
19.971875 -0.091436 -0.095742 1.04709
19.975000 -0.092126 -0.096395 1.04634
19.978125 -0.092814 -0.097044 1.04558
19.981250 -0.093499 -0.097688 1.0448
19.984375 -0.094182 -0.098327 1.04401
19.987500 -0.094862 -0.098960 1.0432
19.990625 -0.095539 -0.099586 1.04236
19.993750 -0.096214 -0.100205 1.04148
19.996875 -0.096886 -0.100816 1.04056
