nNonZeroA=7.823862e+08  nFcefceIA=8.011807e+08 nIntegralsTotal=3.425060e+09 setupTime=8.307993e+03
solveTime = 1.014779e+04
0.000000 0.000000 0.000000 1.99425
0.001563 0.000000 0.000000 1.09843
0.003125 0.000000 0.000000 1.02837
0.004688 0.000001 0.000001 1.00912
0.006250 0.000001 0.000001 1.00123
0.007812 0.000002 0.000002 0.997251
0.009375 0.000004 0.000004 0.994976
0.010938 0.000006 0.000006 0.993558
0.012500 0.000009 0.000009 0.992619
0.014063 0.000013 0.000013 0.991967
0.015625 0.000017 0.000017 0.991499
0.017188 0.000022 0.000022 0.991152
0.018750 0.000028 0.000028 0.99089
0.020313 0.000036 0.000035 0.990689
0.021875 0.000044 0.000044 0.990531
0.023438 0.000053 0.000053 0.990407
0.025000 0.000064 0.000064 0.990308
0.026563 0.000076 0.000076 0.990228
0.028125 0.000090 0.000089 0.990164
0.029688 0.000105 0.000104 0.990112
0.031250 0.000121 0.000120 0.99007
0.032813 0.000139 0.000138 0.990035
0.034375 0.000159 0.000158 0.990008
0.035938 0.000181 0.000179 0.989986
0.037500 0.000204 0.000202 0.989968
0.039062 0.000229 0.000227 0.989954
0.040625 0.000256 0.000253 0.989944
0.042188 0.000285 0.000282 0.989936
0.043750 0.000316 0.000313 0.98993
0.045313 0.000349 0.000345 0.989927
0.046875 0.000384 0.000380 0.989925
0.048438 0.000422 0.000417 0.989924
0.050000 0.000461 0.000457 0.989925
0.051563 0.000503 0.000498 0.989927
0.053125 0.000547 0.000542 0.98993
0.054688 0.000594 0.000588 0.989933
0.056250 0.000643 0.000637 0.989938
0.057813 0.000695 0.000688 0.989943
0.059375 0.000749 0.000741 0.989949
0.060938 0.000806 0.000797 0.989955
0.062500 0.000865 0.000856 0.989962
0.064063 0.000927 0.000918 0.989969
0.065625 0.000992 0.000982 0.989977
0.067187 0.001059 0.001048 0.989985
0.068750 0.001129 0.001118 0.989993
0.070312 0.001202 0.001190 0.990001
0.071875 0.001278 0.001266 0.99001
0.073438 0.001357 0.001344 0.990019
0.075000 0.001439 0.001425 0.990027
0.076563 0.001524 0.001509 0.990036
0.078125 0.001612 0.001596 0.990045
0.079688 0.001703 0.001686 0.990054
0.081250 0.001797 0.001779 0.990063
0.082813 0.001894 0.001875 0.990072
0.084375 0.001995 0.001975 0.99008
0.085938 0.002098 0.002077 0.990089
0.087500 0.002205 0.002183 0.990098
0.089063 0.002315 0.002292 0.990107
0.090625 0.002428 0.002404 0.990115
0.092188 0.002545 0.002520 0.990124
0.093750 0.002665 0.002638 0.990132
0.095313 0.002788 0.002761 0.99014
0.096875 0.002915 0.002886 0.990147
0.098438 0.003045 0.003015 0.990155
0.100000 0.003178 0.003147 0.990162
0.101562 0.003315 0.003283 0.990168
0.103125 0.003456 0.003422 0.990175
0.104688 0.003600 0.003565 0.990181
0.106250 0.003747 0.003711 0.990187
0.107813 0.003899 0.003860 0.990192
0.109375 0.004053 0.004014 0.990197
0.110938 0.004212 0.004170 0.990202
0.112500 0.004373 0.004331 0.990207
0.114063 0.004539 0.004494 0.990211
0.115625 0.004708 0.004662 0.990215
0.117188 0.004881 0.004833 0.990219
0.118750 0.005057 0.005008 0.990223
0.120313 0.005237 0.005186 0.990226
0.121875 0.005421 0.005368 0.990229
0.123438 0.005609 0.005554 0.990232
0.125000 0.005800 0.005744 0.990234
0.126562 0.005995 0.005937 0.990237
0.128125 0.006194 0.006134 0.990239
0.129688 0.006397 0.006334 0.990241
0.131250 0.006603 0.006539 0.990242
0.132812 0.006813 0.006747 0.990244
0.134375 0.007027 0.006959 0.990245
0.135938 0.007245 0.007174 0.990247
0.137500 0.007467 0.007394 0.990248
0.139063 0.007692 0.007617 0.990249
0.140625 0.007921 0.007844 0.99025
0.142187 0.008154 0.008075 0.990251
0.143750 0.008391 0.008310 0.990251
0.145313 0.008632 0.008548 0.990252
0.146875 0.008877 0.008790 0.990253
0.148438 0.009125 0.009036 0.990253
0.150000 0.009378 0.009286 0.990254
0.151563 0.009634 0.009540 0.990254
0.153125 0.009894 0.009798 0.990254
0.154688 0.010158 0.010059 0.990254
0.156250 0.010426 0.010324 0.990255
0.157813 0.010698 0.010593 0.990255
0.159375 0.010973 0.010866 0.990255
0.160938 0.011253 0.011143 0.990255
0.162500 0.011536 0.011424 0.990255
0.164062 0.011823 0.011708 0.990255
0.165625 0.012114 0.011996 0.990255
0.167188 0.012409 0.012289 0.990255
0.168750 0.012708 0.012584 0.990255
0.170313 0.013011 0.012884 0.990255
0.171875 0.013318 0.013188 0.990255
0.173438 0.013628 0.013495 0.990255
0.175000 0.013943 0.013807 0.990255
0.176563 0.014261 0.014122 0.990254
0.178125 0.014583 0.014441 0.990254
0.179688 0.014909 0.014763 0.990254
0.181250 0.015239 0.015090 0.990254
0.182813 0.015572 0.015420 0.990254
0.184375 0.015910 0.015755 0.990254
0.185938 0.016251 0.016092 0.990253
0.187500 0.016596 0.016434 0.990253
0.189063 0.016945 0.016780 0.990253
0.190625 0.017298 0.017129 0.990253
0.192188 0.017654 0.017482 0.990252
0.193750 0.018014 0.017839 0.990252
0.195312 0.018379 0.018199 0.990252
0.196875 0.018746 0.018564 0.990252
0.198438 0.019118 0.018932 0.990251
0.200000 0.019493 0.019303 0.990251
0.201563 0.019872 0.019679 0.990251
0.203125 0.020255 0.020058 0.990251
0.204688 0.020642 0.020441 0.990251
0.206250 0.021032 0.020827 0.99025
0.207813 0.021426 0.021217 0.99025
0.209375 0.021824 0.021611 0.99025
0.210938 0.022225 0.022009 0.99025
0.212500 0.022630 0.022410 0.990249
0.214063 0.023039 0.022814 0.990249
0.215625 0.023451 0.023223 0.990249
0.217188 0.023867 0.023635 0.990249
0.218750 0.024287 0.024050 0.990248
0.220313 0.024710 0.024469 0.990248
0.221875 0.025137 0.024892 0.990248
0.223438 0.025567 0.025318 0.990248
0.225000 0.026001 0.025747 0.990247
0.226562 0.026438 0.026181 0.990247
0.228125 0.026879 0.026617 0.990247
0.229688 0.027324 0.027057 0.990247
0.231250 0.027772 0.027501 0.990246
0.232813 0.028223 0.027948 0.990246
0.234375 0.028678 0.028398 0.990246
0.235938 0.029137 0.028852 0.990246
0.237500 0.029598 0.029310 0.990246
0.239063 0.030064 0.029770 0.990245
0.240625 0.030532 0.030234 0.990245
0.242188 0.031004 0.030702 0.990245
0.243750 0.031480 0.031172 0.990245
0.245313 0.031958 0.031647 0.990244
0.246875 0.032440 0.032124 0.990244
0.248438 0.032926 0.032605 0.990244
0.250000 0.033414 0.033088 0.990244
0.251563 0.033906 0.033576 0.990244
0.253125 0.034402 0.034066 0.990243
0.254688 0.034900 0.034559 0.990243
0.256250 0.035402 0.035056 0.990243
0.257812 0.035906 0.035556 0.990243
0.259375 0.036414 0.036059 0.990243
0.260937 0.036926 0.036565 0.990242
0.262500 0.037440 0.037075 0.990242
0.264063 0.037957 0.037587 0.990242
0.265625 0.038478 0.038103 0.990242
0.267188 0.039002 0.038621 0.990242
0.268750 0.039528 0.039143 0.990241
0.270313 0.040058 0.039667 0.990241
0.271875 0.040591 0.040195 0.990241
0.273438 0.041127 0.040725 0.990241
0.275000 0.041665 0.041259 0.990241
0.276562 0.042207 0.041795 0.99024
0.278125 0.042752 0.042335 0.99024
0.279688 0.043299 0.042877 0.99024
0.281250 0.043850 0.043422 0.99024
0.282813 0.044403 0.043970 0.99024
0.284375 0.044959 0.044520 0.99024
0.285938 0.045518 0.045074 0.990239
0.287500 0.046080 0.045630 0.990239
0.289062 0.046645 0.046189 0.990239
0.290625 0.047212 0.046751 0.990239
0.292187 0.047782 0.047316 0.990239
0.293750 0.048355 0.047883 0.990239
0.295313 0.048930 0.048453 0.990238
0.296875 0.049509 0.049025 0.990238
0.298438 0.050090 0.049601 0.990238
0.300000 0.050673 0.050178 0.990238
0.301563 0.051259 0.050759 0.990238
0.303125 0.051848 0.051341 0.990238
0.304688 0.052439 0.051927 0.990237
0.306250 0.053033 0.052515 0.990237
0.307813 0.053629 0.053105 0.990237
0.309375 0.054228 0.053698 0.990237
0.310938 0.054829 0.054293 0.990237
0.312500 0.055432 0.054891 0.990237
0.314063 0.056038 0.055491 0.990237
0.315625 0.056647 0.056094 0.990236
0.317188 0.057258 0.056699 0.990236
0.318750 0.057871 0.057306 0.990236
0.320312 0.058486 0.057915 0.990236
0.321875 0.059104 0.058527 0.990236
0.323438 0.059724 0.059141 0.990236
0.325000 0.060346 0.059757 0.990236
0.326563 0.060971 0.060375 0.990235
0.328125 0.061597 0.060996 0.990235
0.329688 0.062226 0.061619 0.990235
0.331250 0.062857 0.062244 0.990235
0.332813 0.063491 0.062871 0.990235
0.334375 0.064126 0.063500 0.990235
0.335938 0.064763 0.064131 0.990235
0.337500 0.065402 0.064764 0.990235
0.339063 0.066044 0.065399 0.990235
0.340625 0.066687 0.066036 0.990234
0.342188 0.067333 0.066675 0.990234
0.343750 0.067980 0.067316 0.990234
0.345313 0.068629 0.067959 0.990234
0.346875 0.069280 0.068604 0.990234
0.348438 0.069933 0.069250 0.990234
0.350000 0.070588 0.069899 0.990234
0.351562 0.071245 0.070549 0.990234
0.353125 0.071904 0.071201 0.990233
0.354688 0.072564 0.071855 0.990233
0.356250 0.073226 0.072511 0.990233
0.357813 0.073890 0.073168 0.990233
0.359375 0.074555 0.073827 0.990233
0.360938 0.075222 0.074488 0.990233
0.362500 0.075891 0.075150 0.990233
0.364063 0.076562 0.075814 0.990233
0.365625 0.077234 0.076479 0.990233
0.367188 0.077907 0.077146 0.990232
0.368750 0.078582 0.077815 0.990232
0.370313 0.079259 0.078485 0.990232
0.371875 0.079937 0.079156 0.990232
0.373438 0.080617 0.079829 0.990232
0.375000 0.081298 0.080504 0.990232
0.376563 0.081981 0.081180 0.990232
0.378125 0.082665 0.081857 0.990232
0.379688 0.083350 0.082536 0.990231
0.381250 0.084037 0.083216 0.990231
0.382812 0.084725 0.083897 0.990231
0.384375 0.085414 0.084580 0.990231
0.385938 0.086105 0.085263 0.990231
0.387500 0.086796 0.085948 0.990231
0.389063 0.087489 0.086635 0.990231
0.390625 0.088184 0.087322 0.99023
0.392188 0.088879 0.088011 0.99023
0.393750 0.089576 0.088701 0.99023
0.395313 0.090274 0.089392 0.99023
0.396875 0.090972 0.090084 0.99023
0.398438 0.091672 0.090777 0.99023
0.400000 0.092373 0.091471 0.99023
0.401563 0.093075 0.092166 0.990229
0.403125 0.093778 0.092862 0.990229
0.404688 0.094482 0.093559 0.990229
0.406250 0.095187 0.094257 0.990229
0.407813 0.095893 0.094956 0.990229
0.409375 0.096600 0.095656 0.990229
0.410938 0.097307 0.096356 0.990229
0.412500 0.098016 0.097058 0.990228
0.414062 0.098725 0.097760 0.990228
0.415625 0.099435 0.098463 0.990228
0.417188 0.100146 0.099167 0.990228
0.418750 0.100858 0.099872 0.990228
0.420313 0.101570 0.100577 0.990228
0.421875 0.102283 0.101283 0.990227
0.423438 0.102997 0.101990 0.990227
0.425000 0.103711 0.102698 0.990227
0.426563 0.104426 0.103406 0.990227
0.428125 0.105142 0.104114 0.990227
0.429688 0.105858 0.104824 0.990227
0.431250 0.106575 0.105533 0.990226
0.432813 0.107292 0.106244 0.990226
0.434375 0.108010 0.106955 0.990226
0.435938 0.108729 0.107666 0.990226
0.437500 0.109447 0.108378 0.990226
0.439063 0.110167 0.109090 0.990226
0.440625 0.110886 0.109802 0.990225
0.442188 0.111606 0.110515 0.990225
0.443750 0.112327 0.111229 0.990225
0.445312 0.113048 0.111942 0.990225
0.446875 0.113769 0.112657 0.990225
0.448438 0.114490 0.113371 0.990225
0.450000 0.115212 0.114085 0.990224
0.451563 0.115934 0.114800 0.990224
0.453125 0.116656 0.115515 0.990224
0.454688 0.117378 0.116231 0.990224
0.456250 0.118101 0.116946 0.990224
0.457813 0.118823 0.117662 0.990224
0.459375 0.119546 0.118377 0.990223
0.460938 0.120269 0.119093 0.990223
0.462500 0.120992 0.119809 0.990223
0.464063 0.121715 0.120525 0.990223
0.465625 0.122439 0.121241 0.990223
0.467188 0.123162 0.121957 0.990222
0.468750 0.123885 0.122674 0.990222
0.470313 0.124608 0.123390 0.990222
0.471875 0.125331 0.124106 0.990222
0.473438 0.126054 0.124822 0.990222
0.475000 0.126777 0.125537 0.990222
0.476562 0.127500 0.126253 0.990221
0.478125 0.128223 0.126969 0.990221
0.479688 0.128945 0.127684 0.990221
0.481250 0.129668 0.128400 0.990221
0.482813 0.130390 0.129115 0.990221
0.484375 0.131112 0.129829 0.990221
0.485938 0.131833 0.130544 0.99022
0.487500 0.132555 0.131258 0.99022
0.489063 0.133276 0.131972 0.99022
0.490625 0.133997 0.132686 0.99022
0.492188 0.134717 0.133400 0.99022
0.493750 0.135437 0.134113 0.99022
0.495313 0.136157 0.134825 0.990219
0.496875 0.136877 0.135538 0.990219
0.498438 0.137595 0.136250 0.990219
0.500000 0.138314 0.136961 0.990219
0.501563 0.139032 0.137672 0.990219
0.503125 0.139750 0.138383 0.990219
0.504688 0.140467 0.139093 0.990218
0.506250 0.141183 0.139802 0.990218
0.507812 0.141899 0.140511 0.990218
0.509375 0.142615 0.141220 0.990218
0.510938 0.143330 0.141927 0.990218
0.512500 0.144044 0.142635 0.990218
0.514062 0.144757 0.143341 0.990217
0.515625 0.145470 0.144047 0.990217
0.517188 0.146183 0.144753 0.990217
0.518750 0.146894 0.145457 0.990217
0.520313 0.147605 0.146161 0.990217
0.521875 0.148316 0.146864 0.990217
0.523438 0.149025 0.147567 0.990216
0.525000 0.149734 0.148269 0.990216
0.526563 0.150442 0.148970 0.990216
0.528125 0.151149 0.149670 0.990216
0.529687 0.151855 0.150369 0.990216
0.531250 0.152560 0.151068 0.990216
0.532813 0.153265 0.151765 0.990215
0.534375 0.153969 0.152462 0.990215
0.535938 0.154671 0.153158 0.990215
0.537500 0.155373 0.153853 0.990215
0.539062 0.156074 0.154547 0.990215
0.540625 0.156774 0.155240 0.990215
0.542188 0.157473 0.155932 0.990214
0.543750 0.158171 0.156623 0.990214
0.545312 0.158868 0.157314 0.990214
0.546875 0.159564 0.158003 0.990214
0.548438 0.160259 0.158691 0.990214
0.550000 0.160953 0.159378 0.990214
0.551563 0.161646 0.160064 0.990213
0.553125 0.162337 0.160749 0.990213
0.554688 0.163028 0.161432 0.990213
0.556250 0.163717 0.162115 0.990213
0.557813 0.164405 0.162796 0.990213
0.559375 0.165093 0.163477 0.990213
0.560937 0.165778 0.164156 0.990213
0.562500 0.166463 0.164834 0.990212
0.564063 0.167146 0.165510 0.990212
0.565625 0.167829 0.166186 0.990212
0.567188 0.168510 0.166860 0.990212
0.568750 0.169189 0.167533 0.990212
0.570312 0.169867 0.168205 0.990212
0.571875 0.170544 0.168875 0.990212
0.573438 0.171220 0.169544 0.990211
0.575000 0.171895 0.170212 0.990211
0.576562 0.172567 0.170878 0.990211
0.578125 0.173239 0.171543 0.990211
0.579688 0.173909 0.172207 0.990211
0.581250 0.174578 0.172869 0.990211
0.582813 0.175245 0.173530 0.990211
0.584375 0.175911 0.174189 0.99021
0.585938 0.176576 0.174847 0.99021
0.587500 0.177239 0.175504 0.99021
0.589063 0.177900 0.176159 0.99021
0.590625 0.178560 0.176812 0.99021
0.592187 0.179219 0.177464 0.99021
0.593750 0.179875 0.178114 0.99021
0.595313 0.180531 0.178763 0.990209
0.596875 0.181185 0.179411 0.990209
0.598438 0.181837 0.180056 0.990209
0.600000 0.182487 0.180701 0.990209
0.601562 0.183136 0.181343 0.990209
0.603125 0.183784 0.181984 0.990209
0.604688 0.184429 0.182623 0.990209
0.606250 0.185073 0.183261 0.990208
0.607813 0.185716 0.183897 0.990208
0.609375 0.186356 0.184532 0.990208
0.610938 0.186995 0.185164 0.990208
0.612500 0.187633 0.185795 0.990208
0.614063 0.188268 0.186424 0.990208
0.615625 0.188902 0.187052 0.990208
0.617188 0.189534 0.187678 0.990208
0.618750 0.190164 0.188302 0.990207
0.620313 0.190792 0.188924 0.990207
0.621875 0.191419 0.189544 0.990207
0.623438 0.192044 0.190163 0.990207
0.625000 0.192667 0.190780 0.990207
0.626563 0.193288 0.191395 0.990207
0.628125 0.193907 0.192008 0.990207
0.629688 0.194525 0.192619 0.990207
0.631250 0.195140 0.193229 0.990206
0.632812 0.195754 0.193837 0.990206
0.634375 0.196365 0.194442 0.990206
0.635938 0.196975 0.195046 0.990206
0.637500 0.197583 0.195648 0.990206
0.639063 0.198189 0.196248 0.990206
0.640625 0.198793 0.196846 0.990206
0.642188 0.199395 0.197442 0.990206
0.643750 0.199995 0.198036 0.990205
0.645313 0.200593 0.198628 0.990205
0.646875 0.201189 0.199218 0.990205
0.648438 0.201783 0.199806 0.990205
0.650000 0.202375 0.200392 0.990205
0.651563 0.202964 0.200976 0.990205
0.653125 0.203552 0.201558 0.990205
0.654688 0.204138 0.202138 0.990205
0.656250 0.204722 0.202716 0.990205
0.657813 0.205303 0.203292 0.990204
0.659375 0.205883 0.203866 0.990204
0.660938 0.206460 0.204438 0.990204
0.662500 0.207035 0.205007 0.990204
0.664062 0.207608 0.205575 0.990204
0.665625 0.208179 0.206140 0.990204
0.667188 0.208748 0.206703 0.990204
0.668750 0.209315 0.207264 0.990204
0.670313 0.209879 0.207823 0.990204
0.671875 0.210441 0.208380 0.990203
0.673438 0.211001 0.208934 0.990203
0.675000 0.211559 0.209487 0.990203
0.676563 0.212115 0.210037 0.990203
0.678125 0.212668 0.210585 0.990203
0.679688 0.213219 0.211130 0.990203
0.681250 0.213768 0.211674 0.990203
0.682813 0.214315 0.212215 0.990203
0.684375 0.214859 0.212754 0.990203
0.685938 0.215401 0.213291 0.990203
0.687500 0.215941 0.213825 0.990202
0.689063 0.216478 0.214357 0.990202
0.690625 0.217014 0.214887 0.990202
0.692188 0.217546 0.215415 0.990202
0.693750 0.218077 0.215940 0.990202
0.695312 0.218605 0.216463 0.990202
0.696875 0.219131 0.216984 0.990202
0.698438 0.219654 0.217502 0.990202
0.700000 0.220175 0.218018 0.990202
0.701563 0.220694 0.218532 0.990202
0.703125 0.221210 0.219043 0.990202
0.704688 0.221724 0.219552 0.990201
0.706250 0.222236 0.220058 0.990201
0.707813 0.222745 0.220562 0.990201
0.709375 0.223252 0.221064 0.990201
0.710938 0.223756 0.221564 0.990201
0.712500 0.224258 0.222060 0.990201
0.714063 0.224757 0.222555 0.990201
0.715625 0.225254 0.223047 0.990201
0.717188 0.225749 0.223537 0.990201
0.718750 0.226241 0.224024 0.990201
0.720313 0.226730 0.224509 0.990201
0.721875 0.227218 0.224991 0.9902
0.723438 0.227702 0.225471 0.9902
0.725000 0.228184 0.225948 0.9902
0.726562 0.228664 0.226423 0.9902
0.728125 0.229141 0.226895 0.9902
0.729688 0.229616 0.227365 0.9902
0.731250 0.230088 0.227833 0.9902
0.732813 0.230557 0.228298 0.9902
0.734375 0.231024 0.228760 0.9902
0.735938 0.231489 0.229220 0.9902
0.737500 0.231950 0.229677 0.9902
0.739063 0.232410 0.230132 0.9902
0.740625 0.232866 0.230584 0.990199
0.742188 0.233321 0.231034 0.990199
0.743750 0.233772 0.231481 0.990199
0.745313 0.234221 0.231926 0.990199
0.746875 0.234668 0.232368 0.990199
0.748438 0.235112 0.232807 0.990199
0.750000 0.235553 0.233244 0.990199
0.751563 0.235992 0.233679 0.990199
0.753125 0.236428 0.234110 0.990199
0.754688 0.236861 0.234539 0.990199
0.756250 0.237292 0.234966 0.990199
0.757812 0.237720 0.235390 0.990199
0.759375 0.238145 0.235811 0.990199
0.760938 0.238568 0.236230 0.990198
0.762500 0.238989 0.236646 0.990198
0.764063 0.239406 0.237060 0.990198
0.765625 0.239821 0.237470 0.990198
0.767188 0.240233 0.237879 0.990198
0.768750 0.240643 0.238284 0.990198
0.770313 0.241050 0.238687 0.990198
0.771875 0.241454 0.239087 0.990198
0.773438 0.241856 0.239485 0.990198
0.775000 0.242254 0.239880 0.990198
0.776563 0.242651 0.240272 0.990198
0.778125 0.243044 0.240662 0.990198
0.779688 0.243435 0.241049 0.990198
0.781250 0.243823 0.241433 0.990198
0.782813 0.244208 0.241815 0.990197
0.784375 0.244591 0.242193 0.990197
0.785938 0.244971 0.242570 0.990197
0.787500 0.245348 0.242943 0.990197
0.789062 0.245723 0.243314 0.990197
0.790625 0.246095 0.243682 0.990197
0.792188 0.246464 0.244048 0.990197
0.793750 0.246830 0.244410 0.990197
0.795313 0.247194 0.244770 0.990197
0.796875 0.247554 0.245128 0.990197
0.798438 0.247912 0.245482 0.990197
0.800000 0.248268 0.245834 0.990197
0.801563 0.248620 0.246183 0.990197
0.803125 0.248970 0.246529 0.990197
0.804688 0.249317 0.246873 0.990197
0.806250 0.249662 0.247214 0.990197
0.807813 0.250003 0.247552 0.990196
0.809375 0.250342 0.247888 0.990196
0.810938 0.250678 0.248220 0.990196
0.812500 0.251011 0.248550 0.990196
0.814063 0.251342 0.248877 0.990196
0.815625 0.251669 0.249202 0.990196
0.817188 0.251994 0.249524 0.990196
0.818750 0.252316 0.249843 0.990196
0.820312 0.252636 0.250159 0.990196
0.821875 0.252952 0.250472 0.990196
0.823438 0.253266 0.250783 0.990196
0.825000 0.253577 0.251091 0.990196
0.826563 0.253885 0.251396 0.990196
0.828125 0.254190 0.251698 0.990196
0.829688 0.254493 0.251998 0.990196
0.831250 0.254793 0.252295 0.990196
0.832813 0.255090 0.252589 0.990196
0.834375 0.255384 0.252880 0.990195
0.835938 0.255675 0.253168 0.990195
0.837500 0.255964 0.253454 0.990195
0.839063 0.256249 0.253737 0.990195
0.840625 0.256532 0.254017 0.990195
0.842188 0.256812 0.254295 0.990195
0.843750 0.257090 0.254569 0.990195
0.845313 0.257364 0.254841 0.990195
0.846875 0.257636 0.255110 0.990195
0.848438 0.257905 0.255376 0.990195
0.850000 0.258171 0.255639 0.990195
0.851562 0.258434 0.255900 0.990195
0.853125 0.258694 0.256158 0.990195
0.854688 0.258952 0.256413 0.990195
0.856250 0.259207 0.256665 0.990195
0.857813 0.259459 0.256915 0.990195
0.859375 0.259708 0.257161 0.990195
0.860938 0.259954 0.257405 0.990195
0.862500 0.260198 0.257646 0.990195
0.864063 0.260438 0.257885 0.990195
0.865625 0.260676 0.258120 0.990195
0.867188 0.260911 0.258353 0.990194
0.868750 0.261143 0.258583 0.990194
0.870313 0.261373 0.258810 0.990194
0.871875 0.261599 0.259034 0.990194
0.873438 0.261823 0.259256 0.990194
0.875000 0.262044 0.259474 0.990194
0.876563 0.262262 0.259690 0.990194
0.878125 0.262477 0.259903 0.990194
0.879688 0.262689 0.260114 0.990194
0.881250 0.262899 0.260321 0.990194
0.882812 0.263106 0.260526 0.990194
0.884375 0.263310 0.260728 0.990194
0.885938 0.263511 0.260927 0.990194
0.887500 0.263709 0.261123 0.990194
0.889063 0.263905 0.261317 0.990194
0.890625 0.264097 0.261507 0.990194
0.892188 0.264287 0.261695 0.990194
0.893750 0.264474 0.261881 0.990194
0.895313 0.264658 0.262063 0.990194
0.896875 0.264840 0.262242 0.990194
0.898438 0.265018 0.262419 0.990194
0.900000 0.265194 0.262593 0.990194
0.901563 0.265367 0.262764 0.990194
0.903125 0.265537 0.262933 0.990194
0.904688 0.265704 0.263099 0.990193
0.906250 0.265869 0.263261 0.990193
0.907813 0.266030 0.263421 0.990193
0.909375 0.266189 0.263579 0.990193
0.910938 0.266345 0.263733 0.990193
0.912500 0.266498 0.263885 0.990193
0.914062 0.266649 0.264034 0.990193
0.915625 0.266797 0.264180 0.990193
0.917188 0.266941 0.264324 0.990193
0.918750 0.267083 0.264464 0.990193
0.920313 0.267223 0.264602 0.990193
0.921875 0.267359 0.264737 0.990193
0.923438 0.267493 0.264870 0.990193
0.925000 0.267624 0.264999 0.990193
0.926563 0.267752 0.265126 0.990193
0.928125 0.267877 0.265250 0.990193
0.929688 0.267999 0.265371 0.990193
0.931250 0.268119 0.265490 0.990193
0.932813 0.268236 0.265605 0.990193
0.934375 0.268350 0.265719 0.990193
0.935938 0.268462 0.265829 0.990193
0.937500 0.268570 0.265936 0.990193
0.939063 0.268676 0.266041 0.990193
0.940625 0.268779 0.266143 0.990193
0.942188 0.268879 0.266242 0.990193
0.943750 0.268977 0.266339 0.990193
0.945312 0.269072 0.266433 0.990193
0.946875 0.269164 0.266524 0.990193
0.948438 0.269253 0.266612 0.990193
0.950000 0.269339 0.266698 0.990193
0.951563 0.269423 0.266781 0.990192
0.953125 0.269504 0.266861 0.990192
0.954688 0.269582 0.266938 0.990192
0.956250 0.269658 0.267013 0.990192
0.957813 0.269730 0.267085 0.990192
0.959375 0.269800 0.267154 0.990192
0.960938 0.269868 0.267221 0.990192
0.962500 0.269932 0.267285 0.990192
0.964063 0.269994 0.267346 0.990192
0.965625 0.270053 0.267405 0.990192
0.967188 0.270110 0.267460 0.990192
0.968750 0.270163 0.267513 0.990192
0.970313 0.270214 0.267564 0.990192
0.971875 0.270262 0.267612 0.990192
0.973438 0.270308 0.267657 0.990192
0.975000 0.270351 0.267699 0.990192
0.976562 0.270391 0.267739 0.990192
0.978125 0.270428 0.267776 0.990192
0.979688 0.270463 0.267810 0.990192
0.981250 0.270495 0.267842 0.990192
0.982813 0.270524 0.267871 0.990192
0.984375 0.270551 0.267897 0.990192
0.985938 0.270575 0.267921 0.990192
0.987500 0.270596 0.267942 0.990192
0.989063 0.270615 0.267960 0.990192
0.990625 0.270630 0.267976 0.990192
0.992188 0.270644 0.267989 0.990192
0.993750 0.270654 0.268000 0.990192
0.995313 0.270662 0.268008 0.990192
0.996875 0.270668 0.268013 0.990192
0.998438 0.270670 0.268015 0.990192
1.000000 0.270670 0.268015 0.990192
1.001563 0.270668 0.268013 0.990192
1.003125 0.270662 0.268008 0.990192
1.004687 0.270654 0.268000 0.990192
1.006250 0.270644 0.267989 0.990192
1.007812 0.270631 0.267976 0.990192
1.009375 0.270615 0.267961 0.990192
1.010938 0.270597 0.267942 0.990192
1.012500 0.270576 0.267922 0.990192
1.014063 0.270552 0.267898 0.990191
1.015625 0.270526 0.267872 0.990191
1.017188 0.270497 0.267844 0.990191
1.018750 0.270465 0.267813 0.990191
1.020312 0.270431 0.267779 0.990191
1.021875 0.270395 0.267743 0.990191
1.023438 0.270356 0.267704 0.990191
1.025000 0.270314 0.267663 0.990191
1.026563 0.270270 0.267619 0.990191
1.028125 0.270223 0.267572 0.990191
1.029688 0.270173 0.267523 0.990191
1.031250 0.270121 0.267472 0.990191
1.032813 0.270067 0.267418 0.990191
1.034375 0.270010 0.267361 0.990191
1.035937 0.269950 0.267302 0.990191
1.037500 0.269888 0.267241 0.990191
1.039062 0.269823 0.267177 0.990191
1.040625 0.269756 0.267110 0.990191
1.042188 0.269686 0.267041 0.990191
1.043750 0.269614 0.266969 0.990191
1.045313 0.269539 0.266895 0.990191
1.046875 0.269462 0.266819 0.990191
1.048438 0.269382 0.266740 0.990191
1.050000 0.269300 0.266658 0.990191
1.051562 0.269215 0.266574 0.990191
1.053125 0.269128 0.266488 0.990191
1.054688 0.269038 0.266399 0.990191
1.056250 0.268946 0.266308 0.990191
1.057813 0.268851 0.266214 0.990191
1.059375 0.268754 0.266118 0.990191
1.060938 0.268655 0.266019 0.990191
1.062500 0.268553 0.265918 0.990191
1.064063 0.268448 0.265815 0.990191
1.065625 0.268341 0.265709 0.990191
1.067187 0.268232 0.265601 0.990191
1.068750 0.268120 0.265490 0.990191
1.070312 0.268006 0.265377 0.990191
1.071875 0.267889 0.265261 0.990191
1.073438 0.267770 0.265143 0.990191
1.075000 0.267649 0.265023 0.990191
1.076563 0.267525 0.264901 0.990191
1.078125 0.267398 0.264775 0.990191
1.079688 0.267270 0.264648 0.990191
1.081250 0.267139 0.264518 0.990191
1.082812 0.267005 0.264386 0.990191
1.084375 0.266870 0.264252 0.990191
1.085938 0.266731 0.264115 0.990191
1.087500 0.266591 0.263976 0.990191
1.089063 0.266448 0.263834 0.990191
1.090625 0.266303 0.263690 0.990191
1.092188 0.266155 0.263544 0.990191
1.093750 0.266005 0.263396 0.990191
1.095313 0.265853 0.263245 0.990191
1.096875 0.265698 0.263092 0.990191
1.098437 0.265542 0.262937 0.990191
1.100000 0.265382 0.262779 0.990191
1.101562 0.265221 0.262619 0.990191
1.103125 0.265057 0.262457 0.990191
1.104688 0.264891 0.262292 0.990191
1.106250 0.264722 0.262126 0.990191
1.107813 0.264552 0.261957 0.990191
1.109375 0.264379 0.261785 0.990191
1.110938 0.264204 0.261612 0.990191
1.112500 0.264026 0.261436 0.990191
1.114062 0.263846 0.261258 0.990191
1.115625 0.263664 0.261078 0.990191
1.117188 0.263480 0.260895 0.99019
1.118750 0.263293 0.260711 0.99019
1.120313 0.263105 0.260524 0.99019
1.121875 0.262914 0.260335 0.99019
1.123438 0.262721 0.260143 0.99019
1.125000 0.262525 0.259950 0.99019
1.126563 0.262328 0.259754 0.99019
1.128125 0.262128 0.259556 0.99019
1.129687 0.261926 0.259356 0.99019
1.131250 0.261722 0.259154 0.99019
1.132812 0.261515 0.258950 0.99019
1.134375 0.261307 0.258743 0.99019
1.135938 0.261096 0.258535 0.99019
1.137500 0.260883 0.258324 0.99019
1.139063 0.260668 0.258111 0.99019
1.140625 0.260451 0.257896 0.99019
1.142188 0.260231 0.257679 0.99019
1.143750 0.260010 0.257459 0.99019
1.145312 0.259786 0.257238 0.99019
1.146875 0.259561 0.257014 0.99019
1.148438 0.259333 0.256789 0.99019
1.150000 0.259103 0.256561 0.99019
1.151563 0.258871 0.256331 0.99019
1.153125 0.258637 0.256099 0.99019
1.154688 0.258400 0.255865 0.99019
1.156250 0.258162 0.255629 0.99019
1.157813 0.257921 0.255391 0.99019
1.159375 0.257679 0.255151 0.99019
1.160937 0.257434 0.254909 0.99019
1.162500 0.257188 0.254665 0.99019
1.164062 0.256939 0.254419 0.99019
1.165625 0.256688 0.254170 0.99019
1.167188 0.256436 0.253920 0.99019
1.168750 0.256181 0.253668 0.99019
1.170313 0.255924 0.253414 0.99019
1.171875 0.255665 0.253157 0.99019
1.173438 0.255405 0.252899 0.99019
1.175000 0.255142 0.252639 0.99019
1.176562 0.254877 0.252377 0.99019
1.178125 0.254610 0.252112 0.99019
1.179688 0.254341 0.251846 0.99019
1.181250 0.254071 0.251578 0.99019
1.182813 0.253798 0.251308 0.99019
1.184375 0.253523 0.251036 0.99019
1.185938 0.253246 0.250762 0.99019
1.187500 0.252968 0.250486 0.99019
1.189063 0.252687 0.250208 0.99019
1.190625 0.252405 0.249929 0.99019
1.192187 0.252120 0.249647 0.99019
1.193750 0.251834 0.249364 0.99019
1.195312 0.251546 0.249078 0.99019
1.196875 0.251256 0.248791 0.99019
1.198438 0.250964 0.248502 0.99019
1.200000 0.250670 0.248211 0.99019
1.201563 0.250374 0.247918 0.99019
1.203125 0.250076 0.247623 0.99019
1.204688 0.249777 0.247326 0.99019
1.206250 0.249475 0.247028 0.99019
1.207813 0.249172 0.246728 0.99019
1.209375 0.248867 0.246426 0.99019
1.210938 0.248560 0.246122 0.99019
1.212500 0.248251 0.245816 0.99019
1.214063 0.247941 0.245508 0.99019
1.215625 0.247628 0.245199 0.99019
1.217188 0.247314 0.244888 0.99019
1.218750 0.246998 0.244575 0.99019
1.220313 0.246680 0.244260 0.99019
1.221875 0.246360 0.243943 0.99019
1.223438 0.246039 0.243625 0.99019
1.225000 0.245715 0.243305 0.99019
1.226562 0.245390 0.242983 0.99019
1.228125 0.245064 0.242660 0.99019
1.229688 0.244735 0.242334 0.99019
1.231250 0.244405 0.242007 0.99019
1.232813 0.244073 0.241679 0.99019
1.234375 0.243739 0.241348 0.99019
1.235938 0.243404 0.241016 0.99019
1.237500 0.243066 0.240682 0.99019
1.239063 0.242728 0.240346 0.99019
1.240625 0.242387 0.240009 0.99019
1.242188 0.242045 0.239670 0.99019
1.243750 0.241701 0.239330 0.99019
1.245313 0.241355 0.238987 0.99019
1.246875 0.241008 0.238643 0.99019
1.248438 0.240659 0.238298 0.99019
1.250000 0.240308 0.237950 0.99019
1.251563 0.239955 0.237602 0.99019
1.253125 0.239601 0.237251 0.99019
1.254688 0.239246 0.236899 0.99019
1.256250 0.238889 0.236545 0.99019
1.257812 0.238530 0.236190 0.99019
1.259375 0.238169 0.235833 0.99019
1.260938 0.237807 0.235474 0.99019
1.262500 0.237443 0.235114 0.99019
1.264063 0.237078 0.234752 0.99019
1.265625 0.236711 0.234389 0.99019
1.267188 0.236342 0.234024 0.99019
1.268750 0.235972 0.233657 0.99019
1.270313 0.235601 0.233289 0.99019
1.271875 0.235227 0.232920 0.99019
1.273438 0.234853 0.232549 0.99019
1.275000 0.234476 0.232176 0.99019
1.276563 0.234098 0.231802 0.99019
1.278125 0.233719 0.231426 0.99019
1.279688 0.233338 0.231049 0.99019
1.281250 0.232956 0.230670 0.99019
1.282813 0.232572 0.230290 0.99019
1.284375 0.232186 0.229908 0.99019
1.285938 0.231799 0.229525 0.99019
1.287500 0.231411 0.229141 0.99019
1.289062 0.231021 0.228755 0.99019
1.290625 0.230629 0.228367 0.99019
1.292188 0.230237 0.227978 0.99019
1.293750 0.229842 0.227587 0.99019
1.295313 0.229446 0.227196 0.99019
1.296875 0.229049 0.226802 0.99019
1.298438 0.228651 0.226407 0.99019
1.300000 0.228250 0.226011 0.99019
1.301563 0.227849 0.225614 0.99019
1.303125 0.227446 0.225215 0.99019
1.304688 0.227042 0.224814 0.99019
1.306250 0.226636 0.224413 0.99019
1.307813 0.226229 0.224009 0.99019
1.309375 0.225820 0.223605 0.99019
1.310938 0.225410 0.223199 0.99019
1.312500 0.224999 0.222792 0.99019
1.314063 0.224586 0.222383 0.99019
1.315625 0.224172 0.221973 0.99019
1.317188 0.223757 0.221562 0.99019
1.318750 0.223340 0.221149 0.99019
1.320312 0.222922 0.220735 0.99019
1.321875 0.222503 0.220320 0.99019
1.323438 0.222082 0.219903 0.99019
1.325000 0.221660 0.219486 0.99019
1.326563 0.221237 0.219066 0.99019
1.328125 0.220812 0.218646 0.99019
1.329688 0.220386 0.218224 0.99019
1.331250 0.219959 0.217801 0.99019
1.332813 0.219531 0.217377 0.99019
1.334375 0.219101 0.216951 0.99019
1.335938 0.218670 0.216525 0.99019
1.337500 0.218237 0.216097 0.99019
1.339063 0.217804 0.215667 0.99019
1.340625 0.217369 0.215237 0.99019
1.342188 0.216933 0.214805 0.99019
1.343750 0.216496 0.214372 0.99019
1.345313 0.216057 0.213938 0.99019
1.346875 0.215618 0.213503 0.99019
1.348438 0.215177 0.213066 0.99019
1.350000 0.214735 0.212628 0.99019
1.351562 0.214292 0.212189 0.99019
1.353125 0.213847 0.211749 0.99019
1.354688 0.213401 0.211308 0.99019
1.356250 0.212955 0.210866 0.99019
1.357813 0.212507 0.210422 0.99019
1.359375 0.212057 0.209977 0.99019
1.360938 0.211607 0.209531 0.99019
1.362500 0.211156 0.209084 0.99019
1.364063 0.210703 0.208636 0.99019
1.365625 0.210250 0.208187 0.99019
1.367188 0.209795 0.207737 0.99019
1.368750 0.209339 0.207285 0.99019
1.370313 0.208882 0.206833 0.99019
1.371875 0.208424 0.206379 0.99019
1.373438 0.207964 0.205924 0.99019
1.375000 0.207504 0.205468 0.99019
1.376563 0.207043 0.205012 0.99019
1.378125 0.206580 0.204554 0.99019
1.379688 0.206117 0.204095 0.99019
1.381250 0.205652 0.203635 0.99019
1.382812 0.205186 0.203174 0.99019
1.384375 0.204720 0.202711 0.99019
1.385938 0.204252 0.202248 0.99019
1.387500 0.203783 0.201784 0.99019
1.389063 0.203313 0.201319 0.99019
1.390625 0.202843 0.200853 0.99019
1.392188 0.202371 0.200386 0.99019
1.393750 0.201898 0.199917 0.99019
1.395313 0.201424 0.199448 0.99019
1.396875 0.200949 0.198978 0.99019
1.398438 0.200474 0.198507 0.99019
1.400000 0.199997 0.198035 0.99019
1.401563 0.199519 0.197562 0.99019
1.403125 0.199040 0.197088 0.99019
1.404688 0.198561 0.196613 0.99019
1.406250 0.198080 0.196137 0.99019
1.407813 0.197599 0.195660 0.99019
1.409375 0.197116 0.195183 0.99019
1.410938 0.196633 0.194704 0.99019
1.412500 0.196149 0.194224 0.99019
1.414062 0.195663 0.193744 0.99019
1.415625 0.195177 0.193263 0.99019
1.417188 0.194690 0.192780 0.99019
1.418750 0.194202 0.192297 0.99019
1.420313 0.193714 0.191813 0.99019
1.421875 0.193224 0.191328 0.99019
1.423438 0.192733 0.190843 0.99019
1.425000 0.192242 0.190356 0.99019
1.426563 0.191750 0.189869 0.99019
1.428125 0.191257 0.189380 0.99019
1.429688 0.190763 0.188891 0.99019
1.431250 0.190268 0.188401 0.99019
1.432813 0.189772 0.187911 0.990191
1.434375 0.189276 0.187419 0.990191
1.435938 0.188778 0.186927 0.990191
1.437500 0.188280 0.186433 0.990191
1.439063 0.187782 0.185940 0.990191
1.440625 0.187282 0.185445 0.990191
1.442188 0.186781 0.184949 0.990191
1.443750 0.186280 0.184453 0.990191
1.445312 0.185778 0.183956 0.990191
1.446875 0.185275 0.183458 0.990191
1.448438 0.184772 0.182959 0.990191
1.450000 0.184267 0.182460 0.990191
1.451563 0.183762 0.181960 0.990191
1.453125 0.183257 0.181459 0.990191
1.454688 0.182750 0.180957 0.990191
1.456250 0.182243 0.180455 0.990191
1.457813 0.181735 0.179952 0.990191
1.459375 0.181226 0.179448 0.990191
1.460938 0.180717 0.178944 0.990191
1.462500 0.180206 0.178439 0.990191
1.464063 0.179696 0.177933 0.990191
1.465625 0.179184 0.177426 0.990191
1.467188 0.178672 0.176919 0.990191
1.468750 0.178159 0.176411 0.990191
1.470313 0.177645 0.175903 0.990191
1.471875 0.177131 0.175394 0.990191
1.473438 0.176616 0.174884 0.990191
1.475000 0.176101 0.174373 0.990191
1.476562 0.175585 0.173862 0.990191
1.478125 0.175068 0.173350 0.990191
1.479688 0.174550 0.172838 0.990191
1.481250 0.174032 0.172325 0.990191
1.482813 0.173514 0.171812 0.990191
1.484375 0.172994 0.171297 0.990191
1.485938 0.172474 0.170782 0.990191
1.487500 0.171954 0.170267 0.990191
1.489063 0.171433 0.169751 0.990191
1.490625 0.170911 0.169234 0.990191
1.492188 0.170389 0.168717 0.990191
1.493750 0.169866 0.168200 0.990191
1.495313 0.169342 0.167681 0.990191
1.496875 0.168818 0.167162 0.990191
1.498438 0.168294 0.166643 0.990191
1.500000 0.167769 0.166123 0.990191
1.501563 0.167243 0.165603 0.990191
1.503125 0.166717 0.165082 0.990191
1.504688 0.166190 0.164560 0.990191
1.506250 0.165663 0.164038 0.990191
1.507812 0.165135 0.163515 0.990191
1.509375 0.164607 0.162992 0.990191
1.510938 0.164078 0.162469 0.990191
1.512500 0.163549 0.161945 0.990191
1.514063 0.163019 0.161420 0.990191
1.515625 0.162489 0.160895 0.990191
1.517188 0.161958 0.160370 0.990191
1.518750 0.161427 0.159844 0.990191
1.520313 0.160895 0.159317 0.990191
1.521875 0.160363 0.158790 0.990191
1.523438 0.159830 0.158263 0.990191
1.525000 0.159297 0.157735 0.990191
1.526563 0.158764 0.157207 0.990191
1.528125 0.158230 0.156678 0.990191
1.529688 0.157696 0.156149 0.990191
1.531250 0.157161 0.155619 0.990191
1.532813 0.156626 0.155089 0.990191
1.534375 0.156090 0.154559 0.990191
1.535938 0.155554 0.154028 0.990191
1.537500 0.155017 0.153497 0.990191
1.539062 0.154481 0.152965 0.990191
1.540625 0.153943 0.152433 0.990191
1.542188 0.153406 0.151901 0.990192
1.543750 0.152868 0.151368 0.990192
1.545313 0.152329 0.150835 0.990192
1.546875 0.151791 0.150302 0.990192
1.548438 0.151252 0.149768 0.990192
1.550000 0.150712 0.149234 0.990192
1.551563 0.150172 0.148699 0.990192
1.553125 0.149632 0.148164 0.990192
1.554688 0.149092 0.147629 0.990192
1.556250 0.148551 0.147094 0.990192
1.557813 0.148010 0.146558 0.990192
1.559375 0.147468 0.146022 0.990192
1.560938 0.146926 0.145485 0.990192
1.562500 0.146384 0.144948 0.990192
1.564063 0.145842 0.144411 0.990192
1.565625 0.145299 0.143874 0.990192
1.567188 0.144756 0.143336 0.990192
1.568750 0.144213 0.142798 0.990192
1.570312 0.143669 0.142260 0.990192
1.571875 0.143125 0.141722 0.990192
1.573438 0.142581 0.141183 0.990192
1.575000 0.142037 0.140644 0.990192
1.576563 0.141492 0.140105 0.990192
1.578125 0.140947 0.139565 0.990192
1.579688 0.140402 0.139025 0.990192
1.581250 0.139857 0.138485 0.990192
1.582813 0.139311 0.137945 0.990192
1.584375 0.138766 0.137405 0.990192
1.585938 0.138219 0.136864 0.990192
1.587500 0.137673 0.136323 0.990192
1.589063 0.137127 0.135782 0.990192
1.590625 0.136580 0.135240 0.990192
1.592188 0.136033 0.134699 0.990192
1.593750 0.135486 0.134157 0.990192
1.595313 0.134939 0.133615 0.990192
1.596875 0.134391 0.133073 0.990192
1.598438 0.133843 0.132531 0.990192
1.600000 0.133296 0.131988 0.990192
1.601562 0.132748 0.131446 0.990192
1.603125 0.132199 0.130903 0.990192
1.604688 0.131651 0.130360 0.990192
1.606250 0.131103 0.129817 0.990192
1.607813 0.130554 0.129274 0.990192
1.609375 0.130005 0.128730 0.990193
1.610938 0.129456 0.128187 0.990193
1.612500 0.128907 0.127643 0.990193
1.614063 0.128358 0.127099 0.990193
1.615625 0.127809 0.126555 0.990193
1.617188 0.127259 0.126011 0.990193
1.618750 0.126710 0.125467 0.990193
1.620313 0.126160 0.124923 0.990193
1.621875 0.125610 0.124378 0.990193
1.623438 0.125061 0.123834 0.990193
1.625000 0.124511 0.123289 0.990193
1.626563 0.123961 0.122745 0.990193
1.628125 0.123410 0.122200 0.990193
1.629688 0.122860 0.121655 0.990193
1.631250 0.122310 0.121111 0.990193
1.632812 0.121760 0.120566 0.990193
1.634375 0.121209 0.120021 0.990193
1.635938 0.120659 0.119476 0.990193
1.637500 0.120108 0.118931 0.990193
1.639063 0.119558 0.118385 0.990193
1.640625 0.119007 0.117840 0.990193
1.642188 0.118457 0.117295 0.990193
1.643750 0.117906 0.116750 0.990193
1.645313 0.117355 0.116205 0.990193
1.646875 0.116805 0.115659 0.990193
1.648438 0.116254 0.115114 0.990193
1.650000 0.115703 0.114569 0.990193
1.651563 0.115153 0.114023 0.990193
1.653125 0.114602 0.113478 0.990193
1.654688 0.114051 0.112933 0.990193
1.656250 0.113500 0.112387 0.990193
1.657813 0.112950 0.111842 0.990194
1.659375 0.112399 0.111297 0.990194
1.660938 0.111848 0.110752 0.990194
1.662500 0.111298 0.110206 0.990194
1.664062 0.110747 0.109661 0.990194
1.665625 0.110197 0.109116 0.990194
1.667188 0.109646 0.108571 0.990194
1.668750 0.109096 0.108026 0.990194
1.670313 0.108545 0.107481 0.990194
1.671875 0.107995 0.106936 0.990194
1.673438 0.107445 0.106391 0.990194
1.675000 0.106894 0.105846 0.990194
1.676563 0.106344 0.105301 0.990194
1.678125 0.105794 0.104757 0.990194
1.679688 0.105244 0.104212 0.990194
1.681250 0.104694 0.103668 0.990194
1.682813 0.104144 0.103123 0.990194
1.684375 0.103595 0.102579 0.990194
1.685938 0.103045 0.102035 0.990194
1.687500 0.102496 0.101490 0.990194
1.689063 0.101946 0.100946 0.990194
1.690625 0.101397 0.100403 0.990194
1.692188 0.100848 0.099859 0.990194
1.693750 0.100298 0.099315 0.990195
1.695312 0.099750 0.098771 0.990195
1.696875 0.099201 0.098228 0.990195
1.698438 0.098652 0.097685 0.990195
1.700000 0.098103 0.097142 0.990195
1.701563 0.097555 0.096599 0.990195
1.703125 0.097007 0.096056 0.990195
1.704688 0.096459 0.095513 0.990195
1.706250 0.095911 0.094970 0.990195
1.707813 0.095363 0.094428 0.990195
1.709375 0.094815 0.093886 0.990195
1.710938 0.094268 0.093344 0.990195
1.712500 0.093721 0.092802 0.990195
1.714063 0.093173 0.092260 0.990195
1.715625 0.092627 0.091718 0.990195
1.717188 0.092080 0.091177 0.990195
1.718750 0.091533 0.090636 0.990195
1.720313 0.090987 0.090095 0.990195
1.721875 0.090441 0.089554 0.990195
1.723438 0.089895 0.089013 0.990195
1.725000 0.089349 0.088473 0.990196
1.726562 0.088803 0.087933 0.990196
1.728125 0.088258 0.087393 0.990196
1.729688 0.087713 0.086853 0.990196
1.731250 0.087168 0.086314 0.990196
1.732813 0.086624 0.085774 0.990196
1.734375 0.086079 0.085235 0.990196
1.735938 0.085535 0.084696 0.990196
1.737500 0.084991 0.084158 0.990196
1.739063 0.084447 0.083619 0.990196
1.740625 0.083904 0.083081 0.990196
1.742188 0.083361 0.082543 0.990196
1.743750 0.082818 0.082006 0.990196
1.745313 0.082275 0.081468 0.990196
1.746875 0.081733 0.080931 0.990196
1.748438 0.081191 0.080395 0.990196
1.750000 0.080649 0.079858 0.990196
1.751563 0.080107 0.079322 0.990197
1.753125 0.079566 0.078786 0.990197
1.754688 0.079025 0.078250 0.990197
1.756250 0.078484 0.077715 0.990197
1.757812 0.077944 0.077179 0.990197
1.759375 0.077403 0.076645 0.990197
1.760938 0.076863 0.076110 0.990197
1.762500 0.076324 0.075576 0.990197
1.764063 0.075785 0.075042 0.990197
1.765625 0.075246 0.074508 0.990197
1.767188 0.074707 0.073975 0.990197
1.768750 0.074169 0.073442 0.990197
1.770313 0.073631 0.072909 0.990197
1.771875 0.073093 0.072377 0.990197
1.773438 0.072556 0.071845 0.990198
1.775000 0.072019 0.071313 0.990198
1.776563 0.071482 0.070782 0.990198
1.778125 0.070946 0.070250 0.990198
1.779688 0.070410 0.069720 0.990198
1.781250 0.069874 0.069189 0.990198
1.782813 0.069339 0.068659 0.990198
1.784375 0.068804 0.068130 0.990198
1.785938 0.068270 0.067600 0.990198
1.787500 0.067735 0.067071 0.990198
1.789062 0.067202 0.066543 0.990198
1.790625 0.066668 0.066015 0.990198
1.792188 0.066135 0.065487 0.990198
1.793750 0.065602 0.064959 0.990199
1.795313 0.065070 0.064432 0.990199
1.796875 0.064538 0.063905 0.990199
1.798438 0.064006 0.063379 0.990199
1.800000 0.063475 0.062853 0.990199
1.801563 0.062944 0.062328 0.990199
1.803125 0.062414 0.061802 0.990199
1.804688 0.061884 0.061278 0.990199
1.806250 0.061355 0.060753 0.990199
1.807813 0.060825 0.060229 0.990199
1.809375 0.060297 0.059706 0.990199
1.810938 0.059768 0.059182 0.9902
1.812500 0.059240 0.058660 0.9902
1.814063 0.058713 0.058137 0.9902
1.815625 0.058186 0.057615 0.9902
1.817188 0.057659 0.057094 0.9902
1.818750 0.057133 0.056573 0.9902
1.820312 0.056607 0.056052 0.9902
1.821875 0.056082 0.055532 0.9902
1.823438 0.055557 0.055012 0.9902
1.825000 0.055032 0.054493 0.9902
1.826563 0.054508 0.053974 0.9902
1.828125 0.053985 0.053456 0.990201
1.829688 0.053462 0.052938 0.990201
1.831250 0.052939 0.052420 0.990201
1.832813 0.052417 0.051903 0.990201
1.834375 0.051895 0.051386 0.990201
1.835938 0.051374 0.050870 0.990201
1.837500 0.050853 0.050355 0.990201
1.839063 0.050333 0.049839 0.990201
1.840625 0.049813 0.049325 0.990201
1.842188 0.049293 0.048810 0.990202
1.843750 0.048774 0.048296 0.990202
1.845313 0.048256 0.047783 0.990202
1.846875 0.047738 0.047270 0.990202
1.848438 0.047221 0.046758 0.990202
1.850000 0.046704 0.046246 0.990202
1.851562 0.046187 0.045735 0.990202
1.853125 0.045671 0.045224 0.990202
1.854688 0.045156 0.044713 0.990202
1.856250 0.044641 0.044203 0.990203
1.857813 0.044126 0.043694 0.990203
1.859375 0.043612 0.043185 0.990203
1.860938 0.043099 0.042677 0.990203
1.862500 0.042586 0.042169 0.990203
1.864063 0.042074 0.041662 0.990203
1.865625 0.041562 0.041155 0.990203
1.867188 0.041051 0.040648 0.990203
1.868750 0.040540 0.040143 0.990204
1.870313 0.040029 0.039637 0.990204
1.871875 0.039520 0.039133 0.990204
1.873438 0.039010 0.038628 0.990204
1.875000 0.038502 0.038125 0.990204
1.876563 0.037994 0.037621 0.990204
1.878125 0.037486 0.037119 0.990204
1.879688 0.036979 0.036617 0.990205
1.881250 0.036473 0.036115 0.990205
1.882812 0.035967 0.035614 0.990205
1.884375 0.035461 0.035114 0.990205
1.885938 0.034956 0.034614 0.990205
1.887500 0.034452 0.034115 0.990205
1.889063 0.033948 0.033616 0.990205
1.890625 0.033445 0.033118 0.990206
1.892188 0.032943 0.032620 0.990206
1.893750 0.032441 0.032123 0.990206
1.895313 0.031939 0.031626 0.990206
1.896875 0.031438 0.031131 0.990206
1.898438 0.030938 0.030635 0.990206
1.900000 0.030438 0.030140 0.990207
1.901563 0.029939 0.029646 0.990207
1.903125 0.029441 0.029153 0.990207
1.904688 0.028943 0.028659 0.990207
1.906250 0.028446 0.028167 0.990207
1.907813 0.027949 0.027675 0.990207
1.909375 0.027453 0.027184 0.990208
1.910938 0.026957 0.026693 0.990208
1.912500 0.026462 0.026203 0.990208
1.914062 0.025968 0.025713 0.990208
1.915625 0.025474 0.025225 0.990208
1.917188 0.024981 0.024736 0.990209
1.918750 0.024488 0.024249 0.990209
1.920313 0.023996 0.023761 0.990209
1.921875 0.023505 0.023275 0.990209
1.923438 0.023014 0.022789 0.990209
1.925000 0.022524 0.022304 0.99021
1.926563 0.022035 0.021819 0.99021
1.928125 0.021546 0.021335 0.99021
1.929688 0.021058 0.020852 0.99021
1.931250 0.020570 0.020369 0.99021
1.932813 0.020083 0.019887 0.990211
1.934375 0.019597 0.019405 0.990211
1.935938 0.019111 0.018924 0.990211
1.937500 0.018626 0.018444 0.990211
1.939063 0.018142 0.017964 0.990212
1.940625 0.017658 0.017485 0.990212
1.942188 0.017175 0.017007 0.990212
1.943750 0.016693 0.016529 0.990212
1.945312 0.016211 0.016052 0.990213
1.946875 0.015730 0.015576 0.990213
1.948438 0.015249 0.015100 0.990213
1.950000 0.014769 0.014625 0.990214
1.951563 0.014290 0.014150 0.990214
1.953125 0.013812 0.013676 0.990214
1.954688 0.013334 0.013203 0.990215
1.956250 0.012856 0.012731 0.990215
1.957813 0.012380 0.012259 0.990215
1.959375 0.011904 0.011788 0.990216
1.960938 0.011429 0.011317 0.990216
1.962500 0.010954 0.010847 0.990216
1.964063 0.010480 0.010378 0.990217
1.965625 0.010007 0.009909 0.990217
1.967188 0.009535 0.009441 0.990218
1.968750 0.009063 0.008974 0.990218
1.970313 0.008592 0.008508 0.990219
1.971875 0.008121 0.008042 0.990219
1.973438 0.007651 0.007576 0.99022
1.975000 0.007182 0.007112 0.990221
1.976562 0.006714 0.006648 0.990222
1.978125 0.006246 0.006185 0.990222
1.979688 0.005779 0.005722 0.990223
1.981250 0.005313 0.005261 0.990224
1.982813 0.004847 0.004800 0.990225
1.984375 0.004382 0.004339 0.990227
1.985938 0.003918 0.003879 0.990229
1.987500 0.003454 0.003420 0.990231
1.989063 0.002991 0.002962 0.990234
1.990625 0.002529 0.002504 0.990237
1.992188 0.002068 0.002048 0.990242
1.993750 0.001607 0.001591 0.99025
1.995313 0.001147 0.001136 0.990267
1.996875 0.000688 0.000681 0.990334
1.998438 0.000229 0.000227 0.990928
2.000000 -0.000229 -0.000226 0.988584
2.001562 -0.000686 -0.000679 0.989122
2.003125 -0.001142 -0.001130 0.989083
2.004688 -0.001598 -0.001580 0.988963
2.006250 -0.002052 -0.002029 0.988817
2.007812 -0.002505 -0.002477 0.98866
2.009375 -0.002957 -0.002923 0.988498
2.010938 -0.003408 -0.003368 0.988333
2.012500 -0.003857 -0.003811 0.988167
2.014063 -0.004305 -0.004253 0.988
2.015625 -0.004751 -0.004693 0.987834
2.017187 -0.005196 -0.005132 0.987667
2.018750 -0.005639 -0.005568 0.987501
2.020313 -0.006080 -0.006003 0.987336
2.021875 -0.006519 -0.006436 0.987171
2.023438 -0.006957 -0.006866 0.987008
2.025000 -0.007392 -0.007295 0.986844
2.026563 -0.007826 -0.007721 0.986682
2.028125 -0.008257 -0.008146 0.98652
2.029688 -0.008686 -0.008568 0.986359
2.031250 -0.009113 -0.008987 0.986199
2.032812 -0.009537 -0.009404 0.986039
2.034375 -0.009959 -0.009819 0.98588
2.035938 -0.010379 -0.010231 0.985722
2.037500 -0.010796 -0.010640 0.985565
2.039062 -0.011210 -0.011047 0.985408
2.040625 -0.011622 -0.011451 0.985252
2.042188 -0.012031 -0.011852 0.985096
2.043750 -0.012437 -0.012250 0.984941
2.045313 -0.012841 -0.012645 0.984786
2.046875 -0.013241 -0.013038 0.984632
2.048437 -0.013639 -0.013427 0.984478
2.050000 -0.014033 -0.013813 0.984325
2.051563 -0.014425 -0.014197 0.984172
2.053125 -0.014813 -0.014577 0.98402
2.054688 -0.015199 -0.014953 0.983868
2.056250 -0.015581 -0.015327 0.983716
2.057813 -0.015959 -0.015697 0.983565
2.059375 -0.016335 -0.016064 0.983414
2.060938 -0.016707 -0.016427 0.983263
2.062500 -0.017076 -0.016787 0.983112
2.064062 -0.017441 -0.017144 0.982962
2.065625 -0.017803 -0.017497 0.982812
2.067188 -0.018161 -0.017846 0.982662
2.068750 -0.018516 -0.018192 0.982512
2.070312 -0.018867 -0.018534 0.982362
2.071875 -0.019214 -0.018872 0.982212
2.073438 -0.019558 -0.019207 0.982062
2.075000 -0.019898 -0.019538 0.981913
2.076563 -0.020234 -0.019865 0.981763
2.078125 -0.020566 -0.020188 0.981613
2.079687 -0.020895 -0.020508 0.981464
2.081250 -0.021220 -0.020823 0.981314
2.082813 -0.021540 -0.021135 0.981164
2.084375 -0.021857 -0.021442 0.981014
2.085938 -0.022170 -0.021746 0.980864
2.087500 -0.022479 -0.022045 0.980714
2.089063 -0.022783 -0.022341 0.980564
2.090625 -0.023084 -0.022632 0.980413
2.092188 -0.023381 -0.022919 0.980263
2.093750 -0.023673 -0.023202 0.980112
2.095312 -0.023961 -0.023481 0.979961
2.096875 -0.024245 -0.023756 0.97981
2.098438 -0.024525 -0.024026 0.979659
2.100000 -0.024801 -0.024293 0.979507
2.101562 -0.025072 -0.024555 0.979355
2.103125 -0.025339 -0.024812 0.979203
2.104688 -0.025602 -0.025066 0.97905
2.106250 -0.025861 -0.025315 0.978898
2.107813 -0.026115 -0.025560 0.978744
2.109375 -0.026364 -0.025800 0.978591
2.110937 -0.026610 -0.026036 0.978437
2.112500 -0.026851 -0.026267 0.978283
2.114063 -0.027087 -0.026495 0.978128
2.115625 -0.027319 -0.026717 0.977973
2.117188 -0.027547 -0.026935 0.977817
2.118750 -0.027770 -0.027149 0.977661
2.120313 -0.027988 -0.027359 0.977505
2.121875 -0.028202 -0.027563 0.977348
2.123438 -0.028412 -0.027764 0.97719
2.125000 -0.028617 -0.027959 0.977032
2.126562 -0.028817 -0.028151 0.976873
2.128125 -0.029013 -0.028337 0.976714
2.129688 -0.029204 -0.028519 0.976553
2.131250 -0.029391 -0.028697 0.976393
2.132812 -0.029573 -0.028870 0.976231
2.134375 -0.029750 -0.029038 0.976069
2.135938 -0.029923 -0.029202 0.975906
2.137500 -0.030091 -0.029361 0.975742
2.139063 -0.030255 -0.029516 0.975577
2.140625 -0.030414 -0.029666 0.975411
2.142187 -0.030568 -0.029811 0.975245
2.143750 -0.030717 -0.029952 0.975077
2.145313 -0.030862 -0.030088 0.974909
2.146875 -0.031002 -0.030219 0.974739
2.148438 -0.031138 -0.030346 0.974569
2.150000 -0.031269 -0.030468 0.974397
2.151563 -0.031395 -0.030586 0.974224
2.153125 -0.031516 -0.030698 0.974051
2.154688 -0.031633 -0.030807 0.973876
2.156250 -0.031745 -0.030910 0.973699
2.157812 -0.031852 -0.031009 0.973522
2.159375 -0.031955 -0.031103 0.973343
2.160938 -0.032053 -0.031193 0.973163
2.162500 -0.032146 -0.031277 0.972981
2.164062 -0.032234 -0.031358 0.972798
2.165625 -0.032318 -0.031433 0.972614
2.167188 -0.032397 -0.031504 0.972428
2.168750 -0.032472 -0.031570 0.97224
2.170313 -0.032541 -0.031632 0.972051
2.171875 -0.032606 -0.031689 0.971861
2.173437 -0.032667 -0.031741 0.971668
2.175000 -0.032722 -0.031789 0.971474
2.176563 -0.032773 -0.031832 0.971278
2.178125 -0.032819 -0.031870 0.97108
2.179688 -0.032861 -0.031904 0.970881
2.181250 -0.032898 -0.031933 0.970679
2.182813 -0.032930 -0.031957 0.970476
2.184375 -0.032957 -0.031977 0.97027
2.185938 -0.032980 -0.031993 0.970062
2.187500 -0.032998 -0.032003 0.969853
2.189062 -0.033012 -0.032009 0.96964
2.190625 -0.033020 -0.032011 0.969426
2.192188 -0.033025 -0.032008 0.969209
2.193750 -0.033024 -0.032000 0.96899
2.195312 -0.033019 -0.031988 0.968769
2.196875 -0.033010 -0.031971 0.968545
2.198438 -0.032995 -0.031950 0.968318
2.200000 -0.032976 -0.031924 0.968088
2.201563 -0.032953 -0.031894 0.967856
2.203125 -0.032925 -0.031859 0.967621
2.204687 -0.032892 -0.031820 0.967383
2.206250 -0.032855 -0.031776 0.967142
2.207813 -0.032814 -0.031727 0.966898
2.209375 -0.032767 -0.031675 0.966651
2.210938 -0.032717 -0.031617 0.9664
2.212500 -0.032662 -0.031556 0.966146
2.214063 -0.032602 -0.031490 0.965889
2.215625 -0.032538 -0.031419 0.965628
2.217188 -0.032469 -0.031344 0.965364
2.218750 -0.032396 -0.031265 0.965095
2.220312 -0.032318 -0.031181 0.964823
2.221875 -0.032236 -0.031093 0.964547
2.223438 -0.032150 -0.031001 0.964267
2.225000 -0.032059 -0.030904 0.963982
2.226562 -0.031964 -0.030803 0.963693
2.228125 -0.031864 -0.030698 0.9634
2.229688 -0.031760 -0.030588 0.963102
2.231250 -0.031652 -0.030474 0.962799
2.232813 -0.031539 -0.030356 0.962492
2.234375 -0.031422 -0.030234 0.962179
2.235937 -0.031301 -0.030107 0.961861
2.237500 -0.031176 -0.029977 0.961538
2.239063 -0.031046 -0.029842 0.961209
2.240625 -0.030912 -0.029702 0.960874
2.242188 -0.030774 -0.029559 0.960534
2.243750 -0.030631 -0.029412 0.960187
2.245313 -0.030484 -0.029260 0.959835
2.246875 -0.030334 -0.029104 0.959475
2.248438 -0.030179 -0.028945 0.959109
2.250000 -0.030019 -0.028781 0.958736
2.251562 -0.029856 -0.028613 0.958356
2.253125 -0.029689 -0.028441 0.957968
2.254688 -0.029517 -0.028265 0.957573
2.256250 -0.029342 -0.028085 0.95717
2.257812 -0.029162 -0.027901 0.956758
2.259375 -0.028979 -0.027713 0.956338
2.260938 -0.028791 -0.027522 0.955909
2.262500 -0.028600 -0.027326 0.955471
2.264063 -0.028404 -0.027127 0.955024
2.265625 -0.028205 -0.026923 0.954567
2.267187 -0.028001 -0.026716 0.954099
2.268750 -0.027794 -0.026505 0.953621
2.270313 -0.027582 -0.026290 0.953132
2.271875 -0.027367 -0.026071 0.952632
2.273438 -0.027148 -0.025849 0.95212
2.275000 -0.026926 -0.025622 0.951595
2.276563 -0.026699 -0.025392 0.951058
2.278125 -0.026469 -0.025159 0.950507
2.279688 -0.026235 -0.024921 0.949942
2.281250 -0.025997 -0.024680 0.949363
2.282812 -0.025755 -0.024436 0.948769
2.284375 -0.025510 -0.024187 0.94816
2.285938 -0.025261 -0.023936 0.947533
2.287500 -0.025008 -0.023680 0.94689
2.289062 -0.024752 -0.023421 0.946229
2.290625 -0.024492 -0.023159 0.945549
2.292188 -0.024229 -0.022893 0.94485
2.293750 -0.023962 -0.022623 0.94413
2.295313 -0.023691 -0.022350 0.943389
2.296875 -0.023417 -0.022074 0.942626
2.298437 -0.023140 -0.021794 0.941839
2.300000 -0.022859 -0.021511 0.941027
2.301563 -0.022574 -0.021224 0.94019
2.303125 -0.022286 -0.020934 0.939325
2.304688 -0.021995 -0.020641 0.938432
2.306250 -0.021700 -0.020344 0.937508
2.307813 -0.021402 -0.020044 0.936553
2.309375 -0.021101 -0.019741 0.935565
2.310938 -0.020796 -0.019435 0.934541
2.312500 -0.020488 -0.019125 0.933479
2.314062 -0.020177 -0.018813 0.932379
2.315625 -0.019863 -0.018497 0.931236
2.317188 -0.019545 -0.018178 0.930049
2.318750 -0.019224 -0.017856 0.928815
2.320312 -0.018900 -0.017530 0.927531
2.321875 -0.018573 -0.017202 0.926194
2.323438 -0.018243 -0.016871 0.924801
2.325000 -0.017909 -0.016536 0.923347
2.326563 -0.017573 -0.016199 0.921829
2.328125 -0.017233 -0.015859 0.920242
2.329687 -0.016891 -0.015516 0.918581
2.331250 -0.016545 -0.015169 0.91684
2.332813 -0.016197 -0.014820 0.915015
2.334375 -0.015846 -0.014469 0.913098
2.335938 -0.015491 -0.014114 0.911082
2.337500 -0.015134 -0.013756 0.90896
2.339063 -0.014774 -0.013396 0.906722
2.340625 -0.014411 -0.013033 0.904358
2.342188 -0.014045 -0.012667 0.901858
2.343750 -0.013677 -0.012298 0.89921
2.345312 -0.013306 -0.011927 0.896398
2.346875 -0.012932 -0.011553 0.893409
2.348438 -0.012555 -0.011177 0.890223
2.350000 -0.012176 -0.010798 0.886822
2.351562 -0.011793 -0.010416 0.883181
2.353125 -0.011409 -0.010031 0.879276
2.354688 -0.011021 -0.009645 0.875075
2.356250 -0.010631 -0.009255 0.870543
2.357813 -0.010239 -0.008863 0.865639
2.359375 -0.009844 -0.008469 0.860316
2.360937 -0.009446 -0.008072 0.854517
2.362500 -0.009046 -0.007673 0.848175
2.364063 -0.008644 -0.007271 0.841209
2.365625 -0.008239 -0.006867 0.833522
2.367188 -0.007832 -0.006461 0.824995
2.368750 -0.007422 -0.006052 0.815484
2.370313 -0.007010 -0.005641 0.804805
2.371875 -0.006595 -0.005228 0.79273
2.373438 -0.006179 -0.004813 0.778964
2.375000 -0.005760 -0.004395 0.763126
2.376562 -0.005338 -0.003975 0.744708
2.378125 -0.004915 -0.003554 0.723022
2.379688 -0.004489 -0.003129 0.697113
2.381250 -0.004061 -0.002703 0.665612
2.382812 -0.003631 -0.002275 0.62649
2.384375 -0.003199 -0.001845 0.576595
2.385938 -0.002765 -0.001412 0.510766
2.387500 -0.002328 -0.000978 0.419913
2.389063 -0.001890 -0.000541 0.286412
2.390625 -0.001449 -0.000103 0.0710108
2.392187 -0.001007 0.000337 -0.335031
2.393750 -0.000563 0.000780 -1.38578
2.395313 -0.000116 0.001224 -10.5332
2.396875 0.000332 0.001670 5.02692
2.398438 0.000782 0.002117 2.70648
2.400000 0.001234 0.002567 2.0795
2.401563 0.001688 0.003018 1.78775
2.403125 0.002144 0.003472 1.61908
2.404688 0.002602 0.003926 1.50917
2.406250 0.003061 0.004383 1.43187
2.407813 0.003522 0.004841 1.37453
2.409375 0.003985 0.005301 1.33031
2.410938 0.004449 0.005763 1.29516
2.412500 0.004916 0.006226 1.26656
2.414062 0.005383 0.006691 1.24282
2.415625 0.005853 0.007157 1.22281
2.417188 0.006324 0.007625 1.20571
2.418750 0.006797 0.008094 1.19092
2.420313 0.007271 0.008565 1.17802
2.421875 0.007746 0.009037 1.16665
2.423438 0.008224 0.009511 1.15656
2.425000 0.008702 0.009986 1.14754
2.426563 0.009182 0.010463 1.13944
2.428125 0.009664 0.010941 1.13212
2.429688 0.010147 0.011420 1.12546
2.431250 0.010631 0.011900 1.1194
2.432813 0.011117 0.012382 1.11384
2.434375 0.011604 0.012865 1.10873
2.435938 0.012092 0.013350 1.10401
2.437500 0.012582 0.013835 1.09965
2.439063 0.013072 0.014322 1.0956
2.440625 0.013564 0.014810 1.09183
2.442188 0.014058 0.015299 1.08831
2.443750 0.014552 0.015789 1.08502
2.445312 0.015048 0.016281 1.08193
2.446875 0.015544 0.016773 1.07904
2.448438 0.016042 0.017266 1.07631
2.450000 0.016541 0.017761 1.07374
2.451563 0.017041 0.018256 1.07131
2.453125 0.017542 0.018753 1.06902
2.454688 0.018044 0.019250 1.06684
2.456250 0.018547 0.019748 1.06478
2.457813 0.019051 0.020248 1.06282
2.459375 0.019556 0.020748 1.06095
2.460938 0.020062 0.021249 1.05918
2.462500 0.020568 0.021750 1.05748
2.464063 0.021076 0.022253 1.05586
2.465625 0.021584 0.022756 1.05432
2.467188 0.022093 0.023261 1.05284
2.468750 0.022603 0.023766 1.05142
2.470313 0.023114 0.024271 1.05006
2.471875 0.023626 0.024778 1.04876
2.473438 0.024138 0.025285 1.04751
2.475000 0.024651 0.025792 1.0463
2.476562 0.025164 0.026300 1.04515
2.478125 0.025679 0.026809 1.04403
2.479688 0.026194 0.027319 1.04296
2.481250 0.026709 0.027829 1.04193
2.482813 0.027225 0.028340 1.04093
2.484375 0.027742 0.028851 1.03996
2.485938 0.028259 0.029362 1.03903
2.487500 0.028777 0.029874 1.03814
2.489063 0.029295 0.030387 1.03727
2.490625 0.029814 0.030900 1.03642
2.492188 0.030333 0.031413 1.03561
2.493750 0.030853 0.031927 1.03482
2.495313 0.031373 0.032441 1.03405
2.496875 0.031893 0.032956 1.03331
2.498438 0.032414 0.033470 1.03259
2.500000 0.032935 0.033985 1.03189
2.501563 0.033456 0.034501 1.03122
2.503125 0.033978 0.035016 1.03056
2.504688 0.034500 0.035532 1.02992
2.506250 0.035022 0.036048 1.02929
2.507812 0.035545 0.036565 1.02869
2.509375 0.036068 0.037081 1.0281
2.510938 0.036591 0.037598 1.02752
2.512500 0.037114 0.038114 1.02696
2.514063 0.037637 0.038631 1.02642
2.515625 0.038160 0.039148 1.02589
2.517188 0.038684 0.039665 1.02537
2.518750 0.039207 0.040182 1.02486
2.520313 0.039731 0.040699 1.02437
2.521875 0.040255 0.041216 1.02389
2.523438 0.040778 0.041733 1.02342
2.525000 0.041302 0.042250 1.02296
2.526563 0.041826 0.042767 1.02251
2.528125 0.042349 0.043284 1.02207
2.529688 0.042873 0.043801 1.02165
2.531250 0.043396 0.044317 1.02123
2.532813 0.043920 0.044834 1.02082
2.534375 0.044443 0.045350 1.02042
2.535938 0.044966 0.045867 1.02003
2.537500 0.045489 0.046383 1.01964
2.539062 0.046012 0.046898 1.01927
2.540625 0.046534 0.047414 1.0189
2.542188 0.047057 0.047929 1.01854
2.543750 0.047579 0.048444 1.01819
2.545313 0.048101 0.048959 1.01784
2.546875 0.048623 0.049474 1.0175
2.548438 0.049144 0.049988 1.01717
2.550000 0.049665 0.050502 1.01685
2.551563 0.050186 0.051015 1.01653
2.553125 0.050706 0.051528 1.01621
2.554688 0.051226 0.052041 1.01591
2.556250 0.051745 0.052553 1.0156
2.557813 0.052265 0.053065 1.01531
2.559375 0.052783 0.053576 1.01502
2.560938 0.053302 0.054087 1.01473
2.562500 0.053819 0.054597 1.01445
2.564063 0.054337 0.055107 1.01417
2.565625 0.054854 0.055616 1.0139
2.567188 0.055370 0.056125 1.01364
2.568750 0.055886 0.056633 1.01338
2.570312 0.056401 0.057141 1.01312
2.571875 0.056916 0.057648 1.01287
2.573438 0.057430 0.058154 1.01262
2.575000 0.057943 0.058660 1.01237
2.576563 0.058456 0.059165 1.01213
2.578125 0.058968 0.059670 1.0119
2.579688 0.059480 0.060173 1.01166
2.581250 0.059991 0.060677 1.01143
2.582813 0.060501 0.061179 1.01121
2.584375 0.061010 0.061681 1.01099
2.585938 0.061519 0.062181 1.01077
2.587500 0.062027 0.062681 1.01055
2.589063 0.062534 0.063181 1.01034
2.590625 0.063041 0.063679 1.01013
2.592188 0.063546 0.064177 1.00993
2.593750 0.064051 0.064674 1.00972
2.595313 0.064555 0.065170 1.00952
2.596875 0.065058 0.065665 1.00933
2.598438 0.065560 0.066159 1.00913
2.600000 0.066062 0.066653 1.00894
2.601562 0.066562 0.067145 1.00875
2.603125 0.067062 0.067637 1.00857
2.604688 0.067561 0.068127 1.00838
2.606250 0.068058 0.068617 1.0082
2.607813 0.068555 0.069105 1.00803
2.609375 0.069051 0.069593 1.00785
2.610938 0.069546 0.070080 1.00768
2.612500 0.070040 0.070565 1.0075
2.614063 0.070532 0.071050 1.00734
2.615625 0.071024 0.071533 1.00717
2.617188 0.071515 0.072016 1.007
2.618750 0.072005 0.072497 1.00684
2.620313 0.072493 0.072978 1.00668
2.621875 0.072981 0.073457 1.00652
2.623438 0.073467 0.073935 1.00637
2.625000 0.073952 0.074412 1.00621
2.626563 0.074436 0.074888 1.00606
2.628125 0.074919 0.075362 1.00591
2.629688 0.075401 0.075836 1.00576
2.631250 0.075882 0.076308 1.00561
2.632812 0.076361 0.076779 1.00547
2.634375 0.076839 0.077249 1.00533
2.635938 0.077316 0.077717 1.00518
2.637500 0.077792 0.078185 1.00504
2.639063 0.078267 0.078651 1.0049
2.640625 0.078740 0.079115 1.00477
2.642188 0.079212 0.079579 1.00463
2.643750 0.079683 0.080041 1.0045
2.645313 0.080152 0.080502 1.00437
2.646875 0.080620 0.080962 1.00424
2.648438 0.081087 0.081420 1.00411
2.650000 0.081552 0.081877 1.00398
2.651563 0.082016 0.082332 1.00385
2.653125 0.082479 0.082786 1.00373
2.654688 0.082940 0.083239 1.0036
2.656250 0.083400 0.083690 1.00348
2.657813 0.083859 0.084140 1.00336
2.659375 0.084316 0.084589 1.00324
2.660938 0.084771 0.085036 1.00312
2.662500 0.085226 0.085482 1.003
2.664062 0.085678 0.085926 1.00289
2.665625 0.086130 0.086368 1.00277
2.667188 0.086579 0.086810 1.00266
2.668750 0.087028 0.087249 1.00255
2.670313 0.087474 0.087688 1.00244
2.671875 0.087920 0.088124 1.00233
2.673438 0.088364 0.088559 1.00222
2.675000 0.088806 0.088993 1.00211
2.676563 0.089246 0.089425 1.002
2.678125 0.089686 0.089856 1.0019
2.679688 0.090123 0.090284 1.00179
2.681250 0.090559 0.090712 1.00169
2.682813 0.090993 0.091137 1.00158
2.684375 0.091426 0.091562 1.00148
2.685938 0.091857 0.091984 1.00138
2.687500 0.092287 0.092405 1.00128
2.689063 0.092715 0.092824 1.00118
2.690625 0.093141 0.093242 1.00108
2.692188 0.093566 0.093658 1.00099
2.693750 0.093988 0.094072 1.00089
2.695312 0.094410 0.094485 1.00079
2.696875 0.094829 0.094895 1.0007
2.698438 0.095247 0.095305 1.0006
2.700000 0.095663 0.095712 1.00051
2.701563 0.096078 0.096118 1.00042
2.703125 0.096490 0.096522 1.00033
2.704688 0.096901 0.096924 1.00024
2.706250 0.097310 0.097325 1.00015
2.707813 0.097718 0.097724 1.00006
2.709375 0.098124 0.098121 0.999969
2.710938 0.098528 0.098516 0.999882
2.712500 0.098930 0.098909 0.999795
2.714063 0.099330 0.099301 0.999709
2.715625 0.099729 0.099691 0.999623
2.717188 0.100125 0.100079 0.999538
2.718750 0.100520 0.100465 0.999454
2.720313 0.100913 0.100850 0.999371
2.721875 0.101304 0.101232 0.999288
2.723438 0.101694 0.101613 0.999206
2.725000 0.102081 0.101992 0.999125
2.726562 0.102467 0.102369 0.999044
2.728125 0.102851 0.102744 0.998964
2.729688 0.103233 0.103117 0.998885
2.731250 0.103613 0.103489 0.998806
2.732813 0.103991 0.103858 0.998728
2.734375 0.104367 0.104226 0.99865
2.735938 0.104741 0.104592 0.998573
2.737500 0.105114 0.104956 0.998496
2.739063 0.105484 0.105317 0.99842
2.740625 0.105853 0.105677 0.998345
2.742188 0.106219 0.106035 0.99827
2.743750 0.106584 0.106392 0.998196
2.745313 0.106946 0.106746 0.998122
2.746875 0.107307 0.107098 0.998049
2.748438 0.107666 0.107448 0.997977
2.750000 0.108023 0.107796 0.997904
2.751563 0.108377 0.108142 0.997833
2.753125 0.108730 0.108487 0.997762
2.754688 0.109081 0.108829 0.997691
2.756250 0.109430 0.109169 0.997621
2.757812 0.109776 0.109508 0.997552
2.759375 0.110121 0.109844 0.997482
2.760938 0.110464 0.110178 0.997414
2.762500 0.110804 0.110510 0.997346
2.764063 0.111143 0.110840 0.997278
2.765625 0.111480 0.111169 0.997211
2.767188 0.111814 0.111495 0.997144
2.768750 0.112147 0.111819 0.997077
2.770313 0.112477 0.112141 0.997012
2.771875 0.112805 0.112461 0.996946
2.773438 0.113131 0.112779 0.996881
2.775000 0.113456 0.113094 0.996816
2.776563 0.113778 0.113408 0.996752
2.778125 0.114098 0.113720 0.996688
2.779688 0.114416 0.114029 0.996625
2.781250 0.114731 0.114337 0.996562
2.782813 0.115045 0.114642 0.996499
2.784375 0.115356 0.114945 0.996437
2.785938 0.115666 0.115247 0.996375
2.787500 0.115973 0.115546 0.996314
2.789062 0.116278 0.115843 0.996253
2.790625 0.116581 0.116137 0.996192
2.792188 0.116882 0.116430 0.996132
2.793750 0.117181 0.116721 0.996072
2.795313 0.117478 0.117009 0.996012
2.796875 0.117772 0.117295 0.995953
2.798438 0.118064 0.117580 0.995894
2.800000 0.118354 0.117861 0.995835
2.801563 0.118642 0.118141 0.995777
2.803125 0.118928 0.118419 0.995719
2.804688 0.119212 0.118694 0.995661
2.806250 0.119493 0.118968 0.995604
2.807813 0.119772 0.119239 0.995547
2.809375 0.120049 0.119508 0.995491
2.810938 0.120324 0.119775 0.995434
2.812500 0.120597 0.120039 0.995378
2.814063 0.120867 0.120302 0.995323
2.815625 0.121136 0.120562 0.995267
2.817188 0.121402 0.120820 0.995212
2.818750 0.121665 0.121076 0.995157
2.820312 0.121927 0.121330 0.995103
2.821875 0.122186 0.121581 0.995049
2.823438 0.122443 0.121831 0.994995
2.825000 0.122698 0.122078 0.994941
2.826563 0.122951 0.122322 0.994888
2.828125 0.123202 0.122565 0.994835
2.829688 0.123450 0.122806 0.994782
2.831250 0.123696 0.123044 0.994729
2.832813 0.123939 0.123280 0.994677
2.834375 0.124181 0.123513 0.994625
2.835938 0.124420 0.123745 0.994573
2.837500 0.124657 0.123974 0.994522
2.839063 0.124892 0.124201 0.99447
2.840625 0.125124 0.124426 0.994419
2.842188 0.125355 0.124649 0.994369
2.843750 0.125583 0.124869 0.994318
2.845313 0.125808 0.125087 0.994268
2.846875 0.126032 0.125303 0.994218
2.848438 0.126253 0.125517 0.994168
2.850000 0.126472 0.125728 0.994118
2.851562 0.126689 0.125937 0.994069
2.853125 0.126903 0.126144 0.99402
2.854688 0.127115 0.126349 0.993971
2.856250 0.127325 0.126551 0.993922
2.857813 0.127532 0.126751 0.993874
2.859375 0.127738 0.126949 0.993826
2.860938 0.127940 0.127144 0.993778
2.862500 0.128141 0.127338 0.99373
2.864063 0.128340 0.127529 0.993682
2.865625 0.128536 0.127717 0.993635
2.867188 0.128729 0.127904 0.993588
2.868750 0.128921 0.128088 0.993541
2.870313 0.129110 0.128270 0.993494
2.871875 0.129297 0.128450 0.993447
2.873438 0.129482 0.128627 0.993401
2.875000 0.129664 0.128802 0.993355
2.876563 0.129844 0.128975 0.993309
2.878125 0.130022 0.129146 0.993263
2.879688 0.130197 0.129314 0.993217
2.881250 0.130370 0.129480 0.993172
2.882812 0.130541 0.129644 0.993126
2.884375 0.130710 0.129805 0.993081
2.885938 0.130876 0.129965 0.993036
2.887500 0.131040 0.130122 0.992991
2.889063 0.131202 0.130276 0.992947
2.890625 0.131361 0.130429 0.992902
2.892188 0.131518 0.130579 0.992858
2.893750 0.131673 0.130727 0.992814
2.895313 0.131825 0.130872 0.99277
2.896875 0.131975 0.131015 0.992726
2.898438 0.132123 0.131156 0.992683
2.900000 0.132269 0.131295 0.992639
2.901563 0.132412 0.131431 0.992596
2.903125 0.132553 0.131565 0.992553
2.904688 0.132691 0.131697 0.99251
2.906250 0.132827 0.131827 0.992467
2.907813 0.132961 0.131954 0.992424
2.909375 0.133093 0.132079 0.992382
2.910938 0.133222 0.132202 0.992339
2.912500 0.133350 0.132322 0.992297
2.914062 0.133474 0.132440 0.992255
2.915625 0.133597 0.132556 0.992213
2.917188 0.133717 0.132670 0.992171
2.918750 0.133835 0.132781 0.992129
2.920313 0.133950 0.132890 0.992088
2.921875 0.134063 0.132997 0.992046
2.923438 0.134174 0.133102 0.992005
2.925000 0.134283 0.133204 0.991964
2.926563 0.134389 0.133304 0.991923
2.928125 0.134493 0.133401 0.991882
2.929688 0.134595 0.133497 0.991841
2.931250 0.134694 0.133590 0.9918
2.932813 0.134792 0.133681 0.99176
2.934375 0.134886 0.133769 0.991719
2.935938 0.134979 0.133856 0.991679
2.937500 0.135069 0.133940 0.991639
2.939063 0.135157 0.134022 0.991598
2.940625 0.135243 0.134101 0.991558
2.942188 0.135326 0.134178 0.991519
2.943750 0.135407 0.134253 0.991479
2.945312 0.135486 0.134326 0.991439
2.946875 0.135563 0.134397 0.991399
2.948438 0.135637 0.134465 0.99136
2.950000 0.135709 0.134531 0.991321
2.951563 0.135778 0.134595 0.991281
2.953125 0.135846 0.134656 0.991242
2.954688 0.135911 0.134715 0.991203
2.956250 0.135974 0.134772 0.991164
2.957813 0.136034 0.134827 0.991125
2.959375 0.136093 0.134880 0.991086
2.960938 0.136149 0.134930 0.991048
2.962500 0.136202 0.134978 0.991009
2.964063 0.136254 0.135024 0.990971
2.965625 0.136303 0.135067 0.990932
2.967188 0.136350 0.135108 0.990894
2.968750 0.136395 0.135148 0.990856
2.970313 0.136437 0.135184 0.990817
2.971875 0.136477 0.135219 0.990779
2.973438 0.136515 0.135251 0.990741
2.975000 0.136551 0.135282 0.990703
2.976562 0.136584 0.135309 0.990665
2.978125 0.136616 0.135335 0.990628
2.979688 0.136645 0.135359 0.99059
2.981250 0.136671 0.135380 0.990552
2.982813 0.136696 0.135399 0.990515
2.984375 0.136718 0.135416 0.990477
2.985938 0.136738 0.135431 0.99044
2.987500 0.136756 0.135443 0.990403
2.989063 0.136771 0.135453 0.990365
2.990625 0.136784 0.135462 0.990328
2.992188 0.136796 0.135467 0.990291
2.993750 0.136804 0.135471 0.990254
2.995313 0.136811 0.135473 0.990217
2.996875 0.136815 0.135472 0.99018
2.998438 0.136818 0.135469 0.990143
3.000000 0.136818 0.135464 0.990106
3.001563 0.136815 0.135457 0.990069
3.003125 0.136811 0.135447 0.990033
3.004688 0.136804 0.135436 0.989996
3.006250 0.136796 0.135422 0.989959
3.007812 0.136785 0.135406 0.989923
3.009375 0.136771 0.135388 0.989886
3.010938 0.136756 0.135368 0.98985
3.012500 0.136739 0.135346 0.989813
3.014063 0.136719 0.135321 0.989777
3.015625 0.136697 0.135294 0.989741
3.017188 0.136673 0.135266 0.989704
3.018750 0.136646 0.135235 0.989668
3.020313 0.136618 0.135202 0.989632
3.021875 0.136587 0.135166 0.989596
3.023438 0.136555 0.135129 0.98956
3.025000 0.136520 0.135090 0.989524
3.026563 0.136483 0.135048 0.989488
3.028125 0.136444 0.135004 0.989452
3.029688 0.136402 0.134958 0.989416
3.031250 0.136359 0.134910 0.98938
3.032813 0.136313 0.134860 0.989344
3.034375 0.136265 0.134808 0.989308
3.035938 0.136215 0.134754 0.989272
3.037500 0.136163 0.134698 0.989236
3.039062 0.136109 0.134639 0.989201
3.040625 0.136053 0.134579 0.989165
3.042188 0.135995 0.134516 0.989129
3.043750 0.135934 0.134451 0.989093
3.045313 0.135871 0.134385 0.989058
3.046875 0.135807 0.134316 0.989022
3.048438 0.135740 0.134245 0.988986
3.050000 0.135671 0.134172 0.988951
3.051563 0.135600 0.134097 0.988915
3.053125 0.135527 0.134020 0.98888
3.054688 0.135452 0.133941 0.988844
3.056250 0.135374 0.133859 0.988809
3.057813 0.135295 0.133776 0.988773
3.059375 0.135214 0.133691 0.988738
3.060938 0.135130 0.133604 0.988702
3.062500 0.135045 0.133514 0.988667
3.064063 0.134957 0.133423 0.988631
3.065625 0.134868 0.133330 0.988596
3.067188 0.134776 0.133234 0.98856
3.068750 0.134682 0.133137 0.988525
3.070312 0.134586 0.133037 0.988489
3.071875 0.134489 0.132936 0.988454
3.073438 0.134389 0.132832 0.988418
3.075000 0.134287 0.132727 0.988383
3.076563 0.134183 0.132620 0.988348
3.078125 0.134077 0.132510 0.988312
3.079688 0.133969 0.132399 0.988277
3.081250 0.133859 0.132285 0.988241
3.082813 0.133748 0.132170 0.988206
3.084375 0.133634 0.132053 0.98817
3.085938 0.133518 0.131934 0.988135
3.087500 0.133400 0.131812 0.988099
3.089063 0.133280 0.131689 0.988064
3.090625 0.133158 0.131564 0.988029
3.092188 0.133034 0.131437 0.987993
3.093750 0.132909 0.131308 0.987958
3.095313 0.132781 0.131177 0.987922
3.096875 0.132651 0.131044 0.987886
3.098438 0.132519 0.130909 0.987851
3.100000 0.132386 0.130773 0.987815
3.101562 0.132250 0.130634 0.98778
3.103125 0.132113 0.130494 0.987744
3.104688 0.131973 0.130351 0.987709
3.106250 0.131832 0.130207 0.987673
3.107813 0.131689 0.130061 0.987637
3.109375 0.131544 0.129913 0.987601
3.110938 0.131396 0.129763 0.987566
3.112500 0.131247 0.129611 0.98753
3.114063 0.131096 0.129457 0.987494
3.115625 0.130944 0.129301 0.987458
3.117188 0.130789 0.129144 0.987423
3.118750 0.130632 0.128985 0.987387
3.120313 0.130474 0.128823 0.987351
3.121875 0.130313 0.128660 0.987315
3.123438 0.130151 0.128496 0.987279
3.125000 0.129987 0.128329 0.987243
3.126563 0.129821 0.128160 0.987207
3.128125 0.129653 0.127990 0.987171
3.129688 0.129484 0.127818 0.987135
3.131250 0.129312 0.127644 0.987098
3.132812 0.129139 0.127468 0.987062
3.134375 0.128964 0.127290 0.987026
3.135938 0.128787 0.127111 0.98699
3.137500 0.128608 0.126930 0.986953
3.139063 0.128427 0.126747 0.986917
3.140625 0.128245 0.126562 0.98688
3.142188 0.128060 0.126375 0.986844
3.143750 0.127874 0.126187 0.986807
3.145313 0.127686 0.125997 0.986771
3.146875 0.127497 0.125805 0.986734
3.148438 0.127305 0.125612 0.986697
3.150000 0.127112 0.125416 0.98666
3.151563 0.126917 0.125219 0.986624
3.153125 0.126720 0.125020 0.986587
3.154688 0.126522 0.124820 0.98655
3.156250 0.126321 0.124618 0.986513
3.157813 0.126119 0.124414 0.986475
3.159375 0.125915 0.124208 0.986438
3.160938 0.125710 0.124000 0.986401
3.162500 0.125503 0.123791 0.986364
3.164062 0.125294 0.123580 0.986326
3.165625 0.125083 0.123368 0.986289
3.167188 0.124870 0.123154 0.986251
3.168750 0.124656 0.122938 0.986214
3.170313 0.124440 0.122720 0.986176
3.171875 0.124223 0.122501 0.986138
3.173438 0.124004 0.122280 0.9861
3.175000 0.123783 0.122057 0.986062
3.176563 0.123560 0.121833 0.986024
3.178125 0.123336 0.121607 0.985986
3.179688 0.123110 0.121380 0.985948
3.181250 0.122882 0.121151 0.98591
3.182813 0.122653 0.120920 0.985871
3.184375 0.122422 0.120688 0.985833
3.185938 0.122189 0.120454 0.985794
3.187500 0.121955 0.120218 0.985755
3.189063 0.121719 0.119981 0.985717
3.190625 0.121482 0.119742 0.985678
3.192188 0.121243 0.119502 0.985639
3.193750 0.121002 0.119260 0.9856
3.195312 0.120760 0.119016 0.98556
3.196875 0.120516 0.118771 0.985521
3.198438 0.120270 0.118524 0.985482
3.200000 0.120023 0.118276 0.985442
3.201563 0.119774 0.118026 0.985403
3.203125 0.119524 0.117775 0.985363
3.204688 0.119272 0.117522 0.985323
3.206250 0.119019 0.117267 0.985283
3.207813 0.118764 0.117011 0.985243
3.209375 0.118507 0.116754 0.985203
3.210938 0.118249 0.116494 0.985162
3.212500 0.117989 0.116234 0.985122
3.214063 0.117728 0.115972 0.985081
3.215625 0.117465 0.115708 0.98504
3.217188 0.117201 0.115443 0.984999
3.218750 0.116935 0.115176 0.984958
3.220313 0.116668 0.114908 0.984917
3.221875 0.116399 0.114639 0.984876
3.223438 0.116129 0.114368 0.984834
3.225000 0.115857 0.114095 0.984793
3.226562 0.115584 0.113821 0.984751
3.228125 0.115309 0.113546 0.984709
3.229688 0.115033 0.113269 0.984667
3.231250 0.114755 0.112991 0.984625
3.232813 0.114476 0.112711 0.984583
3.234375 0.114195 0.112430 0.98454
3.235938 0.113913 0.112147 0.984497
3.237500 0.113630 0.111863 0.984455
3.239063 0.113345 0.111578 0.984412
3.240625 0.113058 0.111291 0.984368
3.242188 0.112771 0.111003 0.984325
3.243750 0.112481 0.110713 0.984282
3.245313 0.112191 0.110422 0.984238
3.246875 0.111899 0.110130 0.984194
3.248438 0.111605 0.109836 0.98415
3.250000 0.111310 0.109541 0.984106
3.251563 0.111014 0.109244 0.984061
3.253125 0.110716 0.108947 0.984017
3.254688 0.110417 0.108647 0.983972
3.256250 0.110117 0.108347 0.983927
3.257812 0.109815 0.108045 0.983882
3.259375 0.109512 0.107742 0.983836
3.260938 0.109207 0.107437 0.983791
3.262500 0.108902 0.107131 0.983745
3.264063 0.108594 0.106824 0.983699
3.265625 0.108286 0.106516 0.983653
3.267188 0.107976 0.106206 0.983606
3.268750 0.107665 0.105895 0.98356
3.270313 0.107353 0.105583 0.983513
3.271875 0.107039 0.105269 0.983465
3.273438 0.106724 0.104954 0.983418
3.275000 0.106407 0.104638 0.983371
3.276563 0.106090 0.104321 0.983323
3.278125 0.105771 0.104002 0.983275
3.279688 0.105451 0.103682 0.983226
3.281250 0.105129 0.103361 0.983178
3.282813 0.104806 0.103038 0.983129
3.284375 0.104482 0.102715 0.98308
3.285938 0.104157 0.102390 0.983031
3.287500 0.103831 0.102064 0.982981
3.289062 0.103503 0.101736 0.982931
3.290625 0.103174 0.101408 0.982881
3.292188 0.102844 0.101078 0.982831
3.293750 0.102512 0.100747 0.98278
3.295313 0.102180 0.100415 0.982729
3.296875 0.101846 0.100082 0.982678
3.298438 0.101511 0.099747 0.982626
3.300000 0.101175 0.099412 0.982575
3.301563 0.100837 0.099075 0.982523
3.303125 0.100499 0.098737 0.98247
3.304688 0.100159 0.098398 0.982417
3.306250 0.099818 0.098058 0.982364
3.307813 0.099476 0.097716 0.982311
3.309375 0.099133 0.097374 0.982257
3.310938 0.098788 0.097030 0.982203
3.312500 0.098443 0.096686 0.982149
3.314063 0.098096 0.096340 0.982094
3.315625 0.097748 0.095993 0.982039
3.317188 0.097399 0.095645 0.981984
3.318750 0.097049 0.095296 0.981928
3.320312 0.096698 0.094945 0.981872
3.321875 0.096346 0.094594 0.981816
3.323438 0.095993 0.094242 0.981759
3.325000 0.095638 0.093888 0.981702
3.326563 0.095283 0.093534 0.981644
3.328125 0.094926 0.093178 0.981586
3.329688 0.094568 0.092821 0.981528
3.331250 0.094210 0.092464 0.981469
3.332813 0.093850 0.092105 0.98141
3.334375 0.093489 0.091745 0.981351
3.335938 0.093127 0.091385 0.981291
3.337500 0.092764 0.091023 0.981231
3.339063 0.092400 0.090660 0.98117
3.340625 0.092035 0.090296 0.981109
3.342188 0.091669 0.089932 0.981047
3.343750 0.091302 0.089566 0.980985
3.345313 0.090934 0.089199 0.980922
3.346875 0.090565 0.088831 0.980859
3.348438 0.090195 0.088462 0.980796
3.350000 0.089824 0.088093 0.980732
3.351562 0.089451 0.087722 0.980668
3.353125 0.089078 0.087351 0.980603
3.354688 0.088704 0.086978 0.980537
3.356250 0.088329 0.086604 0.980471
3.357813 0.087954 0.086230 0.980405
3.359375 0.087577 0.085855 0.980338
3.360938 0.087199 0.085478 0.98027
3.362500 0.086820 0.085101 0.980202
3.364063 0.086440 0.084723 0.980134
3.365625 0.086060 0.084344 0.980065
3.367188 0.085678 0.083964 0.979995
3.368750 0.085296 0.083583 0.979925
3.370313 0.084912 0.083202 0.979854
3.371875 0.084528 0.082819 0.979783
3.373438 0.084143 0.082436 0.97971
3.375000 0.083757 0.082051 0.979638
3.376563 0.083370 0.081666 0.979565
3.378125 0.082982 0.081280 0.979491
3.379688 0.082593 0.080893 0.979416
3.381250 0.082204 0.080505 0.979341
3.382812 0.081813 0.080117 0.979265
3.384375 0.081422 0.079727 0.979188
3.385938 0.081030 0.079337 0.979111
3.387500 0.080637 0.078946 0.979033
3.389063 0.080243 0.078554 0.978954
3.390625 0.079848 0.078161 0.978875
3.392188 0.079453 0.077768 0.978795
3.393750 0.079056 0.077374 0.978714
3.395313 0.078659 0.076979 0.978632
3.396875 0.078261 0.076583 0.97855
3.398438 0.077863 0.076186 0.978467
3.400000 0.077463 0.075789 0.978383
3.401563 0.077063 0.075391 0.978298
3.403125 0.076662 0.074992 0.978212
3.404688 0.076260 0.074592 0.978125
3.406250 0.075857 0.074191 0.978038
3.407813 0.075454 0.073790 0.97795
3.409375 0.075050 0.073388 0.977861
3.410938 0.074645 0.072986 0.97777
3.412500 0.074239 0.072582 0.977679
3.414062 0.073833 0.072178 0.977587
3.415625 0.073426 0.071774 0.977494
3.417188 0.073018 0.071368 0.9774
3.418750 0.072610 0.070962 0.977306
3.420313 0.072200 0.070555 0.97721
3.421875 0.071790 0.070147 0.977113
3.423438 0.071380 0.069739 0.977015
3.425000 0.070968 0.069330 0.976915
3.426563 0.070556 0.068921 0.976815
3.428125 0.070144 0.068510 0.976714
3.429688 0.069730 0.068099 0.976611
3.431250 0.069316 0.067688 0.976508
3.432813 0.068901 0.067276 0.976403
3.434375 0.068486 0.066863 0.976297
3.435938 0.068070 0.066449 0.976189
3.437500 0.067653 0.066035 0.976081
3.439063 0.067236 0.065620 0.975971
3.440625 0.066818 0.065205 0.97586
3.442188 0.066399 0.064789 0.975747
3.443750 0.065980 0.064372 0.975633
3.445312 0.065560 0.063955 0.975518
3.446875 0.065140 0.063537 0.975401
3.448438 0.064719 0.063119 0.975283
3.450000 0.064297 0.062700 0.975163
3.451563 0.063875 0.062281 0.975042
3.453125 0.063452 0.061861 0.974919
3.454688 0.063029 0.061440 0.974795
3.456250 0.062605 0.061019 0.974669
3.457813 0.062180 0.060597 0.974541
3.459375 0.061755 0.060175 0.974412
3.460938 0.061329 0.059752 0.97428
3.462500 0.060903 0.059328 0.974148
3.464063 0.060476 0.058905 0.974013
3.465625 0.060049 0.058480 0.973876
3.467188 0.059621 0.058055 0.973738
3.468750 0.059192 0.057630 0.973598
3.470313 0.058764 0.057204 0.973455
3.471875 0.058334 0.056777 0.973311
3.473438 0.057904 0.056350 0.973164
3.475000 0.057474 0.055923 0.973016
3.476562 0.057043 0.055495 0.972865
3.478125 0.056611 0.055066 0.972712
3.479688 0.056179 0.054637 0.972557
3.481250 0.055747 0.054208 0.972399
3.482813 0.055314 0.053778 0.972239
3.484375 0.054880 0.053348 0.972076
3.485938 0.054447 0.052917 0.971911
3.487500 0.054012 0.052486 0.971744
3.489063 0.053577 0.052054 0.971573
3.490625 0.053142 0.051622 0.971401
3.492188 0.052706 0.051190 0.971225
3.493750 0.052270 0.050757 0.971046
3.495313 0.051834 0.050324 0.970865
3.496875 0.051397 0.049890 0.97068
3.498438 0.050959 0.049456 0.970492
3.500000 0.050522 0.049021 0.970301
3.501563 0.050083 0.048586 0.970107
3.503125 0.049645 0.048151 0.96991
3.504688 0.049206 0.047715 0.969709
3.506250 0.048766 0.047279 0.969505
3.507812 0.048326 0.046843 0.969296
3.509375 0.047886 0.046406 0.969085
3.510938 0.047446 0.045969 0.968869
3.512500 0.047005 0.045531 0.968649
3.514063 0.046563 0.045093 0.968426
3.515625 0.046122 0.044655 0.968198
3.517188 0.045680 0.044216 0.967965
3.518750 0.045237 0.043777 0.967729
3.520313 0.044794 0.043338 0.967487
3.521875 0.044351 0.042898 0.967241
3.523438 0.043908 0.042458 0.966991
3.525000 0.043464 0.042018 0.966735
3.526563 0.043020 0.041578 0.966473
3.528125 0.042576 0.041137 0.966207
3.529688 0.042131 0.040696 0.965935
3.531250 0.041686 0.040254 0.965657
3.532813 0.041241 0.039813 0.965374
3.534375 0.040795 0.039370 0.965084
3.535938 0.040349 0.038928 0.964788
3.537500 0.039903 0.038486 0.964485
3.539062 0.039456 0.038043 0.964176
3.540625 0.039010 0.037600 0.96386
3.542188 0.038562 0.037156 0.963536
3.543750 0.038115 0.036713 0.963205
3.545313 0.037668 0.036269 0.962867
3.546875 0.037220 0.035825 0.96252
3.548438 0.036772 0.035380 0.962165
3.550000 0.036323 0.034936 0.961801
3.551563 0.035875 0.034491 0.961428
3.553125 0.035426 0.034046 0.961046
3.554688 0.034977 0.033601 0.960655
3.556250 0.034528 0.033155 0.960253
3.557813 0.034078 0.032710 0.959841
3.559375 0.033629 0.032264 0.959418
3.560938 0.033179 0.031818 0.958983
3.562500 0.032729 0.031372 0.958537
3.564063 0.032278 0.030925 0.958078
3.565625 0.031828 0.030479 0.957607
3.567188 0.031377 0.030032 0.957122
3.568750 0.030926 0.029585 0.956623
3.570312 0.030475 0.029138 0.95611
3.571875 0.030024 0.028691 0.955581
3.573438 0.029573 0.028243 0.955037
3.575000 0.029121 0.027795 0.954475
3.576563 0.028670 0.027348 0.953897
3.578125 0.028218 0.026900 0.953299
3.579688 0.027766 0.026452 0.952683
3.581250 0.027313 0.026004 0.952046
3.582813 0.026861 0.025555 0.951388
3.584375 0.026409 0.025107 0.950708
3.585938 0.025956 0.024659 0.950004
3.587500 0.025504 0.024210 0.949276
3.589063 0.025051 0.023761 0.948521
3.590625 0.024598 0.023312 0.947739
3.592188 0.024145 0.022863 0.946928
3.593750 0.023692 0.022414 0.946086
3.595313 0.023238 0.021965 0.945211
3.596875 0.022785 0.021516 0.944302
3.598438 0.022332 0.021067 0.943356
3.600000 0.021878 0.020617 0.942372
3.601562 0.021425 0.020168 0.941346
3.603125 0.020971 0.019718 0.940275
3.604688 0.020517 0.019269 0.939158
3.606250 0.020063 0.018819 0.937991
3.607813 0.019610 0.018370 0.93677
3.609375 0.019156 0.017920 0.935491
3.610938 0.018702 0.017470 0.934151
3.612500 0.018248 0.017020 0.932744
3.614063 0.017794 0.016571 0.931266
3.615625 0.017339 0.016121 0.929711
3.617188 0.016885 0.015671 0.928073
3.618750 0.016431 0.015221 0.926345
3.620313 0.015977 0.014771 0.924519
3.621875 0.015523 0.014321 0.922587
3.623438 0.015068 0.013871 0.920539
3.625000 0.014614 0.013421 0.918364
3.626563 0.014160 0.012971 0.91605
3.628125 0.013706 0.012521 0.913584
3.629688 0.013251 0.012071 0.910949
3.631250 0.012797 0.011622 0.908128
3.632812 0.012343 0.011172 0.905101
3.634375 0.011889 0.010722 0.901843
3.635938 0.011435 0.010272 0.898327
3.637500 0.010980 0.009822 0.894521
3.639063 0.010526 0.009372 0.890388
3.640625 0.010072 0.008923 0.885883
3.642188 0.009618 0.008473 0.880955
3.643750 0.009164 0.008023 0.87554
3.645313 0.008710 0.007574 0.869562
3.646875 0.008256 0.007124 0.862928
3.648438 0.007802 0.006675 0.855525
3.650000 0.007348 0.006226 0.847209
3.651563 0.006895 0.005776 0.837802
3.653125 0.006441 0.005327 0.827072
3.654688 0.005987 0.004878 0.81472
3.656250 0.005534 0.004429 0.800347
3.657813 0.005080 0.003980 0.783413
3.659375 0.004627 0.003531 0.763166
3.660938 0.004174 0.003082 0.738528
3.662500 0.003720 0.002634 0.707895
3.664062 0.003267 0.002185 0.668777
3.665625 0.002814 0.001737 0.61708
3.667188 0.002362 0.001288 0.545573
3.668750 0.001909 0.000840 0.440168
3.670313 0.001456 0.000392 0.269268
3.671875 0.001004 -0.000056 -0.0556904
3.673438 0.000551 -0.000504 -0.913986
3.675000 0.000099 -0.000951 -9.62635
3.676563 -0.000353 -0.001399 3.95948
3.678125 -0.000805 -0.001846 2.29267
3.679688 -0.001257 -0.002294 1.82438
3.681250 -0.001709 -0.002741 1.60376
3.682813 -0.002161 -0.003188 1.47542
3.684375 -0.002612 -0.003635 1.39148
3.685938 -0.003063 -0.004081 1.33229
3.687500 -0.003514 -0.004528 1.28831
3.689063 -0.003965 -0.004974 1.25435
3.690625 -0.004416 -0.005420 1.22733
3.692188 -0.004867 -0.005866 1.20532
3.693750 -0.005317 -0.006312 1.18705
3.695312 -0.005767 -0.006757 1.17163
3.696875 -0.006218 -0.007203 1.15845
3.698438 -0.006667 -0.007648 1.14706
3.700000 -0.007117 -0.008093 1.1371
3.701563 -0.007567 -0.008538 1.12834
3.703125 -0.008016 -0.008982 1.12056
3.704688 -0.008465 -0.009427 1.1136
3.706250 -0.008914 -0.009871 1.10735
3.707813 -0.009363 -0.010315 1.1017
3.709375 -0.009811 -0.010759 1.09657
3.710938 -0.010259 -0.011202 1.09189
3.712500 -0.010707 -0.011645 1.0876
3.714063 -0.011155 -0.012088 1.08365
3.715625 -0.011603 -0.012531 1.08002
3.717188 -0.012050 -0.012974 1.07665
3.718750 -0.012497 -0.013416 1.07352
3.720313 -0.012944 -0.013858 1.07062
3.721875 -0.013391 -0.014300 1.0679
3.723438 -0.013837 -0.014742 1.06537
3.725000 -0.014283 -0.015183 1.06299
3.726562 -0.014729 -0.015624 1.06076
3.728125 -0.015175 -0.016065 1.05865
3.729688 -0.015620 -0.016505 1.05667
3.731250 -0.016065 -0.016946 1.0548
3.732813 -0.016510 -0.017386 1.05303
3.734375 -0.016955 -0.017825 1.05136
3.735938 -0.017399 -0.018265 1.04977
3.737500 -0.017843 -0.018704 1.04826
3.739063 -0.018287 -0.019143 1.04682
3.740625 -0.018730 -0.019581 1.04546
3.742188 -0.019173 -0.020020 1.04415
3.743750 -0.019616 -0.020458 1.04291
3.745313 -0.020058 -0.020895 1.04172
3.746875 -0.020501 -0.021333 1.04058
3.748438 -0.020943 -0.021770 1.03949
3.750000 -0.021384 -0.022206 1.03845
3.751563 -0.021825 -0.022643 1.03745
3.753125 -0.022266 -0.023079 1.03649
3.754688 -0.022707 -0.023515 1.03556
3.756250 -0.023147 -0.023950 1.03467
3.757812 -0.023587 -0.024385 1.03382
3.759375 -0.024027 -0.024820 1.033
3.760938 -0.024467 -0.025254 1.0322
3.762500 -0.024906 -0.025689 1.03144
3.764063 -0.025344 -0.026122 1.0307
3.765625 -0.025783 -0.026556 1.02999
3.767188 -0.026221 -0.026989 1.0293
3.768750 -0.026658 -0.027422 1.02863
3.770313 -0.027096 -0.027854 1.02799
3.771875 -0.027532 -0.028286 1.02737
3.773438 -0.027969 -0.028718 1.02676
3.775000 -0.028405 -0.029149 1.02618
3.776563 -0.028841 -0.029580 1.02561
3.778125 -0.029277 -0.030010 1.02506
3.779688 -0.029712 -0.030440 1.02453
3.781250 -0.030146 -0.030870 1.02401
3.782813 -0.030581 -0.031300 1.02351
3.784375 -0.031015 -0.031729 1.02302
3.785938 -0.031448 -0.032157 1.02254
3.787500 -0.031882 -0.032586 1.02208
3.789062 -0.032314 -0.033013 1.02163
3.790625 -0.032747 -0.033441 1.02119
3.792188 -0.033179 -0.033868 1.02077
3.793750 -0.033610 -0.034295 1.02035
3.795313 -0.034042 -0.034721 1.01995
3.796875 -0.034473 -0.035147 1.01955
3.798438 -0.034903 -0.035572 1.01917
3.800000 -0.035333 -0.035997 1.0188
3.801563 -0.035763 -0.036422 1.01843
3.803125 -0.036192 -0.036846 1.01807
3.804688 -0.036620 -0.037270 1.01773
3.806250 -0.037049 -0.037693 1.01739
3.807813 -0.037477 -0.038116 1.01705
3.809375 -0.037904 -0.038538 1.01673
3.810938 -0.038331 -0.038960 1.01641
3.812500 -0.038758 -0.039382 1.0161
3.814063 -0.039184 -0.039803 1.0158
3.815625 -0.039610 -0.040224 1.0155
3.817188 -0.040035 -0.040644 1.01521
3.818750 -0.040460 -0.041064 1.01493
3.820312 -0.040884 -0.041483 1.01465
3.821875 -0.041308 -0.041902 1.01438
3.823438 -0.041732 -0.042321 1.01412
3.825000 -0.042155 -0.042739 1.01385
3.826563 -0.042577 -0.043156 1.0136
3.828125 -0.042999 -0.043573 1.01335
3.829688 -0.043421 -0.043990 1.0131
3.831250 -0.043842 -0.044406 1.01286
3.832813 -0.044263 -0.044822 1.01263
3.834375 -0.044683 -0.045237 1.0124
3.835938 -0.045103 -0.045652 1.01217
3.837500 -0.045522 -0.046066 1.01195
3.839063 -0.045941 -0.046480 1.01173
3.840625 -0.046359 -0.046893 1.01151
3.842188 -0.046777 -0.047306 1.0113
3.843750 -0.047194 -0.047718 1.0111
3.845313 -0.047611 -0.048130 1.01089
3.846875 -0.048027 -0.048541 1.0107
3.848438 -0.048443 -0.048952 1.0105
3.850000 -0.048858 -0.049362 1.01031
3.851562 -0.049273 -0.049772 1.01012
3.853125 -0.049688 -0.050181 1.00993
3.854688 -0.050101 -0.050590 1.00975
3.856250 -0.050515 -0.050998 1.00957
3.857813 -0.050927 -0.051406 1.00939
3.859375 -0.051340 -0.051813 1.00922
3.860938 -0.051752 -0.052220 1.00905
3.862500 -0.052163 -0.052626 1.00888
3.864063 -0.052573 -0.053032 1.00872
3.865625 -0.052984 -0.053437 1.00855
3.867188 -0.053393 -0.053842 1.00839
3.868750 -0.053802 -0.054246 1.00824
3.870313 -0.054211 -0.054649 1.00808
3.871875 -0.054619 -0.055052 1.00793
3.873438 -0.055027 -0.055455 1.00778
3.875000 -0.055434 -0.055857 1.00763
3.876563 -0.055840 -0.056258 1.00749
3.878125 -0.056246 -0.056659 1.00734
3.879688 -0.056651 -0.057059 1.0072
3.881250 -0.057056 -0.057459 1.00706
3.882812 -0.057460 -0.057858 1.00692
3.884375 -0.057864 -0.058257 1.00679
3.885938 -0.058267 -0.058655 1.00666
3.887500 -0.058670 -0.059053 1.00652
3.889063 -0.059072 -0.059450 1.0064
3.890625 -0.059473 -0.059846 1.00627
3.892188 -0.059874 -0.060242 1.00614
3.893750 -0.060274 -0.060637 1.00602
3.895313 -0.060674 -0.061032 1.00589
3.896875 -0.061073 -0.061426 1.00577
3.898438 -0.061472 -0.061820 1.00566
3.900000 -0.061870 -0.062213 1.00554
3.901563 -0.062267 -0.062605 1.00542
3.903125 -0.062664 -0.062997 1.00531
3.904688 -0.063061 -0.063388 1.00519
3.906250 -0.063456 -0.063779 1.00508
3.907813 -0.063851 -0.064169 1.00497
3.909375 -0.064246 -0.064558 1.00486
3.910938 -0.064640 -0.064947 1.00476
3.912500 -0.065033 -0.065336 1.00465
3.914062 -0.065426 -0.065724 1.00455
3.915625 -0.065818 -0.066111 1.00444
3.917188 -0.066210 -0.066497 1.00434
3.918750 -0.066601 -0.066883 1.00424
3.920313 -0.066991 -0.067269 1.00414
3.921875 -0.067381 -0.067653 1.00404
3.923438 -0.067770 -0.068037 1.00395
3.925000 -0.068158 -0.068421 1.00385
3.926563 -0.068546 -0.068804 1.00376
3.928125 -0.068934 -0.069186 1.00366
3.929688 -0.069320 -0.069568 1.00357
3.931250 -0.069706 -0.069949 1.00348
3.932813 -0.070092 -0.070330 1.00339
3.934375 -0.070477 -0.070709 1.0033
3.935938 -0.070861 -0.071089 1.00321
3.937500 -0.071245 -0.071467 1.00313
3.939063 -0.071628 -0.071845 1.00304
3.940625 -0.072010 -0.072223 1.00295
3.942188 -0.072392 -0.072599 1.00287
3.943750 -0.072773 -0.072976 1.00279
3.945312 -0.073153 -0.073351 1.0027
3.946875 -0.073533 -0.073726 1.00262
3.948438 -0.073912 -0.074100 1.00254
3.950000 -0.074291 -0.074474 1.00246
3.951563 -0.074669 -0.074847 1.00238
3.953125 -0.075046 -0.075219 1.00231
3.954688 -0.075422 -0.075591 1.00223
3.956250 -0.075798 -0.075962 1.00215
3.957813 -0.076174 -0.076332 1.00208
3.959375 -0.076548 -0.076702 1.002
3.960938 -0.076922 -0.077071 1.00193
3.962500 -0.077296 -0.077439 1.00186
3.964063 -0.077669 -0.077807 1.00178
3.965625 -0.078041 -0.078174 1.00171
3.967188 -0.078412 -0.078541 1.00164
3.968750 -0.078783 -0.078907 1.00157
3.970313 -0.079153 -0.079272 1.0015
3.971875 -0.079522 -0.079636 1.00143
3.973438 -0.079891 -0.080000 1.00137
3.975000 -0.080259 -0.080363 1.0013
3.976562 -0.080627 -0.080726 1.00123
3.978125 -0.080993 -0.081088 1.00117
3.979688 -0.081359 -0.081449 1.0011
3.981250 -0.081725 -0.081810 1.00104
3.982813 -0.082090 -0.082169 1.00097
3.984375 -0.082454 -0.082529 1.00091
3.985938 -0.082817 -0.082887 1.00085
3.987500 -0.083180 -0.083245 1.00078
3.989063 -0.083542 -0.083602 1.00072
3.990625 -0.083903 -0.083959 1.00066
3.992188 -0.084264 -0.084315 1.0006
3.993750 -0.084624 -0.084670 1.00054
3.995313 -0.084983 -0.085024 1.00048
3.996875 -0.085342 -0.085377 1.00042
3.998438 -0.085700 -0.085730 1.00035
4.000000 -0.086057 -0.086082 1.00029
4.001563 -0.086413 -0.086432 1.00022
4.003125 -0.086769 -0.086782 1.00015
4.004688 -0.087124 -0.087130 1.00007
4.006250 -0.087478 -0.087477 0.99999
4.007812 -0.087830 -0.087822 0.999909
4.009375 -0.088182 -0.088166 0.999824
4.010937 -0.088532 -0.088509 0.999737
4.012500 -0.088881 -0.088850 0.999647
4.014063 -0.089228 -0.089189 0.999555
4.015625 -0.089574 -0.089526 0.999461
4.017188 -0.089919 -0.089862 0.999364
4.018750 -0.090261 -0.090195 0.999265
4.020313 -0.090602 -0.090527 0.999164
4.021875 -0.090941 -0.090856 0.999061
4.023438 -0.091279 -0.091183 0.998955
4.025000 -0.091614 -0.091509 0.998848
4.026562 -0.091947 -0.091831 0.99874
4.028125 -0.092278 -0.092152 0.998629
4.029688 -0.092607 -0.092470 0.998517
4.031250 -0.092934 -0.092786 0.998403
4.032813 -0.093258 -0.093099 0.998287
4.034375 -0.093580 -0.093409 0.99817
4.035938 -0.093900 -0.093717 0.998052
4.037500 -0.094217 -0.094022 0.997932
4.039062 -0.094532 -0.094325 0.997811
4.040625 -0.094844 -0.094624 0.997688
4.042187 -0.095153 -0.094921 0.997564
4.043750 -0.095459 -0.095215 0.997439
4.045313 -0.095763 -0.095506 0.997313
4.046875 -0.096064 -0.095793 0.997186
4.048438 -0.096362 -0.096078 0.997058
4.050000 -0.096657 -0.096360 0.996928
4.051563 -0.096948 -0.096638 0.996798
4.053125 -0.097237 -0.096913 0.996667
4.054688 -0.097523 -0.097185 0.996535
4.056250 -0.097806 -0.097454 0.996402
4.057812 -0.098085 -0.097719 0.996268
4.059375 -0.098361 -0.097981 0.996133
4.060938 -0.098634 -0.098239 0.995998
4.062500 -0.098903 -0.098494 0.995862
4.064063 -0.099169 -0.098745 0.995725
4.065625 -0.099431 -0.098993 0.995587
4.067188 -0.099690 -0.099237 0.995449
4.068750 -0.099946 -0.099477 0.99531
4.070312 -0.100198 -0.099714 0.99517
4.071875 -0.100446 -0.099947 0.99503
4.073437 -0.100691 -0.100176 0.99489
4.075000 -0.100932 -0.100401 0.994748
4.076563 -0.101169 -0.100623 0.994607
4.078125 -0.101402 -0.100841 0.994464
4.079688 -0.101632 -0.101055 0.994322
4.081250 -0.101857 -0.101264 0.994178
4.082813 -0.102079 -0.101470 0.994035
4.084375 -0.102297 -0.101672 0.993891
4.085938 -0.102511 -0.101870 0.993746
4.087500 -0.102721 -0.102064 0.993601
4.089062 -0.102927 -0.102254 0.993456
4.090625 -0.103129 -0.102440 0.993311
4.092188 -0.103327 -0.102621 0.993165
4.093750 -0.103521 -0.102798 0.993019
4.095313 -0.103711 -0.102972 0.992872
4.096875 -0.103897 -0.103141 0.992725
4.098438 -0.104078 -0.103306 0.992578
4.100000 -0.104255 -0.103466 0.992431
4.101562 -0.104428 -0.103622 0.992284
4.103125 -0.104597 -0.103774 0.992136
4.104687 -0.104761 -0.103922 0.991988
4.106250 -0.104922 -0.104066 0.99184
4.107813 -0.105078 -0.104205 0.991692
4.109375 -0.105229 -0.104339 0.991543
4.110938 -0.105376 -0.104470 0.991394
4.112500 -0.105519 -0.104595 0.991246
4.114063 -0.105658 -0.104717 0.991097
4.115625 -0.105792 -0.104834 0.990947
4.117188 -0.105921 -0.104947 0.990798
4.118750 -0.106047 -0.105055 0.990649
4.120312 -0.106167 -0.105159 0.990499
4.121875 -0.106284 -0.105258 0.99035
4.123438 -0.106395 -0.105353 0.9902
4.125000 -0.106503 -0.105443 0.99005
4.126563 -0.106605 -0.105529 0.9899
4.128125 -0.106704 -0.105610 0.98975
4.129688 -0.106797 -0.105687 0.9896
4.131250 -0.106886 -0.105759 0.989449
4.132812 -0.106971 -0.105826 0.989299
4.134375 -0.107051 -0.105889 0.989148
4.135937 -0.107127 -0.105948 0.988998
4.137500 -0.107197 -0.106002 0.988847
4.139063 -0.107264 -0.106051 0.988696
4.140625 -0.107325 -0.106096 0.988545
4.142188 -0.107382 -0.106136 0.988394
4.143750 -0.107435 -0.106172 0.988243
4.145313 -0.107483 -0.106203 0.988092
4.146875 -0.107526 -0.106229 0.987941
4.148438 -0.107564 -0.106251 0.987789
4.150000 -0.107598 -0.106268 0.987638
4.151562 -0.107628 -0.106281 0.987486
4.153125 -0.107652 -0.106289 0.987334
4.154688 -0.107672 -0.106292 0.987182
4.156250 -0.107687 -0.106291 0.98703
4.157813 -0.107698 -0.106285 0.986878
4.159375 -0.107704 -0.106274 0.986726
4.160938 -0.107705 -0.106259 0.986574
4.162500 -0.107702 -0.106240 0.986421
4.164062 -0.107694 -0.106215 0.986269
4.165625 -0.107682 -0.106187 0.986116
4.167187 -0.107664 -0.106153 0.985963
4.168750 -0.107642 -0.106115 0.98581
4.170313 -0.107616 -0.106072 0.985657
4.171875 -0.107585 -0.106025 0.985503
4.173438 -0.107549 -0.105973 0.98535
4.175000 -0.107508 -0.105917 0.985196
4.176563 -0.107463 -0.105856 0.985042
4.178125 -0.107413 -0.105790 0.984888
4.179688 -0.107359 -0.105720 0.984734
4.181250 -0.107300 -0.105645 0.98458
4.182812 -0.107236 -0.105566 0.984425
4.184375 -0.107168 -0.105482 0.984271
4.185938 -0.107095 -0.105394 0.984116
4.187500 -0.107018 -0.105301 0.983961
4.189063 -0.106935 -0.105204 0.983805
4.190625 -0.106849 -0.105102 0.98365
4.192188 -0.106757 -0.104995 0.983494
4.193750 -0.106662 -0.104884 0.983338
4.195312 -0.106561 -0.104769 0.983181
4.196875 -0.106456 -0.104649 0.983025
4.198437 -0.106347 -0.104525 0.982868
4.200000 -0.106233 -0.104396 0.982711
4.201563 -0.106114 -0.104263 0.982553
4.203125 -0.105991 -0.104125 0.982396
4.204688 -0.105863 -0.103983 0.982238
4.206250 -0.105731 -0.103837 0.982079
4.207813 -0.105595 -0.103686 0.981921
4.209375 -0.105454 -0.103530 0.981762
4.210938 -0.105308 -0.103371 0.981602
4.212500 -0.105158 -0.103207 0.981443
4.214062 -0.105004 -0.103038 0.981283
4.215625 -0.104845 -0.102866 0.981122
4.217188 -0.104682 -0.102689 0.980962
4.218750 -0.104514 -0.102507 0.9808
4.220313 -0.104342 -0.102322 0.980639
4.221875 -0.104166 -0.102132 0.980477
4.223438 -0.103985 -0.101938 0.980314
4.225000 -0.103800 -0.101740 0.980152
4.226562 -0.103610 -0.101537 0.979988
4.228125 -0.103417 -0.101330 0.979825
4.229687 -0.103219 -0.101119 0.97966
4.231250 -0.103016 -0.100904 0.979496
4.232813 -0.102810 -0.100685 0.979331
4.234375 -0.102599 -0.100461 0.979165
4.235938 -0.102384 -0.100233 0.978999
4.237500 -0.102164 -0.100002 0.978832
4.239063 -0.101941 -0.099766 0.978665
4.240625 -0.101713 -0.099526 0.978497
4.242188 -0.101481 -0.099282 0.978328
4.243750 -0.101245 -0.099034 0.978159
4.245312 -0.101005 -0.098782 0.97799
4.246875 -0.100761 -0.098526 0.977819
4.248438 -0.100512 -0.098266 0.977649
4.250000 -0.100260 -0.098002 0.977477
4.251563 -0.100004 -0.097734 0.977305
4.253125 -0.099743 -0.097462 0.977132
4.254688 -0.099478 -0.097186 0.976958
4.256250 -0.099210 -0.096907 0.976784
4.257812 -0.098937 -0.096623 0.976609
4.259375 -0.098661 -0.096336 0.976433
4.260937 -0.098380 -0.096044 0.976256
4.262500 -0.098096 -0.095749 0.976079
4.264063 -0.097808 -0.095450 0.975901
4.265625 -0.097515 -0.095148 0.975722
4.267188 -0.097219 -0.094841 0.975542
4.268750 -0.096919 -0.094531 0.975361
4.270313 -0.096616 -0.094218 0.975179
4.271875 -0.096308 -0.093900 0.974997
4.273438 -0.095997 -0.093579 0.974813
4.275000 -0.095682 -0.093254 0.974629
4.276562 -0.095363 -0.092926 0.974443
4.278125 -0.095040 -0.092594 0.974257
4.279688 -0.094714 -0.092258 0.974069
4.281250 -0.094384 -0.091919 0.973881
4.282813 -0.094051 -0.091576 0.973691
4.284375 -0.093713 -0.091230 0.973501
4.285938 -0.093372 -0.090880 0.973309
4.287500 -0.093028 -0.090527 0.973116
4.289062 -0.092680 -0.090170 0.972922
4.290625 -0.092329 -0.089810 0.972726
4.292187 -0.091974 -0.089447 0.97253
4.293750 -0.091615 -0.089080 0.972332
4.295313 -0.091253 -0.088710 0.972133
4.296875 -0.090888 -0.088337 0.971933
4.298438 -0.090519 -0.087960 0.971731
4.300000 -0.090146 -0.087580 0.971528
4.301563 -0.089771 -0.087196 0.971323
4.303125 -0.089392 -0.086810 0.971117
4.304688 -0.089009 -0.086420 0.97091
4.306250 -0.088624 -0.086027 0.970701
4.307812 -0.088235 -0.085631 0.97049
4.309375 -0.087842 -0.085232 0.970278
4.310938 -0.087447 -0.084829 0.970065
4.312500 -0.087048 -0.084424 0.969849
4.314063 -0.086646 -0.084015 0.969632
4.315625 -0.086241 -0.083603 0.969414
4.317188 -0.085833 -0.083189 0.969193
4.318750 -0.085422 -0.082771 0.968971
4.320312 -0.085007 -0.082351 0.968747
4.321875 -0.084590 -0.081927 0.968521
4.323437 -0.084169 -0.081501 0.968293
4.325000 -0.083746 -0.081071 0.968063
4.326563 -0.083319 -0.080639 0.967831
4.328125 -0.082890 -0.080204 0.967597
4.329688 -0.082457 -0.079766 0.967361
4.331250 -0.082022 -0.079325 0.967123
4.332813 -0.081583 -0.078882 0.966882
4.334375 -0.081142 -0.078435 0.96664
4.335938 -0.080698 -0.077986 0.966395
4.337500 -0.080251 -0.077535 0.966147
4.339062 -0.079802 -0.077080 0.965897
4.340625 -0.079349 -0.076623 0.965645
4.342188 -0.078894 -0.076164 0.96539
4.343750 -0.078436 -0.075701 0.965133
4.345313 -0.077976 -0.075237 0.964873
4.346875 -0.077513 -0.074769 0.96461
4.348438 -0.077047 -0.074299 0.964344
4.350000 -0.076578 -0.073827 0.964075
4.351562 -0.076107 -0.073352 0.963804
4.353125 -0.075633 -0.072875 0.963529
4.354687 -0.075157 -0.072395 0.963252
4.356250 -0.074678 -0.071913 0.962971
4.357813 -0.074197 -0.071429 0.962687
4.359375 -0.073713 -0.070942 0.9624
4.360938 -0.073227 -0.070453 0.962109
4.362500 -0.072739 -0.069961 0.961815
4.364063 -0.072248 -0.069467 0.961517
4.365625 -0.071754 -0.068971 0.961215
4.367188 -0.071259 -0.068473 0.96091
4.368750 -0.070761 -0.067973 0.960601
4.370312 -0.070260 -0.067470 0.960288
4.371875 -0.069758 -0.066966 0.959971
4.373438 -0.069253 -0.066459 0.959649
4.375000 -0.068746 -0.065950 0.959323
4.376563 -0.068237 -0.065439 0.958993
4.378125 -0.067726 -0.064926 0.958659
4.379688 -0.067212 -0.064411 0.958319
4.381250 -0.066697 -0.063894 0.957975
4.382812 -0.066179 -0.063375 0.957626
4.384375 -0.065659 -0.062854 0.957272
4.385937 -0.065137 -0.062331 0.956913
4.387500 -0.064614 -0.061806 0.956549
4.389063 -0.064088 -0.061280 0.956179
4.390625 -0.063560 -0.060751 0.955803
4.392188 -0.063031 -0.060221 0.955421
4.393750 -0.062499 -0.059689 0.955034
4.395313 -0.061966 -0.059155 0.95464
4.396875 -0.061430 -0.058619 0.95424
4.398438 -0.060893 -0.058082 0.953833
4.400000 -0.060354 -0.057543 0.95342
4.401562 -0.059814 -0.057002 0.953
4.403125 -0.059271 -0.056460 0.952572
4.404688 -0.058727 -0.055916 0.952137
4.406250 -0.058181 -0.055371 0.951695
4.407813 -0.057634 -0.054824 0.951245
4.409375 -0.057085 -0.054275 0.950786
4.410938 -0.056534 -0.053725 0.95032
4.412500 -0.055981 -0.053174 0.949844
4.414062 -0.055427 -0.052621 0.94936
4.415625 -0.054872 -0.052066 0.948866
4.417187 -0.054315 -0.051510 0.948363
4.418750 -0.053756 -0.050953 0.947851
4.420313 -0.053196 -0.050394 0.947328
4.421875 -0.052635 -0.049834 0.946794
4.423438 -0.052072 -0.049273 0.94625
4.425000 -0.051507 -0.048710 0.945694
4.426563 -0.050942 -0.048146 0.945126
4.428125 -0.050375 -0.047581 0.944547
4.429688 -0.049806 -0.047015 0.943955
4.431250 -0.049237 -0.046447 0.94335
4.432812 -0.048666 -0.045879 0.942731
4.434375 -0.048094 -0.045309 0.942099
4.435938 -0.047520 -0.044738 0.941452
4.437500 -0.046946 -0.044166 0.94079
4.439063 -0.046370 -0.043593 0.940112
4.440625 -0.045793 -0.043019 0.939418
4.442188 -0.045215 -0.042444 0.938706
4.443750 -0.044636 -0.041867 0.937978
4.445312 -0.044056 -0.041290 0.937231
4.446875 -0.043474 -0.040712 0.936464
4.448437 -0.042892 -0.040133 0.935678
4.450000 -0.042309 -0.039553 0.934871
4.451563 -0.041724 -0.038972 0.934042
4.453125 -0.041139 -0.038391 0.933191
4.454688 -0.040553 -0.037808 0.932316
4.456250 -0.039966 -0.037225 0.931416
4.457813 -0.039378 -0.036641 0.93049
4.459375 -0.038789 -0.036056 0.929537
4.460938 -0.038199 -0.035470 0.928556
4.462500 -0.037609 -0.034884 0.927545
4.464062 -0.037017 -0.034297 0.926502
4.465625 -0.036425 -0.033709 0.925427
4.467188 -0.035832 -0.033121 0.924318
4.468750 -0.035239 -0.032532 0.923172
4.470313 -0.034645 -0.031942 0.921988
4.471875 -0.034050 -0.031352 0.920764
4.473438 -0.033454 -0.030761 0.919498
4.475000 -0.032858 -0.030170 0.918187
4.476562 -0.032261 -0.029578 0.916829
4.478125 -0.031664 -0.028986 0.915422
4.479687 -0.031066 -0.028393 0.913961
4.481250 -0.030468 -0.027800 0.912445
4.482813 -0.029869 -0.027206 0.910869
4.484375 -0.029269 -0.026612 0.90923
4.485938 -0.028669 -0.026018 0.907525
4.487500 -0.028069 -0.025423 0.905748
4.489063 -0.027468 -0.024828 0.903895
4.490625 -0.026867 -0.024233 0.901961
4.492188 -0.026265 -0.023637 0.899941
4.493750 -0.025663 -0.023041 0.897828
4.495312 -0.025061 -0.022445 0.895615
4.496875 -0.024459 -0.021849 0.893295
4.498438 -0.023856 -0.021252 0.890861
4.500000 -0.023253 -0.020655 0.888303
4.501563 -0.022649 -0.020058 0.885611
4.503125 -0.022046 -0.019461 0.882774
4.504688 -0.021442 -0.018864 0.87978
4.506250 -0.020838 -0.018267 0.876616
4.507812 -0.020234 -0.017670 0.873266
4.509375 -0.019630 -0.017072 0.869712
4.510937 -0.019025 -0.016475 0.865937
4.512500 -0.018421 -0.015877 0.861917
4.514063 -0.017816 -0.015280 0.857629
4.515625 -0.017212 -0.014682 0.853044
4.517188 -0.016607 -0.014085 0.848129
4.518750 -0.016002 -0.013488 0.842847
4.520313 -0.015398 -0.012890 0.837156
4.521875 -0.014793 -0.012293 0.831006
4.523438 -0.014189 -0.011696 0.824337
4.525000 -0.013584 -0.011099 0.817081
4.526562 -0.012980 -0.010503 0.809157
4.528125 -0.012376 -0.009906 0.800466
4.529688 -0.011772 -0.009310 0.790893
4.531250 -0.011168 -0.008714 0.780293
4.532813 -0.010564 -0.008118 0.768491
4.534375 -0.009960 -0.007523 0.755272
4.535938 -0.009357 -0.006928 0.74036
4.537500 -0.008754 -0.006333 0.723408
4.539062 -0.008151 -0.005738 0.703966
4.540625 -0.007548 -0.005144 0.681439
4.542187 -0.006946 -0.004550 0.655028
4.543750 -0.006344 -0.003956 0.623631
4.545313 -0.005742 -0.003363 0.585688
4.546875 -0.005141 -0.002771 0.538908
4.548438 -0.004540 -0.002178 0.479795
4.550000 -0.003940 -0.001587 0.402725
4.551563 -0.003340 -0.000995 0.29804
4.553125 -0.002740 -0.000405 0.14765
4.554688 -0.002141 0.000186 -0.0867547
4.556250 -0.001542 0.000775 -0.502898
4.557812 -0.000944 0.001365 -1.44604
4.559375 -0.000346 0.001953 -5.6461
4.560938 0.000251 0.002541 10.1131
4.562500 0.000848 0.003129 3.68961
4.564063 0.001444 0.003716 2.57287
4.565625 0.002040 0.004302 2.10901
4.567188 0.002635 0.004887 1.85499
4.568750 0.003229 0.005472 1.69467
4.570312 0.003823 0.006056 1.58427
4.571875 0.004416 0.006640 1.50362
4.573437 0.005008 0.007222 1.44211
4.575000 0.005600 0.007804 1.39366
4.576563 0.006191 0.008385 1.35449
4.578125 0.006781 0.008966 1.32218
4.579688 0.007371 0.009545 1.29507
4.581250 0.007959 0.010124 1.27199
4.582813 0.008547 0.010702 1.2521
4.584375 0.009135 0.011279 1.23479
4.585938 0.009721 0.011856 1.21959
4.587500 0.010307 0.012431 1.20612
4.589062 0.010891 0.013006 1.19411
4.590625 0.011475 0.013579 1.18334
4.592188 0.012058 0.014152 1.17362
4.593750 0.012640 0.014723 1.1648
4.595313 0.013222 0.015294 1.15676
4.596875 0.013802 0.015864 1.14941
4.598438 0.014381 0.016433 1.14266
4.600000 0.014960 0.017001 1.13643
4.601562 0.015537 0.017567 1.13068
4.603125 0.016113 0.018133 1.12534
4.604687 0.016689 0.018698 1.12037
4.606250 0.017263 0.019261 1.11574
4.607813 0.017837 0.019824 1.11141
4.609375 0.018409 0.020385 1.10736
4.610938 0.018980 0.020945 1.10355
4.612500 0.019550 0.021505 1.09997
4.614063 0.020119 0.022063 1.09659
4.615625 0.020687 0.022620 1.09341
4.617188 0.021254 0.023175 1.09039
4.618750 0.021820 0.023730 1.08754
4.620312 0.022384 0.024283 1.08483
4.621875 0.022948 0.024835 1.08226
4.623438 0.023510 0.025386 1.07981
4.625000 0.024071 0.025936 1.07748
4.626563 0.024630 0.026484 1.07526
4.628125 0.025189 0.027031 1.07314
4.629688 0.025746 0.027577 1.07111
4.631250 0.026302 0.028121 1.06917
4.632812 0.026857 0.028665 1.06731
4.634375 0.027410 0.029206 1.06553
4.635937 0.027962 0.029747 1.06382
4.637500 0.028513 0.030286 1.06218
4.639063 0.029063 0.030824 1.0606
4.640625 0.029611 0.031360 1.05909
4.642188 0.030158 0.031895 1.05763
4.643750 0.030703 0.032429 1.05622
4.645313 0.031247 0.032961 1.05486
4.646875 0.031790 0.033492 1.05355
4.648438 0.032331 0.034021 1.05229
4.650000 0.032871 0.034549 1.05107
4.651562 0.033409 0.035076 1.04989
4.653125 0.033946 0.035601 1.04875
4.654688 0.034481 0.036124 1.04764
4.656250 0.035015 0.036646 1.04657
4.657813 0.035548 0.037167 1.04553
4.659375 0.036079 0.037685 1.04453
4.660938 0.036608 0.038203 1.04355
4.662500 0.037136 0.038719 1.04261
4.664062 0.037663 0.039233 1.04169
4.665625 0.038188 0.039746 1.0408
4.667187 0.038711 0.040257 1.03993
4.668750 0.039233 0.040766 1.03908
4.670313 0.039753 0.041274 1.03826
4.671875 0.040272 0.041780 1.03747
4.673438 0.040788 0.042285 1.03669
4.675000 0.041304 0.042788 1.03593
4.676563 0.041818 0.043289 1.03519
4.678125 0.042330 0.043789 1.03447
4.679688 0.042840 0.044287 1.03377
4.681250 0.043349 0.044783 1.03309
4.682812 0.043856 0.045278 1.03242
4.684375 0.044361 0.045771 1.03177
4.685938 0.044865 0.046262 1.03114
4.687500 0.045367 0.046751 1.03051
4.689063 0.045867 0.047239 1.02991
4.690625 0.046366 0.047725 1.02931
4.692188 0.046863 0.048209 1.02873
4.693750 0.047358 0.048692 1.02817
4.695312 0.047851 0.049172 1.02761
4.696875 0.048343 0.049651 1.02707
4.698437 0.048832 0.050128 1.02654
4.700000 0.049320 0.050604 1.02602
4.701563 0.049807 0.051077 1.02551
4.703125 0.050291 0.051549 1.02501
4.704688 0.050773 0.052019 1.02452
4.706250 0.051254 0.052486 1.02404
4.707813 0.051733 0.052953 1.02357
4.709375 0.052210 0.053417 1.02311
4.710938 0.052685 0.053879 1.02266
4.712500 0.053159 0.054340 1.02222
4.714062 0.053630 0.054798 1.02178
4.715625 0.054100 0.055255 1.02136
4.717188 0.054567 0.055710 1.02094
4.718750 0.055033 0.056163 1.02053
4.720313 0.055497 0.056614 1.02012
4.721875 0.055959 0.057063 1.01973
4.723438 0.056419 0.057510 1.01934
4.725000 0.056877 0.057955 1.01895
4.726562 0.057333 0.058398 1.01858
4.728125 0.057787 0.058839 1.01821
4.729687 0.058239 0.059279 1.01784
4.731250 0.058690 0.059716 1.01749
4.732813 0.059138 0.060151 1.01713
4.734375 0.059584 0.060585 1.01679
4.735938 0.060029 0.061016 1.01645
4.737500 0.060471 0.061445 1.01611
4.739063 0.060911 0.061872 1.01578
4.740625 0.061349 0.062298 1.01546
4.742188 0.061786 0.062721 1.01514
4.743750 0.062220 0.063142 1.01482
4.745312 0.062652 0.063561 1.01451
4.746875 0.063082 0.063978 1.01421
4.748438 0.063510 0.064393 1.01391
4.750000 0.063936 0.064806 1.01361
4.751563 0.064360 0.065217 1.01332
4.753125 0.064782 0.065626 1.01303
4.754688 0.065202 0.066033 1.01275
4.756250 0.065619 0.066438 1.01247
4.757812 0.066035 0.066840 1.01219
4.759375 0.066449 0.067241 1.01192
4.760937 0.066860 0.067639 1.01165
4.762500 0.067269 0.068035 1.01139
4.764063 0.067676 0.068429 1.01113
4.765625 0.068081 0.068821 1.01087
4.767188 0.068484 0.069211 1.01061
4.768750 0.068885 0.069599 1.01036
4.770313 0.069284 0.069984 1.01011
4.771875 0.069680 0.070368 1.00987
4.773438 0.070074 0.070749 1.00963
4.775000 0.070467 0.071128 1.00939
4.776562 0.070857 0.071505 1.00915
4.778125 0.071244 0.071880 1.00892
4.779688 0.071630 0.072253 1.00869
4.781250 0.072013 0.072623 1.00846
4.782813 0.072395 0.072991 1.00824
4.784375 0.072774 0.073357 1.00802
4.785938 0.073151 0.073721 1.0078
4.787500 0.073525 0.074083 1.00758
4.789062 0.073898 0.074442 1.00737
4.790625 0.074268 0.074799 1.00716
4.792187 0.074636 0.075154 1.00695
4.793750 0.075002 0.075507 1.00674
4.795313 0.075365 0.075858 1.00654
4.796875 0.075726 0.076206 1.00633
4.798438 0.076086 0.076552 1.00613
4.800000 0.076442 0.076896 1.00593
4.801563 0.076797 0.077238 1.00574
4.803125 0.077149 0.077577 1.00554
4.804688 0.077499 0.077914 1.00535
4.806250 0.077847 0.078249 1.00516
4.807813 0.078193 0.078582 1.00498
4.809375 0.078536 0.078912 1.00479
4.810938 0.078877 0.079240 1.00461
4.812500 0.079216 0.079566 1.00442
4.814063 0.079552 0.079890 1.00424
4.815625 0.079886 0.080211 1.00406
4.817188 0.080218 0.080530 1.00389
4.818750 0.080548 0.080847 1.00371
4.820312 0.080875 0.081161 1.00354
4.821875 0.081200 0.081473 1.00337
4.823438 0.081522 0.081783 1.0032
4.825000 0.081843 0.082091 1.00303
4.826563 0.082161 0.082396 1.00286
4.828125 0.082477 0.082699 1.0027
4.829688 0.082790 0.083000 1.00253
4.831250 0.083101 0.083298 1.00237
4.832813 0.083410 0.083594 1.00221
4.834375 0.083716 0.083888 1.00205
4.835938 0.084020 0.084179 1.00189
4.837500 0.084322 0.084468 1.00173
4.839063 0.084622 0.084755 1.00158
4.840625 0.084919 0.085040 1.00142
4.842188 0.085214 0.085322 1.00127
4.843750 0.085506 0.085602 1.00112
4.845313 0.085796 0.085879 1.00097
4.846875 0.086084 0.086154 1.00082
4.848438 0.086369 0.086427 1.00067
4.850000 0.086653 0.086698 1.00052
4.851562 0.086933 0.086966 1.00038
4.853125 0.087212 0.087232 1.00023
4.854688 0.087488 0.087496 1.00009
4.856250 0.087761 0.087757 0.999948
4.857813 0.088033 0.088016 0.999807
4.859375 0.088302 0.088272 0.999667
4.860938 0.088568 0.088526 0.999528
4.862500 0.088832 0.088778 0.99939
4.864063 0.089094 0.089028 0.999253
4.865625 0.089354 0.089275 0.999117
4.867188 0.089611 0.089520 0.998982
4.868750 0.089866 0.089762 0.998849
4.870313 0.090118 0.090002 0.998716
4.871875 0.090368 0.090240 0.998584
4.873438 0.090616 0.090475 0.998452
4.875000 0.090861 0.090708 0.998322
4.876563 0.091104 0.090939 0.998193
4.878125 0.091344 0.091167 0.998065
4.879688 0.091582 0.091393 0.997937
4.881250 0.091818 0.091617 0.99781
4.882812 0.092051 0.091838 0.997685
4.884375 0.092282 0.092057 0.99756
4.885938 0.092511 0.092274 0.997435
4.887500 0.092737 0.092488 0.997312
4.889063 0.092961 0.092700 0.997189
4.890625 0.093182 0.092909 0.997068
4.892188 0.093402 0.093116 0.996947
4.893750 0.093618 0.093321 0.996826
4.895313 0.093833 0.093524 0.996707
4.896875 0.094044 0.093724 0.996588
4.898438 0.094254 0.093921 0.99647
4.900000 0.094461 0.094117 0.996352
4.901563 0.094666 0.094310 0.996236
4.903125 0.094868 0.094500 0.99612
4.904688 0.095068 0.094688 0.996004
4.906250 0.095266 0.094874 0.995889
4.907813 0.095461 0.095058 0.995775
4.909375 0.095654 0.095239 0.995662
4.910938 0.095845 0.095418 0.995549
4.912500 0.096033 0.095594 0.995437
4.914062 0.096218 0.095769 0.995325
4.915625 0.096402 0.095940 0.995215
4.917188 0.096583 0.096110 0.995104
4.918750 0.096761 0.096277 0.994994
4.920313 0.096937 0.096442 0.994885
4.921875 0.097111 0.096604 0.994777
4.923438 0.097283 0.096764 0.994668
4.925000 0.097452 0.096922 0.994561
4.926563 0.097618 0.097077 0.994454
4.928125 0.097783 0.097230 0.994347
4.929688 0.097944 0.097380 0.994241
4.931250 0.098104 0.097529 0.994136
4.932813 0.098261 0.097675 0.994031
4.934375 0.098416 0.097818 0.993927
4.935938 0.098568 0.097959 0.993823
4.937500 0.098718 0.098098 0.993719
4.939063 0.098866 0.098235 0.993616
4.940625 0.099011 0.098369 0.993514
4.942188 0.099154 0.098501 0.993411
4.943750 0.099295 0.098631 0.99331
4.945312 0.099433 0.098758 0.993209
4.946875 0.099569 0.098883 0.993108
4.948438 0.099702 0.099005 0.993008
4.950000 0.099834 0.099126 0.992908
4.951563 0.099962 0.099243 0.992808
4.953125 0.100089 0.099359 0.992709
4.954688 0.100213 0.099472 0.99261
4.956250 0.100335 0.099583 0.992512
4.957813 0.100454 0.099692 0.992414
4.959375 0.100571 0.099798 0.992317
4.960938 0.100686 0.099902 0.992219
4.962500 0.100798 0.100004 0.992123
4.964063 0.100908 0.100103 0.992026
4.965625 0.101016 0.100200 0.99193
4.967188 0.101121 0.100295 0.991834
4.968750 0.101224 0.100388 0.991739
4.970313 0.101324 0.100478 0.991644
4.971875 0.101423 0.100566 0.991549
4.973438 0.101519 0.100651 0.991455
4.975000 0.101612 0.100734 0.991361
4.976562 0.101704 0.100815 0.991267
4.978125 0.101793 0.100894 0.991174
4.979688 0.101879 0.100971 0.99108
4.981250 0.101964 0.101045 0.990987
4.982813 0.102046 0.101117 0.990895
4.984375 0.102125 0.101186 0.990803
4.985938 0.102203 0.101253 0.990711
4.987500 0.102278 0.101318 0.990619
4.989063 0.102351 0.101381 0.990527
4.990625 0.102421 0.101442 0.990436
4.992188 0.102489 0.101500 0.990345
4.993750 0.102555 0.101556 0.990255
4.995313 0.102619 0.101610 0.990164
4.996875 0.102680 0.101661 0.990074
4.998438 0.102739 0.101710 0.989984
5.000000 0.102796 0.101757 0.989894
5.001563 0.102851 0.101802 0.989805
5.003125 0.102903 0.101844 0.989716
5.004688 0.102953 0.101885 0.989626
5.006250 0.103000 0.101923 0.989538
5.007812 0.103046 0.101958 0.989449
5.009375 0.103089 0.101992 0.989361
5.010938 0.103130 0.102023 0.989272
5.012500 0.103168 0.102052 0.989184
5.014063 0.103205 0.102079 0.989097
5.015625 0.103239 0.102104 0.989009
5.017188 0.103270 0.102126 0.988921
5.018750 0.103300 0.102147 0.988834
5.020313 0.103327 0.102165 0.988747
5.021875 0.103353 0.102180 0.98866
5.023438 0.103375 0.102194 0.988573
5.025000 0.103396 0.102206 0.988487
5.026563 0.103414 0.102215 0.9884
5.028125 0.103431 0.102222 0.988314
5.029688 0.103445 0.102227 0.988228
5.031250 0.103456 0.102229 0.988142
5.032813 0.103466 0.102230 0.988056
5.034375 0.103473 0.102228 0.98797
5.035938 0.103478 0.102225 0.987884
5.037500 0.103481 0.102219 0.987799
5.039062 0.103482 0.102211 0.987713
5.040625 0.103480 0.102200 0.987628
5.042188 0.103477 0.102188 0.987543
5.043750 0.103471 0.102173 0.987458
5.045313 0.103463 0.102157 0.987373
5.046875 0.103453 0.102138 0.987288
5.048438 0.103440 0.102117 0.987203
5.050000 0.103426 0.102094 0.987119
5.051563 0.103409 0.102068 0.987034
5.053125 0.103390 0.102041 0.986949
5.054688 0.103369 0.102012 0.986865
5.056250 0.103346 0.101980 0.986781
5.057813 0.103321 0.101946 0.986696
5.059375 0.103293 0.101910 0.986612
5.060938 0.103264 0.101873 0.986528
5.062500 0.103232 0.101833 0.986444
5.064063 0.103198 0.101790 0.98636
5.065625 0.103162 0.101746 0.986276
5.067188 0.103124 0.101700 0.986192
5.068750 0.103084 0.101652 0.986108
5.070312 0.103041 0.101601 0.986024
5.071875 0.102997 0.101549 0.98594
5.073438 0.102950 0.101494 0.985857
5.075000 0.102902 0.101438 0.985773
5.076563 0.102851 0.101379 0.985689
5.078125 0.102798 0.101318 0.985605
5.079688 0.102743 0.101256 0.985522
5.081250 0.102686 0.101191 0.985438
5.082813 0.102627 0.101124 0.985354
5.084375 0.102566 0.101055 0.985271
5.085938 0.102503 0.100984 0.985187
5.087500 0.102437 0.100911 0.985103
5.089063 0.102370 0.100837 0.98502
5.090625 0.102301 0.100760 0.984936
5.092188 0.102229 0.100681 0.984852
5.093750 0.102156 0.100600 0.984768
5.095313 0.102080 0.100517 0.984685
5.096875 0.102003 0.100432 0.984601
5.098438 0.101923 0.100345 0.984517
5.100000 0.101842 0.100256 0.984433
5.101562 0.101758 0.100165 0.984349
5.103125 0.101672 0.100073 0.984265
5.104688 0.101585 0.099978 0.984181
5.106250 0.101495 0.099881 0.984097
5.107813 0.101404 0.099782 0.984013
5.109375 0.101310 0.099682 0.983929
5.110938 0.101214 0.099579 0.983845
5.112500 0.101117 0.099475 0.983761
5.114063 0.101017 0.099368 0.983676
5.115625 0.100916 0.099260 0.983592
5.117188 0.100812 0.099150 0.983507
5.118750 0.100707 0.099037 0.983423
5.120313 0.100599 0.098923 0.983338
5.121875 0.100490 0.098807 0.983253
5.123438 0.100379 0.098689 0.983169
5.125000 0.100266 0.098569 0.983084
5.126563 0.100150 0.098448 0.982998
5.128125 0.100033 0.098324 0.982913
5.129688 0.099914 0.098199 0.982828
5.131250 0.099793 0.098071 0.982743
5.132812 0.099671 0.097942 0.982657
5.134375 0.099546 0.097811 0.982571
5.135938 0.099419 0.097678 0.982486
5.137500 0.099291 0.097543 0.9824
5.139063 0.099160 0.097406 0.982314
5.140625 0.099028 0.097268 0.982227
5.142188 0.098894 0.097128 0.982141
5.143750 0.098758 0.096985 0.982055
5.145313 0.098620 0.096841 0.981968
5.146875 0.098480 0.096696 0.981881
5.148438 0.098338 0.096548 0.981794
5.150000 0.098195 0.096398 0.981707
5.151563 0.098049 0.096247 0.98162
5.153125 0.097902 0.096094 0.981532
5.154688 0.097753 0.095939 0.981444
5.156250 0.097602 0.095783 0.981357
5.157813 0.097450 0.095624 0.981268
5.159375 0.097295 0.095464 0.98118
5.160938 0.097139 0.095302 0.981092
5.162500 0.096981 0.095139 0.981003
5.164062 0.096821 0.094973 0.980914
5.165625 0.096659 0.094806 0.980825
5.167188 0.096496 0.094637 0.980736
5.168750 0.096331 0.094466 0.980646
5.170313 0.096164 0.094294 0.980556
5.171875 0.095995 0.094120 0.980466
5.173438 0.095824 0.093944 0.980376
5.175000 0.095652 0.093766 0.980285
5.176563 0.095478 0.093587 0.980195
5.178125 0.095302 0.093406 0.980104
5.179688 0.095125 0.093223 0.980012
5.181250 0.094945 0.093039 0.979921
5.182813 0.094764 0.092853 0.979829
5.184375 0.094582 0.092665 0.979737
5.185938 0.094397 0.092476 0.979644
5.187500 0.094211 0.092284 0.979552
5.189063 0.094023 0.092092 0.979459
5.190625 0.093834 0.091897 0.979365
5.192188 0.093642 0.091701 0.979272
5.193750 0.093449 0.091504 0.979178
5.195312 0.093255 0.091304 0.979084
5.196875 0.093058 0.091103 0.978989
5.198438 0.092860 0.090901 0.978894
5.200000 0.092661 0.090696 0.978799
5.201563 0.092460 0.090491 0.978703
5.203125 0.092257 0.090283 0.978607
5.204688 0.092052 0.090074 0.978511
5.206250 0.091846 0.089863 0.978414
5.207813 0.091638 0.089651 0.978317
5.209375 0.091429 0.089437 0.97822
5.210938 0.091218 0.089222 0.978122
5.212500 0.091005 0.089005 0.978024
5.214063 0.090791 0.088786 0.977925
5.215625 0.090575 0.088566 0.977826
5.217188 0.090357 0.088345 0.977727
5.218750 0.090138 0.088121 0.977627
5.220313 0.089917 0.087897 0.977527
5.221875 0.089695 0.087670 0.977426
5.223438 0.089471 0.087443 0.977325
5.225000 0.089246 0.087213 0.977223
5.226562 0.089019 0.086983 0.977121
5.228125 0.088791 0.086750 0.977019
5.229688 0.088561 0.086516 0.976916
5.231250 0.088329 0.086281 0.976812
5.232813 0.088096 0.086044 0.976708
5.234375 0.087861 0.085806 0.976604
5.235938 0.087625 0.085566 0.976499
5.237500 0.087388 0.085325 0.976394
5.239063 0.087149 0.085082 0.976288
5.240625 0.086908 0.084838 0.976181
5.242188 0.086666 0.084592 0.976074
5.243750 0.086422 0.084345 0.975966
5.245313 0.086177 0.084097 0.975858
5.246875 0.085930 0.083847 0.97575
5.248438 0.085682 0.083595 0.97564
5.250000 0.085433 0.083342 0.975531
5.251563 0.085182 0.083088 0.97542
5.253125 0.084929 0.082832 0.975309
5.254688 0.084676 0.082575 0.975197
5.256250 0.084420 0.082317 0.975085
5.257812 0.084164 0.082057 0.974972
5.259375 0.083905 0.081796 0.974859
5.260938 0.083646 0.081533 0.974744
5.262500 0.083385 0.081269 0.97463
5.264063 0.083122 0.081004 0.974514
5.265625 0.082859 0.080737 0.974398
5.267188 0.082593 0.080469 0.974281
5.268750 0.082327 0.080200 0.974163
5.270313 0.082059 0.079929 0.974045
5.271875 0.081790 0.079657 0.973926
5.273438 0.081519 0.079384 0.973806
5.275000 0.081247 0.079109 0.973685
5.276563 0.080973 0.078833 0.973564
5.278125 0.080699 0.078556 0.973442
5.279688 0.080423 0.078277 0.973319
5.281250 0.080145 0.077997 0.973195
5.282813 0.079866 0.077716 0.973071
5.284375 0.079586 0.077433 0.972945
5.285938 0.079305 0.077149 0.972819
5.287500 0.079022 0.076864 0.972692
5.289062 0.078738 0.076578 0.972564
5.290625 0.078453 0.076290 0.972435
5.292188 0.078166 0.076002 0.972306
5.293750 0.077878 0.075712 0.972175
5.295313 0.077589 0.075420 0.972043
5.296875 0.077299 0.075128 0.971911
5.298438 0.077007 0.074834 0.971777
5.300000 0.076714 0.074539 0.971643
5.301563 0.076420 0.074243 0.971507
5.303125 0.076125 0.073945 0.971371
5.304688 0.075828 0.073647 0.971233
5.306250 0.075530 0.073347 0.971095
5.307813 0.075231 0.073046 0.970955
5.309375 0.074930 0.072744 0.970814
5.310938 0.074629 0.072440 0.970672
5.312500 0.074326 0.072136 0.970529
5.314063 0.074022 0.071830 0.970385
5.315625 0.073717 0.071523 0.97024
5.317188 0.073411 0.071215 0.970094
5.318750 0.073103 0.070906 0.969946
5.320312 0.072794 0.070596 0.969797
5.321875 0.072484 0.070284 0.969647
5.323438 0.072173 0.069972 0.969496
5.325000 0.071861 0.069658 0.969343
5.326563 0.071548 0.069343 0.969189
5.328125 0.071233 0.069027 0.969034
5.329688 0.070918 0.068710 0.968877
5.331250 0.070601 0.068392 0.968719
5.332813 0.070283 0.068073 0.96856
5.334375 0.069964 0.067753 0.968399
5.335938 0.069644 0.067432 0.968237
5.337500 0.069323 0.067109 0.968073
5.339063 0.069000 0.066786 0.967907
5.340625 0.068677 0.066461 0.967741
5.342188 0.068352 0.066136 0.967572
5.343750 0.068027 0.065809 0.967402
5.345313 0.067700 0.065482 0.967231
5.346875 0.067372 0.065153 0.967057
5.348438 0.067043 0.064823 0.966883
5.350000 0.066714 0.064492 0.966706
5.351562 0.066383 0.064161 0.966528
5.353125 0.066051 0.063828 0.966347
5.354688 0.065718 0.063494 0.966166
5.356250 0.065384 0.063160 0.965982
5.357813 0.065049 0.062824 0.965796
5.359375 0.064713 0.062487 0.965608
5.360938 0.064376 0.062150 0.965419
5.362500 0.064038 0.061811 0.965227
5.364063 0.063699 0.061471 0.965034
5.365625 0.063359 0.061131 0.964838
5.367188 0.063018 0.060789 0.964641
5.368750 0.062676 0.060447 0.964441
5.370313 0.062333 0.060104 0.964239
5.371875 0.061989 0.059759 0.964034
5.373438 0.061644 0.059414 0.963828
5.375000 0.061298 0.059068 0.963619
5.376563 0.060951 0.058721 0.963408
5.378125 0.060603 0.058373 0.963194
5.379688 0.060255 0.058024 0.962978
5.381250 0.059905 0.057674 0.962759
5.382812 0.059555 0.057324 0.962538
5.384375 0.059203 0.056972 0.962314
5.385938 0.058851 0.056620 0.962087
5.387500 0.058498 0.056266 0.961858
5.389063 0.058144 0.055912 0.961626
5.390625 0.057788 0.055557 0.961391
5.392188 0.057433 0.055202 0.961153
5.393750 0.057076 0.054845 0.960912
5.395313 0.056718 0.054487 0.960668
5.396875 0.056360 0.054129 0.960421
5.398438 0.056000 0.053770 0.960171
5.400000 0.055640 0.053410 0.959918
5.401563 0.055279 0.053049 0.959661
5.403125 0.054917 0.052687 0.959401
5.404688 0.054554 0.052325 0.959137
5.406250 0.054191 0.051962 0.95887
5.407813 0.053826 0.051598 0.958599
5.409375 0.053461 0.051233 0.958325
5.410938 0.053095 0.050867 0.958047
5.412500 0.052728 0.050501 0.957764
5.414062 0.052360 0.050134 0.957478
5.415625 0.051992 0.049766 0.957188
5.417188 0.051623 0.049398 0.956894
5.418750 0.051253 0.049028 0.956595
5.420313 0.050882 0.048658 0.956292
5.421875 0.050511 0.048287 0.955984
5.423438 0.050138 0.047916 0.955672
5.425000 0.049765 0.047543 0.955355
5.426563 0.049391 0.047170 0.955034
5.428125 0.049017 0.046797 0.954707
5.429688 0.048642 0.046422 0.954375
5.431250 0.048266 0.046047 0.954038
5.432813 0.047889 0.045671 0.953696
5.434375 0.047511 0.045295 0.953349
5.435938 0.047133 0.044918 0.952995
5.437500 0.046754 0.044540 0.952636
5.439063 0.046375 0.044161 0.952271
5.440625 0.045994 0.043782 0.9519
5.442188 0.045614 0.043402 0.951523
5.443750 0.045232 0.043022 0.951139
5.445312 0.044850 0.042641 0.950749
5.446875 0.044467 0.042259 0.950352
5.448438 0.044083 0.041876 0.949947
5.450000 0.043699 0.041493 0.949536
5.451563 0.043314 0.041110 0.949118
5.453125 0.042928 0.040726 0.948691
5.454688 0.042542 0.040341 0.948257
5.456250 0.042155 0.039955 0.947815
5.457813 0.041767 0.039569 0.947365
5.459375 0.041379 0.039182 0.946906
5.460938 0.040991 0.038795 0.946439
5.462500 0.040601 0.038407 0.945962
5.464063 0.040211 0.038019 0.945476
5.465625 0.039821 0.037630 0.94498
5.467188 0.039429 0.037240 0.944475
5.468750 0.039038 0.036850 0.943959
5.470313 0.038645 0.036459 0.943433
5.471875 0.038252 0.036068 0.942896
5.473438 0.037859 0.035676 0.942347
5.475000 0.037465 0.035284 0.941787
5.476562 0.037070 0.034891 0.941215
5.478125 0.036675 0.034498 0.940631
5.479688 0.036280 0.034104 0.940033
5.481250 0.035883 0.033710 0.939423
5.482813 0.035486 0.033315 0.938798
5.484375 0.035089 0.032919 0.93816
5.485938 0.034691 0.032523 0.937506
5.487500 0.034293 0.032127 0.936837
5.489063 0.033894 0.031730 0.936153
5.490625 0.033495 0.031333 0.935452
5.492188 0.033095 0.030935 0.934734
5.493750 0.032694 0.030537 0.933998
5.495313 0.032294 0.030138 0.933243
5.496875 0.031892 0.029739 0.93247
5.498438 0.031490 0.029339 0.931677
5.500000 0.031088 0.028939 0.930863
5.501563 0.030685 0.028538 0.930027
5.503125 0.030282 0.028137 0.929169
5.504688 0.029878 0.027736 0.928288
5.506250 0.029474 0.027334 0.927382
5.507812 0.029070 0.026932 0.926451
5.509375 0.028665 0.026529 0.925494
5.510938 0.028259 0.026126 0.924509
5.512500 0.027853 0.025722 0.923495
5.514063 0.027447 0.025318 0.92245
5.515625 0.027040 0.024914 0.921374
5.517188 0.026633 0.024510 0.920265
5.518750 0.026226 0.024104 0.919121
5.520313 0.025818 0.023699 0.917941
5.521875 0.025409 0.023293 0.916723
5.523438 0.025001 0.022887 0.915464
5.525000 0.024591 0.022481 0.914164
5.526563 0.024182 0.022074 0.912819
5.528125 0.023772 0.021666 0.911427
5.529688 0.023362 0.021259 0.909987
5.531250 0.022951 0.020851 0.908494
5.532813 0.022540 0.020443 0.906947
5.534375 0.022129 0.020034 0.905341
5.535938 0.021717 0.019625 0.903675
5.537500 0.021305 0.019216 0.901944
5.539062 0.020893 0.018807 0.900144
5.540625 0.020480 0.018397 0.898271
5.542188 0.020067 0.017987 0.89632
5.543750 0.019654 0.017576 0.894287
5.545313 0.019240 0.017165 0.892167
5.546875 0.018826 0.016754 0.889952
5.548438 0.018412 0.016343 0.887638
5.550000 0.017997 0.015932 0.885216
5.551563 0.017583 0.015520 0.882679
5.553125 0.017167 0.015108 0.88002
5.554688 0.016752 0.014695 0.877227
5.556250 0.016336 0.014283 0.874292
5.557813 0.015920 0.013870 0.871203
5.559375 0.015504 0.013457 0.867948
5.560938 0.015088 0.013043 0.864512
5.562500 0.014671 0.012630 0.86088
5.564063 0.014254 0.012216 0.857034
5.565625 0.013836 0.011802 0.852956
5.567188 0.013419 0.011388 0.848624
5.568750 0.013001 0.010973 0.844012
5.570312 0.012583 0.010558 0.839092
5.571875 0.012165 0.010144 0.833833
5.573438 0.011747 0.009728 0.828199
5.575000 0.011328 0.009313 0.822146
5.576563 0.010909 0.008898 0.815628
5.578125 0.010490 0.008482 0.808587
5.579688 0.010071 0.008066 0.800959
5.581250 0.009651 0.007650 0.792666
5.582813 0.009232 0.007234 0.783617
5.584375 0.008812 0.006818 0.773704
5.585938 0.008392 0.006401 0.762797
5.587500 0.007972 0.005985 0.750737
5.589063 0.007551 0.005568 0.737332
5.590625 0.007131 0.005151 0.722342
5.592188 0.006710 0.004734 0.70547
5.593750 0.006289 0.004316 0.686336
5.595313 0.005868 0.003899 0.664452
5.596875 0.005447 0.003481 0.639179
5.598438 0.005025 0.003064 0.609664
5.600000 0.004604 0.002646 0.574738
5.601562 0.004182 0.002228 0.532764
5.603125 0.003761 0.001810 0.481367
5.604688 0.003339 0.001392 0.416972
5.606250 0.002917 0.000974 0.333932
5.607813 0.002495 0.000556 0.222778
5.609375 0.002073 0.000137 0.0663171
5.610938 0.001650 -0.000281 -0.170247
5.612500 0.001228 -0.000699 -0.569603
5.614063 0.000806 -0.001118 -1.38796
5.615625 0.000383 -0.001537 -4.01252
5.617188 -0.000040 -0.001955 49.2958
5.618750 -0.000462 -0.002374 5.13459
5.620313 -0.000885 -0.002793 3.15528
5.621875 -0.001308 -0.003212 2.45547
5.623438 -0.001731 -0.003631 2.09754
5.625000 -0.002154 -0.004050 1.88014
5.626563 -0.002577 -0.004469 1.73408
5.628125 -0.003000 -0.004888 1.6292
5.629688 -0.003423 -0.005307 1.55023
5.631250 -0.003847 -0.005726 1.48863
5.632812 -0.004270 -0.006145 1.43923
5.634375 -0.004693 -0.006565 1.39873
5.635938 -0.005117 -0.006984 1.36493
5.637500 -0.005540 -0.007403 1.33629
5.639063 -0.005963 -0.007822 1.31171
5.640625 -0.006387 -0.008241 1.29039
5.642188 -0.006810 -0.008660 1.27171
5.643750 -0.007234 -0.009080 1.25522
5.645313 -0.007657 -0.009499 1.24055
5.646875 -0.008080 -0.009918 1.22742
5.648438 -0.008504 -0.010337 1.21559
5.650000 -0.008927 -0.010756 1.20488
5.651563 -0.009351 -0.011175 1.19514
5.653125 -0.009774 -0.011594 1.18624
5.654688 -0.010197 -0.012013 1.17808
5.656250 -0.010621 -0.012432 1.17057
5.657813 -0.011044 -0.012851 1.16363
5.659375 -0.011467 -0.013270 1.15721
5.660938 -0.011890 -0.013689 1.15124
5.662500 -0.012313 -0.014107 1.14568
5.664062 -0.012737 -0.014526 1.14049
5.665625 -0.013160 -0.014945 1.13563
5.667188 -0.013583 -0.015363 1.13108
5.668750 -0.014006 -0.015782 1.1268
5.670313 -0.014429 -0.016200 1.12277
5.671875 -0.014851 -0.016618 1.11896
5.673438 -0.015274 -0.017036 1.11537
5.675000 -0.015697 -0.017454 1.11197
5.676563 -0.016119 -0.017872 1.10875
5.678125 -0.016542 -0.018290 1.1057
5.679688 -0.016964 -0.018708 1.10279
5.681250 -0.017387 -0.019126 1.10003
5.682813 -0.017809 -0.019543 1.0974
5.684375 -0.018231 -0.019961 1.09488
5.685938 -0.018653 -0.020378 1.09249
5.687500 -0.019075 -0.020795 1.09019
5.689063 -0.019497 -0.021212 1.088
5.690625 -0.019918 -0.021629 1.0859
5.692188 -0.020340 -0.022046 1.08389
5.693750 -0.020761 -0.022463 1.08195
5.695312 -0.021182 -0.022879 1.0801
5.696875 -0.021604 -0.023295 1.07831
5.698438 -0.022025 -0.023712 1.0766
5.700000 -0.022445 -0.024128 1.07495
5.701563 -0.022866 -0.024543 1.07336
5.703125 -0.023287 -0.024959 1.07182
5.704688 -0.023707 -0.025375 1.07035
5.706250 -0.024127 -0.025790 1.06892
5.707813 -0.024547 -0.026205 1.06754
5.709375 -0.024967 -0.026620 1.06621
5.710938 -0.025387 -0.027035 1.06492
5.712500 -0.025807 -0.027450 1.06367
5.714063 -0.026226 -0.027864 1.06246
5.715625 -0.026645 -0.028278 1.0613
5.717188 -0.027064 -0.028692 1.06016
5.718750 -0.027483 -0.029106 1.05906
5.720313 -0.027902 -0.029520 1.058
5.721875 -0.028320 -0.029933 1.05696
5.723438 -0.028738 -0.030347 1.05596
5.725000 -0.029156 -0.030760 1.05499
5.726562 -0.029574 -0.031172 1.05404
5.728125 -0.029992 -0.031585 1.05312
5.729688 -0.030409 -0.031997 1.05222
5.731250 -0.030826 -0.032409 1.05135
5.732813 -0.031243 -0.032821 1.0505
5.734375 -0.031660 -0.033233 1.04967
5.735938 -0.032077 -0.033644 1.04887
5.737500 -0.032493 -0.034055 1.04808
5.739063 -0.032909 -0.034466 1.04732
5.740625 -0.033325 -0.034877 1.04657
5.742188 -0.033740 -0.035287 1.04585
5.743750 -0.034156 -0.035697 1.04514
5.745313 -0.034571 -0.036107 1.04444
5.746875 -0.034985 -0.036517 1.04377
5.748438 -0.035400 -0.036926 1.04311
5.750000 -0.035814 -0.037335 1.04246
5.751563 -0.036228 -0.037744 1.04183
5.753125 -0.036642 -0.038152 1.04122
5.754688 -0.037055 -0.038560 1.04062
5.756250 -0.037469 -0.038968 1.04003
5.757812 -0.037881 -0.039376 1.03945
5.759375 -0.038294 -0.039783 1.03889
5.760938 -0.038706 -0.040190 1.03834
5.762500 -0.039118 -0.040597 1.0378
5.764063 -0.039530 -0.041003 1.03727
5.765625 -0.039942 -0.041410 1.03675
5.767188 -0.040353 -0.041815 1.03624
5.768750 -0.040764 -0.042221 1.03575
5.770313 -0.041174 -0.042626 1.03526
5.771875 -0.041584 -0.043031 1.03478
5.773438 -0.041994 -0.043435 1.03431
5.775000 -0.042404 -0.043840 1.03385
5.776563 -0.042813 -0.044243 1.0334
5.778125 -0.043222 -0.044647 1.03296
5.779688 -0.043631 -0.045050 1.03253
5.781250 -0.044039 -0.045453 1.0321
5.782813 -0.044447 -0.045856 1.03169
5.784375 -0.044855 -0.046258 1.03128
5.785938 -0.045262 -0.046660 1.03087
5.787500 -0.045669 -0.047061 1.03048
5.789062 -0.046076 -0.047462 1.03009
5.790625 -0.046482 -0.047863 1.02971
5.792188 -0.046888 -0.048263 1.02933
5.793750 -0.047293 -0.048663 1.02897
5.795313 -0.047699 -0.049063 1.0286
5.796875 -0.048103 -0.049462 1.02825
5.798438 -0.048508 -0.049861 1.0279
5.800000 -0.048912 -0.050260 1.02755
5.801563 -0.049316 -0.050658 1.02722
5.803125 -0.049719 -0.051056 1.02688
5.804688 -0.050122 -0.051453 1.02656
5.806250 -0.050525 -0.051850 1.02623
5.807813 -0.050927 -0.052247 1.02592
5.809375 -0.051329 -0.052643 1.0256
5.810938 -0.051730 -0.053039 1.0253
5.812500 -0.052131 -0.053434 1.02499
5.814063 -0.052532 -0.053829 1.0247
5.815625 -0.052932 -0.054224 1.0244
5.817188 -0.053332 -0.054618 1.02412
5.818750 -0.053731 -0.055012 1.02383
5.820312 -0.054130 -0.055405 1.02355
5.821875 -0.054529 -0.055798 1.02327
5.823438 -0.054927 -0.056191 1.023
5.825000 -0.055325 -0.056583 1.02273
5.826563 -0.055723 -0.056975 1.02247
5.828125 -0.056120 -0.057366 1.02221
5.829688 -0.056516 -0.057757 1.02195
5.831250 -0.056912 -0.058147 1.0217
5.832813 -0.057308 -0.058537 1.02145
5.834375 -0.057703 -0.058927 1.0212
5.835938 -0.058098 -0.059316 1.02096
5.837500 -0.058492 -0.059704 1.02072
5.839063 -0.058886 -0.060093 1.02049
5.840625 -0.059280 -0.060480 1.02025
5.842188 -0.059673 -0.060868 1.02002
5.843750 -0.060066 -0.061255 1.0198
5.845313 -0.060458 -0.061641 1.01957
5.846875 -0.060849 -0.062027 1.01935
5.848438 -0.061241 -0.062413 1.01913
5.850000 -0.061632 -0.062798 1.01892
5.851562 -0.062022 -0.063182 1.01871
5.853125 -0.062412 -0.063566 1.0185
5.854688 -0.062801 -0.063950 1.01829
5.856250 -0.063190 -0.064333 1.01809
5.857813 -0.063579 -0.064716 1.01788
5.859375 -0.063967 -0.065098 1.01768
5.860938 -0.064354 -0.065480 1.01749
5.862500 -0.064741 -0.065861 1.01729
5.864063 -0.065128 -0.066241 1.0171
5.865625 -0.065514 -0.066622 1.01691
5.867188 -0.065899 -0.067001 1.01672
5.868750 -0.066285 -0.067381 1.01654
5.870313 -0.066669 -0.067760 1.01635
5.871875 -0.067053 -0.068138 1.01617
5.873438 -0.067437 -0.068516 1.01599
5.875000 -0.067820 -0.068893 1.01582
5.876563 -0.068203 -0.069270 1.01564
5.878125 -0.068585 -0.069646 1.01547
5.879688 -0.068966 -0.070022 1.0153
5.881250 -0.069348 -0.070397 1.01513
5.882812 -0.069728 -0.070772 1.01496
5.884375 -0.070108 -0.071146 1.0148
5.885938 -0.070488 -0.071519 1.01464
5.887500 -0.070867 -0.071893 1.01447
5.889063 -0.071245 -0.072265 1.01431
5.890625 -0.071623 -0.072637 1.01416
5.892188 -0.072001 -0.073009 1.014
5.893750 -0.072378 -0.073380 1.01385
5.895313 -0.072754 -0.073750 1.01369
5.896875 -0.073130 -0.074120 1.01354
5.898438 -0.073506 -0.074490 1.01339
5.900000 -0.073880 -0.074859 1.01324
5.901563 -0.074255 -0.075227 1.0131
5.903125 -0.074628 -0.075595 1.01295
5.904688 -0.075002 -0.075962 1.01281
5.906250 -0.075374 -0.076329 1.01267
5.907813 -0.075746 -0.076695 1.01253
5.909375 -0.076118 -0.077061 1.01239
5.910938 -0.076489 -0.077426 1.01225
5.912500 -0.076859 -0.077791 1.01211
5.914062 -0.077229 -0.078155 1.01198
5.915625 -0.077599 -0.078518 1.01185
5.917188 -0.077968 -0.078881 1.01171
5.918750 -0.078336 -0.079243 1.01158
5.920313 -0.078703 -0.079605 1.01145
5.921875 -0.079071 -0.079966 1.01132
5.923438 -0.079437 -0.080327 1.0112
5.925000 -0.079803 -0.080687 1.01107
5.926563 -0.080168 -0.081046 1.01095
5.928125 -0.080533 -0.081405 1.01082
5.929688 -0.080898 -0.081763 1.0107
5.931250 -0.081261 -0.082121 1.01058
5.932813 -0.081624 -0.082478 1.01046
5.934375 -0.081987 -0.082835 1.01034
5.935938 -0.082349 -0.083191 1.01022
5.937500 -0.082710 -0.083546 1.01011
5.939063 -0.083071 -0.083901 1.00999
5.940625 -0.083431 -0.084255 1.00988
5.942188 -0.083791 -0.084609 1.00976
5.943750 -0.084150 -0.084962 1.00965
5.945312 -0.084508 -0.085314 1.00954
5.946875 -0.084866 -0.085666 1.00943
5.948438 -0.085223 -0.086017 1.00932
5.950000 -0.085580 -0.086368 1.00921
5.951563 -0.085936 -0.086718 1.00911
5.953125 -0.086291 -0.087068 1.009
5.954688 -0.086646 -0.087416 1.00889
5.956250 -0.087000 -0.087765 1.00879
5.957813 -0.087354 -0.088112 1.00869
5.959375 -0.087706 -0.088459 1.00858
5.960938 -0.088059 -0.088806 1.00848
5.962500 -0.088411 -0.089152 1.00838
5.964063 -0.088762 -0.089497 1.00828
5.965625 -0.089112 -0.089841 1.00818
5.967188 -0.089462 -0.090185 1.00808
5.968750 -0.089811 -0.090529 1.00799
5.970313 -0.090160 -0.090871 1.00789
5.971875 -0.090508 -0.091213 1.00779
5.973438 -0.090855 -0.091555 1.0077
5.975000 -0.091202 -0.091896 1.0076
5.976562 -0.091548 -0.092236 1.00751
5.978125 -0.091894 -0.092576 1.00742
5.979688 -0.092239 -0.092915 1.00733
5.981250 -0.092583 -0.093253 1.00724
5.982813 -0.092927 -0.093591 1.00715
5.984375 -0.093269 -0.093928 1.00706
5.985938 -0.093612 -0.094264 1.00697
5.987500 -0.093954 -0.094600 1.00688
5.989063 -0.094295 -0.094935 1.00679
5.990625 -0.094635 -0.095269 1.0067
5.992188 -0.094975 -0.095603 1.00662
5.993750 -0.095314 -0.095936 1.00653
5.995313 -0.095652 -0.096268 1.00644
5.996875 -0.095990 -0.096599 1.00634
5.998438 -0.096327 -0.096929 1.00625
6.000000 -0.096664 -0.097258 1.00615
6.001563 -0.097000 -0.097586 1.00604
6.003125 -0.097335 -0.097912 1.00593
6.004688 -0.097669 -0.098237 1.00582
6.006250 -0.098002 -0.098561 1.00571
6.007812 -0.098334 -0.098883 1.00559
6.009375 -0.098665 -0.099204 1.00546
6.010938 -0.098995 -0.099523 1.00533
6.012500 -0.099323 -0.099840 1.0052
6.014063 -0.099650 -0.100155 1.00507
6.015625 -0.099976 -0.100469 1.00493
6.017188 -0.100300 -0.100780 1.00479
6.018750 -0.100622 -0.101090 1.00465
6.020313 -0.100943 -0.101397 1.0045
6.021875 -0.101262 -0.101702 1.00435
6.023438 -0.101579 -0.102005 1.0042
6.025000 -0.101894 -0.102306 1.00405
6.026563 -0.102207 -0.102605 1.00389
6.028125 -0.102518 -0.102900 1.00373
6.029688 -0.102827 -0.103194 1.00357
6.031250 -0.103134 -0.103485 1.0034
6.032813 -0.103438 -0.103773 1.00324
6.034375 -0.103740 -0.104059 1.00307
6.035938 -0.104040 -0.104342 1.0029
6.037500 -0.104337 -0.104622 1.00273
6.039062 -0.104632 -0.104899 1.00255
6.040625 -0.104924 -0.105173 1.00238
6.042188 -0.105213 -0.105445 1.0022
6.043750 -0.105500 -0.105713 1.00202
6.045313 -0.105784 -0.105979 1.00184
6.046875 -0.106065 -0.106241 1.00166
6.048438 -0.106344 -0.106500 1.00147
6.050000 -0.106619 -0.106756 1.00129
6.051563 -0.106891 -0.107009 1.0011
6.053125 -0.107161 -0.107258 1.00091
6.054688 -0.107427 -0.107504 1.00072
6.056250 -0.107690 -0.107747 1.00053
6.057813 -0.107950 -0.107987 1.00034
6.059375 -0.108206 -0.108222 1.00015
6.060938 -0.108460 -0.108455 0.999954
6.062500 -0.108710 -0.108684 0.999759
6.064063 -0.108957 -0.108909 0.999563
6.065625 -0.109200 -0.109130 0.999365
6.067188 -0.109440 -0.109348 0.999167
6.068750 -0.109676 -0.109563 0.998968
6.070312 -0.109909 -0.109773 0.998768
6.071875 -0.110138 -0.109980 0.998568
6.073438 -0.110363 -0.110183 0.998366
6.075000 -0.110585 -0.110382 0.998164
6.076563 -0.110803 -0.110577 0.997961
6.078125 -0.111018 -0.110769 0.997757
6.079688 -0.111228 -0.110956 0.997552
6.081250 -0.111435 -0.111140 0.997347
6.082813 -0.111638 -0.111319 0.997142
6.084375 -0.111837 -0.111495 0.996935
6.085938 -0.112033 -0.111666 0.996728
6.087500 -0.112224 -0.111833 0.996521
6.089063 -0.112411 -0.111997 0.996313
6.090625 -0.112595 -0.112156 0.996104
6.092188 -0.112774 -0.112311 0.995895
6.093750 -0.112949 -0.112462 0.995686
6.095313 -0.113120 -0.112608 0.995476
6.096875 -0.113287 -0.112751 0.995266
6.098438 -0.113450 -0.112889 0.995055
6.100000 -0.113609 -0.113023 0.994844
6.101562 -0.113763 -0.113153 0.994633
6.103125 -0.113914 -0.113278 0.994422
6.104688 -0.114060 -0.113399 0.99421
6.106250 -0.114202 -0.113516 0.993998
6.107813 -0.114339 -0.113629 0.993785
6.109375 -0.114473 -0.113737 0.993572
6.110938 -0.114601 -0.113840 0.993359
6.112500 -0.114726 -0.113940 0.993146
6.114063 -0.114846 -0.114035 0.992933
6.115625 -0.114962 -0.114125 0.992719
6.117188 -0.115074 -0.114211 0.992505
6.118750 -0.115181 -0.114293 0.992291
6.120313 -0.115283 -0.114370 0.992077
6.121875 -0.115382 -0.114443 0.991863
6.123438 -0.115475 -0.114511 0.991648
6.125000 -0.115565 -0.114575 0.991434
6.126563 -0.115650 -0.114634 0.991219
6.128125 -0.115730 -0.114689 0.991004
6.129688 -0.115806 -0.114739 0.990789
6.131250 -0.115877 -0.114785 0.990573
6.132812 -0.115944 -0.114826 0.990358
6.134375 -0.116006 -0.114863 0.990142
6.135938 -0.116064 -0.114895 0.989926
6.137500 -0.116117 -0.114922 0.989711
6.139063 -0.116166 -0.114945 0.989495
6.140625 -0.116210 -0.114964 0.989278
6.142188 -0.116249 -0.114978 0.989062
6.143750 -0.116284 -0.114987 0.988846
6.145313 -0.116314 -0.114992 0.988629
6.146875 -0.116340 -0.114992 0.988413
6.148438 -0.116361 -0.114987 0.988196
6.150000 -0.116377 -0.114978 0.987979
6.151563 -0.116389 -0.114965 0.987762
6.153125 -0.116396 -0.114947 0.987545
6.154688 -0.116399 -0.114924 0.987327
6.156250 -0.116397 -0.114897 0.98711
6.157813 -0.116390 -0.114865 0.986892
6.159375 -0.116379 -0.114828 0.986675
6.160938 -0.116363 -0.114787 0.986457
6.162500 -0.116343 -0.114742 0.986239
6.164062 -0.116318 -0.114692 0.98602
6.165625 -0.116288 -0.114637 0.985802
6.167188 -0.116254 -0.114578 0.985583
6.168750 -0.116215 -0.114514 0.985365
6.170313 -0.116171 -0.114445 0.985146
6.171875 -0.116123 -0.114372 0.984927
6.173438 -0.116070 -0.114295 0.984708
6.175000 -0.116012 -0.114213 0.984488
6.176563 -0.115950 -0.114126 0.984268
6.178125 -0.115884 -0.114035 0.984049
6.179688 -0.115812 -0.113939 0.983829
6.181250 -0.115736 -0.113839 0.983608
6.182813 -0.115656 -0.113735 0.983388
6.184375 -0.115571 -0.113626 0.983167
6.185938 -0.115481 -0.113512 0.982946
6.187500 -0.115387 -0.113394 0.982725
6.189063 -0.115288 -0.113271 0.982503
6.190625 -0.115185 -0.113144 0.982282
6.192188 -0.115077 -0.113013 0.98206
6.193750 -0.114965 -0.112877 0.981837
6.195312 -0.114848 -0.112736 0.981615
6.196875 -0.114726 -0.112591 0.981392
6.198438 -0.114600 -0.112442 0.981168
6.200000 -0.114470 -0.112288 0.980945
6.201563 -0.114335 -0.112130 0.980721
6.203125 -0.114195 -0.111968 0.980497
6.204688 -0.114051 -0.111801 0.980272
6.206250 -0.113903 -0.111630 0.980047
6.207813 -0.113750 -0.111455 0.979822
6.209375 -0.113593 -0.111275 0.979596
6.210938 -0.113431 -0.111091 0.97937
6.212500 -0.113265 -0.110902 0.979143
6.214063 -0.113094 -0.110710 0.978916
6.215625 -0.112919 -0.110513 0.978689
6.217188 -0.112740 -0.110311 0.978461
6.218750 -0.112556 -0.110106 0.978233
6.220313 -0.112368 -0.109896 0.978004
6.221875 -0.112175 -0.109682 0.977774
6.223438 -0.111978 -0.109464 0.977544
6.225000 -0.111777 -0.109242 0.977314
6.226562 -0.111572 -0.109015 0.977083
6.228125 -0.111362 -0.108784 0.976852
6.229688 -0.111148 -0.108550 0.97662
6.231250 -0.110930 -0.108311 0.976387
6.232813 -0.110708 -0.108068 0.976154
6.234375 -0.110481 -0.107821 0.97592
6.235938 -0.110250 -0.107569 0.975685
6.237500 -0.110015 -0.107314 0.97545
6.239063 -0.109776 -0.107055 0.975214
6.240625 -0.109532 -0.106792 0.974978
6.242188 -0.109285 -0.106524 0.974741
6.243750 -0.109033 -0.106253 0.974503
6.245313 -0.108778 -0.105978 0.974264
6.246875 -0.108518 -0.105699 0.974025
6.248438 -0.108254 -0.105416 0.973784
6.250000 -0.107986 -0.105129 0.973543
6.251563 -0.107714 -0.104838 0.973302
6.253125 -0.107438 -0.104543 0.973059
6.254688 -0.107158 -0.104245 0.972815
6.256250 -0.106874 -0.103942 0.972571
6.257812 -0.106586 -0.103636 0.972326
6.259375 -0.106294 -0.103326 0.97208
6.260938 -0.105998 -0.103012 0.971832
6.262500 -0.105698 -0.102695 0.971584
6.264063 -0.105395 -0.102374 0.971335
6.265625 -0.105087 -0.102049 0.971085
6.267188 -0.104776 -0.101720 0.970834
6.268750 -0.104461 -0.101388 0.970581
6.270313 -0.104142 -0.101052 0.970328
6.271875 -0.103819 -0.100713 0.970074
6.273438 -0.103493 -0.100369 0.969818
6.275000 -0.103163 -0.100023 0.969561
6.276563 -0.102829 -0.099673 0.969303
6.278125 -0.102491 -0.099319 0.969044
6.279688 -0.102150 -0.098961 0.968783
6.281250 -0.101805 -0.098601 0.968522
6.282813 -0.101457 -0.098236 0.968259
6.284375 -0.101105 -0.097869 0.967994
6.285938 -0.100749 -0.097498 0.967728
6.287500 -0.100390 -0.097123 0.967461
6.289062 -0.100027 -0.096745 0.967193
6.290625 -0.099661 -0.096364 0.966923
6.292188 -0.099291 -0.095980 0.966651
6.293750 -0.098918 -0.095592 0.966378
6.295313 -0.098541 -0.095201 0.966103
6.296875 -0.098161 -0.094806 0.965827
6.298438 -0.097777 -0.094409 0.965549
6.300000 -0.097390 -0.094008 0.965269
6.301563 -0.097000 -0.093604 0.964988
6.303125 -0.096606 -0.093197 0.964705
6.304688 -0.096209 -0.092786 0.96442
6.306250 -0.095809 -0.092373 0.964133
6.307813 -0.095406 -0.091956 0.963844
6.309375 -0.094999 -0.091537 0.963554
6.310938 -0.094589 -0.091114 0.963261
6.312500 -0.094176 -0.090688 0.962967
6.314063 -0.093760 -0.090260 0.96267
6.315625 -0.093340 -0.089828 0.962372
6.317188 -0.092918 -0.089393 0.962071
6.318750 -0.092492 -0.088956 0.961768
6.320312 -0.092063 -0.088516 0.961463
6.321875 -0.091632 -0.088072 0.961155
6.323438 -0.091197 -0.087626 0.960845
6.325000 -0.090759 -0.087177 0.960533
6.326563 -0.090318 -0.086725 0.960218
6.328125 -0.089875 -0.086271 0.959901
6.329688 -0.089428 -0.085814 0.959581
6.331250 -0.088979 -0.085354 0.959259
6.332813 -0.088526 -0.084891 0.958934
6.334375 -0.088071 -0.084425 0.958606
6.335938 -0.087613 -0.083957 0.958275
6.337500 -0.087152 -0.083487 0.957942
6.339063 -0.086689 -0.083014 0.957605
6.340625 -0.086222 -0.082538 0.957266
6.342188 -0.085753 -0.082059 0.956924
6.343750 -0.085281 -0.081578 0.956578
6.345313 -0.084807 -0.081095 0.956229
6.346875 -0.084330 -0.080609 0.955877
6.348438 -0.083850 -0.080121 0.955522
6.350000 -0.083368 -0.079630 0.955163
6.351562 -0.082883 -0.079137 0.9548
6.353125 -0.082396 -0.078641 0.954434
6.354688 -0.081906 -0.078143 0.954064
6.356250 -0.081413 -0.077643 0.953691
6.357813 -0.080918 -0.077141 0.953314
6.359375 -0.080421 -0.076636 0.952932
6.360938 -0.079921 -0.076129 0.952547
6.362500 -0.079419 -0.075620 0.952157
6.364063 -0.078915 -0.075108 0.951763
6.365625 -0.078408 -0.074594 0.951365
6.367188 -0.077899 -0.074079 0.950963
6.368750 -0.077387 -0.073561 0.950555
6.370313 -0.076873 -0.073041 0.950143
6.371875 -0.076358 -0.072519 0.949727
6.373438 -0.075839 -0.071995 0.949305
6.375000 -0.075319 -0.071469 0.948878
6.376563 -0.074796 -0.070940 0.948446
6.378125 -0.074272 -0.070410 0.948009
6.379688 -0.073745 -0.069878 0.947567
6.381250 -0.073216 -0.069344 0.947118
6.382812 -0.072685 -0.068809 0.946664
6.384375 -0.072152 -0.068271 0.946204
6.385938 -0.071617 -0.067731 0.945738
6.387500 -0.071080 -0.067190 0.945266
6.389063 -0.070542 -0.066647 0.944788
6.390625 -0.070001 -0.066102 0.944303
6.392188 -0.069458 -0.065555 0.943811
6.393750 -0.068913 -0.065007 0.943312
6.395313 -0.068367 -0.064457 0.942806
6.396875 -0.067819 -0.063905 0.942293
6.398438 -0.067269 -0.063352 0.941772
6.400000 -0.066717 -0.062797 0.941244
6.401563 -0.066163 -0.062240 0.940708
6.403125 -0.065608 -0.061682 0.940163
6.404688 -0.065051 -0.061122 0.93961
6.406250 -0.064492 -0.060561 0.939049
6.407813 -0.063931 -0.059998 0.938478
6.409375 -0.063369 -0.059434 0.937899
6.410938 -0.062806 -0.058869 0.93731
6.412500 -0.062241 -0.058302 0.936711
6.414062 -0.061674 -0.057733 0.936102
6.415625 -0.061106 -0.057163 0.935483
6.417188 -0.060536 -0.056592 0.934854
6.418750 -0.059965 -0.056020 0.934213
6.420313 -0.059392 -0.055446 0.933561
6.421875 -0.058818 -0.054871 0.932897
6.423438 -0.058242 -0.054295 0.932222
6.425000 -0.057665 -0.053717 0.931534
6.426563 -0.057087 -0.053139 0.930833
6.428125 -0.056508 -0.052559 0.930119
6.429688 -0.055927 -0.051978 0.929391
6.431250 -0.055345 -0.051396 0.928649
6.432813 -0.054761 -0.050812 0.927892
6.434375 -0.054177 -0.050228 0.92712
6.435938 -0.053591 -0.049643 0.926333
6.437500 -0.053004 -0.049057 0.925529
6.439063 -0.052416 -0.048469 0.924709
6.440625 -0.051826 -0.047881 0.923871
6.442188 -0.051236 -0.047292 0.923015
6.443750 -0.050644 -0.046701 0.922141
6.445312 -0.050052 -0.046110 0.921247
6.446875 -0.049458 -0.045518 0.920333
6.448438 -0.048864 -0.044925 0.919398
6.450000 -0.048268 -0.044332 0.918441
6.451563 -0.047672 -0.043737 0.917462
6.453125 -0.047074 -0.043142 0.91646
6.454688 -0.046476 -0.042546 0.915433
6.456250 -0.045877 -0.041949 0.914381
6.457813 -0.045277 -0.041351 0.913303
6.459375 -0.044676 -0.040753 0.912197
6.460938 -0.044074 -0.040154 0.911063
6.462500 -0.043471 -0.039555 0.909899
6.464063 -0.042868 -0.038954 0.908703
6.465625 -0.042264 -0.038354 0.907476
6.467188 -0.041659 -0.037752 0.906214
6.468750 -0.041054 -0.037150 0.904917
6.470313 -0.040448 -0.036548 0.903583
6.471875 -0.039841 -0.035945 0.902211
6.473438 -0.039234 -0.035341 0.900797
6.475000 -0.038626 -0.034738 0.899342
6.476562 -0.038017 -0.034133 0.897841
6.478125 -0.037408 -0.033528 0.896294
6.479688 -0.036798 -0.032923 0.894698
6.481250 -0.036188 -0.032318 0.893051
6.482813 -0.035577 -0.031712 0.891349
6.484375 -0.034966 -0.031105 0.889589
6.485938 -0.034354 -0.030499 0.88777
6.487500 -0.033742 -0.029892 0.885887
6.489063 -0.033130 -0.029285 0.883937
6.490625 -0.032517 -0.028677 0.881917
6.492188 -0.031904 -0.028070 0.879821
6.493750 -0.031290 -0.027462 0.877646
6.495313 -0.030677 -0.026854 0.875387
6.496875 -0.030063 -0.026246 0.873039
6.498438 -0.029448 -0.025637 0.870595
6.500000 -0.028834 -0.025029 0.868051
6.501563 -0.028219 -0.024421 0.8654
6.503125 -0.027604 -0.023812 0.862634
6.504688 -0.026989 -0.023203 0.859745
6.506250 -0.026373 -0.022595 0.856726
6.507812 -0.025758 -0.021986 0.853566
6.509375 -0.025142 -0.021377 0.850256
6.510938 -0.024526 -0.020769 0.846784
6.512500 -0.023911 -0.020160 0.843137
6.514063 -0.023295 -0.019551 0.839303
6.515625 -0.022679 -0.018943 0.835265
6.517188 -0.022063 -0.018335 0.831007
6.518750 -0.021447 -0.017726 0.826511
6.520313 -0.020831 -0.017118 0.821754
6.521875 -0.020216 -0.016510 0.816713
6.523438 -0.019600 -0.015903 0.811363
6.525000 -0.018984 -0.015295 0.805672
6.526563 -0.018369 -0.014688 0.799608
6.528125 -0.017754 -0.014081 0.793131
6.529688 -0.017138 -0.013474 0.786197
6.531250 -0.016523 -0.012868 0.778756
6.532813 -0.015909 -0.012262 0.77075
6.534375 -0.015294 -0.011656 0.762111
6.535938 -0.014680 -0.011050 0.752759
6.537500 -0.014066 -0.010445 0.742603
6.539062 -0.013452 -0.009840 0.731533
6.540625 -0.012838 -0.009236 0.71942
6.542188 -0.012225 -0.008632 0.706107
6.543750 -0.011612 -0.008029 0.691406
6.545313 -0.011000 -0.007426 0.675087
6.546875 -0.010387 -0.006823 0.656865
6.548438 -0.009776 -0.006221 0.636387
6.550000 -0.009164 -0.005620 0.613203
6.551563 -0.008554 -0.005019 0.586738
6.553125 -0.007943 -0.004418 0.55624
6.554688 -0.007333 -0.003818 0.520708
6.556250 -0.006724 -0.003219 0.478782
6.557813 -0.006115 -0.002621 0.42856
6.559375 -0.005506 -0.002022 0.367308
6.560938 -0.004898 -0.001425 0.290935
6.562500 -0.004291 -0.000828 0.193048
6.564063 -0.003684 -0.000232 0.0630581
6.565625 -0.003078 0.000363 -0.117941
6.567188 -0.002473 0.000958 -0.387323
6.568750 -0.001868 0.001552 -0.830773
6.570312 -0.001263 0.002145 -1.69761
6.571875 -0.000660 0.002737 -4.14837
6.573438 -0.000057 0.003329 -58.4757
6.575000 0.000545 0.003920 7.18855
6.576563 0.001147 0.004510 3.93264
6.578125 0.001747 0.005099 2.91788
6.579688 0.002347 0.005687 2.42275
6.581250 0.002947 0.006275 2.12946
6.582813 0.003545 0.006861 1.93548
6.584375 0.004142 0.007447 1.79766
6.585938 0.004739 0.008032 1.6947
6.587500 0.005335 0.008615 1.61484
6.589063 0.005930 0.009198 1.5511
6.590625 0.006524 0.009780 1.49904
6.592188 0.007118 0.010361 1.45572
6.593750 0.007710 0.010941 1.4191
6.595313 0.008301 0.011520 1.38774
6.596875 0.008892 0.012098 1.36058
6.598438 0.009481 0.012675 1.33682
6.600000 0.010070 0.013251 1.31588
6.601562 0.010657 0.013825 1.29726
6.603125 0.011244 0.014399 1.28061
6.604688 0.011829 0.014972 1.26563
6.606250 0.012414 0.015543 1.25207
6.607813 0.012997 0.016113 1.23975
6.609375 0.013580 0.016683 1.2285
6.610938 0.014161 0.017251 1.21818
6.612500 0.014741 0.017817 1.20869
6.614063 0.015320 0.018383 1.19993
6.615625 0.015898 0.018948 1.19182
6.617188 0.016475 0.019511 1.18428
6.618750 0.017050 0.020073 1.17726
6.620313 0.017625 0.020633 1.17071
6.621875 0.018198 0.021193 1.16458
6.623438 0.018770 0.021751 1.15882
6.625000 0.019341 0.022308 1.15342
6.626563 0.019910 0.022864 1.14833
6.628125 0.020479 0.023418 1.14353
6.629688 0.021046 0.023971 1.13899
6.631250 0.021611 0.024523 1.1347
6.632812 0.022176 0.025073 1.13063
6.634375 0.022739 0.025622 1.12677
6.635938 0.023301 0.026169 1.1231
6.637500 0.023861 0.026715 1.1196
6.639063 0.024421 0.027260 1.11627
6.640625 0.024978 0.027803 1.11309
6.642188 0.025535 0.028345 1.11006
6.643750 0.026090 0.028886 1.10716
6.645313 0.026643 0.029424 1.10438
6.646875 0.027196 0.029962 1.10172
6.648438 0.027746 0.030498 1.09916
6.650000 0.028296 0.031032 1.09671
6.651563 0.028844 0.031565 1.09436
6.653125 0.029390 0.032097 1.09209
6.654688 0.029935 0.032627 1.08992
6.656250 0.030479 0.033155 1.08782
6.657813 0.031021 0.033682 1.0858
6.659375 0.031561 0.034207 1.08385
6.660938 0.032100 0.034731 1.08196
6.662500 0.032637 0.035253 1.08014
6.664062 0.033173 0.035773 1.07839
6.665625 0.033707 0.036292 1.07669
6.667188 0.034240 0.036809 1.07504
6.668750 0.034771 0.037325 1.07345
6.670313 0.035300 0.037839 1.07191
6.671875 0.035828 0.038351 1.07042
6.673438 0.036355 0.038862 1.06897
6.675000 0.036879 0.039371 1.06756
6.676563 0.037402 0.039878 1.0662
6.678125 0.037923 0.040384 1.06487
6.679688 0.038443 0.040887 1.06358
6.681250 0.038961 0.041389 1.06233
6.682813 0.039477 0.041890 1.06111
6.684375 0.039992 0.042388 1.05993
6.685938 0.040505 0.042885 1.05878
6.687500 0.041016 0.043380 1.05765
6.689063 0.041525 0.043874 1.05656
6.690625 0.042033 0.044365 1.05549
6.692188 0.042539 0.044855 1.05445
6.693750 0.043043 0.045343 1.05344
6.695312 0.043545 0.045829 1.05245
6.696875 0.044046 0.046313 1.05149
6.698438 0.044544 0.046796 1.05054
6.700000 0.045041 0.047276 1.04962
6.701563 0.045536 0.047755 1.04873
6.703125 0.046030 0.048232 1.04785
6.704688 0.046521 0.048707 1.04699
6.706250 0.047011 0.049180 1.04615
6.707813 0.047499 0.049652 1.04533
6.709375 0.047984 0.050121 1.04453
6.710938 0.048468 0.050588 1.04374
6.712500 0.048951 0.051054 1.04297
6.714063 0.049431 0.051518 1.04222
6.715625 0.049909 0.051979 1.04148
6.717188 0.050386 0.052439 1.04076
6.718750 0.050860 0.052897 1.04005
6.720313 0.051333 0.053353 1.03935
6.721875 0.051803 0.053807 1.03867
6.723438 0.052272 0.054259 1.038
6.725000 0.052739 0.054709 1.03735
6.726562 0.053204 0.055157 1.03671
6.728125 0.053667 0.055603 1.03608
6.729688 0.054127 0.056047 1.03546
6.731250 0.054586 0.056489 1.03485
6.732813 0.055043 0.056929 1.03425
6.734375 0.055498 0.057366 1.03367
6.735938 0.055951 0.057802 1.03309
6.737500 0.056402 0.058236 1.03253
6.739063 0.056850 0.058668 1.03197
6.740625 0.057297 0.059098 1.03142
6.742188 0.057742 0.059526 1.03089
6.743750 0.058185 0.059951 1.03036
6.745313 0.058625 0.060375 1.02984
6.746875 0.059064 0.060796 1.02933
6.748438 0.059500 0.061216 1.02883
6.750000 0.059935 0.061633 1.02833
6.751563 0.060367 0.062048 1.02784
6.753125 0.060797 0.062461 1.02737
6.754688 0.061226 0.062872 1.02689
6.756250 0.061652 0.063281 1.02643
6.757812 0.062076 0.063688 1.02597
6.759375 0.062497 0.064092 1.02552
6.760938 0.062917 0.064495 1.02508
6.762500 0.063335 0.064895 1.02464
6.764063 0.063750 0.065293 1.02421
6.765625 0.064163 0.065689 1.02378
6.767188 0.064575 0.066083 1.02336
6.768750 0.064983 0.066475 1.02295
6.770313 0.065390 0.066864 1.02254
6.771875 0.065795 0.067252 1.02214
6.773438 0.066197 0.067637 1.02175
6.775000 0.066598 0.068020 1.02136
6.776563 0.066996 0.068401 1.02097
6.778125 0.067392 0.068779 1.02059
6.779688 0.067785 0.069156 1.02022
6.781250 0.068177 0.069530 1.01984
6.782813 0.068566 0.069902 1.01948
6.784375 0.068953 0.070272 1.01912
6.785938 0.069338 0.070639 1.01876
6.787500 0.069721 0.071005 1.01841
6.789062 0.070101 0.071368 1.01806
6.790625 0.070480 0.071729 1.01772
6.792188 0.070856 0.072087 1.01738
6.793750 0.071229 0.072444 1.01705
6.795313 0.071601 0.072798 1.01671
6.796875 0.071970 0.073149 1.01639
6.798438 0.072337 0.073499 1.01606
6.800000 0.072702 0.073846 1.01574
6.801563 0.073064 0.074192 1.01543
6.803125 0.073424 0.074534 1.01512
6.804688 0.073782 0.074875 1.01481
6.806250 0.074138 0.075213 1.0145
6.807813 0.074491 0.075549 1.0142
6.809375 0.074842 0.075883 1.0139
6.810938 0.075191 0.076214 1.01361
6.812500 0.075538 0.076544 1.01332
6.814063 0.075882 0.076870 1.01303
6.815625 0.076224 0.077195 1.01274
6.817188 0.076563 0.077517 1.01246
6.818750 0.076901 0.077837 1.01218
6.820312 0.077236 0.078155 1.0119
6.821875 0.077568 0.078470 1.01163
6.823438 0.077899 0.078783 1.01136
6.825000 0.078227 0.079094 1.01109
6.826563 0.078552 0.079402 1.01082
6.828125 0.078876 0.079708 1.01056
6.829688 0.079197 0.080012 1.0103
6.831250 0.079515 0.080314 1.01004
6.832813 0.079832 0.080613 1.00978
6.834375 0.080146 0.080909 1.00953
6.835938 0.080457 0.081204 1.00928
6.837500 0.080767 0.081496 1.00903
6.839063 0.081074 0.081786 1.00878
6.840625 0.081378 0.082073 1.00854
6.842188 0.081681 0.082358 1.0083
6.843750 0.081981 0.082641 1.00806
6.845313 0.082278 0.082922 1.00782
6.846875 0.082573 0.083200 1.00758
6.848438 0.082866 0.083475 1.00735
6.850000 0.083157 0.083749 1.00712
6.851562 0.083445 0.084020 1.00689
6.853125 0.083731 0.084288 1.00666
6.854688 0.084014 0.084555 1.00644
6.856250 0.084295 0.084819 1.00621
6.857813 0.084574 0.085080 1.00599
6.859375 0.084850 0.085340 1.00577
6.860938 0.085124 0.085596 1.00555
6.862500 0.085395 0.085851 1.00534
6.864063 0.085664 0.086103 1.00512
6.865625 0.085931 0.086353 1.00491
6.867188 0.086196 0.086600 1.0047
6.868750 0.086458 0.086846 1.00449
6.870313 0.086717 0.087088 1.00428
6.871875 0.086974 0.087329 1.00407
6.873438 0.087229 0.087567 1.00387
6.875000 0.087482 0.087802 1.00366
6.876563 0.087732 0.088035 1.00346
6.878125 0.087979 0.088266 1.00326
6.879688 0.088225 0.088495 1.00306
6.881250 0.088467 0.088721 1.00287
6.882812 0.088708 0.088945 1.00267
6.884375 0.088946 0.089166 1.00247
6.885938 0.089182 0.089385 1.00228
6.887500 0.089415 0.089602 1.00209
6.889063 0.089646 0.089816 1.0019
6.890625 0.089874 0.090028 1.00171
6.892188 0.090100 0.090237 1.00152
6.893750 0.090324 0.090445 1.00133
6.895313 0.090545 0.090649 1.00115
6.896875 0.090764 0.090852 1.00096
6.898438 0.090981 0.091052 1.00078
6.900000 0.091195 0.091249 1.0006
6.901563 0.091407 0.091445 1.00042
6.903125 0.091616 0.091638 1.00024
6.904688 0.091823 0.091828 1.00006
6.906250 0.092027 0.092016 0.99988
6.907813 0.092230 0.092202 0.999704
6.909375 0.092429 0.092386 0.999528
6.910938 0.092627 0.092567 0.999354
6.912500 0.092822 0.092745 0.999181
6.914062 0.093014 0.092922 0.999008
6.915625 0.093204 0.093096 0.998837
6.917188 0.093392 0.093267 0.998666
6.918750 0.093577 0.093437 0.998497
6.920313 0.093760 0.093604 0.998329
6.921875 0.093941 0.093768 0.998161
6.923438 0.094119 0.093930 0.997994
6.925000 0.094295 0.094090 0.997829
6.926563 0.094468 0.094247 0.997664
6.928125 0.094639 0.094403 0.9975
6.929688 0.094808 0.094555 0.997337
6.931250 0.094974 0.094706 0.997175
6.932813 0.095138 0.094854 0.997013
6.934375 0.095299 0.094999 0.996853
6.935938 0.095458 0.095143 0.996693
6.937500 0.095615 0.095284 0.996534
6.939063 0.095769 0.095422 0.996376
6.940625 0.095921 0.095558 0.996218
6.942188 0.096071 0.095692 0.996062
6.943750 0.096218 0.095824 0.995906
6.945312 0.096363 0.095953 0.99575
6.946875 0.096505 0.096080 0.995596
6.948438 0.096645 0.096205 0.995442
6.950000 0.096783 0.096327 0.995289
6.951563 0.096918 0.096447 0.995137
6.953125 0.097051 0.096564 0.994985
6.954688 0.097181 0.096679 0.994834
6.956250 0.097310 0.096792 0.994684
6.957813 0.097435 0.096903 0.994534
6.959375 0.097559 0.097011 0.994385
6.960938 0.097680 0.097117 0.994236
6.962500 0.097799 0.097221 0.994089
6.964063 0.097915 0.097322 0.993941
6.965625 0.098029 0.097421 0.993795
6.967188 0.098141 0.097517 0.993648
6.968750 0.098250 0.097612 0.993503
6.970313 0.098357 0.097704 0.993358
6.971875 0.098462 0.097794 0.993213
6.973438 0.098564 0.097881 0.99307
6.975000 0.098664 0.097966 0.992926
6.976562 0.098762 0.098049 0.992783
6.978125 0.098857 0.098129 0.992641
6.979688 0.098950 0.098208 0.992499
6.981250 0.099040 0.098284 0.992358
6.982813 0.099129 0.098357 0.992217
6.984375 0.099215 0.098429 0.992077
6.985938 0.099298 0.098498 0.991937
6.987500 0.099380 0.098564 0.991797
6.989063 0.099459 0.098629 0.991658
6.990625 0.099535 0.098691 0.99152
6.992188 0.099610 0.098751 0.991382
6.993750 0.099682 0.098809 0.991244
6.995313 0.099752 0.098864 0.991107
6.996875 0.099819 0.098918 0.99097
6.998438 0.099884 0.098969 0.990833
7.000000 0.099947 0.099017 0.990697
7.001563 0.100008 0.099064 0.990562
7.003125 0.100066 0.099108 0.990426
7.004688 0.100122 0.099150 0.990291
7.006250 0.100176 0.099189 0.990157
7.007812 0.100227 0.099227 0.990023
7.009375 0.100276 0.099262 0.989889
7.010938 0.100323 0.099295 0.989755
7.012500 0.100368 0.099326 0.989622
7.014063 0.100410 0.099355 0.989489
7.015625 0.100450 0.099381 0.989356
7.017188 0.100488 0.099405 0.989224
7.018750 0.100523 0.099427 0.989092
7.020313 0.100557 0.099447 0.98896
7.021875 0.100588 0.099464 0.988829
7.023438 0.100616 0.099479 0.988698
7.025000 0.100643 0.099492 0.988567
7.026563 0.100667 0.099503 0.988437
7.028125 0.100689 0.099512 0.988306
7.029688 0.100709 0.099519 0.988176
7.031250 0.100727 0.099523 0.988046
7.032813 0.100742 0.099525 0.987917
7.034375 0.100755 0.099525 0.987787
7.035938 0.100766 0.099523 0.987658
7.037500 0.100775 0.099518 0.987529
7.039062 0.100782 0.099512 0.987401
7.040625 0.100786 0.099503 0.987272
7.042188 0.100788 0.099492 0.987144
7.043750 0.100788 0.099479 0.987016
7.045313 0.100786 0.099464 0.986888
7.046875 0.100781 0.099447 0.98676
7.048438 0.100775 0.099428 0.986633
7.050000 0.100766 0.099406 0.986505
7.051563 0.100755 0.099382 0.986378
7.053125 0.100742 0.099357 0.986251
7.054688 0.100726 0.099329 0.986124
7.056250 0.100709 0.099299 0.985997
7.057813 0.100689 0.099267 0.985871
7.059375 0.100667 0.099232 0.985744
7.060938 0.100644 0.099196 0.985618
7.062500 0.100617 0.099158 0.985491
7.064063 0.100589 0.099117 0.985365
7.065625 0.100559 0.099074 0.985239
7.067188 0.100526 0.099030 0.985113
7.068750 0.100492 0.098983 0.984987
7.070312 0.100455 0.098934 0.984861
7.071875 0.100416 0.098883 0.984736
7.073438 0.100375 0.098830 0.98461
7.075000 0.100332 0.098775 0.984485
7.076563 0.100287 0.098718 0.984359
7.078125 0.100239 0.098659 0.984234
7.079688 0.100190 0.098598 0.984108
7.081250 0.100138 0.098534 0.983983
7.082813 0.100085 0.098469 0.983857
7.084375 0.100029 0.098402 0.983732
7.085938 0.099971 0.098333 0.983607
7.087500 0.099912 0.098261 0.983481
7.089063 0.099850 0.098188 0.983356
7.090625 0.099786 0.098112 0.983231
7.092188 0.099720 0.098035 0.983106
7.093750 0.099652 0.097956 0.98298
7.095313 0.099582 0.097874 0.982855
7.096875 0.099509 0.097791 0.98273
7.098438 0.099435 0.097705 0.982605
7.100000 0.099359 0.097618 0.982479
7.101562 0.099281 0.097529 0.982354
7.103125 0.099200 0.097437 0.982228
7.104688 0.099118 0.097344 0.982103
7.106250 0.099034 0.097249 0.981977
7.107813 0.098948 0.097152 0.981852
7.109375 0.098859 0.097053 0.981726
7.110938 0.098769 0.096952 0.9816
7.112500 0.098677 0.096849 0.981475
7.114063 0.098582 0.096744 0.981349
7.115625 0.098486 0.096637 0.981223
7.117188 0.098388 0.096528 0.981097
7.118750 0.098288 0.096417 0.98097
7.120313 0.098185 0.096305 0.980844
7.121875 0.098081 0.096190 0.980718
7.123438 0.097975 0.096074 0.980591
7.125000 0.097867 0.095955 0.980464
7.126563 0.097757 0.095835 0.980338
7.128125 0.097645 0.095713 0.980211
7.129688 0.097531 0.095589 0.980084
7.131250 0.097416 0.095463 0.979956
7.132812 0.097298 0.095335 0.979829
7.134375 0.097178 0.095206 0.979701
7.135938 0.097057 0.095074 0.979573
7.137500 0.096933 0.094941 0.979446
7.139063 0.096808 0.094806 0.979317
7.140625 0.096681 0.094669 0.979189
7.142188 0.096552 0.094530 0.979061
7.143750 0.096421 0.094389 0.978932
7.145313 0.096288 0.094247 0.978803
7.146875 0.096153 0.094103 0.978674
7.148438 0.096017 0.093956 0.978544
7.150000 0.095878 0.093808 0.978415
7.151563 0.095738 0.093659 0.978285
7.153125 0.095596 0.093507 0.978155
7.154688 0.095452 0.093354 0.978024
7.156250 0.095306 0.093199 0.977894
7.157813 0.095158 0.093042 0.977763
7.159375 0.095008 0.092883 0.977631
7.160938 0.094857 0.092723 0.9775
7.162500 0.094704 0.092561 0.977368
7.164062 0.094549 0.092397 0.977236
7.165625 0.094392 0.092231 0.977104
7.167188 0.094234 0.092064 0.976971
7.168750 0.094073 0.091894 0.976838
7.170313 0.093911 0.091724 0.976704
7.171875 0.093747 0.091551 0.976571
7.173438 0.093582 0.091377 0.976437
7.175000 0.093414 0.091201 0.976302
7.176563 0.093245 0.091023 0.976167
7.178125 0.093074 0.090843 0.976032
7.179688 0.092901 0.090662 0.975897
7.181250 0.092727 0.090479 0.975761
7.182813 0.092551 0.090295 0.975625
7.184375 0.092373 0.090108 0.975488
7.185938 0.092193 0.089921 0.975351
7.187500 0.092012 0.089731 0.975213
7.189063 0.091829 0.089540 0.975075
7.190625 0.091644 0.089347 0.974937
7.192188 0.091457 0.089152 0.974798
7.193750 0.091269 0.088956 0.974659
7.195312 0.091079 0.088758 0.974519
7.196875 0.090888 0.088559 0.974379
7.198438 0.090694 0.088358 0.974238
7.200000 0.090500 0.088155 0.974097
7.201563 0.090303 0.087951 0.973955
7.203125 0.090105 0.087745 0.973813
7.204688 0.089905 0.087538 0.97367
7.206250 0.089703 0.087329 0.973527
7.207813 0.089500 0.087118 0.973383
7.209375 0.089295 0.086906 0.973238
7.210938 0.089089 0.086692 0.973094
7.212500 0.088881 0.086476 0.972948
7.214063 0.088671 0.086259 0.972802
7.215625 0.088460 0.086041 0.972655
7.217188 0.088247 0.085821 0.972508
7.218750 0.088033 0.085599 0.97236
7.220313 0.087816 0.085376 0.972212
7.221875 0.087599 0.085151 0.972063
7.223438 0.087380 0.084925 0.971913
7.225000 0.087159 0.084698 0.971762
7.226562 0.086936 0.084468 0.971611
7.228125 0.086712 0.084238 0.971459
7.229688 0.086487 0.084005 0.971307
7.231250 0.086260 0.083772 0.971154
7.232813 0.086031 0.083536 0.971
7.234375 0.085801 0.083300 0.970845
7.235938 0.085570 0.083061 0.97069
7.237500 0.085336 0.082822 0.970534
7.239063 0.085102 0.082581 0.970377
7.240625 0.084865 0.082338 0.970219
7.242188 0.084628 0.082094 0.970061
7.243750 0.084389 0.081849 0.969902
7.245313 0.084148 0.081602 0.969742
7.246875 0.083906 0.081353 0.969581
7.248438 0.083662 0.081104 0.969419
7.250000 0.083417 0.080852 0.969257
7.251563 0.083170 0.080600 0.969093
7.253125 0.082922 0.080346 0.968929
7.254688 0.082673 0.080090 0.968764
7.256250 0.082422 0.079834 0.968597
7.257812 0.082170 0.079576 0.96843
7.259375 0.081916 0.079316 0.968262
7.260938 0.081661 0.079055 0.968093
7.262500 0.081404 0.078793 0.967923
7.264063 0.081146 0.078529 0.967752
7.265625 0.080886 0.078264 0.96758
7.267188 0.080625 0.077998 0.967407
7.268750 0.080363 0.077730 0.967233
7.270313 0.080099 0.077461 0.967058
7.271875 0.079834 0.077190 0.966882
7.273438 0.079568 0.076919 0.966705
7.275000 0.079300 0.076646 0.966526
7.276563 0.079031 0.076371 0.966347
7.278125 0.078761 0.076096 0.966166
7.279688 0.078489 0.075819 0.965984
7.281250 0.078215 0.075541 0.965801
7.282813 0.077941 0.075261 0.965617
7.284375 0.077665 0.074980 0.965431
7.285938 0.077388 0.074698 0.965244
7.287500 0.077109 0.074415 0.965056
7.289062 0.076830 0.074130 0.964867
7.290625 0.076548 0.073844 0.964676
7.292188 0.076266 0.073557 0.964484
7.293750 0.075982 0.073269 0.964291
7.295313 0.075697 0.072979 0.964096
7.296875 0.075411 0.072689 0.9639
7.298438 0.075123 0.072396 0.963702
7.300000 0.074834 0.072103 0.963503
7.301563 0.074544 0.071809 0.963302
7.303125 0.074253 0.071513 0.9631
7.304688 0.073960 0.071216 0.962897
7.306250 0.073667 0.070918 0.962691
7.307813 0.073372 0.070619 0.962485
7.309375 0.073075 0.070319 0.962276
7.310938 0.072778 0.070017 0.962066
7.312500 0.072479 0.069714 0.961854
7.314063 0.072179 0.069410 0.961641
7.315625 0.071878 0.069105 0.961426
7.317188 0.071576 0.068799 0.961209
7.318750 0.071272 0.068492 0.96099
7.320312 0.070967 0.068183 0.96077
7.321875 0.070661 0.067874 0.960547
7.323438 0.070354 0.067563 0.960323
7.325000 0.070046 0.067251 0.960097
7.326563 0.069737 0.066938 0.959869
7.328125 0.069426 0.066624 0.959639
7.329688 0.069114 0.066309 0.959407
7.331250 0.068802 0.065993 0.959172
7.332813 0.068488 0.065675 0.958936
7.334375 0.068173 0.065357 0.958698
7.335938 0.067856 0.065037 0.958457
7.337500 0.067539 0.064717 0.958214
7.339063 0.067221 0.064395 0.957969
7.340625 0.066901 0.064073 0.957722
7.342188 0.066580 0.063749 0.957472
7.343750 0.066259 0.063424 0.95722
7.345313 0.065936 0.063098 0.956965
7.346875 0.065612 0.062772 0.956708
7.348438 0.065287 0.062444 0.956449
7.350000 0.064961 0.062115 0.956186
7.351562 0.064634 0.061785 0.955922
7.353125 0.064306 0.061454 0.955654
7.354688 0.063977 0.061123 0.955384
7.356250 0.063647 0.060790 0.955111
7.357813 0.063316 0.060456 0.954835
7.359375 0.062983 0.060121 0.954557
7.360938 0.062650 0.059785 0.954275
7.362500 0.062316 0.059449 0.953991
7.364063 0.061981 0.059111 0.953703
7.365625 0.061644 0.058772 0.953412
7.367188 0.061307 0.058433 0.953118
7.368750 0.060969 0.058092 0.952821
7.370313 0.060630 0.057751 0.952521
7.371875 0.060289 0.057409 0.952217
7.373438 0.059948 0.057065 0.95191
7.375000 0.059606 0.056721 0.951599
7.376563 0.059263 0.056376 0.951284
7.378125 0.058919 0.056030 0.950966
7.379688 0.058574 0.055683 0.950645
7.381250 0.058228 0.055335 0.950319
7.382812 0.057881 0.054987 0.94999
7.384375 0.057534 0.054637 0.949656
7.385938 0.057185 0.054287 0.949319
7.387500 0.056835 0.053935 0.948977
7.389063 0.056485 0.053583 0.948631
7.390625 0.056133 0.053230 0.948281
7.392188 0.055781 0.052876 0.947926
7.393750 0.055428 0.052522 0.947567
7.395313 0.055074 0.052166 0.947203
7.396875 0.054719 0.051810 0.946834
7.398438 0.054363 0.051453 0.946461
7.400000 0.054007 0.051095 0.946083
7.401563 0.053649 0.050736 0.945699
7.403125 0.053291 0.050376 0.945311
7.404688 0.052932 0.050016 0.944917
7.406250 0.052572 0.049655 0.944517
7.407813 0.052211 0.049293 0.944113
7.409375 0.051849 0.048930 0.943702
7.410938 0.051487 0.048567 0.943286
7.412500 0.051123 0.048202 0.942864
7.414062 0.050759 0.047837 0.942435
7.415625 0.050394 0.047471 0.942001
7.417188 0.050029 0.047105 0.94156
7.418750 0.049662 0.046738 0.941112
7.420313 0.049295 0.046370 0.940658
7.421875 0.048927 0.046001 0.940197
7.423438 0.048558 0.045631 0.939729
7.425000 0.048188 0.045261 0.939254
7.426563 0.047818 0.044890 0.938771
7.428125 0.047447 0.044519 0.938281
7.429688 0.047075 0.044146 0.937783
7.431250 0.046703 0.043773 0.937277
7.432813 0.046329 0.043400 0.936762
7.434375 0.045955 0.043025 0.93624
7.435938 0.045581 0.042650 0.935708
7.437500 0.045205 0.042274 0.935168
7.439063 0.044829 0.041898 0.934618
7.440625 0.044452 0.041521 0.93406
7.442188 0.044075 0.041143 0.933491
7.443750 0.043696 0.040765 0.932913
7.445312 0.043317 0.040386 0.932324
7.446875 0.042938 0.040006 0.931725
7.448438 0.042558 0.039626 0.931115
7.450000 0.042177 0.039245 0.930494
7.451563 0.041795 0.038864 0.929862
7.453125 0.041413 0.038481 0.929218
7.454688 0.041030 0.038099 0.928561
7.456250 0.040646 0.037715 0.927892
7.457813 0.040262 0.037331 0.927211
7.459375 0.039877 0.036947 0.926516
7.460938 0.039492 0.036562 0.925807
7.462500 0.039106 0.036176 0.925084
7.464063 0.038719 0.035790 0.924347
7.465625 0.038332 0.035403 0.923595
7.467188 0.037944 0.035016 0.922827
7.468750 0.037556 0.034628 0.922043
7.470313 0.037166 0.034239 0.921242
7.471875 0.036777 0.033850 0.920425
7.473438 0.036387 0.033461 0.919589
7.475000 0.035996 0.033071 0.918736
7.476562 0.035604 0.032680 0.917863
7.478125 0.035213 0.032289 0.916971
7.479688 0.034820 0.031897 0.916059
7.481250 0.034427 0.031505 0.915125
7.482813 0.034033 0.031112 0.91417
7.484375 0.033639 0.030719 0.913192
7.485938 0.033245 0.030326 0.912191
7.487500 0.032850 0.029931 0.911166
7.489063 0.032454 0.029537 0.910115
7.490625 0.032058 0.029142 0.909038
7.492188 0.031661 0.028746 0.907934
7.493750 0.031264 0.028350 0.906802
7.495313 0.030866 0.027954 0.90564
7.496875 0.030468 0.027557 0.904447
7.498438 0.030069 0.027159 0.903223
7.500000 0.029670 0.026761 0.901966
7.501563 0.029270 0.026363 0.900674
7.503125 0.028870 0.025964 0.899345
7.504688 0.028470 0.025565 0.897979
7.506250 0.028069 0.025166 0.896574
7.507812 0.027667 0.024766 0.895128
7.509375 0.027265 0.024365 0.893639
7.510938 0.026863 0.023965 0.892104
7.512500 0.026460 0.023563 0.890523
7.514063 0.026057 0.023162 0.888892
7.515625 0.025653 0.022760 0.88721
7.517188 0.025249 0.022358 0.885473
7.518750 0.024845 0.021955 0.88368
7.520313 0.024440 0.021552 0.881826
7.521875 0.024035 0.021148 0.87991
7.523438 0.023629 0.020744 0.877927
7.525000 0.023223 0.020340 0.875875
7.526563 0.022816 0.019936 0.873748
7.528125 0.022409 0.019531 0.871545
7.529688 0.022002 0.019126 0.869259
7.531250 0.021595 0.018720 0.866886
7.532813 0.021187 0.018314 0.864421
7.534375 0.020778 0.017908 0.861858
7.535938 0.020370 0.017501 0.859193
7.537500 0.019961 0.017095 0.856417
7.539062 0.019551 0.016688 0.853524
7.540625 0.019142 0.016280 0.850507
7.542188 0.018732 0.015872 0.847357
7.543750 0.018321 0.015464 0.844065
7.545313 0.017911 0.015056 0.840621
7.546875 0.017500 0.014647 0.837015
7.548438 0.017088 0.014238 0.833234
7.550000 0.016677 0.013829 0.829265
7.551563 0.016265 0.013420 0.825095
7.553125 0.015852 0.013010 0.820706
7.554688 0.015440 0.012600 0.816082
7.556250 0.015027 0.012190 0.811203
7.557813 0.014614 0.011780 0.806046
7.559375 0.014201 0.011369 0.800588
7.560938 0.013787 0.010958 0.794801
7.562500 0.013373 0.010547 0.788654
7.564063 0.012959 0.010135 0.782113
7.565625 0.012545 0.009724 0.775139
7.567188 0.012130 0.009312 0.767685
7.568750 0.011715 0.008900 0.759702
7.570312 0.011300 0.008488 0.75113
7.571875 0.010885 0.008075 0.741902
7.573438 0.010469 0.007663 0.731938
7.575000 0.010053 0.007250 0.721148
7.576563 0.009637 0.006837 0.709424
7.578125 0.009221 0.006424 0.696638
7.579688 0.008805 0.006010 0.682639
7.581250 0.008388 0.005597 0.667246
7.582813 0.007971 0.005183 0.650238
7.584375 0.007554 0.004769 0.631349
7.585938 0.007137 0.004355 0.610246
7.587500 0.006719 0.003941 0.586516
7.589063 0.006302 0.003527 0.559634
7.590625 0.005884 0.003112 0.528929
7.592188 0.005466 0.002698 0.49352
7.593750 0.005048 0.002283 0.452236
7.595313 0.004630 0.001868 0.403482
7.596875 0.004211 0.001453 0.345027
7.598438 0.003793 0.001038 0.273655
7.600000 0.003374 0.000623 0.184549
7.601562 0.002955 0.000207 0.0701619
7.603125 0.002536 -0.000208 -0.0820501
7.604688 0.002117 -0.000624 -0.294569
7.606250 0.001698 -0.001039 -0.612099
7.607813 0.001279 -0.001455 -1.13802
7.609375 0.000859 -0.001871 -2.17773
7.610938 0.000439 -0.002287 -5.20309
7.612500 0.000020 -0.002703 -136.449
7.614063 -0.000400 -0.003119 7.79727
7.615625 -0.000820 -0.003535 4.31153
7.617188 -0.001240 -0.003951 3.18674
7.618750 -0.001660 -0.004367 2.63105
7.620313 -0.002080 -0.004784 2.29975
7.621875 -0.002500 -0.005200 2.07974
7.623438 -0.002921 -0.005616 1.92302
7.625000 -0.003341 -0.006033 1.80571
7.626563 -0.003761 -0.006449 1.71459
7.628125 -0.004182 -0.006866 1.64179
7.629688 -0.004602 -0.007282 1.58227
7.631250 -0.005023 -0.007699 1.53271
7.632812 -0.005444 -0.008115 1.4908
7.634375 -0.005864 -0.008532 1.45489
7.635938 -0.006285 -0.008949 1.42379
7.637500 -0.006706 -0.009365 1.39658
7.639063 -0.007127 -0.009782 1.37258
7.640625 -0.007547 -0.010198 1.35125
7.642188 -0.007968 -0.010615 1.33216
7.643750 -0.008389 -0.011031 1.31499
7.645313 -0.008810 -0.011448 1.29946
7.646875 -0.009231 -0.011865 1.28534
7.648438 -0.009651 -0.012281 1.27245
7.650000 -0.010072 -0.012698 1.26063
7.651563 -0.010493 -0.013114 1.24976
7.653125 -0.010914 -0.013530 1.23973
7.654688 -0.011335 -0.013947 1.23044
7.656250 -0.011756 -0.014363 1.22181
7.657813 -0.012176 -0.014779 1.21377
7.659375 -0.012597 -0.015195 1.20628
7.660938 -0.013018 -0.015612 1.19926
7.662500 -0.013438 -0.016028 1.19268
7.664062 -0.013859 -0.016444 1.18651
7.665625 -0.014280 -0.016860 1.18069
7.667188 -0.014700 -0.017276 1.17521
7.668750 -0.015120 -0.017691 1.17003
7.670313 -0.015541 -0.018107 1.16512
7.671875 -0.015961 -0.018523 1.16048
7.673438 -0.016381 -0.018938 1.15607
7.675000 -0.016802 -0.019354 1.15189
7.676563 -0.017222 -0.019769 1.14791
7.678125 -0.017642 -0.020184 1.14411
7.679688 -0.018062 -0.020599 1.14049
7.681250 -0.018482 -0.021014 1.13704
7.682813 -0.018901 -0.021429 1.13374
7.684375 -0.019321 -0.021844 1.13058
7.685938 -0.019741 -0.022259 1.12756
7.687500 -0.020160 -0.022673 1.12466
7.689063 -0.020579 -0.023087 1.12188
7.690625 -0.020999 -0.023502 1.1192
7.692188 -0.021418 -0.023916 1.11664
7.693750 -0.021837 -0.024330 1.11417
7.695312 -0.022256 -0.024744 1.11179
7.696875 -0.022674 -0.025157 1.10951
7.698438 -0.023093 -0.025571 1.1073
7.700000 -0.023511 -0.025984 1.10517
7.701563 -0.023930 -0.026397 1.10312
7.703125 -0.024348 -0.026810 1.10114
7.704688 -0.024766 -0.027223 1.09922
7.706250 -0.025184 -0.027636 1.09737
7.707813 -0.025601 -0.028048 1.09557
7.709375 -0.026019 -0.028461 1.09384
7.710938 -0.026436 -0.028873 1.09216
7.712500 -0.026854 -0.029285 1.09053
7.714063 -0.027271 -0.029696 1.08895
7.715625 -0.027688 -0.030108 1.08742
7.717188 -0.028104 -0.030519 1.08593
7.718750 -0.028521 -0.030930 1.08449
7.720313 -0.028937 -0.031341 1.08308
7.721875 -0.029353 -0.031752 1.08172
7.723438 -0.029769 -0.032162 1.0804
7.725000 -0.030185 -0.032573 1.07911
7.726562 -0.030600 -0.032983 1.07786
7.728125 -0.031016 -0.033393 1.07664
7.729688 -0.031431 -0.033802 1.07545
7.731250 -0.031846 -0.034212 1.07429
7.732813 -0.032260 -0.034621 1.07317
7.734375 -0.032675 -0.035030 1.07207
7.735938 -0.033089 -0.035438 1.071
7.737500 -0.033503 -0.035847 1.06995
7.739063 -0.033917 -0.036255 1.06893
7.740625 -0.034330 -0.036663 1.06794
7.742188 -0.034744 -0.037070 1.06697
7.743750 -0.035157 -0.037478 1.06602
7.745313 -0.035569 -0.037885 1.06509
7.746875 -0.035982 -0.038291 1.06419
7.748438 -0.036394 -0.038698 1.0633
7.750000 -0.036806 -0.039104 1.06244
7.751563 -0.037218 -0.039510 1.06159
7.753125 -0.037630 -0.039916 1.06076
7.754688 -0.038041 -0.040321 1.05995
7.756250 -0.038452 -0.040727 1.05916
7.757812 -0.038862 -0.041131 1.05838
7.759375 -0.039273 -0.041536 1.05762
7.760938 -0.039683 -0.041940 1.05688
7.762500 -0.040093 -0.042344 1.05615
7.764063 -0.040502 -0.042748 1.05544
7.765625 -0.040912 -0.043151 1.05474
7.767188 -0.041321 -0.043554 1.05405
7.768750 -0.041729 -0.043957 1.05338
7.770313 -0.042138 -0.044359 1.05272
7.771875 -0.042546 -0.044761 1.05207
7.773438 -0.042954 -0.045163 1.05144
7.775000 -0.043361 -0.045565 1.05082
7.776563 -0.043768 -0.045966 1.05021
7.778125 -0.044175 -0.046366 1.04961
7.779688 -0.044581 -0.046767 1.04902
7.781250 -0.044988 -0.047167 1.04844
7.782813 -0.045393 -0.047567 1.04787
7.784375 -0.045799 -0.047966 1.04731
7.785938 -0.046204 -0.048365 1.04677
7.787500 -0.046609 -0.048764 1.04623
7.789062 -0.047013 -0.049162 1.0457
7.790625 -0.047418 -0.049560 1.04518
7.792188 -0.047821 -0.049957 1.04467
7.793750 -0.048225 -0.050355 1.04417
7.795313 -0.048628 -0.050752 1.04367
7.796875 -0.049031 -0.051148 1.04318
7.798438 -0.049433 -0.051544 1.04271
7.800000 -0.049835 -0.051940 1.04224
7.801563 -0.050237 -0.052335 1.04177
7.803125 -0.050638 -0.052730 1.04132
7.804688 -0.051039 -0.053125 1.04087
7.806250 -0.051439 -0.053519 1.04043
7.807813 -0.051840 -0.053913 1.03999
7.809375 -0.052239 -0.054306 1.03956
7.810938 -0.052639 -0.054699 1.03914
7.812500 -0.053038 -0.055092 1.03873
7.814063 -0.053436 -0.055484 1.03832
7.815625 -0.053835 -0.055876 1.03792
7.817188 -0.054232 -0.056267 1.03752
7.818750 -0.054630 -0.056658 1.03713
7.820312 -0.055027 -0.057049 1.03674
7.821875 -0.055424 -0.057439 1.03636
7.823438 -0.055820 -0.057829 1.03599
7.825000 -0.056216 -0.058218 1.03562
7.826563 -0.056611 -0.058607 1.03526
7.828125 -0.057006 -0.058995 1.0349
7.829688 -0.057400 -0.059383 1.03454
7.831250 -0.057795 -0.059771 1.0342
7.832813 -0.058188 -0.060158 1.03385
7.834375 -0.058582 -0.060545 1.03351
7.835938 -0.058974 -0.060931 1.03318
7.837500 -0.059367 -0.061317 1.03285
7.839063 -0.059759 -0.061702 1.03252
7.840625 -0.060150 -0.062087 1.0322
7.842188 -0.060541 -0.062472 1.03188
7.843750 -0.060932 -0.062856 1.03157
7.845313 -0.061322 -0.063239 1.03126
7.846875 -0.061712 -0.063622 1.03095
7.848438 -0.062101 -0.064005 1.03065
7.850000 -0.062490 -0.064387 1.03035
7.851562 -0.062879 -0.064769 1.03006
7.853125 -0.063267 -0.065150 1.02977
7.854688 -0.063654 -0.065531 1.02948
7.856250 -0.064041 -0.065911 1.0292
7.857813 -0.064428 -0.066291 1.02892
7.859375 -0.064814 -0.066670 1.02864
7.860938 -0.065199 -0.067049 1.02837
7.862500 -0.065585 -0.067428 1.0281
7.864063 -0.065969 -0.067805 1.02783
7.865625 -0.066353 -0.068183 1.02757
7.867188 -0.066737 -0.068560 1.02731
7.868750 -0.067120 -0.068936 1.02705
7.870313 -0.067503 -0.069312 1.0268
7.871875 -0.067885 -0.069687 1.02655
7.873438 -0.068267 -0.070062 1.0263
7.875000 -0.068648 -0.070437 1.02605
7.876563 -0.069029 -0.070811 1.02581
7.878125 -0.069409 -0.071184 1.02557
7.879688 -0.069789 -0.071557 1.02533
7.881250 -0.070168 -0.071929 1.0251
7.882812 -0.070547 -0.072301 1.02487
7.884375 -0.070925 -0.072673 1.02464
7.885938 -0.071303 -0.073043 1.02441
7.887500 -0.071680 -0.073414 1.02418
7.889063 -0.072057 -0.073783 1.02396
7.890625 -0.072433 -0.074153 1.02374
7.892188 -0.072809 -0.074521 1.02352
7.893750 -0.073184 -0.074890 1.02331
7.895313 -0.073558 -0.075257 1.02309
7.896875 -0.073933 -0.075624 1.02288
7.898438 -0.074306 -0.075991 1.02268
7.900000 -0.074679 -0.076357 1.02247
7.901563 -0.075052 -0.076723 1.02226
7.903125 -0.075424 -0.077088 1.02206
7.904688 -0.075795 -0.077452 1.02186
7.906250 -0.076166 -0.077816 1.02166
7.907813 -0.076536 -0.078179 1.02147
7.909375 -0.076906 -0.078542 1.02127
7.910938 -0.077275 -0.078904 1.02108
7.912500 -0.077644 -0.079266 1.02089
7.914062 -0.078012 -0.079627 1.0207
7.915625 -0.078380 -0.079988 1.02052
7.917188 -0.078747 -0.080348 1.02033
7.918750 -0.079113 -0.080707 1.02015
7.920313 -0.079479 -0.081066 1.01997
7.921875 -0.079844 -0.081424 1.01979
7.923438 -0.080209 -0.081782 1.01961
7.925000 -0.080573 -0.082139 1.01943
7.926563 -0.080937 -0.082496 1.01926
7.928125 -0.081300 -0.082852 1.01909
7.929688 -0.081663 -0.083207 1.01892
7.931250 -0.082025 -0.083562 1.01875
7.932813 -0.082386 -0.083916 1.01858
7.934375 -0.082747 -0.084270 1.01841
7.935938 -0.083107 -0.084623 1.01825
7.937500 -0.083467 -0.084976 1.01808
7.939063 -0.083826 -0.085328 1.01792
7.940625 -0.084184 -0.085679 1.01776
7.942188 -0.084542 -0.086030 1.0176
7.943750 -0.084899 -0.086380 1.01745
7.945312 -0.085256 -0.086730 1.01729
7.946875 -0.085612 -0.087079 1.01714
7.948438 -0.085967 -0.087427 1.01698
7.950000 -0.086322 -0.087775 1.01683
7.951563 -0.086677 -0.088123 1.01668
7.953125 -0.087030 -0.088469 1.01653
7.954688 -0.087384 -0.088815 1.01638
7.956250 -0.087736 -0.089161 1.01624
7.957813 -0.088088 -0.089505 1.01609
7.959375 -0.088439 -0.089850 1.01595
7.960938 -0.088790 -0.090193 1.01581
7.962500 -0.089140 -0.090536 1.01566
7.964063 -0.089489 -0.090879 1.01552
7.965625 -0.089838 -0.091221 1.01539
7.967188 -0.090187 -0.091562 1.01525
7.968750 -0.090534 -0.091902 1.01511
7.970313 -0.090881 -0.092242 1.01498
7.971875 -0.091228 -0.092582 1.01484
7.973438 -0.091573 -0.092920 1.01471
7.975000 -0.091918 -0.093258 1.01458
7.976562 -0.092263 -0.093596 1.01445
7.978125 -0.092607 -0.093933 1.01432
7.979688 -0.092950 -0.094269 1.01419
7.981250 -0.093293 -0.094605 1.01406
7.982813 -0.093635 -0.094940 1.01394
7.984375 -0.093976 -0.095274 1.01381
7.985938 -0.094317 -0.095608 1.01369
7.987500 -0.094657 -0.095940 1.01356
7.989063 -0.094996 -0.096273 1.01344
7.990625 -0.095335 -0.096604 1.01331
7.992188 -0.095673 -0.096934 1.01318
7.993750 -0.096011 -0.097264 1.01305
7.995313 -0.096348 -0.097592 1.01292
7.996875 -0.096684 -0.097920 1.01278
7.998438 -0.097019 -0.098246 1.01264
8.000000 -0.097354 -0.098571 1.0125
8.001563 -0.097689 -0.098895 1.01235
8.003125 -0.098022 -0.099217 1.01219
8.004688 -0.098355 -0.099538 1.01203
8.006250 -0.098686 -0.099857 1.01186
8.007812 -0.099017 -0.100174 1.01169
8.009375 -0.099346 -0.100490 1.01151
8.010938 -0.099674 -0.100804 1.01133
8.012500 -0.100001 -0.101116 1.01115
8.014062 -0.100327 -0.101426 1.01096
8.015625 -0.100651 -0.101734 1.01076
8.017188 -0.100973 -0.102040 1.01057
8.018750 -0.101294 -0.102344 1.01036
8.020313 -0.101613 -0.102646 1.01016
8.021875 -0.101931 -0.102945 1.00995
8.023438 -0.102246 -0.103242 1.00974
8.025000 -0.102560 -0.103537 1.00952
8.026563 -0.102871 -0.103829 1.00931
8.028125 -0.103181 -0.104118 1.00908
8.029687 -0.103488 -0.104405 1.00886
8.031250 -0.103794 -0.104690 1.00863
8.032813 -0.104097 -0.104971 1.0084
8.034375 -0.104397 -0.105250 1.00817
8.035938 -0.104695 -0.105526 1.00793
8.037500 -0.104991 -0.105799 1.0077
8.039062 -0.105284 -0.106069 1.00746
8.040625 -0.105575 -0.106336 1.00721
8.042188 -0.105863 -0.106601 1.00697
8.043750 -0.106148 -0.106862 1.00672
8.045312 -0.106431 -0.107120 1.00647
8.046875 -0.106710 -0.107374 1.00622
8.048438 -0.106987 -0.107626 1.00597
8.050000 -0.107261 -0.107874 1.00572
8.051563 -0.107532 -0.108119 1.00546
8.053125 -0.107800 -0.108361 1.0052
8.054688 -0.108064 -0.108599 1.00495
8.056250 -0.108326 -0.108833 1.00468
8.057813 -0.108584 -0.109065 1.00442
8.059375 -0.108840 -0.109292 1.00416
8.060937 -0.109092 -0.109516 1.00389
8.062500 -0.109340 -0.109737 1.00363
8.064063 -0.109585 -0.109954 1.00336
8.065625 -0.109827 -0.110167 1.00309
8.067188 -0.110066 -0.110376 1.00282
8.068750 -0.110300 -0.110582 1.00255
8.070312 -0.110532 -0.110783 1.00228
8.071875 -0.110760 -0.110981 1.002
8.073438 -0.110984 -0.111176 1.00173
8.075000 -0.111204 -0.111366 1.00145
8.076562 -0.111421 -0.111552 1.00118
8.078125 -0.111634 -0.111734 1.0009
8.079688 -0.111843 -0.111913 1.00062
8.081250 -0.112049 -0.112087 1.00035
8.082813 -0.112250 -0.112258 1.00007
8.084375 -0.112448 -0.112424 0.999786
8.085938 -0.112642 -0.112586 0.999505
8.087500 -0.112832 -0.112744 0.999224
8.089063 -0.113018 -0.112898 0.998942
8.090625 -0.113199 -0.113048 0.99866
8.092187 -0.113377 -0.113193 0.998377
8.093750 -0.113551 -0.113335 0.998093
8.095313 -0.113721 -0.113472 0.997809
8.096875 -0.113887 -0.113605 0.997525
8.098438 -0.114048 -0.113733 0.99724
8.100000 -0.114206 -0.113858 0.996955
8.101562 -0.114359 -0.113978 0.996669
8.103125 -0.114508 -0.114094 0.996383
8.104688 -0.114652 -0.114205 0.996097
8.106250 -0.114793 -0.114312 0.99581
8.107812 -0.114929 -0.114415 0.995524
8.109375 -0.115061 -0.114513 0.995236
8.110938 -0.115189 -0.114607 0.994949
8.112500 -0.115312 -0.114696 0.994661
8.114063 -0.115431 -0.114781 0.994374
8.115625 -0.115545 -0.114862 0.994085
8.117188 -0.115656 -0.114938 0.993797
8.118750 -0.115761 -0.115010 0.993509
8.120313 -0.115863 -0.115077 0.99322
8.121875 -0.115960 -0.115140 0.992931
8.123437 -0.116052 -0.115198 0.992642
8.125000 -0.116140 -0.115252 0.992353
8.126563 -0.116224 -0.115301 0.992063
8.128125 -0.116303 -0.115346 0.991774
8.129688 -0.116377 -0.115386 0.991484
8.131250 -0.116447 -0.115422 0.991194
8.132812 -0.116513 -0.115453 0.990905
8.134375 -0.116574 -0.115479 0.990614
8.135938 -0.116630 -0.115501 0.990324
8.137500 -0.116682 -0.115519 0.990034
8.139062 -0.116729 -0.115532 0.989743
8.140625 -0.116772 -0.115540 0.989453
8.142188 -0.116810 -0.115544 0.989162
8.143750 -0.116844 -0.115543 0.988871
8.145313 -0.116873 -0.115538 0.98858
8.146875 -0.116897 -0.115528 0.988289
8.148438 -0.116917 -0.115513 0.987998
8.150000 -0.116932 -0.115494 0.987706
8.151563 -0.116942 -0.115471 0.987415
8.153125 -0.116948 -0.115442 0.987123
8.154687 -0.116950 -0.115410 0.986831
8.156250 -0.116946 -0.115372 0.986539
8.157813 -0.116939 -0.115330 0.986247
8.159375 -0.116926 -0.115284 0.985955
8.160938 -0.116909 -0.115233 0.985662
8.162500 -0.116887 -0.115177 0.98537
8.164062 -0.116861 -0.115117 0.985077
8.165625 -0.116830 -0.115052 0.984784
8.167188 -0.116794 -0.114983 0.984491
8.168750 -0.116754 -0.114909 0.984197
8.170312 -0.116709 -0.114831 0.983904
8.171875 -0.116660 -0.114748 0.98361
8.173438 -0.116606 -0.114660 0.983316
8.175000 -0.116547 -0.114568 0.983022
8.176563 -0.116484 -0.114472 0.982728
8.178125 -0.116416 -0.114371 0.982433
8.179688 -0.116343 -0.114265 0.982138
8.181250 -0.116266 -0.114155 0.981843
8.182813 -0.116184 -0.114040 0.981548
8.184375 -0.116098 -0.113921 0.981252
8.185937 -0.116007 -0.113798 0.980956
8.187500 -0.115912 -0.113670 0.98066
8.189063 -0.115812 -0.113538 0.980363
8.190625 -0.115707 -0.113401 0.980066
8.192188 -0.115598 -0.113259 0.979769
8.193750 -0.115485 -0.113114 0.979471
8.195312 -0.115366 -0.112964 0.979173
8.196875 -0.115244 -0.112809 0.978875
8.198438 -0.115117 -0.112650 0.978576
8.200000 -0.114985 -0.112487 0.978277
8.201562 -0.114849 -0.112319 0.977977
8.203125 -0.114708 -0.112147 0.977677
8.204688 -0.114563 -0.111971 0.977377
8.206250 -0.114413 -0.111790 0.977076
8.207813 -0.114259 -0.111605 0.976774
8.209375 -0.114101 -0.111416 0.976472
8.210938 -0.113938 -0.111223 0.97617
8.212500 -0.113770 -0.111025 0.975867
8.214063 -0.113599 -0.110823 0.975564
8.215625 -0.113422 -0.110616 0.97526
8.217187 -0.113242 -0.110406 0.974955
8.218750 -0.113057 -0.110191 0.97465
8.220313 -0.112868 -0.109972 0.974344
8.221875 -0.112674 -0.109749 0.974037
8.223438 -0.112476 -0.109521 0.97373
8.225000 -0.112274 -0.109290 0.973422
8.226562 -0.112067 -0.109054 0.973114
8.228125 -0.111857 -0.108815 0.972805
8.229688 -0.111641 -0.108571 0.972495
8.231250 -0.111422 -0.108323 0.972184
8.232812 -0.111199 -0.108071 0.971873
8.234375 -0.110971 -0.107815 0.97156
8.235938 -0.110739 -0.107555 0.971247
8.237500 -0.110503 -0.107291 0.970933
8.239063 -0.110262 -0.107023 0.970618
8.240625 -0.110018 -0.106750 0.970303
8.242188 -0.109769 -0.106474 0.969986
8.243750 -0.109516 -0.106194 0.969669
8.245313 -0.109259 -0.105911 0.96935
8.246875 -0.108998 -0.105623 0.969031
8.248437 -0.108733 -0.105331 0.96871
8.250000 -0.108464 -0.105036 0.968388
8.251563 -0.108191 -0.104736 0.968066
8.253125 -0.107914 -0.104433 0.967742
8.254688 -0.107633 -0.104126 0.967417
8.256250 -0.107348 -0.103815 0.967091
8.257812 -0.107059 -0.103501 0.966764
8.259375 -0.106766 -0.103182 0.966436
8.260938 -0.106469 -0.102860 0.966106
8.262500 -0.106168 -0.102535 0.965775
8.264062 -0.105864 -0.102205 0.965443
8.265625 -0.105555 -0.101872 0.96511
8.267188 -0.105243 -0.101535 0.964775
8.268750 -0.104927 -0.101195 0.964439
8.270313 -0.104607 -0.100851 0.964101
8.271875 -0.104283 -0.100504 0.963762
8.273438 -0.103955 -0.100153 0.963421
8.275000 -0.103624 -0.099798 0.963079
8.276563 -0.103289 -0.099440 0.962735
8.278125 -0.102951 -0.099079 0.96239
8.279687 -0.102608 -0.098714 0.962043
8.281250 -0.102262 -0.098345 0.961694
8.282813 -0.101913 -0.097973 0.961344
8.284375 -0.101560 -0.097598 0.960992
8.285938 -0.101203 -0.097219 0.960638
8.287500 -0.100843 -0.096837 0.960282
8.289062 -0.100479 -0.096452 0.959924
8.290625 -0.100111 -0.096063 0.959564
8.292188 -0.099740 -0.095671 0.959203
8.293750 -0.099366 -0.095276 0.958839
8.295312 -0.098988 -0.094878 0.958473
8.296875 -0.098607 -0.094476 0.958106
8.298438 -0.098223 -0.094071 0.957736
8.300000 -0.097835 -0.093663 0.957364
8.301563 -0.097443 -0.093252 0.956989
8.303125 -0.097049 -0.092838 0.956612
8.304688 -0.096651 -0.092421 0.956233
8.306250 -0.096250 -0.092000 0.955852
8.307813 -0.095845 -0.091577 0.955468
8.309375 -0.095437 -0.091150 0.955081
8.310937 -0.095026 -0.090721 0.954692
8.312500 -0.094612 -0.090289 0.9543
8.314063 -0.094195 -0.089853 0.953906
8.315625 -0.093775 -0.089415 0.953509
8.317188 -0.093351 -0.088974 0.953109
8.318750 -0.092924 -0.088530 0.952706
8.320312 -0.092495 -0.088083 0.9523
8.321875 -0.092062 -0.087633 0.951891
8.323438 -0.091626 -0.087180 0.951479
8.325000 -0.091187 -0.086725 0.951064
8.326562 -0.090746 -0.086267 0.950645
8.328125 -0.090301 -0.085806 0.950224
8.329688 -0.089853 -0.085343 0.949799
8.331250 -0.089403 -0.084877 0.94937
8.332813 -0.088950 -0.084408 0.948938
8.334375 -0.088493 -0.083936 0.948503
8.335938 -0.088034 -0.083462 0.948063
8.337500 -0.087573 -0.082986 0.94762
8.339063 -0.087108 -0.082506 0.947173
8.340625 -0.086641 -0.082025 0.946722
8.342187 -0.086171 -0.081541 0.946267
8.343750 -0.085698 -0.081054 0.945808
8.345313 -0.085223 -0.080565 0.945345
8.346875 -0.084745 -0.080073 0.944877
8.348438 -0.084264 -0.079579 0.944405
8.350000 -0.083781 -0.079083 0.943929
8.351562 -0.083295 -0.078584 0.943448
8.353125 -0.082806 -0.078083 0.942962
8.354688 -0.082316 -0.077580 0.942471
8.356250 -0.081822 -0.077074 0.941975
8.357812 -0.081326 -0.076567 0.941474
8.359375 -0.080828 -0.076057 0.940968
8.360938 -0.080327 -0.075544 0.940456
8.362500 -0.079824 -0.075030 0.939939
8.364063 -0.079319 -0.074513 0.939417
8.365625 -0.078811 -0.073995 0.938889
8.367188 -0.078301 -0.073474 0.938354
8.368750 -0.077789 -0.072951 0.937814
8.370313 -0.077274 -0.072426 0.937268
8.371875 -0.076757 -0.071899 0.936715
8.373437 -0.076238 -0.071371 0.936156
8.375000 -0.075717 -0.070840 0.93559
8.376563 -0.075193 -0.070307 0.935017
8.378125 -0.074668 -0.069772 0.934437
8.379688 -0.074140 -0.069236 0.93385
8.381250 -0.073610 -0.068697 0.933256
8.382812 -0.073078 -0.068157 0.932654
8.384375 -0.072545 -0.067615 0.932045
8.385938 -0.072009 -0.067071 0.931427
8.387500 -0.071471 -0.066525 0.930801
8.389062 -0.070931 -0.065978 0.930167
8.390625 -0.070389 -0.065429 0.929524
8.392188 -0.069846 -0.064878 0.928873
8.393750 -0.069300 -0.064325 0.928212
8.395313 -0.068753 -0.063771 0.927542
8.396875 -0.068204 -0.063215 0.926862
8.398438 -0.067653 -0.062658 0.926172
8.400000 -0.067100 -0.062099 0.925473
8.401563 -0.066545 -0.061539 0.924762
8.403125 -0.065989 -0.060977 0.924041
8.404687 -0.065431 -0.060413 0.923309
8.406250 -0.064871 -0.059848 0.922566
8.407813 -0.064310 -0.059282 0.921811
8.409375 -0.063747 -0.058714 0.921044
8.410938 -0.063183 -0.058145 0.920264
8.412500 -0.062617 -0.057574 0.919472
8.414062 -0.062049 -0.057002 0.918667
8.415625 -0.061480 -0.056429 0.917848
8.417188 -0.060909 -0.055855 0.917015
8.418750 -0.060337 -0.055279 0.916167
8.420312 -0.059764 -0.054702 0.915305
8.421875 -0.059189 -0.054124 0.914427
8.423438 -0.058612 -0.053544 0.913534
8.425000 -0.058035 -0.052964 0.912624
8.426563 -0.057455 -0.052382 0.911698
8.428125 -0.056875 -0.051799 0.910754
8.429688 -0.056293 -0.051215 0.909792
8.431250 -0.055710 -0.050630 0.908811
8.432813 -0.055126 -0.050044 0.907811
8.434375 -0.054541 -0.049457 0.906792
8.435937 -0.053954 -0.048869 0.905752
8.437500 -0.053366 -0.048280 0.90469
8.439063 -0.052777 -0.047690 0.903607
8.440625 -0.052187 -0.047099 0.9025
8.442188 -0.051596 -0.046507 0.90137
8.443750 -0.051003 -0.045914 0.900216
8.445312 -0.050410 -0.045321 0.899036
8.446875 -0.049816 -0.044726 0.89783
8.448438 -0.049220 -0.044131 0.896596
8.450000 -0.048624 -0.043535 0.895335
8.451562 -0.048027 -0.042938 0.894043
8.453125 -0.047428 -0.042340 0.892721
8.454688 -0.046829 -0.041742 0.891368
8.456250 -0.046229 -0.041143 0.889981
8.457813 -0.045628 -0.040543 0.888559
8.459375 -0.045027 -0.039943 0.887102
8.460938 -0.044424 -0.039342 0.885607
8.462500 -0.043821 -0.038741 0.884074
8.464063 -0.043216 -0.038139 0.8825
8.465625 -0.042612 -0.037536 0.880883
8.467187 -0.042006 -0.036933 0.879222
8.468750 -0.041400 -0.036329 0.877515
8.470313 -0.040793 -0.035725 0.87576
8.471875 -0.040185 -0.035120 0.873954
8.473438 -0.039577 -0.034515 0.872095
8.475000 -0.038968 -0.033909 0.870181
8.476562 -0.038359 -0.033303 0.868208
8.478125 -0.037749 -0.032697 0.866175
8.479688 -0.037138 -0.032090 0.864078
8.481250 -0.036527 -0.031483 0.861913
8.482812 -0.035916 -0.030876 0.859678
8.484375 -0.035304 -0.030268 0.857369
8.485938 -0.034692 -0.029661 0.854981
8.487500 -0.034079 -0.029052 0.852511
8.489063 -0.033465 -0.028444 0.849953
8.490625 -0.032852 -0.027836 0.847304
8.492188 -0.032238 -0.027227 0.844557
8.493750 -0.031624 -0.026618 0.841707
8.495313 -0.031009 -0.026009 0.838749
8.496875 -0.030394 -0.025400 0.835674
8.498437 -0.029779 -0.024790 0.832477
8.500000 -0.029164 -0.024181 0.829149
8.501563 -0.028548 -0.023572 0.825682
8.503125 -0.027932 -0.022962 0.822067
8.504688 -0.027316 -0.022353 0.818294
8.506250 -0.026700 -0.021743 0.814352
8.507812 -0.026084 -0.021134 0.810229
8.509375 -0.025468 -0.020525 0.805912
8.510938 -0.024851 -0.019915 0.801386
8.512500 -0.024235 -0.019306 0.796636
8.514062 -0.023618 -0.018697 0.791644
8.515625 -0.023001 -0.018088 0.786392
8.517188 -0.022385 -0.017479 0.780856
8.518750 -0.021768 -0.016871 0.775015
8.520313 -0.021152 -0.016262 0.768841
8.521875 -0.020535 -0.015654 0.762304
8.523438 -0.019919 -0.015046 0.755371
8.525000 -0.019302 -0.014438 0.748004
8.526563 -0.018686 -0.013831 0.740162
8.528125 -0.018070 -0.013224 0.731795
8.529687 -0.017454 -0.012617 0.722848
8.531250 -0.016838 -0.012010 0.713258
8.532813 -0.016223 -0.011404 0.702954
8.534375 -0.015608 -0.010798 0.69185
8.535938 -0.014992 -0.010193 0.67985
8.537500 -0.014378 -0.009588 0.666839
8.539062 -0.013763 -0.008983 0.652683
8.540625 -0.013149 -0.008379 0.637223
8.542188 -0.012535 -0.007775 0.620268
8.543750 -0.011921 -0.007172 0.601591
8.545312 -0.011308 -0.006569 0.580912
8.546875 -0.010695 -0.005967 0.557891
8.548438 -0.010083 -0.005365 0.532103
8.550000 -0.009471 -0.004764 0.503016
8.551563 -0.008859 -0.004163 0.469951
8.553125 -0.008248 -0.003563 0.43203
8.554688 -0.007637 -0.002964 0.388095
8.556250 -0.007027 -0.002365 0.336589
8.557813 -0.006417 -0.001767 0.275366
8.559375 -0.005808 -0.001170 0.201383
8.560937 -0.005200 -0.000573 0.110184
8.562500 -0.004592 0.000023 -0.0050424
8.564063 -0.003984 0.000619 -0.155242
8.565625 -0.003377 0.001213 -0.359203
8.567188 -0.002771 0.001807 -0.652099
8.568750 -0.002166 0.002400 -1.10836
8.570312 -0.001561 0.002993 -1.91757
8.571875 -0.000956 0.003584 -3.74784
8.573438 -0.000353 0.004175 -11.836
8.575000 0.000250 0.004765 19.047
8.576562 0.000852 0.005354 6.28152
8.578125 0.001454 0.005942 4.08744
8.579688 0.002054 0.006529 3.17825
8.581250 0.002654 0.007116 2.68089
8.582813 0.003253 0.007701 2.36719
8.584375 0.003852 0.008286 2.15127
8.585938 0.004449 0.008869 1.99357
8.587500 0.005046 0.009452 1.87333
8.589063 0.005641 0.010034 1.77862
8.590625 0.006236 0.010614 1.70208
8.592187 0.006830 0.011194 1.63894
8.593750 0.007423 0.011773 1.58595
8.595313 0.008015 0.012350 1.54086
8.596875 0.008606 0.012927 1.50201
8.598438 0.009196 0.013502 1.4682
8.600000 0.009786 0.014077 1.43849
8.601562 0.010374 0.014650 1.41219
8.603125 0.010961 0.015222 1.38874
8.604688 0.011547 0.015793 1.36769
8.606250 0.012132 0.016363 1.3487
8.607812 0.012716 0.016932 1.33148
8.609375 0.013299 0.017499 1.31578
8.610938 0.013881 0.018065 1.30143
8.612500 0.014462 0.018631 1.28824
8.614063 0.015042 0.019195 1.27608
8.615625 0.015620 0.019757 1.26484
8.617188 0.016198 0.020319 1.25442
8.618750 0.016774 0.020879 1.24472
8.620313 0.017349 0.021438 1.23568
8.621875 0.017923 0.021995 1.22722
8.623437 0.018496 0.022552 1.21931
8.625000 0.019067 0.023107 1.21187
8.626563 0.019637 0.023660 1.20488
8.628125 0.020206 0.024213 1.19829
8.629688 0.020774 0.024764 1.19206
8.631250 0.021340 0.025313 1.18618
8.632812 0.021905 0.025862 1.18061
8.634375 0.022469 0.026408 1.17532
8.635938 0.023032 0.026954 1.1703
8.637500 0.023593 0.027498 1.16552
8.639062 0.024153 0.028040 1.16097
8.640625 0.024711 0.028581 1.15663
8.642188 0.025268 0.029121 1.15249
8.643750 0.025824 0.029659 1.14853
8.645313 0.026378 0.030196 1.14474
8.646875 0.026931 0.030731 1.14111
8.648438 0.027482 0.031265 1.13764
8.650000 0.028032 0.031797 1.1343
8.651563 0.028581 0.032328 1.1311
8.653125 0.029128 0.032857 1.12802
8.654687 0.029673 0.033384 1.12506
8.656250 0.030217 0.033910 1.12221
8.657813 0.030760 0.034434 1.11946
8.659375 0.031301 0.034957 1.11681
8.660938 0.031840 0.035478 1.11425
8.662500 0.032378 0.035998 1.11179
8.664062 0.032915 0.036516 1.1094
8.665625 0.033450 0.037032 1.1071
8.667188 0.033983 0.037547 1.10487
8.668750 0.034515 0.038060 1.10271
8.670312 0.035045 0.038571 1.10062
8.671875 0.035573 0.039081 1.0986
8.673438 0.036100 0.039589 1.09664
8.675000 0.036625 0.040095 1.09473
8.676563 0.037149 0.040599 1.09289
8.678125 0.037671 0.041102 1.09109
8.679688 0.038191 0.041603 1.08935
8.681250 0.038709 0.042102 1.08765
8.682813 0.039226 0.042600 1.08601
8.684375 0.039741 0.043096 1.08441
8.685937 0.040255 0.043590 1.08285
8.687500 0.040766 0.044082 1.08133
8.689063 0.041276 0.044572 1.07985
8.690625 0.041785 0.045061 1.07841
8.692188 0.042291 0.045548 1.07701
8.693750 0.042796 0.046033 1.07564
8.695312 0.043299 0.046516 1.0743
8.696875 0.043800 0.046997 1.073
8.698438 0.044299 0.047477 1.07173
8.700000 0.044797 0.047954 1.07049
8.701562 0.045292 0.048430 1.06928
8.703125 0.045786 0.048904 1.06809
8.704688 0.046278 0.049376 1.06693
8.706250 0.046768 0.049846 1.0658
8.707813 0.047257 0.050314 1.0647
8.709375 0.047743 0.050780 1.06361
8.710938 0.048228 0.051245 1.06255
8.712500 0.048711 0.051707 1.06152
8.714063 0.049191 0.052168 1.0605
8.715625 0.049670 0.052626 1.05951
8.717187 0.050147 0.053083 1.05853
8.718750 0.050622 0.053537 1.05758
8.720313 0.051096 0.053990 1.05664
8.721875 0.051567 0.054441 1.05573
8.723438 0.052036 0.054889 1.05483
8.725000 0.052503 0.055336 1.05395
8.726562 0.052969 0.055780 1.05308
8.728125 0.053432 0.056223 1.05223
8.729688 0.053893 0.056664 1.0514
8.731250 0.054353 0.057102 1.05058
8.732812 0.054810 0.057539 1.04978
8.734375 0.055266 0.057973 1.04899
8.735938 0.055719 0.058406 1.04822
8.737500 0.056171 0.058836 1.04746
8.739063 0.056620 0.059265 1.04671
8.740625 0.057067 0.059691 1.04598
8.742188 0.057513 0.060115 1.04526
8.743750 0.057956 0.060537 1.04455
8.745313 0.058397 0.060957 1.04385
8.746875 0.058836 0.061375 1.04316
8.748437 0.059273 0.061791 1.04249
8.750000 0.059708 0.062205 1.04182
8.751563 0.060141 0.062617 1.04117
8.753125 0.060572 0.063026 1.04052
8.754688 0.061000 0.063434 1.03989
8.756250 0.061427 0.063839 1.03927
8.757812 0.061851 0.064242 1.03865
8.759375 0.062274 0.064643 1.03805
8.760938 0.062694 0.065042 1.03745
8.762500 0.063112 0.065439 1.03686
8.764062 0.063528 0.065833 1.03628
8.765625 0.063942 0.066225 1.03571
8.767188 0.064353 0.066616 1.03515
8.768750 0.064763 0.067004 1.0346
8.770313 0.065170 0.067389 1.03405
8.771875 0.065575 0.067773 1.03351
8.773438 0.065978 0.068155 1.03298
8.775000 0.066379 0.068534 1.03246
8.776563 0.066778 0.068911 1.03194
8.778125 0.067174 0.069286 1.03143
8.779687 0.067569 0.069658 1.03093
8.781250 0.067961 0.070029 1.03043
8.782813 0.068350 0.070397 1.02994
8.784375 0.068738 0.070763 1.02946
8.785938 0.069123 0.071127 1.02898
8.787500 0.069507 0.071488 1.02851
8.789062 0.069888 0.071847 1.02804
8.790625 0.070266 0.072204 1.02758
8.792188 0.070643 0.072559 1.02713
8.793750 0.071017 0.072912 1.02668
8.795312 0.071389 0.073262 1.02624
8.796875 0.071759 0.073610 1.0258
8.798438 0.072126 0.073956 1.02536
8.800000 0.072491 0.074299 1.02494
8.801563 0.072854 0.074640 1.02451
8.803125 0.073215 0.074979 1.0241
8.804688 0.073573 0.075316 1.02368
8.806250 0.073930 0.075650 1.02327
8.807813 0.074283 0.075982 1.02287
8.809375 0.074635 0.076312 1.02247
8.810937 0.074984 0.076640 1.02208
8.812500 0.075331 0.076965 1.02168
8.814063 0.075676 0.077288 1.0213
8.815625 0.076018 0.077608 1.02092
8.817188 0.076358 0.077927 1.02054
8.818750 0.076696 0.078243 1.02016
8.820312 0.077032 0.078556 1.01979
8.821875 0.077365 0.078868 1.01943
8.823438 0.077696 0.079177 1.01906
8.825000 0.078024 0.079483 1.0187
8.826562 0.078350 0.079788 1.01835
8.828125 0.078674 0.080090 1.01799
8.829688 0.078996 0.080390 1.01765
8.831250 0.079315 0.080687 1.0173
8.832813 0.079632 0.080982 1.01696
8.834375 0.079946 0.081275 1.01662
8.835938 0.080258 0.081565 1.01628
8.837500 0.080568 0.081853 1.01595
8.839063 0.080875 0.082139 1.01562
8.840625 0.081181 0.082422 1.0153
8.842187 0.081483 0.082703 1.01497
8.843750 0.081784 0.082982 1.01465
8.845313 0.082082 0.083258 1.01434
8.846875 0.082377 0.083532 1.01402
8.848438 0.082671 0.083804 1.01371
8.850000 0.082962 0.084073 1.0134
8.851562 0.083250 0.084340 1.01309
8.853125 0.083537 0.084605 1.01279
8.854688 0.083820 0.084867 1.01249
8.856250 0.084102 0.085127 1.01219
8.857812 0.084381 0.085385 1.01189
8.859375 0.084658 0.085640 1.0116
8.860938 0.084932 0.085892 1.01131
8.862500 0.085204 0.086143 1.01102
8.864063 0.085474 0.086391 1.01073
8.865625 0.085741 0.086637 1.01045
8.867188 0.086006 0.086880 1.01017
8.868750 0.086268 0.087121 1.00989
8.870313 0.086528 0.087359 1.00961
8.871875 0.086786 0.087596 1.00933
8.873437 0.087041 0.087830 1.00906
8.875000 0.087294 0.088061 1.00879
8.876563 0.087544 0.088290 1.00852
8.878125 0.087792 0.088517 1.00825
8.879688 0.088038 0.088741 1.00799
8.881250 0.088281 0.088963 1.00772
8.882812 0.088522 0.089183 1.00746
8.884375 0.088761 0.089400 1.0072
8.885938 0.088997 0.089615 1.00694
8.887500 0.089231 0.089827 1.00669
8.889062 0.089462 0.090038 1.00643
8.890625 0.089691 0.090245 1.00618
8.892188 0.089918 0.090451 1.00593
8.893750 0.090142 0.090654 1.00568
8.895313 0.090363 0.090854 1.00543
8.896875 0.090583 0.091053 1.00519
8.898438 0.090800 0.091248 1.00494
8.900000 0.091014 0.091442 1.0047
8.901563 0.091226 0.091633 1.00446
8.903125 0.091436 0.091822 1.00422
8.904687 0.091643 0.092008 1.00398
8.906250 0.091848 0.092192 1.00374
8.907813 0.092051 0.092374 1.00351
8.909375 0.092251 0.092553 1.00328
8.910938 0.092449 0.092730 1.00304
8.912500 0.092644 0.092905 1.00281
8.914062 0.092837 0.093077 1.00258
8.915625 0.093028 0.093247 1.00235
8.917188 0.093216 0.093414 1.00213
8.918750 0.093402 0.093579 1.0019
8.920312 0.093585 0.093742 1.00168
8.921875 0.093766 0.093902 1.00146
8.923438 0.093945 0.094060 1.00123
8.925000 0.094121 0.094216 1.00101
8.926563 0.094295 0.094369 1.00079
8.928125 0.094466 0.094520 1.00058
8.929688 0.094635 0.094669 1.00036
8.931250 0.094802 0.094815 1.00014
8.932813 0.094966 0.094959 0.999929
8.934375 0.095128 0.095101 0.999715
8.935937 0.095287 0.095240 0.999503
8.937500 0.095444 0.095377 0.999291
8.939063 0.095599 0.095511 0.999081
8.940625 0.095751 0.095643 0.998872
8.942188 0.095901 0.095773 0.998663
8.943750 0.096049 0.095900 0.998456
8.945312 0.096194 0.096026 0.99825
8.946875 0.096337 0.096148 0.998045
8.948438 0.096477 0.096269 0.99784
8.950000 0.096615 0.096387 0.997637
8.951562 0.096751 0.096503 0.997434
8.953125 0.096884 0.096616 0.997233
8.954688 0.097015 0.096727 0.997032
8.956250 0.097144 0.096836 0.996833
8.957813 0.097270 0.096942 0.996634
8.959375 0.097394 0.097047 0.996436
8.960938 0.097515 0.097148 0.996238
8.962500 0.097634 0.097248 0.996042
8.964063 0.097751 0.097345 0.995847
8.965625 0.097866 0.097440 0.995652
8.967187 0.097978 0.097533 0.995458
8.968750 0.098087 0.097623 0.995265
8.970313 0.098195 0.097711 0.995072
8.971875 0.098300 0.097796 0.994881
8.973438 0.098402 0.097880 0.99469
8.975000 0.098503 0.097961 0.994499
8.976562 0.098601 0.098040 0.99431
8.978125 0.098696 0.098116 0.994121
8.979688 0.098790 0.098190 0.993933
8.981250 0.098881 0.098262 0.993746
8.982812 0.098969 0.098332 0.993559
8.984375 0.099056 0.098399 0.993373
8.985938 0.099140 0.098464 0.993187
8.987500 0.099221 0.098527 0.993002
8.989063 0.099301 0.098588 0.992818
8.990625 0.099378 0.098646 0.992634
8.992188 0.099453 0.098702 0.992451
8.993750 0.099525 0.098756 0.992269
8.995313 0.099595 0.098807 0.992087
8.996875 0.099663 0.098856 0.991905
8.998437 0.099729 0.098903 0.991724
9.000000 0.099792 0.098948 0.991544
9.001563 0.099853 0.098990 0.991364
9.003125 0.099911 0.099031 0.991185
9.004688 0.099968 0.099069 0.991006
9.006250 0.100022 0.099104 0.990828
9.007812 0.100074 0.099138 0.99065
9.009375 0.100123 0.099169 0.990473
9.010938 0.100170 0.099198 0.990296
9.012500 0.100215 0.099225 0.99012
9.014062 0.100258 0.099250 0.989944
9.015625 0.100298 0.099272 0.989768
9.017188 0.100337 0.099292 0.989593
9.018750 0.100372 0.099310 0.989418
9.020313 0.100406 0.099326 0.989244
9.021875 0.100438 0.099340 0.98907
9.023438 0.100467 0.099351 0.988897
9.025000 0.100494 0.099360 0.988724
9.026563 0.100518 0.099367 0.988551
9.028125 0.100541 0.099372 0.988379
9.029687 0.100561 0.099375 0.988206
9.031250 0.100579 0.099375 0.988035
9.032813 0.100595 0.099374 0.987863
9.034375 0.100608 0.099370 0.987692
9.035938 0.100619 0.099364 0.987522
9.037500 0.100629 0.099356 0.987351
9.039062 0.100635 0.099345 0.987181
9.040625 0.100640 0.099333 0.987011
9.042188 0.100643 0.099318 0.986842
9.043750 0.100643 0.099302 0.986672
9.045312 0.100641 0.099283 0.986503
9.046875 0.100637 0.099262 0.986335
9.048438 0.100631 0.099238 0.986166
9.050000 0.100622 0.099213 0.985998
9.051563 0.100611 0.099186 0.98583
9.053125 0.100599 0.099156 0.985662
9.054688 0.100584 0.099125 0.985494
9.056250 0.100566 0.099091 0.985327
9.057813 0.100547 0.099055 0.985159
9.059375 0.100526 0.099017 0.984992
9.060937 0.100502 0.098977 0.984825
9.062500 0.100476 0.098935 0.984659
9.064063 0.100448 0.098891 0.984492
9.065625 0.100418 0.098844 0.984326
9.067188 0.100386 0.098796 0.984159
9.068750 0.100352 0.098746 0.983993
9.070312 0.100315 0.098693 0.983827
9.071875 0.100277 0.098638 0.983661
9.073438 0.100236 0.098582 0.983496
9.075000 0.100193 0.098523 0.98333
9.076562 0.100148 0.098462 0.983164
9.078125 0.100102 0.098400 0.982999
9.079688 0.100052 0.098335 0.982833
9.081250 0.100001 0.098268 0.982668
9.082813 0.099948 0.098199 0.982503
9.084375 0.099893 0.098128 0.982337
9.085938 0.099835 0.098055 0.982172
9.087500 0.099776 0.097980 0.982007
9.089063 0.099714 0.097904 0.981842
9.090625 0.099651 0.097825 0.981677
9.092187 0.099585 0.097744 0.981512
9.093750 0.099517 0.097661 0.981347
9.095313 0.099447 0.097576 0.981182
9.096875 0.099375 0.097489 0.981017
9.098438 0.099302 0.097400 0.980851
9.100000 0.099226 0.097309 0.980686
9.101562 0.099148 0.097216 0.980521
9.103125 0.099068 0.097122 0.980356
9.104688 0.098986 0.097025 0.980191
9.106250 0.098902 0.096926 0.980025
9.107812 0.098816 0.096826 0.97986
9.109375 0.098728 0.096723 0.979695
9.110938 0.098638 0.096619 0.979529
9.112500 0.098546 0.096512 0.979363
9.114063 0.098452 0.096404 0.979198
9.115625 0.098356 0.096294 0.979032
9.117188 0.098258 0.096181 0.978866
9.118750 0.098158 0.096067 0.9787
9.120313 0.098056 0.095951 0.978534
9.121875 0.097952 0.095833 0.978367
9.123437 0.097847 0.095714 0.978201
9.125000 0.097739 0.095592 0.978034
9.126563 0.097629 0.095468 0.977867
9.128125 0.097518 0.095343 0.9777
9.129688 0.097404 0.095216 0.977533
9.131250 0.097289 0.095087 0.977366
9.132812 0.097171 0.094956 0.977198
9.134375 0.097052 0.094823 0.977031
9.135938 0.096931 0.094688 0.976863
9.137500 0.096808 0.094551 0.976694
9.139062 0.096683 0.094413 0.976526
9.140625 0.096556 0.094273 0.976357
9.142188 0.096427 0.094131 0.976188
9.143750 0.096296 0.093987 0.976019
9.145313 0.096164 0.093841 0.97585
9.146875 0.096029 0.093694 0.97568
9.148438 0.095893 0.093544 0.97551
9.150000 0.095755 0.093393 0.97534
9.151563 0.095615 0.093240 0.975169
9.153125 0.095473 0.093086 0.974998
9.154687 0.095329 0.092929 0.974827
9.156250 0.095183 0.092771 0.974655
9.157813 0.095036 0.092611 0.974483
9.159375 0.094887 0.092449 0.974311
9.160938 0.094736 0.092286 0.974138
9.162500 0.094583 0.092120 0.973965
9.164062 0.094428 0.091953 0.973792
9.165625 0.094272 0.091785 0.973618
9.167188 0.094113 0.091614 0.973444
9.168750 0.093953 0.091442 0.973269
9.170312 0.093792 0.091268 0.973094
9.171875 0.093628 0.091092 0.972919
9.173438 0.093463 0.090915 0.972743
9.175000 0.093295 0.090736 0.972567
9.176563 0.093126 0.090555 0.97239
9.178125 0.092956 0.090373 0.972213
9.179688 0.092783 0.090189 0.972035
9.181250 0.092609 0.090003 0.971857
9.182813 0.092433 0.089815 0.971678
9.184375 0.092256 0.089626 0.971499
9.185937 0.092076 0.089435 0.971319
9.187500 0.091895 0.089243 0.971139
9.189063 0.091712 0.089049 0.970958
9.190625 0.091528 0.088853 0.970776
9.192188 0.091342 0.088656 0.970594
9.193750 0.091154 0.088457 0.970412
9.195312 0.090964 0.088256 0.970229
9.196875 0.090773 0.088054 0.970045
9.198438 0.090580 0.087850 0.96986
9.200000 0.090385 0.087644 0.969675
9.201562 0.090189 0.087437 0.96949
9.203125 0.089991 0.087229 0.969303
9.204688 0.089791 0.087018 0.969116
9.206250 0.089590 0.086806 0.968929
9.207813 0.089387 0.086593 0.96874
9.209375 0.089183 0.086378 0.968551
9.210938 0.088976 0.086161 0.968362
9.212500 0.088769 0.085943 0.968171
9.214063 0.088559 0.085724 0.96798
9.215625 0.088348 0.085502 0.967788
9.217187 0.088136 0.085280 0.967595
9.218750 0.087921 0.085055 0.967402
9.220313 0.087706 0.084829 0.967207
9.221875 0.087488 0.084602 0.967012
9.223438 0.087269 0.084373 0.966816
9.225000 0.087049 0.084143 0.966619
9.226562 0.086827 0.083911 0.966421
9.228125 0.086603 0.083678 0.966223
9.229688 0.086378 0.083443 0.966023
9.231250 0.086151 0.083207 0.965823
9.232812 0.085923 0.082969 0.965622
9.234375 0.085693 0.082729 0.96542
9.235938 0.085461 0.082489 0.965216
9.237500 0.085228 0.082246 0.965012
9.239063 0.084994 0.082003 0.964807
9.240625 0.084758 0.081758 0.964601
9.242188 0.084521 0.081511 0.964394
9.243750 0.084282 0.081263 0.964186
9.245313 0.084041 0.081014 0.963977
9.246875 0.083799 0.080763 0.963766
9.248437 0.083556 0.080511 0.963555
9.250000 0.083311 0.080257 0.963342
9.251563 0.083065 0.080002 0.963129
9.253125 0.082817 0.079746 0.962914
9.254688 0.082568 0.079488 0.962698
9.256250 0.082317 0.079229 0.962481
9.257812 0.082065 0.078968 0.962263
9.259375 0.081811 0.078706 0.962043
9.260938 0.081556 0.078443 0.961822
9.262500 0.081300 0.078178 0.9616
9.264062 0.081042 0.077912 0.961377
9.265625 0.080783 0.077645 0.961152
9.267188 0.080522 0.077376 0.960926
9.268750 0.080260 0.077106 0.960699
9.270313 0.079997 0.076835 0.96047
9.271875 0.079732 0.076562 0.96024
9.273438 0.079466 0.076288 0.960009
9.275000 0.079198 0.076013 0.959776
9.276563 0.078929 0.075736 0.959541
9.278125 0.078659 0.075458 0.959305
9.279687 0.078388 0.075179 0.959068
9.281250 0.078115 0.074899 0.958829
9.282813 0.077840 0.074617 0.958588
9.284375 0.077565 0.074334 0.958346
9.285938 0.077288 0.074050 0.958102
9.287500 0.077009 0.073764 0.957857
9.289062 0.076730 0.073477 0.95761
9.290625 0.076449 0.073189 0.957361
9.292188 0.076167 0.072900 0.95711
9.293750 0.075883 0.072609 0.956858
9.295312 0.075598 0.072318 0.956604
9.296875 0.075312 0.072025 0.956348
9.298438 0.075025 0.071731 0.95609
9.300000 0.074736 0.071435 0.955831
9.301563 0.074447 0.071139 0.955569
9.303125 0.074155 0.070841 0.955305
9.304688 0.073863 0.070542 0.95504
9.306250 0.073570 0.070242 0.954772
9.307813 0.073275 0.069941 0.954503
9.309375 0.072979 0.069638 0.954231
9.310937 0.072681 0.069335 0.953957
9.312500 0.072383 0.069030 0.953681
9.314063 0.072083 0.068724 0.953403
9.315625 0.071782 0.068417 0.953122
9.317188 0.071480 0.068109 0.952839
9.318750 0.071177 0.067800 0.952554
9.320312 0.070872 0.067489 0.952267
9.321875 0.070567 0.067178 0.951977
9.323438 0.070260 0.066865 0.951685
9.325000 0.069952 0.066551 0.95139
9.326562 0.069643 0.066237 0.951093
9.328125 0.069332 0.065921 0.950793
9.329688 0.069021 0.065604 0.95049
9.331250 0.068708 0.065285 0.950185
9.332813 0.068394 0.064966 0.949877
9.334375 0.068080 0.064646 0.949567
9.335938 0.067764 0.064325 0.949253
9.337500 0.067447 0.064002 0.948937
9.339063 0.067128 0.063679 0.948617
9.340625 0.066809 0.063355 0.948295
9.342187 0.066489 0.063029 0.94797
9.343750 0.066167 0.062703 0.947641
9.345313 0.065845 0.062375 0.94731
9.346875 0.065521 0.062047 0.946975
9.348438 0.065196 0.061717 0.946637
9.350000 0.064870 0.061387 0.946296
9.351562 0.064544 0.061055 0.945951
9.353125 0.064216 0.060723 0.945603
9.354688 0.063887 0.060389 0.945251
9.356250 0.063557 0.060055 0.944896
9.357812 0.063226 0.059719 0.944537
9.359375 0.062894 0.059383 0.944174
9.360938 0.062561 0.059045 0.943807
9.362500 0.062227 0.058707 0.943437
9.364063 0.061892 0.058368 0.943062
9.365625 0.061556 0.058028 0.942684
9.367188 0.061219 0.057686 0.942301
9.368750 0.060881 0.057344 0.941914
9.370313 0.060542 0.057001 0.941523
9.371875 0.060202 0.056657 0.941128
9.373437 0.059861 0.056313 0.940728
9.375000 0.059519 0.055967 0.940323
9.376563 0.059176 0.055620 0.939914
9.378125 0.058832 0.055273 0.9395
9.379688 0.058487 0.054924 0.939081
9.381250 0.058142 0.054575 0.938658
9.382812 0.057795 0.054225 0.938229
9.384375 0.057447 0.053874 0.937795
9.385938 0.057099 0.053522 0.937356
9.387500 0.056750 0.053169 0.936911
9.389062 0.056399 0.052816 0.936461
9.390625 0.056048 0.052461 0.936005
9.392188 0.055696 0.052106 0.935544
9.393750 0.055343 0.051750 0.935076
9.395313 0.054989 0.051393 0.934603
9.396875 0.054635 0.051035 0.934124
9.398438 0.054279 0.050677 0.933638
9.400000 0.053923 0.050318 0.933146
9.401563 0.053565 0.049958 0.932647
9.403125 0.053207 0.049597 0.932141
9.404687 0.052848 0.049235 0.931629
9.406250 0.052488 0.048872 0.93111
9.407813 0.052128 0.048509 0.930583
9.409375 0.051766 0.048145 0.930049
9.410938 0.051404 0.047780 0.929508
9.412500 0.051041 0.047415 0.928959
9.414062 0.050677 0.047049 0.928402
9.415625 0.050312 0.046682 0.927836
9.417188 0.049947 0.046314 0.927263
9.418750 0.049580 0.045945 0.926681
9.420312 0.049213 0.045576 0.92609
9.421875 0.048846 0.045206 0.925491
9.423438 0.048477 0.044835 0.924882
9.425000 0.048108 0.044464 0.924264
9.426563 0.047737 0.044092 0.923636
9.428125 0.047367 0.043719 0.922999
9.429688 0.046995 0.043346 0.922351
9.431250 0.046623 0.042972 0.921693
9.432813 0.046249 0.042597 0.921024
9.434375 0.045876 0.042221 0.920344
9.435937 0.045501 0.041845 0.919653
9.437500 0.045126 0.041468 0.918951
9.439063 0.044750 0.041091 0.918236
9.440625 0.044373 0.040713 0.917509
9.442188 0.043996 0.040334 0.91677
9.443750 0.043618 0.039955 0.916018
9.445312 0.043239 0.039575 0.915253
9.446875 0.042860 0.039194 0.914474
9.448438 0.042480 0.038813 0.913681
9.450000 0.042099 0.038431 0.912873
9.451562 0.041717 0.038048 0.912051
9.453125 0.041335 0.037665 0.911213
9.454688 0.040953 0.037282 0.91036
9.456250 0.040569 0.036897 0.90949
9.457813 0.040185 0.036512 0.908604
9.459375 0.039801 0.036127 0.9077
9.460938 0.039415 0.035741 0.906778
9.462500 0.039030 0.035354 0.905839
9.464063 0.038643 0.034967 0.90488
9.465625 0.038256 0.034580 0.903901
9.467187 0.037868 0.034191 0.902903
9.468750 0.037480 0.033803 0.901883
9.470313 0.037091 0.033413 0.900843
9.471875 0.036702 0.033023 0.899779
9.473438 0.036312 0.032633 0.898693
9.475000 0.035921 0.032242 0.897583
9.476562 0.035530 0.031851 0.896449
9.478125 0.035138 0.031459 0.895288
9.479688 0.034746 0.031066 0.894102
9.481250 0.034353 0.030673 0.892888
9.482812 0.033960 0.030280 0.891646
9.484375 0.033566 0.029886 0.890374
9.485938 0.033171 0.029492 0.889072
9.487500 0.032776 0.029097 0.887738
9.489063 0.032381 0.028701 0.886372
9.490625 0.031985 0.028306 0.884971
9.492188 0.031588 0.027909 0.883535
9.493750 0.031191 0.027513 0.882062
9.495313 0.030794 0.027115 0.880551
9.496875 0.030396 0.026718 0.879
9.498437 0.029997 0.026320 0.877407
9.500000 0.029598 0.025921 0.875771
9.501563 0.029199 0.025522 0.87409
9.503125 0.028799 0.025123 0.872362
9.504688 0.028398 0.024723 0.870585
9.506250 0.027998 0.024323 0.868757
9.507812 0.027596 0.023922 0.866875
9.509375 0.027194 0.023521 0.864937
9.510938 0.026792 0.023120 0.86294
9.512500 0.026390 0.022718 0.860883
9.514062 0.025987 0.022316 0.85876
9.515625 0.025583 0.021914 0.856571
9.517188 0.025179 0.021511 0.85431
9.518750 0.024775 0.021108 0.851976
9.520313 0.024370 0.020704 0.849563
9.521875 0.023965 0.020300 0.847068
9.523438 0.023559 0.019896 0.844487
9.525000 0.023154 0.019491 0.841814
9.526563 0.022747 0.019086 0.839046
9.528125 0.022341 0.018681 0.836176
9.529687 0.021934 0.018275 0.833198
9.531250 0.021526 0.017869 0.830108
9.532813 0.021118 0.017463 0.826897
9.534375 0.020710 0.017056 0.823559
9.535938 0.020302 0.016649 0.820086
9.537500 0.019893 0.016242 0.816469
9.539062 0.019484 0.015834 0.812699
9.540625 0.019074 0.015426 0.808767
9.542188 0.018664 0.015018 0.804661
9.543750 0.018254 0.014610 0.800369
9.545312 0.017843 0.014201 0.795879
9.546875 0.017433 0.013792 0.791176
9.548438 0.017021 0.013383 0.786245
9.550000 0.016610 0.012974 0.781068
9.551563 0.016198 0.012564 0.775627
9.553125 0.015786 0.012154 0.7699
9.554688 0.015374 0.011744 0.763865
9.556250 0.014961 0.011333 0.757495
9.557813 0.014548 0.010922 0.750762
9.559375 0.014135 0.010511 0.743634
9.560937 0.013722 0.010100 0.736075
9.562500 0.013308 0.009689 0.728043
9.564063 0.012894 0.009277 0.719494
9.565625 0.012480 0.008865 0.710375
9.567188 0.012065 0.008453 0.700627
9.568750 0.011651 0.008041 0.690183
9.570312 0.011236 0.007629 0.678965
9.571875 0.010820 0.007216 0.666883
9.573438 0.010405 0.006803 0.653833
9.575000 0.009989 0.006390 0.639693
9.576562 0.009573 0.005977 0.624322
9.578125 0.009157 0.005564 0.60755
9.579688 0.008741 0.005150 0.589176
9.581250 0.008325 0.004736 0.568958
9.582813 0.007908 0.004322 0.546605
9.584375 0.007491 0.003908 0.521758
9.585938 0.007074 0.003494 0.493975
9.587500 0.006657 0.003080 0.462701
9.589063 0.006239 0.002666 0.427234
9.590625 0.005822 0.002251 0.38667
9.592187 0.005404 0.001836 0.339822
9.593750 0.004986 0.001421 0.285108
9.595313 0.004568 0.001007 0.220363
9.596875 0.004149 0.000591 0.142548
9.598438 0.003731 0.000176 0.0472598
9.600000 0.003312 -0.000239 -0.0721354
9.601562 0.002894 -0.000654 -0.226114
9.603125 0.002475 -0.001070 -0.43225
9.604688 0.002056 -0.001485 -0.722458
9.606250 0.001637 -0.001901 -1.16135
9.607813 0.001218 -0.002317 -1.90258
9.609375 0.000798 -0.002733 -3.42272
9.610938 0.000379 -0.003148 -8.30893
9.612500 -0.000041 -0.003564 87.7513
9.614063 -0.000460 -0.003980 8.64814
9.615625 -0.000880 -0.004396 4.996
9.617188 -0.001300 -0.004813 3.70249
9.618750 -0.001720 -0.005229 3.04044
9.620313 -0.002140 -0.005645 2.63817
9.621875 -0.002560 -0.006061 2.36785
9.623438 -0.002980 -0.006478 2.17371
9.625000 -0.003400 -0.006894 2.02751
9.626563 -0.003820 -0.007310 1.91345
9.628125 -0.004241 -0.007727 1.82198
9.629688 -0.004661 -0.008143 1.74699
9.631250 -0.005082 -0.008560 1.68439
9.632812 -0.005502 -0.008976 1.63135
9.634375 -0.005923 -0.009392 1.58583
9.635938 -0.006343 -0.009809 1.54634
9.637500 -0.006764 -0.010225 1.51175
9.639063 -0.007185 -0.010642 1.4812
9.640625 -0.007605 -0.011058 1.45403
9.642188 -0.008026 -0.011475 1.4297
9.643750 -0.008447 -0.011891 1.40779
9.645313 -0.008867 -0.012307 1.38795
9.646875 -0.009288 -0.012724 1.36991
9.648438 -0.009709 -0.013140 1.35342
9.650000 -0.010129 -0.013556 1.33831
9.651563 -0.010550 -0.013972 1.32439
9.653125 -0.010971 -0.014389 1.31154
9.654688 -0.011391 -0.014805 1.29964
9.656250 -0.011812 -0.015221 1.28858
9.657813 -0.012233 -0.015637 1.27828
9.659375 -0.012653 -0.016053 1.26866
9.660938 -0.013074 -0.016469 1.25966
9.662500 -0.013494 -0.016884 1.25122
9.664062 -0.013915 -0.017300 1.24329
9.665625 -0.014335 -0.017716 1.23582
9.667188 -0.014756 -0.018131 1.22878
9.668750 -0.015176 -0.018547 1.22212
9.670313 -0.015596 -0.018962 1.21583
9.671875 -0.016016 -0.019377 1.20986
9.673438 -0.016436 -0.019793 1.20419
9.675000 -0.016856 -0.020208 1.19881
9.676563 -0.017276 -0.020623 1.19369
9.678125 -0.017696 -0.021038 1.18881
9.679688 -0.018116 -0.021452 1.18415
9.681250 -0.018536 -0.021867 1.17971
9.682813 -0.018955 -0.022281 1.17546
9.684375 -0.019375 -0.022696 1.1714
9.685938 -0.019794 -0.023110 1.1675
9.687500 -0.020214 -0.023524 1.16377
9.689063 -0.020633 -0.023938 1.16019
9.690625 -0.021052 -0.024352 1.15675
9.692188 -0.021471 -0.024766 1.15344
9.693750 -0.021890 -0.025179 1.15027
9.695312 -0.022309 -0.025593 1.1472
9.696875 -0.022727 -0.026006 1.14426
9.698438 -0.023146 -0.026419 1.14141
9.700000 -0.023564 -0.026832 1.13867
9.701563 -0.023982 -0.027244 1.13603
9.703125 -0.024400 -0.027657 1.13347
9.704688 -0.024818 -0.028069 1.131
9.706250 -0.025236 -0.028482 1.12861
9.707813 -0.025654 -0.028894 1.1263
9.709375 -0.026071 -0.029305 1.12406
9.710938 -0.026488 -0.029717 1.12189
9.712500 -0.026905 -0.030128 1.11979
9.714063 -0.027322 -0.030540 1.11776
9.715625 -0.027739 -0.030951 1.11578
9.717188 -0.028156 -0.031361 1.11386
9.718750 -0.028572 -0.031772 1.112
9.720313 -0.028988 -0.032182 1.11019
9.721875 -0.029404 -0.032593 1.10844
9.723438 -0.029820 -0.033003 1.10673
9.725000 -0.030236 -0.033412 1.10507
9.726562 -0.030651 -0.033822 1.10345
9.728125 -0.031066 -0.034231 1.10187
9.729688 -0.031481 -0.034640 1.10034
9.731250 -0.031896 -0.035049 1.09885
9.732813 -0.032310 -0.035457 1.09739
9.734375 -0.032725 -0.035866 1.09598
9.735938 -0.033139 -0.036274 1.09459
9.737500 -0.033553 -0.036681 1.09325
9.739063 -0.033966 -0.037089 1.09193
9.740625 -0.034380 -0.037496 1.09065
9.742188 -0.034793 -0.037903 1.08939
9.743750 -0.035206 -0.038310 1.08817
9.745313 -0.035619 -0.038716 1.08697
9.746875 -0.036031 -0.039122 1.0858
9.748438 -0.036443 -0.039528 1.08466
9.750000 -0.036855 -0.039934 1.08354
9.751563 -0.037267 -0.040339 1.08245
9.753125 -0.037678 -0.040744 1.08138
9.754688 -0.038089 -0.041149 1.08033
9.756250 -0.038500 -0.041554 1.07931
9.757812 -0.038911 -0.041958 1.07831
9.759375 -0.039321 -0.042362 1.07733
9.760938 -0.039731 -0.042765 1.07637
9.762500 -0.040141 -0.043168 1.07543
9.764063 -0.040550 -0.043571 1.0745
9.765625 -0.040959 -0.043974 1.0736
9.767188 -0.041368 -0.044376 1.07271
9.768750 -0.041777 -0.044778 1.07184
9.770313 -0.042185 -0.045180 1.07099
9.771875 -0.042593 -0.045581 1.07016
9.773438 -0.043001 -0.045982 1.06934
9.775000 -0.043408 -0.046383 1.06853
9.776563 -0.043815 -0.046783 1.06774
9.778125 -0.044222 -0.047183 1.06697
9.779688 -0.044628 -0.047583 1.06621
9.781250 -0.045034 -0.047982 1.06546
9.782813 -0.045440 -0.048381 1.06473
9.784375 -0.045845 -0.048779 1.06401
9.785938 -0.046250 -0.049178 1.0633
9.787500 -0.046655 -0.049576 1.0626
9.789062 -0.047059 -0.049973 1.06192
9.790625 -0.047463 -0.050370 1.06124
9.792188 -0.047867 -0.050767 1.06058
9.793750 -0.048270 -0.051163 1.05993
9.795313 -0.048673 -0.051559 1.05929
9.796875 -0.049076 -0.051955 1.05867
9.798438 -0.049478 -0.052350 1.05805
9.800000 -0.049880 -0.052745 1.05744
9.801563 -0.050282 -0.053140 1.05684
9.803125 -0.050683 -0.053534 1.05625
9.804688 -0.051084 -0.053928 1.05567
9.806250 -0.051484 -0.054321 1.0551
9.807813 -0.051884 -0.054714 1.05454
9.809375 -0.052284 -0.055106 1.05399
9.810938 -0.052683 -0.055498 1.05344
9.812500 -0.053082 -0.055890 1.0529
9.814063 -0.053480 -0.056282 1.05237
9.815625 -0.053879 -0.056672 1.05185
9.817188 -0.054276 -0.057063 1.05134
9.818750 -0.054674 -0.057453 1.05083
9.820312 -0.055071 -0.057843 1.05034
9.821875 -0.055467 -0.058232 1.04984
9.823438 -0.055863 -0.058621 1.04936
9.825000 -0.056259 -0.059009 1.04888
9.826563 -0.056654 -0.059397 1.04841
9.828125 -0.057049 -0.059784 1.04795
9.829688 -0.057443 -0.060172 1.04749
9.831250 -0.057838 -0.060558 1.04704
9.832813 -0.058231 -0.060944 1.04659
9.834375 -0.058624 -0.061330 1.04615
9.835938 -0.059017 -0.061715 1.04572
9.837500 -0.059409 -0.062100 1.04529
9.839063 -0.059801 -0.062485 1.04487
9.840625 -0.060193 -0.062869 1.04445
9.842188 -0.060584 -0.063252 1.04404
9.843750 -0.060974 -0.063635 1.04364
9.845313 -0.061364 -0.064018 1.04324
9.846875 -0.061754 -0.064400 1.04284
9.848438 -0.062143 -0.064781 1.04245
9.850000 -0.062532 -0.065162 1.04207
9.851562 -0.062920 -0.065543 1.04169
9.853125 -0.063308 -0.065923 1.04131
9.854688 -0.063696 -0.066303 1.04094
9.856250 -0.064082 -0.066682 1.04057
9.857813 -0.064469 -0.067061 1.04021
9.859375 -0.064855 -0.067439 1.03985
9.860938 -0.065240 -0.067817 1.0395
9.862500 -0.065625 -0.068195 1.03915
9.864063 -0.066010 -0.068571 1.0388
9.865625 -0.066394 -0.068948 1.03846
9.867188 -0.066778 -0.069323 1.03812
9.868750 -0.067161 -0.069699 1.03779
9.870313 -0.067543 -0.070074 1.03746
9.871875 -0.067926 -0.070448 1.03713
9.873438 -0.068307 -0.070822 1.03681
9.875000 -0.068688 -0.071195 1.03649
9.876563 -0.069069 -0.071568 1.03618
9.878125 -0.069449 -0.071940 1.03587
9.879688 -0.069829 -0.072312 1.03556
9.881250 -0.070208 -0.072683 1.03526
9.882812 -0.070587 -0.073054 1.03495
9.884375 -0.070965 -0.073424 1.03466
9.885938 -0.071342 -0.073794 1.03436
9.887500 -0.071720 -0.074163 1.03407
9.889063 -0.072096 -0.074532 1.03378
9.890625 -0.072472 -0.074900 1.0335
9.892188 -0.072848 -0.075267 1.03321
9.893750 -0.073223 -0.075634 1.03294
9.895313 -0.073597 -0.076001 1.03266
9.896875 -0.073971 -0.076367 1.03239
9.898438 -0.074345 -0.076732 1.03211
9.900000 -0.074718 -0.077097 1.03185
9.901563 -0.075090 -0.077462 1.03158
9.903125 -0.075462 -0.077825 1.03132
9.904688 -0.075833 -0.078189 1.03106
9.906250 -0.076204 -0.078551 1.0308
9.907813 -0.076574 -0.078913 1.03055
9.909375 -0.076944 -0.079275 1.0303
9.910938 -0.077313 -0.079636 1.03005
9.912500 -0.077682 -0.079997 1.0298
9.914062 -0.078050 -0.080357 1.02956
9.915625 -0.078417 -0.080716 1.02931
9.917188 -0.078784 -0.081075 1.02907
9.918750 -0.079151 -0.081433 1.02884
9.920313 -0.079516 -0.081791 1.0286
9.921875 -0.079882 -0.082148 1.02837
9.923438 -0.080246 -0.082504 1.02814
9.925000 -0.080610 -0.082860 1.02791
9.926563 -0.080974 -0.083216 1.02768
9.928125 -0.081337 -0.083570 1.02746
9.929688 -0.081699 -0.083925 1.02724
9.931250 -0.082061 -0.084278 1.02702
9.932813 -0.082423 -0.084631 1.0268
9.934375 -0.082783 -0.084984 1.02658
9.935938 -0.083143 -0.085336 1.02637
9.937500 -0.083503 -0.085687 1.02616
9.939063 -0.083862 -0.086038 1.02595
9.940625 -0.084220 -0.086388 1.02574
9.942188 -0.084578 -0.086738 1.02553
9.943750 -0.084935 -0.087087 1.02533
9.945312 -0.085292 -0.087435 1.02513
9.946875 -0.085648 -0.087783 1.02493
9.948438 -0.086003 -0.088130 1.02473
9.950000 -0.086358 -0.088477 1.02453
9.951563 -0.086712 -0.088823 1.02434
9.953125 -0.087066 -0.089168 1.02415
9.954688 -0.087419 -0.089513 1.02395
9.956250 -0.087771 -0.089857 1.02376
9.957813 -0.088123 -0.090201 1.02358
9.959375 -0.088474 -0.090544 1.02339
9.960938 -0.088825 -0.090886 1.02321
9.962500 -0.089175 -0.091228 1.02302
9.964063 -0.089524 -0.091569 1.02284
9.965625 -0.089873 -0.091910 1.02266
9.967188 -0.090221 -0.092250 1.02248
9.968750 -0.090569 -0.092589 1.02231
9.970313 -0.090916 -0.092928 1.02213
9.971875 -0.091262 -0.093266 1.02196
9.973438 -0.091608 -0.093604 1.02179
9.975000 -0.091953 -0.093941 1.02162
9.976562 -0.092297 -0.094277 1.02145
9.978125 -0.092641 -0.094613 1.02128
9.979688 -0.092984 -0.094948 1.02112
9.981250 -0.093327 -0.095282 1.02095
9.982813 -0.093669 -0.095616 1.02079
9.984375 -0.094010 -0.095949 1.02062
9.985938 -0.094350 -0.096281 1.02046
9.987500 -0.094690 -0.096612 1.02029
9.989063 -0.095030 -0.096942 1.02013
9.990625 -0.095369 -0.097272 1.01996
9.992188 -0.095707 -0.097600 1.01979
9.993750 -0.096044 -0.097928 1.01961
9.995313 -0.096381 -0.098254 1.01944
9.996875 -0.096717 -0.098579 1.01925
9.998438 -0.097053 -0.098903 1.01906
10.000000 -0.097387 -0.099225 1.01887
10.001563 -0.097722 -0.099546 1.01867
10.003125 -0.098055 -0.099865 1.01846
10.004688 -0.098387 -0.100182 1.01824
10.006250 -0.098719 -0.100498 1.01802
10.007812 -0.099049 -0.100812 1.01779
10.009375 -0.099379 -0.101124 1.01756
10.010938 -0.099707 -0.101434 1.01732
10.012500 -0.100034 -0.101742 1.01708
10.014063 -0.100359 -0.102048 1.01683
10.015625 -0.100683 -0.102352 1.01658
10.017188 -0.101005 -0.102654 1.01632
10.018750 -0.101326 -0.102953 1.01606
10.020313 -0.101645 -0.103250 1.01579
10.021875 -0.101963 -0.103545 1.01552
10.023438 -0.102278 -0.103837 1.01525
10.025000 -0.102592 -0.104127 1.01497
10.026563 -0.102903 -0.104414 1.01468
10.028125 -0.103213 -0.104698 1.0144
10.029688 -0.103520 -0.104980 1.01411
10.031250 -0.103825 -0.105259 1.01381
10.032813 -0.104128 -0.105535 1.01352
10.034375 -0.104428 -0.105808 1.01322
10.035938 -0.104726 -0.106079 1.01291
10.037500 -0.105022 -0.106346 1.01261
10.039062 -0.105315 -0.106610 1.0123
10.040625 -0.105606 -0.106872 1.01199
10.042188 -0.105894 -0.107130 1.01167
10.043750 -0.106179 -0.107385 1.01136
10.045313 -0.106461 -0.107636 1.01104
10.046875 -0.106741 -0.107885 1.01072
10.048438 -0.107018 -0.108130 1.01039
10.050000 -0.107291 -0.108371 1.01007
10.051563 -0.107562 -0.108610 1.00974
10.053125 -0.107830 -0.108845 1.00941
10.054688 -0.108095 -0.109076 1.00908
10.056250 -0.108356 -0.109304 1.00875
10.057813 -0.108615 -0.109528 1.00841
10.059375 -0.108870 -0.109749 1.00807
10.060938 -0.109122 -0.109966 1.00774
10.062500 -0.109370 -0.110179 1.0074
10.064063 -0.109615 -0.110389 1.00705
10.065625 -0.109857 -0.110594 1.00671
10.067188 -0.110095 -0.110796 1.00637
10.068750 -0.110330 -0.110994 1.00602
10.070312 -0.110561 -0.111189 1.00568
10.071875 -0.110789 -0.111379 1.00533
10.073438 -0.111013 -0.111566 1.00498
10.075000 -0.111233 -0.111748 1.00463
10.076563 -0.111450 -0.111927 1.00428
10.078125 -0.111663 -0.112101 1.00393
10.079688 -0.111872 -0.112272 1.00357
10.081250 -0.112078 -0.112438 1.00322
10.082813 -0.112279 -0.112601 1.00287
10.084375 -0.112477 -0.112759 1.00251
10.085938 -0.112670 -0.112913 1.00215
10.087500 -0.112860 -0.113063 1.0018
10.089063 -0.113046 -0.113209 1.00144
10.090625 -0.113228 -0.113351 1.00108
10.092188 -0.113406 -0.113488 1.00072
10.093750 -0.113580 -0.113621 1.00036
10.095313 -0.113749 -0.113750 1
10.096875 -0.113915 -0.113874 0.999645
10.098438 -0.114076 -0.113995 0.999284
10.100000 -0.114234 -0.114111 0.998923
10.101562 -0.114387 -0.114222 0.998562
10.103125 -0.114536 -0.114330 0.9982
10.104688 -0.114680 -0.114432 0.997838
10.106250 -0.114821 -0.114531 0.997476
10.107813 -0.114957 -0.114625 0.997114
10.109375 -0.115089 -0.114715 0.996751
10.110938 -0.115216 -0.114800 0.996388
10.112500 -0.115340 -0.114881 0.996024
10.114063 -0.115458 -0.114957 0.995661
10.115625 -0.115573 -0.115029 0.995297
10.117188 -0.115683 -0.115097 0.994933
10.118750 -0.115789 -0.115160 0.994569
10.120313 -0.115890 -0.115218 0.994205
10.121875 -0.115987 -0.115272 0.99384
10.123438 -0.116079 -0.115322 0.993476
10.125000 -0.116167 -0.115367 0.993111
10.126563 -0.116251 -0.115407 0.992746
10.128125 -0.116329 -0.115443 0.992381
10.129688 -0.116404 -0.115475 0.992016
10.131250 -0.116474 -0.115501 0.99165
10.132812 -0.116539 -0.115524 0.991285
10.134375 -0.116600 -0.115541 0.990919
10.135938 -0.116657 -0.115555 0.990554
10.137500 -0.116708 -0.115563 0.990188
10.139063 -0.116756 -0.115567 0.989822
10.140625 -0.116798 -0.115567 0.989456
10.142188 -0.116836 -0.115562 0.98909
10.143750 -0.116870 -0.115552 0.988723
10.145313 -0.116899 -0.115538 0.988357
10.146875 -0.116923 -0.115519 0.98799
10.148438 -0.116943 -0.115495 0.987624
10.150000 -0.116958 -0.115467 0.987257
10.151563 -0.116968 -0.115435 0.98689
10.153125 -0.116974 -0.115398 0.986523
10.154688 -0.116976 -0.115356 0.986156
10.156250 -0.116972 -0.115310 0.985789
10.157813 -0.116964 -0.115259 0.985421
10.159375 -0.116952 -0.115204 0.985054
10.160938 -0.116934 -0.115144 0.984686
10.162500 -0.116913 -0.115079 0.984318
10.164062 -0.116886 -0.115010 0.98395
10.165625 -0.116855 -0.114937 0.983581
10.167188 -0.116819 -0.114858 0.983213
10.168750 -0.116779 -0.114776 0.982844
10.170313 -0.116734 -0.114689 0.982475
10.171875 -0.116685 -0.114597 0.982106
10.173438 -0.116631 -0.114501 0.981737
10.175000 -0.116572 -0.114400 0.981367
10.176563 -0.116508 -0.114294 0.980997
10.178125 -0.116440 -0.114185 0.980627
10.179688 -0.116368 -0.114070 0.980257
10.181250 -0.116291 -0.113952 0.979886
10.182813 -0.116209 -0.113828 0.979515
10.184375 -0.116123 -0.113701 0.979144
10.185938 -0.116032 -0.113569 0.978772
10.187500 -0.115936 -0.113432 0.9784
10.189063 -0.115836 -0.113291 0.978028
10.190625 -0.115732 -0.113146 0.977655
10.192188 -0.115623 -0.112996 0.977282
10.193750 -0.115509 -0.112842 0.976908
10.195312 -0.115391 -0.112683 0.976534
10.196875 -0.115268 -0.112520 0.97616
10.198438 -0.115141 -0.112352 0.975785
10.200000 -0.115009 -0.112181 0.975409
10.201563 -0.114873 -0.112005 0.975033
10.203125 -0.114732 -0.111824 0.974657
10.204688 -0.114587 -0.111640 0.97428
10.206250 -0.114437 -0.111450 0.973903
10.207813 -0.114283 -0.111257 0.973524
10.209375 -0.114124 -0.111060 0.973146
10.210938 -0.113961 -0.110858 0.972767
10.212500 -0.113794 -0.110652 0.972387
10.214063 -0.113622 -0.110441 0.972006
10.215625 -0.113446 -0.110227 0.971625
10.217188 -0.113265 -0.110008 0.971243
10.218750 -0.113080 -0.109785 0.97086
10.220313 -0.112891 -0.109558 0.970477
10.221875 -0.112697 -0.109327 0.970092
10.223438 -0.112499 -0.109091 0.969707
10.225000 -0.112297 -0.108852 0.969322
10.226562 -0.112090 -0.108608 0.968935
10.228125 -0.111880 -0.108361 0.968547
10.229688 -0.111664 -0.108109 0.968159
10.231250 -0.111445 -0.107853 0.967769
10.232813 -0.111221 -0.107593 0.967379
10.234375 -0.110994 -0.107329 0.966988
10.235938 -0.110761 -0.107062 0.966595
10.237500 -0.110525 -0.106790 0.966202
10.239063 -0.110285 -0.106514 0.965808
10.240625 -0.110040 -0.106234 0.965412
10.242188 -0.109792 -0.105951 0.965015
10.243750 -0.109539 -0.105663 0.964618
10.245313 -0.109282 -0.105372 0.964219
10.246875 -0.109021 -0.105076 0.963818
10.248438 -0.108756 -0.104777 0.963417
10.250000 -0.108487 -0.104474 0.963014
10.251563 -0.108213 -0.104167 0.96261
10.253125 -0.107936 -0.103857 0.962205
10.254688 -0.107655 -0.103542 0.961798
10.256250 -0.107370 -0.103224 0.96139
10.257812 -0.107081 -0.102903 0.96098
10.259375 -0.106788 -0.102577 0.960569
10.260938 -0.106491 -0.102248 0.960156
10.262500 -0.106190 -0.101915 0.959742
10.264063 -0.105885 -0.101578 0.959326
10.265625 -0.105577 -0.101238 0.958909
10.267188 -0.105264 -0.100895 0.958489
10.268750 -0.104948 -0.100547 0.958068
10.270313 -0.104628 -0.100197 0.957646
10.271875 -0.104304 -0.099842 0.957221
10.273438 -0.103977 -0.099484 0.956795
10.275000 -0.103645 -0.099123 0.956366
10.276563 -0.103310 -0.098758 0.955936
10.278125 -0.102972 -0.098390 0.955504
10.279688 -0.102629 -0.098018 0.955069
10.281250 -0.102283 -0.097643 0.954633
10.282813 -0.101934 -0.097265 0.954195
10.284375 -0.101581 -0.096883 0.953754
10.285938 -0.101224 -0.096498 0.953311
10.287500 -0.100863 -0.096109 0.952865
10.289062 -0.100500 -0.095718 0.952418
10.290625 -0.100132 -0.095323 0.951968
10.292188 -0.099761 -0.094924 0.951515
10.293750 -0.099387 -0.094523 0.95106
10.295313 -0.099009 -0.094118 0.950603
10.296875 -0.098628 -0.093710 0.950142
10.298438 -0.098243 -0.093300 0.94968
10.300000 -0.097855 -0.092885 0.949214
10.301563 -0.097464 -0.092468 0.948745
10.303125 -0.097069 -0.092048 0.948274
10.304688 -0.096671 -0.091625 0.9478
10.306250 -0.096270 -0.091199 0.947322
10.307813 -0.095865 -0.090769 0.946842
10.309375 -0.095458 -0.090337 0.946358
10.310938 -0.095047 -0.089902 0.945872
10.312500 -0.094632 -0.089464 0.945381
10.314063 -0.094215 -0.089023 0.944888
10.315625 -0.093795 -0.088579 0.944391
10.317188 -0.093371 -0.088132 0.943891
10.318750 -0.092944 -0.087682 0.943387
10.320312 -0.092515 -0.087230 0.942879
10.321875 -0.092082 -0.086775 0.942367
10.323438 -0.091646 -0.086317 0.941852
10.325000 -0.091207 -0.085856 0.941333
10.326563 -0.090765 -0.085393 0.94081
10.328125 -0.090321 -0.084927 0.940282
10.329688 -0.089873 -0.084458 0.939751
10.331250 -0.089423 -0.083987 0.939215
10.332813 -0.088969 -0.083513 0.938674
10.334375 -0.088513 -0.083037 0.93813
10.335938 -0.088054 -0.082558 0.93758
10.337500 -0.087592 -0.082076 0.937026
10.339063 -0.087127 -0.081592 0.936467
10.340625 -0.086660 -0.081105 0.935903
10.342188 -0.086190 -0.080616 0.935334
10.343750 -0.085717 -0.080125 0.93476
10.345313 -0.085242 -0.079631 0.934181
10.346875 -0.084764 -0.079135 0.933596
10.348438 -0.084283 -0.078636 0.933006
10.350000 -0.083800 -0.078136 0.93241
10.351562 -0.083314 -0.077632 0.931808
10.353125 -0.082825 -0.077127 0.9312
10.354688 -0.082334 -0.076619 0.930586
10.356250 -0.081841 -0.076109 0.929966
10.357813 -0.081345 -0.075597 0.92934
10.359375 -0.080847 -0.075083 0.928707
10.360938 -0.080346 -0.074567 0.928068
10.362500 -0.079843 -0.074048 0.927421
10.364063 -0.079337 -0.073527 0.926768
10.365625 -0.078830 -0.073005 0.926107
10.367188 -0.078319 -0.072480 0.925439
10.368750 -0.077807 -0.071953 0.924764
10.370313 -0.077292 -0.071424 0.924081
10.371875 -0.076775 -0.070894 0.923389
10.373438 -0.076256 -0.070361 0.92269
10.375000 -0.075735 -0.069826 0.921983
10.376563 -0.075211 -0.069290 0.921266
10.378125 -0.074686 -0.068751 0.920542
10.379688 -0.074158 -0.068211 0.919808
10.381250 -0.073628 -0.067669 0.919065
10.382812 -0.073096 -0.067125 0.918312
10.384375 -0.072562 -0.066580 0.91755
10.385938 -0.072027 -0.066032 0.916778
10.387500 -0.071489 -0.065483 0.915995
10.389063 -0.070949 -0.064932 0.915202
10.390625 -0.070407 -0.064380 0.914399
10.392188 -0.069863 -0.063826 0.913584
10.393750 -0.069318 -0.063270 0.912758
10.395313 -0.068770 -0.062713 0.91192
10.396875 -0.068221 -0.062154 0.91107
10.398438 -0.067670 -0.061594 0.910208
10.400000 -0.067117 -0.061032 0.909333
10.401563 -0.066563 -0.060469 0.908445
10.403125 -0.066006 -0.059904 0.907543
10.404688 -0.065448 -0.059337 0.906628
10.406250 -0.064889 -0.058770 0.905699
10.407813 -0.064327 -0.058201 0.904755
10.409375 -0.063765 -0.057630 0.903796
10.410938 -0.063200 -0.057058 0.902821
10.412500 -0.062634 -0.056485 0.901831
10.414062 -0.062066 -0.055911 0.900824
10.415625 -0.061497 -0.055335 0.8998
10.417188 -0.060926 -0.054758 0.898758
10.418750 -0.060354 -0.054180 0.897699
10.420313 -0.059781 -0.053601 0.896621
10.421875 -0.059206 -0.053020 0.895523
10.423438 -0.058629 -0.052438 0.894406
10.425000 -0.058051 -0.051856 0.893269
10.426563 -0.057472 -0.051272 0.892111
10.428125 -0.056892 -0.050687 0.89093
10.429688 -0.056310 -0.050101 0.889728
10.431250 -0.055727 -0.049514 0.888502
10.432813 -0.055143 -0.048925 0.887252
10.434375 -0.054557 -0.048336 0.885977
10.435938 -0.053970 -0.047746 0.884676
10.437500 -0.053383 -0.047155 0.883349
10.439063 -0.052794 -0.046564 0.881995
10.440625 -0.052203 -0.045971 0.880612
10.442188 -0.051612 -0.045377 0.879199
10.443750 -0.051020 -0.044783 0.877756
10.445312 -0.050426 -0.044188 0.876281
10.446875 -0.049832 -0.043592 0.874773
10.448438 -0.049237 -0.042995 0.87323
10.450000 -0.048640 -0.042397 0.871653
10.451563 -0.048043 -0.041799 0.870038
10.453125 -0.047444 -0.041200 0.868386
10.454688 -0.046845 -0.040600 0.866693
10.456250 -0.046245 -0.040000 0.864959
10.457813 -0.045644 -0.039399 0.863182
10.459375 -0.045042 -0.038798 0.86136
10.460938 -0.044440 -0.038196 0.859492
10.462500 -0.043836 -0.037593 0.857574
10.464063 -0.043232 -0.036990 0.855606
10.465625 -0.042627 -0.036386 0.853585
10.467188 -0.042022 -0.035782 0.851509
10.468750 -0.041415 -0.035177 0.849375
10.470313 -0.040808 -0.034572 0.84718
10.471875 -0.040201 -0.033967 0.844923
10.473438 -0.039593 -0.033361 0.842599
10.475000 -0.038984 -0.032754 0.840205
10.476562 -0.038374 -0.032148 0.83774
10.478125 -0.037764 -0.031541 0.835198
10.479688 -0.037154 -0.030933 0.832576
10.481250 -0.036543 -0.030326 0.82987
10.482813 -0.035931 -0.029718 0.827076
10.484375 -0.035319 -0.029110 0.824189
10.485938 -0.034707 -0.028501 0.821204
10.487500 -0.034094 -0.027893 0.818116
10.489063 -0.033481 -0.027284 0.814919
10.490625 -0.032867 -0.026675 0.811607
10.492188 -0.032253 -0.026066 0.808173
10.493750 -0.031639 -0.025457 0.804611
10.495313 -0.031024 -0.024848 0.800912
10.496875 -0.030409 -0.024238 0.797069
10.498438 -0.029794 -0.023629 0.793073
10.500000 -0.029179 -0.023019 0.788913
10.501563 -0.028563 -0.022410 0.78458
10.503125 -0.027947 -0.021800 0.780061
10.504688 -0.027331 -0.021191 0.775345
10.506250 -0.026715 -0.020582 0.770418
10.507812 -0.026099 -0.019972 0.765264
10.509375 -0.025482 -0.019363 0.759868
10.510938 -0.024866 -0.018754 0.754212
10.512500 -0.024249 -0.018145 0.748275
10.514063 -0.023633 -0.017536 0.742037
10.515625 -0.023016 -0.016928 0.735473
10.517188 -0.022399 -0.016319 0.728555
10.518750 -0.021783 -0.015711 0.721256
10.520313 -0.021166 -0.015103 0.71354
10.521875 -0.020550 -0.014495 0.705372
10.523438 -0.019933 -0.013888 0.696709
10.525000 -0.019317 -0.013280 0.687504
10.526563 -0.018700 -0.012673 0.677705
10.528125 -0.018084 -0.012067 0.667251
10.529688 -0.017468 -0.011461 0.656074
10.531250 -0.016853 -0.010855 0.644094
10.532813 -0.016237 -0.010249 0.631222
10.534375 -0.015622 -0.009644 0.617352
10.535938 -0.015007 -0.009039 0.602363
10.537500 -0.014392 -0.008435 0.586113
10.539062 -0.013777 -0.007831 0.568434
10.540625 -0.013163 -0.007228 0.549128
10.542188 -0.012549 -0.006625 0.527958
10.543750 -0.011935 -0.006023 0.504639
10.545313 -0.011322 -0.005421 0.478825
10.546875 -0.010709 -0.004820 0.450089
10.548438 -0.010097 -0.004219 0.417905
10.550000 -0.009485 -0.003619 0.381609
10.551563 -0.008873 -0.003020 0.340356
10.553125 -0.008262 -0.002421 0.293055
10.554688 -0.007651 -0.001823 0.238265
10.556250 -0.007041 -0.001225 0.174051
10.557813 -0.006431 -0.000629 0.0977477
10.559375 -0.005822 -0.000032 0.0055792
10.560938 -0.005213 0.000563 -0.107984
10.562500 -0.004605 0.001158 -0.251381
10.564063 -0.003998 0.001752 -0.438156
10.565625 -0.003391 0.002345 -0.691521
10.567188 -0.002784 0.002937 -1.05484
10.568750 -0.002179 0.003529 -1.61956
10.570312 -0.001574 0.004120 -2.61747
10.571875 -0.000970 0.004710 -4.85732
10.573438 -0.000366 0.005299 -14.4785
10.575000 0.000237 0.005887 24.8465
10.576563 0.000839 0.006474 7.7157
10.578125 0.001441 0.007061 4.90148
10.579688 0.002041 0.007646 3.74599
10.581250 0.002641 0.008231 3.11649
10.582813 0.003240 0.008815 2.72041
10.584375 0.003838 0.009397 2.44821
10.585938 0.004436 0.009979 2.24961
10.587500 0.005033 0.010560 2.09832
10.589063 0.005628 0.011140 1.97923
10.590625 0.006223 0.011718 1.88303
10.592188 0.006817 0.012296 1.8037
10.593750 0.007410 0.012873 1.73716
10.595313 0.008002 0.013448 1.68055
10.596875 0.008593 0.014023 1.63179
10.598438 0.009184 0.014596 1.58935
10.600000 0.009773 0.015168 1.55208
10.601562 0.010361 0.015739 1.51908
10.603125 0.010948 0.016309 1.48966
10.604688 0.011535 0.016878 1.46327
10.606250 0.012120 0.017446 1.43946
10.607813 0.012704 0.018012 1.41786
10.609375 0.013287 0.018578 1.39819
10.610938 0.013869 0.019142 1.38019
10.612500 0.014450 0.019704 1.36366
10.614063 0.015029 0.020266 1.34842
10.615625 0.015608 0.020826 1.33433
10.617188 0.016185 0.021385 1.32127
10.618750 0.016762 0.021943 1.30912
10.620313 0.017337 0.022499 1.29778
10.621875 0.017911 0.023054 1.28719
10.623438 0.018483 0.023608 1.27727
10.625000 0.019055 0.024161 1.26796
10.626563 0.019625 0.024712 1.2592
10.628125 0.020194 0.025261 1.25094
10.629688 0.020762 0.025810 1.24314
10.631250 0.021328 0.026357 1.23577
10.632812 0.021893 0.026902 1.22879
10.634375 0.022457 0.027446 1.22217
10.635938 0.023020 0.027989 1.21588
10.637500 0.023581 0.028530 1.20989
10.639063 0.024141 0.029070 1.20419
10.640625 0.024699 0.029608 1.19876
10.642188 0.025256 0.030145 1.19357
10.643750 0.025812 0.030680 1.18862
10.645313 0.026366 0.031214 1.18387
10.646875 0.026919 0.031746 1.17933
10.648438 0.027470 0.032277 1.17498
10.650000 0.028020 0.032806 1.1708
10.651563 0.028569 0.033334 1.16679
10.653125 0.029116 0.033860 1.16294
10.654688 0.029662 0.034385 1.15923
10.656250 0.030206 0.034907 1.15566
10.657813 0.030748 0.035429 1.15222
10.659375 0.031289 0.035948 1.1489
10.660938 0.031829 0.036466 1.1457
10.662500 0.032367 0.036983 1.14261
10.664062 0.032903 0.037498 1.13963
10.665625 0.033438 0.038011 1.13674
10.667188 0.033972 0.038522 1.13395
10.668750 0.034503 0.039032 1.13125
10.670313 0.035033 0.039540 1.12864
10.671875 0.035562 0.040046 1.1261
10.673438 0.036089 0.040551 1.12365
10.675000 0.036614 0.041054 1.12126
10.676563 0.037138 0.041555 1.11895
10.678125 0.037659 0.042054 1.11671
10.679688 0.038180 0.042552 1.11452
10.681250 0.038698 0.043048 1.1124
10.682813 0.039215 0.043542 1.11034
10.684375 0.039730 0.044035 1.10834
10.685938 0.040244 0.044525 1.10639
10.687500 0.040755 0.045014 1.10449
10.689063 0.041265 0.045501 1.10264
10.690625 0.041774 0.045986 1.10084
10.692188 0.042280 0.046469 1.09908
10.693750 0.042785 0.046951 1.09737
10.695312 0.043288 0.047430 1.0957
10.696875 0.043789 0.047908 1.09407
10.698438 0.044288 0.048384 1.09248
10.700000 0.044786 0.048858 1.09092
10.701563 0.045282 0.049330 1.08941
10.703125 0.045775 0.049800 1.08792
10.704688 0.046268 0.050269 1.08648
10.706250 0.046758 0.050735 1.08506
10.707813 0.047246 0.051199 1.08367
10.709375 0.047733 0.051662 1.08232
10.710938 0.048217 0.052123 1.08099
10.712500 0.048700 0.052581 1.0797
10.714063 0.049181 0.053038 1.07843
10.715625 0.049660 0.053493 1.07718
10.717188 0.050137 0.053945 1.07597
10.718750 0.050612 0.054396 1.07477
10.720313 0.051085 0.054845 1.0736
10.721875 0.051556 0.055292 1.07246
10.723438 0.052026 0.055737 1.07133
10.725000 0.052493 0.056179 1.07023
10.726562 0.052958 0.056620 1.06915
10.728125 0.053422 0.057059 1.06809
10.729688 0.053883 0.057496 1.06704
10.731250 0.054343 0.057930 1.06602
10.732813 0.054800 0.058363 1.06502
10.734375 0.055256 0.058794 1.06403
10.735938 0.055709 0.059222 1.06306
10.737500 0.056160 0.059649 1.06211
10.739063 0.056610 0.060073 1.06118
10.740625 0.057057 0.060495 1.06026
10.742188 0.057502 0.060916 1.05936
10.743750 0.057946 0.061334 1.05847
10.745313 0.058387 0.061750 1.0576
10.746875 0.058826 0.062164 1.05674
10.748438 0.059263 0.062575 1.05589
10.750000 0.059698 0.062985 1.05506
10.751563 0.060131 0.063393 1.05424
10.753125 0.060562 0.063798 1.05344
10.754688 0.060990 0.064201 1.05265
10.756250 0.061417 0.064603 1.05187
10.757812 0.061842 0.065002 1.0511
10.759375 0.062264 0.065398 1.05034
10.760938 0.062684 0.065793 1.0496
10.762500 0.063102 0.066186 1.04886
10.764063 0.063518 0.066576 1.04814
10.765625 0.063932 0.066964 1.04743
10.767188 0.064344 0.067350 1.04672
10.768750 0.064753 0.067734 1.04603
10.770313 0.065161 0.068116 1.04535
10.771875 0.065566 0.068495 1.04468
10.773438 0.065969 0.068872 1.04401
10.775000 0.066370 0.069247 1.04336
10.776563 0.066768 0.069620 1.04271
10.778125 0.067165 0.069991 1.04207
10.779688 0.067559 0.070359 1.04144
10.781250 0.067951 0.070725 1.04082
10.782813 0.068341 0.071089 1.04021
10.784375 0.068729 0.071451 1.03961
10.785938 0.069114 0.071810 1.03901
10.787500 0.069497 0.072167 1.03842
10.789062 0.069878 0.072522 1.03784
10.790625 0.070257 0.072875 1.03726
10.792188 0.070633 0.073225 1.03669
10.793750 0.071008 0.073574 1.03613
10.795313 0.071380 0.073919 1.03558
10.796875 0.071750 0.074263 1.03503
10.798438 0.072117 0.074604 1.03449
10.800000 0.072482 0.074944 1.03396
10.801563 0.072845 0.075280 1.03343
10.803125 0.073206 0.075615 1.03291
10.804688 0.073564 0.075947 1.03239
10.806250 0.073921 0.076277 1.03188
10.807813 0.074274 0.076605 1.03138
10.809375 0.074626 0.076930 1.03088
10.810938 0.074975 0.077253 1.03038
10.812500 0.075322 0.077574 1.02989
10.814063 0.075667 0.077892 1.02941
10.815625 0.076009 0.078209 1.02893
10.817188 0.076349 0.078522 1.02846
10.818750 0.076687 0.078834 1.02799
10.820312 0.077023 0.079143 1.02753
10.821875 0.077356 0.079450 1.02707
10.823438 0.077687 0.079755 1.02662
10.825000 0.078015 0.080057 1.02617
10.826563 0.078341 0.080357 1.02573
10.828125 0.078665 0.080654 1.02529
10.829688 0.078987 0.080950 1.02485
10.831250 0.079306 0.081243 1.02442
10.832813 0.079623 0.081533 1.02399
10.834375 0.079937 0.081821 1.02357
10.835938 0.080250 0.082107 1.02315
10.837500 0.080559 0.082391 1.02274
10.839063 0.080867 0.082672 1.02232
10.840625 0.081172 0.082951 1.02192
10.842188 0.081475 0.083228 1.02151
10.843750 0.081775 0.083502 1.02111
10.845313 0.082073 0.083774 1.02072
10.846875 0.082369 0.084043 1.02032
10.848438 0.082662 0.084310 1.01993
10.850000 0.082953 0.084575 1.01955
10.851562 0.083242 0.084837 1.01917
10.853125 0.083528 0.085097 1.01879
10.854688 0.083812 0.085355 1.01841
10.856250 0.084093 0.085610 1.01804
10.857813 0.084373 0.085863 1.01767
10.859375 0.084649 0.086114 1.0173
10.860938 0.084924 0.086362 1.01694
10.862500 0.085196 0.086608 1.01658
10.864063 0.085465 0.086852 1.01622
10.865625 0.085732 0.087093 1.01587
10.867188 0.085997 0.087331 1.01551
10.868750 0.086260 0.087568 1.01516
10.870313 0.086520 0.087802 1.01482
10.871875 0.086777 0.088033 1.01447
10.873438 0.087033 0.088263 1.01413
10.875000 0.087286 0.088490 1.01379
10.876563 0.087536 0.088714 1.01346
10.878125 0.087784 0.088936 1.01312
10.879688 0.088030 0.089156 1.01279
10.881250 0.088273 0.089374 1.01246
10.882812 0.088514 0.089589 1.01214
10.884375 0.088753 0.089801 1.01181
10.885938 0.088989 0.090012 1.01149
10.887500 0.089223 0.090220 1.01117
10.889063 0.089454 0.090425 1.01086
10.890625 0.089683 0.090628 1.01054
10.892188 0.089910 0.090829 1.01023
10.893750 0.090134 0.091028 1.00992
10.895313 0.090355 0.091224 1.00961
10.896875 0.090575 0.091417 1.0093
10.898438 0.090792 0.091609 1.009
10.900000 0.091006 0.091798 1.0087
10.901563 0.091219 0.091984 1.00839
10.903125 0.091428 0.092168 1.0081
10.904688 0.091636 0.092350 1.0078
10.906250 0.091841 0.092530 1.0075
10.907813 0.092043 0.092707 1.00721
10.909375 0.092243 0.092882 1.00692
10.910938 0.092441 0.093054 1.00663
10.912500 0.092636 0.093224 1.00634
10.914062 0.092829 0.093392 1.00606
10.915625 0.093020 0.093557 1.00577
10.917188 0.093208 0.093720 1.00549
10.918750 0.093394 0.093880 1.00521
10.920313 0.093577 0.094039 1.00493
10.921875 0.093758 0.094194 1.00465
10.923438 0.093937 0.094348 1.00437
10.925000 0.094113 0.094499 1.0041
10.926563 0.094287 0.094648 1.00383
10.928125 0.094458 0.094794 1.00356
10.929688 0.094627 0.094938 1.00328
10.931250 0.094794 0.095080 1.00302
10.932813 0.094958 0.095219 1.00275
10.934375 0.095120 0.095356 1.00248
10.935938 0.095280 0.095491 1.00222
10.937500 0.095437 0.095623 1.00195
10.939063 0.095592 0.095753 1.00169
10.940625 0.095744 0.095881 1.00143
10.942188 0.095894 0.096006 1.00117
10.943750 0.096041 0.096129 1.00091
10.945312 0.096187 0.096250 1.00066
10.946875 0.096329 0.096368 1.0004
10.948438 0.096470 0.096484 1.00015
10.950000 0.096608 0.096598 0.999894
10.951563 0.096744 0.096709 0.999642
10.953125 0.096877 0.096818 0.999391
10.954688 0.097008 0.096925 0.999142
10.956250 0.097136 0.097029 0.998893
10.957813 0.097263 0.097131 0.998645
10.959375 0.097387 0.097231 0.998399
10.960938 0.097508 0.097328 0.998153
10.962500 0.097627 0.097423 0.997909
10.964063 0.097744 0.097516 0.997666
10.965625 0.097858 0.097606 0.997423
10.967188 0.097971 0.097694 0.997182
10.968750 0.098080 0.097780 0.996941
10.970313 0.098188 0.097864 0.996702
10.971875 0.098293 0.097945 0.996463
10.973438 0.098395 0.098024 0.996226
10.975000 0.098496 0.098101 0.995989
10.976562 0.098594 0.098175 0.995753
10.978125 0.098689 0.098247 0.995518
10.979688 0.098783 0.098317 0.995284
10.981250 0.098874 0.098384 0.995051
10.982813 0.098962 0.098450 0.994819
10.984375 0.099049 0.098513 0.994587
10.985938 0.099133 0.098573 0.994356
10.987500 0.099215 0.098632 0.994126
10.989063 0.099294 0.098688 0.993897
10.990625 0.099371 0.098742 0.993669
10.992188 0.099446 0.098794 0.993441
10.993750 0.099518 0.098843 0.993214
10.995313 0.099588 0.098890 0.992988
10.996875 0.099656 0.098935 0.992762
10.998438 0.099722 0.098978 0.992537
11.000000 0.099785 0.099018 0.992313
11.001563 0.099846 0.099056 0.99209
11.003125 0.099905 0.099092 0.991867
11.004688 0.099961 0.099126 0.991645
11.006250 0.100015 0.099157 0.991423
11.007812 0.100067 0.099187 0.991202
11.009375 0.100116 0.099214 0.990982
11.010938 0.100164 0.099238 0.990762
11.012500 0.100209 0.099261 0.990543
11.014063 0.100251 0.099281 0.990324
11.015625 0.100292 0.099300 0.990106
11.017188 0.100330 0.099316 0.989888
11.018750 0.100366 0.099329 0.989671
11.020313 0.100400 0.099341 0.989455
11.021875 0.100431 0.099350 0.989238
11.023438 0.100460 0.099357 0.989023
11.025000 0.100487 0.099363 0.988808
11.026563 0.100512 0.099365 0.988593
11.028125 0.100534 0.099366 0.988379
11.029688 0.100555 0.099365 0.988165
11.031250 0.100573 0.099361 0.987952
11.032813 0.100588 0.099355 0.987739
11.034375 0.100602 0.099347 0.987527
11.035938 0.100613 0.099337 0.987315
11.037500 0.100622 0.099325 0.987103
11.039062 0.100629 0.099310 0.986892
11.040625 0.100634 0.099294 0.986681
11.042188 0.100636 0.099275 0.98647
11.043750 0.100637 0.099254 0.98626
11.045313 0.100635 0.099231 0.98605
11.046875 0.100631 0.099206 0.985841
11.048438 0.100624 0.099179 0.985632
11.050000 0.100616 0.099149 0.985423
11.051563 0.100605 0.099118 0.985214
11.053125 0.100592 0.099084 0.985006
11.054688 0.100578 0.099048 0.984798
11.056250 0.100560 0.099011 0.98459
11.057813 0.100541 0.098971 0.984382
11.059375 0.100520 0.098929 0.984175
11.060938 0.100496 0.098885 0.983968
11.062500 0.100470 0.098839 0.983761
11.064063 0.100442 0.098790 0.983554
11.065625 0.100412 0.098740 0.983348
11.067188 0.100380 0.098688 0.983141
11.068750 0.100346 0.098633 0.982935
11.070312 0.100309 0.098577 0.982729
11.071875 0.100271 0.098519 0.982523
11.073438 0.100230 0.098458 0.982318
11.075000 0.100187 0.098395 0.982112
11.076563 0.100143 0.098331 0.981907
11.078125 0.100096 0.098264 0.981702
11.079688 0.100047 0.098195 0.981496
11.081250 0.099995 0.098125 0.981291
11.082813 0.099942 0.098052 0.981086
11.084375 0.099887 0.097977 0.980882
11.085938 0.099829 0.097900 0.980677
11.087500 0.099770 0.097822 0.980472
11.089063 0.099708 0.097741 0.980267
11.090625 0.099645 0.097658 0.980063
11.092188 0.099579 0.097573 0.979858
11.093750 0.099511 0.097487 0.979653
11.095313 0.099442 0.097398 0.979449
11.096875 0.099370 0.097307 0.979244
11.098438 0.099296 0.097215 0.979039
11.100000 0.099220 0.097120 0.978835
11.101562 0.099142 0.097023 0.97863
11.103125 0.099062 0.096925 0.978425
11.104688 0.098980 0.096824 0.978221
11.106250 0.098896 0.096722 0.978016
11.107813 0.098810 0.096618 0.977811
11.109375 0.098722 0.096511 0.977606
11.110938 0.098632 0.096403 0.977401
11.112500 0.098540 0.096293 0.977196
11.114063 0.098446 0.096181 0.97699
11.115625 0.098350 0.096067 0.976785
11.117188 0.098253 0.095951 0.97658
11.118750 0.098153 0.095834 0.976374
11.120313 0.098051 0.095714 0.976168
11.121875 0.097947 0.095593 0.975962
11.123438 0.097841 0.095469 0.975756
11.125000 0.097733 0.095344 0.97555
11.126563 0.097624 0.095217 0.975343
11.128125 0.097512 0.095088 0.975136
11.129688 0.097399 0.094957 0.974929
11.131250 0.097283 0.094824 0.974722
11.132812 0.097166 0.094690 0.974515
11.134375 0.097047 0.094553 0.974307
11.135938 0.096925 0.094415 0.974099
11.137500 0.096802 0.094275 0.973891
11.139063 0.096677 0.094133 0.973683
11.140625 0.096550 0.093989 0.973474
11.142188 0.096421 0.093844 0.973265
11.143750 0.096291 0.093696 0.973055
11.145313 0.096158 0.093547 0.972846
11.146875 0.096024 0.093396 0.972636
11.148438 0.095888 0.093243 0.972425
11.150000 0.095749 0.093089 0.972215
11.151563 0.095609 0.092933 0.972004
11.153125 0.095467 0.092775 0.971792
11.154688 0.095324 0.092615 0.97158
11.156250 0.095178 0.092453 0.971368
11.157813 0.095031 0.092290 0.971156
11.159375 0.094882 0.092125 0.970942
11.160938 0.094731 0.091958 0.970729
11.162500 0.094578 0.091789 0.970515
11.164062 0.094423 0.091619 0.970301
11.165625 0.094267 0.091447 0.970086
11.167188 0.094108 0.091273 0.96987
11.168750 0.093948 0.091097 0.969654
11.170313 0.093787 0.090920 0.969438
11.171875 0.093623 0.090741 0.969221
11.173438 0.093458 0.090561 0.969004
11.175000 0.093290 0.090378 0.968786
11.176563 0.093121 0.090194 0.968567
11.178125 0.092951 0.090009 0.968348
11.179688 0.092778 0.089821 0.968128
11.181250 0.092604 0.089632 0.967908
11.182813 0.092428 0.089442 0.967687
11.184375 0.092251 0.089249 0.967466
11.185938 0.092071 0.089055 0.967244
11.187500 0.091890 0.088860 0.967021
11.189063 0.091707 0.088663 0.966797
11.190625 0.091523 0.088464 0.966573
11.192188 0.091337 0.088263 0.966348
11.193750 0.091149 0.088061 0.966123
11.195312 0.090959 0.087857 0.965896
11.196875 0.090768 0.087652 0.965669
11.198438 0.090575 0.087445 0.965442
11.200000 0.090380 0.087236 0.965213
11.201563 0.090184 0.087026 0.964984
11.203125 0.089986 0.086814 0.964754
11.204688 0.089787 0.086601 0.964523
11.206250 0.089585 0.086386 0.964291
11.207813 0.089382 0.086170 0.964059
11.209375 0.089178 0.085952 0.963825
11.210938 0.088972 0.085732 0.963591
11.212500 0.088764 0.085511 0.963356
11.214063 0.088555 0.085289 0.963119
11.215625 0.088344 0.085064 0.962882
11.217188 0.088131 0.084839 0.962644
11.218750 0.087917 0.084612 0.962406
11.220313 0.087701 0.084383 0.962166
11.221875 0.087484 0.084153 0.961925
11.223438 0.087265 0.083921 0.961683
11.225000 0.087044 0.083688 0.96144
11.226562 0.086822 0.083453 0.961196
11.228125 0.086598 0.083217 0.960951
11.229688 0.086373 0.082979 0.960705
11.231250 0.086146 0.082740 0.960457
11.232813 0.085918 0.082499 0.960209
11.234375 0.085688 0.082257 0.95996
11.235938 0.085457 0.082014 0.959709
11.237500 0.085224 0.081769 0.959457
11.239063 0.084989 0.081522 0.959204
11.240625 0.084754 0.081274 0.95895
11.242188 0.084516 0.081025 0.958694
11.243750 0.084277 0.080774 0.958437
11.245313 0.084037 0.080522 0.958179
11.246875 0.083795 0.080269 0.95792
11.248438 0.083552 0.080014 0.957659
11.250000 0.083307 0.079758 0.957397
11.251563 0.083060 0.079500 0.957134
11.253125 0.082813 0.079241 0.956869
11.254688 0.082563 0.078980 0.956603
11.256250 0.082313 0.078719 0.956335
11.257812 0.082061 0.078455 0.956066
11.259375 0.081807 0.078191 0.955795
11.260938 0.081552 0.077925 0.955523
11.262500 0.081296 0.077658 0.955249
11.264063 0.081038 0.077389 0.954974
11.265625 0.080779 0.077119 0.954697
11.267188 0.080518 0.076848 0.954418
11.268750 0.080256 0.076575 0.954138
11.270313 0.079993 0.076301 0.953856
11.271875 0.079728 0.076026 0.953573
11.273438 0.079462 0.075750 0.953287
11.275000 0.079194 0.075472 0.953
11.276563 0.078925 0.075193 0.952711
11.278125 0.078655 0.074913 0.95242
11.279688 0.078383 0.074631 0.952128
11.281250 0.078110 0.074348 0.951833
11.282813 0.077836 0.074064 0.951537
11.284375 0.077560 0.073778 0.951238
11.285938 0.077283 0.073492 0.950938
11.287500 0.077005 0.073204 0.950636
11.289062 0.076726 0.072915 0.950331
11.290625 0.076445 0.072624 0.950025
11.292188 0.076163 0.072333 0.949716
11.293750 0.075879 0.072040 0.949405
11.295313 0.075594 0.071746 0.949092
11.296875 0.075308 0.071451 0.948777
11.298438 0.075021 0.071154 0.948459
11.300000 0.074732 0.070857 0.948139
11.301563 0.074442 0.070558 0.947817
11.303125 0.074151 0.070258 0.947492
11.304688 0.073859 0.069957 0.947165
11.306250 0.073565 0.069654 0.946836
11.307813 0.073271 0.069351 0.946504
11.309375 0.072975 0.069046 0.946169
11.310938 0.072677 0.068740 0.945832
11.312500 0.072379 0.068434 0.945492
11.314063 0.072079 0.068125 0.945149
11.315625 0.071778 0.067816 0.944804
11.317188 0.071476 0.067506 0.944456
11.318750 0.071173 0.067195 0.944105
11.320312 0.070868 0.066882 0.943751
11.321875 0.070563 0.066568 0.943394
11.323438 0.070256 0.066254 0.943034
11.325000 0.069948 0.065938 0.942671
11.326563 0.069639 0.065621 0.942305
11.328125 0.069328 0.065303 0.941936
11.329688 0.069017 0.064984 0.941564
11.331250 0.068704 0.064664 0.941188
11.332813 0.068391 0.064342 0.940809
11.334375 0.068076 0.064020 0.940427
11.335938 0.067760 0.063697 0.940041
11.337500 0.067443 0.063373 0.939652
11.339063 0.067124 0.063047 0.939259
11.340625 0.066805 0.062721 0.938862
11.342188 0.066485 0.062393 0.938462
11.343750 0.066163 0.062065 0.938058
11.345313 0.065841 0.061736 0.93765
11.346875 0.065517 0.061405 0.937238
11.348438 0.065192 0.061074 0.936822
11.350000 0.064867 0.060741 0.936402
11.351562 0.064540 0.060408 0.935978
11.353125 0.064212 0.060073 0.935549
11.354688 0.063883 0.059738 0.935116
11.356250 0.063553 0.059402 0.934679
11.357813 0.063222 0.059064 0.934237
11.359375 0.062890 0.058726 0.933791
11.360938 0.062557 0.058387 0.93334
11.362500 0.062223 0.058047 0.932884
11.364063 0.061888 0.057706 0.932424
11.365625 0.061552 0.057364 0.931958
11.367188 0.061215 0.057021 0.931487
11.368750 0.060877 0.056677 0.931012
11.370313 0.060538 0.056332 0.930531
11.371875 0.060198 0.055987 0.930044
11.373438 0.059857 0.055640 0.929552
11.375000 0.059515 0.055293 0.929055
11.376563 0.059172 0.054944 0.928551
11.378125 0.058828 0.054595 0.928042
11.379688 0.058484 0.054245 0.927527
11.381250 0.058138 0.053894 0.927006
11.382812 0.057791 0.053543 0.926479
11.384375 0.057444 0.053190 0.925945
11.385938 0.057095 0.052836 0.925405
11.387500 0.056746 0.052482 0.924858
11.389063 0.056396 0.052127 0.924305
11.390625 0.056045 0.051771 0.923744
11.392188 0.055693 0.051414 0.923177
11.393750 0.055340 0.051056 0.922602
11.395313 0.054986 0.050698 0.92202
11.396875 0.054631 0.050339 0.921431
11.398438 0.054276 0.049979 0.920834
11.400000 0.053919 0.049618 0.920228
11.401563 0.053562 0.049256 0.919615
11.403125 0.053204 0.048894 0.918994
11.404688 0.052845 0.048531 0.918364
11.406250 0.052485 0.048167 0.917725
11.407813 0.052124 0.047802 0.917078
11.409375 0.051763 0.047437 0.916422
11.410938 0.051401 0.047070 0.915756
11.412500 0.051037 0.046703 0.915081
11.414062 0.050674 0.046336 0.914396
11.415625 0.050309 0.045967 0.913702
11.417188 0.049943 0.045598 0.912997
11.418750 0.049577 0.045228 0.912282
11.420313 0.049210 0.044858 0.911556
11.421875 0.048842 0.044486 0.910819
11.423438 0.048474 0.044114 0.91007
11.425000 0.048104 0.043742 0.909311
11.426563 0.047734 0.043368 0.908539
11.428125 0.047363 0.042994 0.907756
11.429688 0.046992 0.042619 0.906959
11.431250 0.046619 0.042244 0.906151
11.432813 0.046246 0.041868 0.905329
11.434375 0.045872 0.041491 0.904493
11.435938 0.045498 0.041114 0.903644
11.437500 0.045123 0.040736 0.902781
11.439063 0.044747 0.040357 0.901903
11.440625 0.044370 0.039978 0.90101
11.442188 0.043993 0.039598 0.900101
11.443750 0.043615 0.039217 0.899177
11.445312 0.043236 0.038836 0.898237
11.446875 0.042856 0.038454 0.897279
11.448438 0.042476 0.038072 0.896305
11.450000 0.042096 0.037689 0.895313
11.451563 0.041714 0.037305 0.894302
11.453125 0.041332 0.036921 0.893273
11.454688 0.040949 0.036536 0.892224
11.456250 0.040566 0.036151 0.891156
11.457813 0.040182 0.035765 0.890067
11.459375 0.039798 0.035378 0.888956
11.460938 0.039412 0.034991 0.887824
11.462500 0.039026 0.034604 0.886669
11.464063 0.038640 0.034215 0.885491
11.465625 0.038253 0.033827 0.884289
11.467188 0.037865 0.033437 0.883063
11.468750 0.037477 0.033048 0.88181
11.470313 0.037088 0.032657 0.880532
11.471875 0.036699 0.032266 0.879225
11.473438 0.036309 0.031875 0.877891
11.475000 0.035918 0.031483 0.876527
11.476562 0.035527 0.031091 0.875134
11.478125 0.035135 0.030698 0.873708
11.479688 0.034743 0.030304 0.872251
11.481250 0.034350 0.029911 0.87076
11.482813 0.033957 0.029516 0.869234
11.484375 0.033563 0.029121 0.867672
11.485938 0.033168 0.028726 0.866072
11.487500 0.032773 0.028330 0.864434
11.489063 0.032378 0.027934 0.862756
11.490625 0.031982 0.027537 0.861035
11.492188 0.031585 0.027140 0.859271
11.493750 0.031188 0.026743 0.857462
11.495313 0.030791 0.026345 0.855606
11.496875 0.030393 0.025946 0.853701
11.498438 0.029994 0.025547 0.851744
11.500000 0.029595 0.025148 0.849735
11.501563 0.029196 0.024748 0.847671
11.503125 0.028796 0.024348 0.845548
11.504688 0.028395 0.023948 0.843365
11.506250 0.027995 0.023547 0.84112
11.507812 0.027593 0.023145 0.838808
11.509375 0.027192 0.022744 0.836428
11.510938 0.026789 0.022342 0.833976
11.512500 0.026387 0.021939 0.831448
11.514063 0.025984 0.021536 0.828842
11.515625 0.025580 0.021133 0.826153
11.517188 0.025176 0.020730 0.823377
11.518750 0.024772 0.020326 0.820509
11.520313 0.024367 0.019921 0.817546
11.521875 0.023962 0.019517 0.814482
11.523438 0.023557 0.019112 0.811312
11.525000 0.023151 0.018706 0.80803
11.526563 0.022744 0.018301 0.804629
11.528125 0.022338 0.017895 0.801105
11.529688 0.021931 0.017489 0.797448
11.531250 0.021523 0.017082 0.793653
11.532813 0.021115 0.016675 0.78971
11.534375 0.020707 0.016268 0.78561
11.535938 0.020299 0.015860 0.781345
11.537500 0.019890 0.015453 0.776903
11.539062 0.019481 0.015045 0.772274
11.540625 0.019071 0.014636 0.767444
11.542188 0.018661 0.014227 0.762402
11.543750 0.018251 0.013819 0.757131
11.545313 0.017841 0.013409 0.751617
11.546875 0.017430 0.013000 0.745842
11.548438 0.017019 0.012590 0.739786
11.550000 0.016607 0.012180 0.733428
11.551563 0.016196 0.011770 0.726746
11.553125 0.015783 0.011360 0.719713
11.554688 0.015371 0.010949 0.712301
11.556250 0.014958 0.010538 0.704478
11.557813 0.014546 0.010127 0.69621
11.559375 0.014132 0.009715 0.687456
11.560938 0.013719 0.009304 0.678172
11.562500 0.013305 0.008892 0.668308
11.564063 0.012891 0.008480 0.657809
11.565625 0.012477 0.008068 0.64661
11.567188 0.012063 0.007655 0.634638
11.568750 0.011648 0.007243 0.621811
11.570312 0.011233 0.006830 0.608033
11.571875 0.010818 0.006417 0.593194
11.573438 0.010402 0.006004 0.577166
11.575000 0.009987 0.005591 0.5598
11.576563 0.009571 0.005177 0.54092
11.578125 0.009155 0.004763 0.520319
11.579688 0.008738 0.004350 0.497751
11.581250 0.008322 0.003936 0.472917
11.582813 0.007905 0.003521 0.44546
11.584375 0.007488 0.003107 0.414938
11.585938 0.007071 0.002693 0.380808
11.587500 0.006654 0.002278 0.342389
11.589063 0.006237 0.001864 0.298817
11.590625 0.005819 0.001449 0.248979
11.592188 0.005401 0.001034 0.191419
11.593750 0.004983 0.000619 0.124189
11.595313 0.004565 0.000204 0.0446272
11.596875 0.004147 -0.000212 -0.0510052
11.598438 0.003728 -0.000627 -0.168126
11.600000 0.003310 -0.001042 -0.3149
11.601562 0.002891 -0.001458 -0.504222
11.603125 0.002472 -0.001873 -0.757739
11.604688 0.002053 -0.002289 -1.11477
11.606250 0.001634 -0.002705 -1.65501
11.607813 0.001215 -0.003121 -2.56815
11.609375 0.000796 -0.003537 -4.4438
11.610938 0.000376 -0.003953 -10.5
11.612500 -0.000043 -0.004369 101.404
11.614063 -0.000463 -0.004785 10.3408
11.615625 -0.000882 -0.005201 5.89385
11.617188 -0.001302 -0.005617 4.3134
11.618750 -0.001722 -0.006033 3.50338
11.620313 -0.002142 -0.006450 3.01084
11.621875 -0.002562 -0.006866 2.6797
11.623438 -0.002982 -0.007282 2.4418
11.625000 -0.003403 -0.007699 2.26261
11.626563 -0.003823 -0.008115 2.12278
11.628125 -0.004243 -0.008532 2.01063
11.629688 -0.004664 -0.008948 1.91868
11.631250 -0.005084 -0.009364 1.84191
11.632812 -0.005505 -0.009781 1.77686
11.634375 -0.005925 -0.010197 1.72103
11.635938 -0.006346 -0.010614 1.67259
11.637500 -0.006766 -0.011030 1.63016
11.639063 -0.007187 -0.011446 1.59268
11.640625 -0.007608 -0.011863 1.55935
11.642188 -0.008028 -0.012279 1.5295
11.643750 -0.008449 -0.012695 1.50262
11.645313 -0.008870 -0.013112 1.47828
11.646875 -0.009290 -0.013528 1.45614
11.648438 -0.009711 -0.013944 1.43592
11.650000 -0.010132 -0.014360 1.41737
11.651563 -0.010552 -0.014776 1.40029
11.653125 -0.010973 -0.015192 1.38453
11.654688 -0.011394 -0.015608 1.36992
11.656250 -0.011814 -0.016024 1.35635
11.657813 -0.012235 -0.016440 1.34371
11.659375 -0.012655 -0.016856 1.33191
11.660938 -0.013076 -0.017272 1.32087
11.662500 -0.013497 -0.017687 1.31051
11.664062 -0.013917 -0.018103 1.30077
11.665625 -0.014337 -0.018518 1.29161
11.667188 -0.014758 -0.018934 1.28296
11.668750 -0.015178 -0.019349 1.2748
11.670313 -0.015598 -0.019764 1.26707
11.671875 -0.016019 -0.020179 1.25974
11.673438 -0.016439 -0.020594 1.25279
11.675000 -0.016859 -0.021009 1.24619
11.676563 -0.017279 -0.021424 1.2399
11.678125 -0.017699 -0.021838 1.23391
11.679688 -0.018118 -0.022253 1.2282
11.681250 -0.018538 -0.022667 1.22274
11.682813 -0.018958 -0.023082 1.21753
11.684375 -0.019377 -0.023496 1.21254
11.685938 -0.019797 -0.023910 1.20776
11.687500 -0.020216 -0.024323 1.20318
11.689063 -0.020635 -0.024737 1.19878
11.690625 -0.021054 -0.025151 1.19456
11.692188 -0.021473 -0.025564 1.1905
11.693750 -0.021892 -0.025977 1.1866
11.695312 -0.022311 -0.026390 1.18284
11.696875 -0.022729 -0.026803 1.17923
11.698438 -0.023148 -0.027216 1.17574
11.700000 -0.023566 -0.027628 1.17237
11.701563 -0.023984 -0.028041 1.16912
11.703125 -0.024402 -0.028453 1.16599
11.704688 -0.024820 -0.028865 1.16295
11.706250 -0.025238 -0.029277 1.16002
11.707813 -0.025656 -0.029688 1.15718
11.709375 -0.026073 -0.030100 1.15444
11.710938 -0.026490 -0.030511 1.15178
11.712500 -0.026907 -0.030922 1.1492
11.714063 -0.027324 -0.031333 1.1467
11.715625 -0.027741 -0.031743 1.14427
11.717188 -0.028158 -0.032154 1.14192
11.718750 -0.028574 -0.032564 1.13963
11.720313 -0.028990 -0.032974 1.13741
11.721875 -0.029406 -0.033384 1.13526
11.723438 -0.029822 -0.033793 1.13316
11.725000 -0.030238 -0.034202 1.13112
11.726562 -0.030653 -0.034611 1.12913
11.728125 -0.031068 -0.035020 1.1272
11.729688 -0.031483 -0.035429 1.12532
11.731250 -0.031898 -0.035837 1.12349
11.732813 -0.032312 -0.036245 1.1217
11.734375 -0.032727 -0.036653 1.11996
11.735938 -0.033141 -0.037060 1.11826
11.737500 -0.033555 -0.037467 1.11661
11.739063 -0.033968 -0.037874 1.11499
11.740625 -0.034382 -0.038281 1.11342
11.742188 -0.034795 -0.038688 1.11188
11.743750 -0.035208 -0.039094 1.11037
11.745313 -0.035621 -0.039500 1.1089
11.746875 -0.036033 -0.039905 1.10747
11.748438 -0.036445 -0.040311 1.10607
11.750000 -0.036857 -0.040716 1.10469
11.751563 -0.037269 -0.041121 1.10335
11.753125 -0.037680 -0.041525 1.10204
11.754688 -0.038091 -0.041929 1.10076
11.756250 -0.038502 -0.042333 1.0995
11.757812 -0.038913 -0.042737 1.09827
11.759375 -0.039323 -0.043140 1.09707
11.760938 -0.039733 -0.043543 1.09589
11.762500 -0.040143 -0.043945 1.09473
11.764063 -0.040552 -0.044348 1.0936
11.765625 -0.040961 -0.044750 1.09249
11.767188 -0.041370 -0.045151 1.0914
11.768750 -0.041779 -0.045553 1.09034
11.770313 -0.042187 -0.045954 1.08929
11.771875 -0.042595 -0.046354 1.08826
11.773438 -0.043002 -0.046755 1.08726
11.775000 -0.043410 -0.047155 1.08627
11.776563 -0.043817 -0.047554 1.0853
11.778125 -0.044223 -0.047954 1.08435
11.779688 -0.044630 -0.048353 1.08341
11.781250 -0.045036 -0.048751 1.0825
11.782813 -0.045442 -0.049149 1.0816
11.784375 -0.045847 -0.049547 1.08071
11.785938 -0.046252 -0.049945 1.07984
11.787500 -0.046657 -0.050342 1.07899
11.789062 -0.047061 -0.050739 1.07815
11.790625 -0.047465 -0.051135 1.07732
11.792188 -0.047869 -0.051531 1.07651
11.793750 -0.048272 -0.051927 1.07571
11.795313 -0.048675 -0.052322 1.07493
11.796875 -0.049078 -0.052717 1.07416
11.798438 -0.049480 -0.053112 1.0734
11.800000 -0.049882 -0.053506 1.07265
11.801563 -0.050284 -0.053900 1.07191
11.803125 -0.050685 -0.054293 1.07119
11.804688 -0.051085 -0.054686 1.07048
11.806250 -0.051486 -0.055078 1.06978
11.807813 -0.051886 -0.055471 1.06909
11.809375 -0.052286 -0.055862 1.06841
11.810938 -0.052685 -0.056254 1.06774
11.812500 -0.053084 -0.056645 1.06708
11.814063 -0.053482 -0.057035 1.06643
11.815625 -0.053880 -0.057425 1.06579
11.817188 -0.054278 -0.057815 1.06516
11.818750 -0.054675 -0.058204 1.06454
11.820312 -0.055072 -0.058593 1.06393
11.821875 -0.055469 -0.058981 1.06332
11.823438 -0.055865 -0.059369 1.06273
11.825000 -0.056261 -0.059757 1.06214
11.826563 -0.056656 -0.060144 1.06157
11.828125 -0.057051 -0.060531 1.061
11.829688 -0.057445 -0.060917 1.06043
11.831250 -0.057839 -0.061303 1.05988
11.832813 -0.058233 -0.061688 1.05933
11.834375 -0.058626 -0.062073 1.05879
11.835938 -0.059019 -0.062457 1.05826
11.837500 -0.059411 -0.062841 1.05774
11.839063 -0.059803 -0.063225 1.05722
11.840625 -0.060194 -0.063608 1.05671
11.842188 -0.060585 -0.063990 1.0562
11.843750 -0.060976 -0.064372 1.0557
11.845313 -0.061366 -0.064754 1.05521
11.846875 -0.061756 -0.065135 1.05472
11.848438 -0.062145 -0.065516 1.05425
11.850000 -0.062534 -0.065896 1.05377
11.851562 -0.062922 -0.066276 1.0533
11.853125 -0.063310 -0.066655 1.05284
11.854688 -0.063697 -0.067034 1.05239
11.856250 -0.064084 -0.067412 1.05194
11.857813 -0.064471 -0.067790 1.05149
11.859375 -0.064857 -0.068168 1.05105
11.860938 -0.065242 -0.068544 1.05062
11.862500 -0.065627 -0.068921 1.05019
11.864063 -0.066012 -0.069297 1.04976
11.865625 -0.066396 -0.069672 1.04934
11.867188 -0.066779 -0.070047 1.04893
11.868750 -0.067162 -0.070421 1.04852
11.870313 -0.067545 -0.070795 1.04811
11.871875 -0.067927 -0.071168 1.04771
11.873438 -0.068309 -0.071541 1.04732
11.875000 -0.068690 -0.071913 1.04693
11.876563 -0.069071 -0.072285 1.04654
11.878125 -0.069451 -0.072656 1.04616
11.879688 -0.069830 -0.073027 1.04578
11.881250 -0.070210 -0.073397 1.0454
11.882812 -0.070588 -0.073767 1.04503
11.884375 -0.070966 -0.074136 1.04467
11.885938 -0.071344 -0.074505 1.04431
11.887500 -0.071721 -0.074873 1.04395
11.889063 -0.072098 -0.075241 1.04359
11.890625 -0.072474 -0.075608 1.04324
11.892188 -0.072849 -0.075974 1.04289
11.893750 -0.073224 -0.076340 1.04255
11.895313 -0.073599 -0.076706 1.04221
11.896875 -0.073973 -0.077070 1.04188
11.898438 -0.074346 -0.077435 1.04154
11.900000 -0.074719 -0.077799 1.04121
11.901563 -0.075092 -0.078162 1.04089
11.903125 -0.075463 -0.078525 1.04056
11.904688 -0.075835 -0.078887 1.04025
11.906250 -0.076206 -0.079248 1.03993
11.907813 -0.076576 -0.079609 1.03962
11.909375 -0.076945 -0.079970 1.03931
11.910938 -0.077315 -0.080330 1.039
11.912500 -0.077683 -0.080689 1.0387
11.914062 -0.078051 -0.081048 1.03839
11.915625 -0.078419 -0.081406 1.0381
11.917188 -0.078786 -0.081764 1.0378
11.918750 -0.079152 -0.082121 1.03751
11.920313 -0.079518 -0.082478 1.03722
11.921875 -0.079883 -0.082834 1.03693
11.923438 -0.080248 -0.083189 1.03665
11.925000 -0.080612 -0.083544 1.03637
11.926563 -0.080975 -0.083898 1.03609
11.928125 -0.081338 -0.084252 1.03582
11.929688 -0.081701 -0.084605 1.03554
11.931250 -0.082063 -0.084957 1.03527
11.932813 -0.082424 -0.085309 1.035
11.934375 -0.082785 -0.085661 1.03474
11.935938 -0.083145 -0.086011 1.03448
11.937500 -0.083504 -0.086362 1.03422
11.939063 -0.083863 -0.086711 1.03396
11.940625 -0.084222 -0.087060 1.0337
11.942188 -0.084579 -0.087409 1.03345
11.943750 -0.084937 -0.087756 1.0332
11.945312 -0.085293 -0.088104 1.03295
11.946875 -0.085649 -0.088450 1.0327
11.948438 -0.086005 -0.088796 1.03246
11.950000 -0.086359 -0.089142 1.03222
11.951563 -0.086714 -0.089487 1.03198
11.953125 -0.087067 -0.089831 1.03174
11.954688 -0.087420 -0.090175 1.03151
11.956250 -0.087773 -0.090518 1.03127
11.957813 -0.088125 -0.090860 1.03104
11.959375 -0.088476 -0.091202 1.03082
11.960938 -0.088826 -0.091543 1.03059
11.962500 -0.089176 -0.091884 1.03037
11.964063 -0.089526 -0.092224 1.03014
11.965625 -0.089874 -0.092564 1.02992
11.967188 -0.090223 -0.092903 1.02971
11.968750 -0.090570 -0.093241 1.02949
11.970313 -0.090917 -0.093579 1.02928
11.971875 -0.091263 -0.093916 1.02906
11.973438 -0.091609 -0.094252 1.02885
11.975000 -0.091954 -0.094588 1.02864
11.976562 -0.092298 -0.094923 1.02844
11.978125 -0.092642 -0.095258 1.02823
11.979688 -0.092985 -0.095591 1.02803
11.981250 -0.093328 -0.095924 1.02782
11.982813 -0.093670 -0.096257 1.02762
11.984375 -0.094011 -0.096588 1.02741
11.985938 -0.094352 -0.096919 1.0272
11.987500 -0.094692 -0.097248 1.027
11.989063 -0.095031 -0.097577 1.02679
11.990625 -0.095370 -0.097904 1.02657
11.992188 -0.095708 -0.098230 1.02636
11.993750 -0.096045 -0.098555 1.02613
11.995313 -0.096382 -0.098879 1.02591
11.996875 -0.096718 -0.099201 1.02567
11.998438 -0.097054 -0.099522 1.02543
12.000000 -0.097389 -0.099841 1.02518
12.001563 -0.097723 -0.100159 1.02493
12.003125 -0.098056 -0.100475 1.02467
12.004688 -0.098389 -0.100789 1.02439
12.006250 -0.098720 -0.101101 1.02412
12.007812 -0.099051 -0.101411 1.02383
12.009375 -0.099380 -0.101720 1.02354
12.010938 -0.099708 -0.102026 1.02324
12.012500 -0.100035 -0.102330 1.02294
12.014063 -0.100360 -0.102632 1.02263
12.015625 -0.100684 -0.102931 1.02232
12.017188 -0.101007 -0.103228 1.022
12.018750 -0.101327 -0.103523 1.02167
12.020313 -0.101647 -0.103816 1.02134
12.021875 -0.101964 -0.104105 1.021
12.023438 -0.102279 -0.104393 1.02066
12.025000 -0.102593 -0.104677 1.02032
12.026563 -0.102904 -0.104959 1.01997
12.028125 -0.103214 -0.105238 1.01961
12.029688 -0.103521 -0.105515 1.01926
12.031250 -0.103826 -0.105788 1.0189
12.032813 -0.104129 -0.106059 1.01853
12.034375 -0.104430 -0.106326 1.01816
12.035938 -0.104728 -0.106591 1.01779
12.037500 -0.105023 -0.106852 1.01741
12.039062 -0.105316 -0.107110 1.01703
12.040625 -0.105607 -0.107365 1.01665
12.042188 -0.105895 -0.107617 1.01627
12.043750 -0.106180 -0.107866 1.01588
12.045313 -0.106462 -0.108111 1.01549
12.046875 -0.106742 -0.108353 1.0151
12.048438 -0.107019 -0.108592 1.0147
12.050000 -0.107293 -0.108827 1.0143
12.051563 -0.107563 -0.109059 1.0139
12.053125 -0.107831 -0.109287 1.0135
12.054688 -0.108096 -0.109511 1.01309
12.056250 -0.108357 -0.109732 1.01269
12.057813 -0.108616 -0.109949 1.01228
12.059375 -0.108871 -0.110163 1.01187
12.060938 -0.109123 -0.110373 1.01145
12.062500 -0.109371 -0.110579 1.01104
12.064063 -0.109616 -0.110781 1.01062
12.065625 -0.109858 -0.110979 1.01021
12.067188 -0.110096 -0.111174 1.00979
12.068750 -0.110331 -0.111365 1.00937
12.070312 -0.110562 -0.111551 1.00895
12.071875 -0.110790 -0.111734 1.00852
12.073438 -0.111014 -0.111913 1.0081
12.075000 -0.111235 -0.112088 1.00767
12.076563 -0.111451 -0.112259 1.00725
12.078125 -0.111664 -0.112425 1.00682
12.079688 -0.111873 -0.112588 1.00639
12.081250 -0.112079 -0.112747 1.00596
12.082813 -0.112280 -0.112901 1.00553
12.084375 -0.112478 -0.113051 1.0051
12.085938 -0.112672 -0.113197 1.00467
12.087500 -0.112861 -0.113339 1.00423
12.089063 -0.113047 -0.113477 1.0038
12.090625 -0.113229 -0.113610 1.00337
12.092188 -0.113407 -0.113739 1.00293
12.093750 -0.113581 -0.113864 1.0025
12.095313 -0.113750 -0.113985 1.00206
12.096875 -0.113916 -0.114101 1.00162
12.098438 -0.114077 -0.114213 1.00119
12.100000 -0.114235 -0.114321 1.00075
12.101562 -0.114388 -0.114424 1.00031
12.103125 -0.114537 -0.114523 0.999876
12.104688 -0.114681 -0.114617 0.999438
12.106250 -0.114822 -0.114707 0.998999
12.107813 -0.114958 -0.114793 0.998561
12.109375 -0.115090 -0.114874 0.998122
12.110938 -0.115217 -0.114950 0.997683
12.112500 -0.115341 -0.115023 0.997244
12.114063 -0.115459 -0.115090 0.996804
12.115625 -0.115574 -0.115154 0.996364
12.117188 -0.115684 -0.115213 0.995925
12.118750 -0.115790 -0.115267 0.995485
12.120313 -0.115891 -0.115317 0.995044
12.121875 -0.115988 -0.115362 0.994604
12.123438 -0.116080 -0.115403 0.994164
12.125000 -0.116168 -0.115439 0.993723
12.126563 -0.116252 -0.115471 0.993283
12.128125 -0.116331 -0.115498 0.992842
12.129688 -0.116405 -0.115520 0.992401
12.131250 -0.116475 -0.115538 0.99196
12.132812 -0.116540 -0.115552 0.991519
12.134375 -0.116601 -0.115561 0.991078
12.135938 -0.116658 -0.115565 0.990636
12.137500 -0.116709 -0.115565 0.990195
12.139063 -0.116757 -0.115560 0.989754
12.140625 -0.116799 -0.115551 0.989312
12.142188 -0.116837 -0.115537 0.98887
12.143750 -0.116871 -0.115518 0.988429
12.145313 -0.116900 -0.115495 0.987987
12.146875 -0.116924 -0.115468 0.987545
12.148438 -0.116944 -0.115436 0.987103
12.150000 -0.116959 -0.115399 0.986661
12.151563 -0.116969 -0.115357 0.986219
12.153125 -0.116975 -0.115311 0.985776
12.154688 -0.116977 -0.115261 0.985334
12.156250 -0.116973 -0.115206 0.984891
12.157813 -0.116965 -0.115146 0.984448
12.159375 -0.116953 -0.115082 0.984005
12.160938 -0.116935 -0.115013 0.983562
12.162500 -0.116914 -0.114940 0.983119
12.164062 -0.116887 -0.114862 0.982676
12.165625 -0.116856 -0.114780 0.982232
12.167188 -0.116820 -0.114693 0.981788
12.168750 -0.116780 -0.114602 0.981344
12.170313 -0.116735 -0.114506 0.9809
12.171875 -0.116686 -0.114405 0.980456
12.173438 -0.116632 -0.114300 0.980011
12.175000 -0.116573 -0.114191 0.979566
12.176563 -0.116509 -0.114077 0.979121
12.178125 -0.116441 -0.113958 0.978675
12.179688 -0.116369 -0.113835 0.97823
12.181250 -0.116292 -0.113708 0.977783
12.182813 -0.116210 -0.113576 0.977337
12.184375 -0.116124 -0.113440 0.97689
12.185938 -0.116033 -0.113299 0.976443
12.187500 -0.115937 -0.113154 0.975995
12.189063 -0.115837 -0.113005 0.975547
12.190625 -0.115733 -0.112851 0.975099
12.192188 -0.115623 -0.112692 0.97465
12.193750 -0.115510 -0.112530 0.974201
12.195312 -0.115392 -0.112363 0.973751
12.196875 -0.115269 -0.112191 0.973301
12.198438 -0.115142 -0.112015 0.97285
12.200000 -0.115010 -0.111835 0.972398
12.201563 -0.114874 -0.111651 0.971946
12.203125 -0.114733 -0.111462 0.971494
12.204688 -0.114588 -0.111269 0.97104
12.206250 -0.114438 -0.111072 0.970587
12.207813 -0.114284 -0.110870 0.970132
12.209375 -0.114125 -0.110665 0.969677
12.210938 -0.113962 -0.110455 0.969221
12.212500 -0.113795 -0.110240 0.968764
12.214063 -0.113623 -0.110022 0.968307
12.215625 -0.113447 -0.109799 0.967848
12.217188 -0.113266 -0.109572 0.967389
12.218750 -0.113081 -0.109342 0.966929
12.220313 -0.112892 -0.109106 0.966469
12.221875 -0.112698 -0.108867 0.966007
12.223438 -0.112500 -0.108624 0.965544
12.225000 -0.112298 -0.108377 0.965081
12.226562 -0.112091 -0.108125 0.964616
12.228125 -0.111880 -0.107870 0.96415
12.229688 -0.111665 -0.107610 0.963684
12.231250 -0.111446 -0.107346 0.963216
12.232813 -0.111222 -0.107079 0.962747
12.234375 -0.110994 -0.106807 0.962277
12.235938 -0.110762 -0.106532 0.961806
12.237500 -0.110526 -0.106252 0.961333
12.239063 -0.110286 -0.105969 0.960859
12.240625 -0.110041 -0.105682 0.960384
12.242188 -0.109792 -0.105391 0.959908
12.243750 -0.109540 -0.105096 0.95943
12.245313 -0.109283 -0.104797 0.958951
12.246875 -0.109022 -0.104494 0.95847
12.248438 -0.108757 -0.104187 0.957988
12.250000 -0.108487 -0.103877 0.957505
12.251563 -0.108214 -0.103563 0.957019
12.253125 -0.107937 -0.103245 0.956533
12.254688 -0.107656 -0.102924 0.956044
12.256250 -0.107371 -0.102599 0.955554
12.257812 -0.107082 -0.102270 0.955062
12.259375 -0.106789 -0.101937 0.954568
12.260938 -0.106492 -0.101601 0.954073
12.262500 -0.106191 -0.101261 0.953575
12.264063 -0.105886 -0.100918 0.953076
12.265625 -0.105578 -0.100570 0.952575
12.267188 -0.105265 -0.100220 0.952072
12.268750 -0.104949 -0.099866 0.951566
12.270313 -0.104629 -0.099508 0.951059
12.271875 -0.104305 -0.099147 0.950549
12.273438 -0.103978 -0.098783 0.950037
12.275000 -0.103646 -0.098415 0.949523
12.276563 -0.103311 -0.098043 0.949007
12.278125 -0.102973 -0.097668 0.948488
12.279688 -0.102630 -0.097290 0.947967
12.281250 -0.102284 -0.096908 0.947443
12.282813 -0.101935 -0.096524 0.946916
12.284375 -0.101581 -0.096135 0.946387
12.285938 -0.101225 -0.095744 0.945856
12.287500 -0.100864 -0.095349 0.945321
12.289062 -0.100500 -0.094951 0.944784
12.290625 -0.100133 -0.094550 0.944244
12.292188 -0.099762 -0.094146 0.943701
12.293750 -0.099388 -0.093738 0.943155
12.295313 -0.099010 -0.093327 0.942606
12.296875 -0.098629 -0.092913 0.942053
12.298438 -0.098244 -0.092496 0.941498
12.300000 -0.097856 -0.092076 0.940939
12.301563 -0.097465 -0.091653 0.940377
12.303125 -0.097070 -0.091227 0.939811
12.304688 -0.096672 -0.090798 0.939242
12.306250 -0.096271 -0.090366 0.938669
12.307813 -0.095866 -0.089931 0.938093
12.309375 -0.095458 -0.089493 0.937512
12.310938 -0.095047 -0.089053 0.936928
12.312500 -0.094633 -0.088609 0.93634
12.314063 -0.094216 -0.088162 0.935748
12.315625 -0.093795 -0.087713 0.935152
12.317188 -0.093372 -0.087261 0.934551
12.318750 -0.092945 -0.086806 0.933947
12.320312 -0.092515 -0.086348 0.933338
12.321875 -0.092083 -0.085888 0.932724
12.323438 -0.091647 -0.085424 0.932106
12.325000 -0.091208 -0.084959 0.931483
12.326563 -0.090766 -0.084490 0.930855
12.328125 -0.090321 -0.084019 0.930222
12.329688 -0.089874 -0.083545 0.929584
12.331250 -0.089423 -0.083069 0.928941
12.332813 -0.088970 -0.082590 0.928293
12.334375 -0.088514 -0.082109 0.927639
12.335938 -0.088055 -0.081625 0.92698
12.337500 -0.087593 -0.081138 0.926315
12.339063 -0.087128 -0.080650 0.925645
12.340625 -0.086661 -0.080158 0.924968
12.342188 -0.086191 -0.079665 0.924286
12.343750 -0.085718 -0.079169 0.923597
12.345313 -0.085242 -0.078670 0.922902
12.346875 -0.084764 -0.078170 0.9222
12.348438 -0.084284 -0.077667 0.921492
12.350000 -0.083800 -0.077161 0.920777
12.351562 -0.083314 -0.076654 0.920055
12.353125 -0.082826 -0.076144 0.919326
12.354688 -0.082335 -0.075632 0.91859
12.356250 -0.081842 -0.075118 0.917846
12.357813 -0.081346 -0.074602 0.917095
12.359375 -0.080847 -0.074083 0.916336
12.360938 -0.080347 -0.073563 0.915568
12.362500 -0.079844 -0.073040 0.914793
12.364063 -0.079338 -0.072516 0.914009
12.365625 -0.078830 -0.071989 0.913217
12.367188 -0.078320 -0.071460 0.912415
12.368750 -0.077808 -0.070930 0.911605
12.370313 -0.077293 -0.070397 0.910785
12.371875 -0.076776 -0.069863 0.909956
12.373438 -0.076257 -0.069326 0.909117
12.375000 -0.075736 -0.068788 0.908269
12.376563 -0.075212 -0.068248 0.907409
12.378125 -0.074686 -0.067706 0.90654
12.379688 -0.074159 -0.067163 0.90566
12.381250 -0.073629 -0.066617 0.904768
12.382812 -0.073097 -0.066070 0.903865
12.384375 -0.072563 -0.065521 0.902951
12.385938 -0.072027 -0.064970 0.902025
12.387500 -0.071489 -0.064418 0.901086
12.389063 -0.070949 -0.063864 0.900135
12.390625 -0.070408 -0.063309 0.899171
12.392188 -0.069864 -0.062751 0.898193
12.393750 -0.069318 -0.062193 0.897202
12.395313 -0.068771 -0.061632 0.896197
12.396875 -0.068222 -0.061071 0.895177
12.398438 -0.067671 -0.060507 0.894143
12.400000 -0.067118 -0.059943 0.893093
12.401563 -0.066563 -0.059376 0.892028
12.403125 -0.066007 -0.058809 0.890947
12.404688 -0.065449 -0.058240 0.889849
12.406250 -0.064889 -0.057669 0.888734
12.407813 -0.064328 -0.057098 0.887601
12.409375 -0.063765 -0.056525 0.88645
12.410938 -0.063201 -0.055950 0.885281
12.412500 -0.062635 -0.055375 0.884093
12.414062 -0.062067 -0.054798 0.882885
12.415625 -0.061498 -0.054220 0.881656
12.417188 -0.060927 -0.053641 0.880407
12.418750 -0.060355 -0.053060 0.879136
12.420313 -0.059781 -0.052479 0.877842
12.421875 -0.059206 -0.051896 0.876526
12.423438 -0.058630 -0.051312 0.875186
12.425000 -0.058052 -0.050727 0.873821
12.426563 -0.057473 -0.050141 0.872431
12.428125 -0.056892 -0.049554 0.871015
12.429688 -0.056311 -0.048966 0.869572
12.431250 -0.055728 -0.048377 0.868101
12.432813 -0.055143 -0.047787 0.866602
12.434375 -0.054558 -0.047196 0.865072
12.435938 -0.053971 -0.046605 0.863512
12.437500 -0.053383 -0.046012 0.86192
12.439063 -0.052794 -0.045419 0.860294
12.440625 -0.052204 -0.044824 0.858635
12.442188 -0.051613 -0.044229 0.85694
12.443750 -0.051020 -0.043633 0.855208
12.445312 -0.050427 -0.043036 0.853438
12.446875 -0.049833 -0.042439 0.851629
12.448438 -0.049237 -0.041841 0.849778
12.450000 -0.048641 -0.041242 0.847885
12.451563 -0.048043 -0.040642 0.845948
12.453125 -0.047445 -0.040042 0.843965
12.454688 -0.046846 -0.039441 0.841934
12.456250 -0.046246 -0.038840 0.839854
12.457813 -0.045645 -0.038238 0.837721
12.459375 -0.045043 -0.037635 0.835535
12.460938 -0.044440 -0.037032 0.833293
12.462500 -0.043837 -0.036428 0.830993
12.464063 -0.043233 -0.035824 0.828631
12.465625 -0.042628 -0.035219 0.826206
12.467188 -0.042022 -0.034614 0.823714
12.468750 -0.041416 -0.034009 0.821153
12.470313 -0.040809 -0.033403 0.81852
12.471875 -0.040201 -0.032797 0.815811
12.473438 -0.039593 -0.032190 0.813022
12.475000 -0.038984 -0.031583 0.810151
12.476562 -0.038375 -0.030976 0.807192
12.478125 -0.037765 -0.030368 0.804141
12.479688 -0.037154 -0.029760 0.800995
12.481250 -0.036543 -0.029152 0.797748
12.482813 -0.035932 -0.028544 0.794395
12.484375 -0.035320 -0.027935 0.79093
12.485938 -0.034707 -0.027327 0.787348
12.487500 -0.034094 -0.026718 0.783642
12.489063 -0.033481 -0.026109 0.779806
12.490625 -0.032868 -0.025500 0.775831
12.492188 -0.032254 -0.024890 0.771711
12.493750 -0.031639 -0.024281 0.767436
12.495313 -0.031025 -0.023672 0.762998
12.496875 -0.030410 -0.023062 0.758386
12.498438 -0.029795 -0.022453 0.75359
12.500000 -0.029179 -0.021843 0.748598
12.501563 -0.028564 -0.021234 0.743397
12.503125 -0.027948 -0.020625 0.737975
12.504688 -0.027332 -0.020015 0.732315
12.506250 -0.026716 -0.019406 0.726402
12.507812 -0.026099 -0.018797 0.720217
12.509375 -0.025483 -0.018188 0.713741
12.510938 -0.024866 -0.017579 0.706953
12.512500 -0.024250 -0.016971 0.699828
12.514063 -0.023633 -0.016362 0.692342
12.515625 -0.023017 -0.015754 0.684463
12.517188 -0.022400 -0.015146 0.676162
12.518750 -0.021783 -0.014538 0.667401
12.520313 -0.021167 -0.013931 0.658142
12.521875 -0.020550 -0.013323 0.648338
12.523438 -0.019934 -0.012716 0.637942
12.525000 -0.019317 -0.012110 0.626895
12.526563 -0.018701 -0.011504 0.615135
12.528125 -0.018085 -0.010898 0.602589
12.529688 -0.017469 -0.010292 0.589174
12.531250 -0.016853 -0.009687 0.574797
12.532813 -0.016238 -0.009082 0.559348
12.534375 -0.015622 -0.008478 0.542702
12.535938 -0.015007 -0.007874 0.524713
12.537500 -0.014392 -0.007271 0.50521
12.539062 -0.013778 -0.006668 0.483993
12.540625 -0.013163 -0.006066 0.460823
12.542188 -0.012549 -0.005464 0.435417
12.543750 -0.011936 -0.004863 0.40743
12.545313 -0.011323 -0.004262 0.376449
12.546875 -0.010710 -0.003662 0.341962
12.548438 -0.010097 -0.003063 0.303337
12.550000 -0.009485 -0.002464 0.259777
12.551563 -0.008873 -0.001866 0.210269
12.553125 -0.008262 -0.001268 0.153502
12.554688 -0.007652 -0.000671 0.0877478
12.556250 -0.007041 -0.000075 0.0106848
12.557813 -0.006432 0.000520 -0.0808859
12.559375 -0.005822 0.001115 -0.191494
12.560938 -0.005214 0.001709 -0.327776
12.562500 -0.004606 0.002302 -0.499855
12.564063 -0.003998 0.002895 -0.723983
12.565625 -0.003391 0.003486 -1.02801
12.567188 -0.002785 0.004077 -1.46394
12.568750 -0.002179 0.004667 -2.14149
12.570312 -0.001574 0.005256 -3.33859
12.571875 -0.000970 0.005845 -6.02476
12.573438 -0.000366 0.006432 -17.5509
12.575000 0.000236 0.007018 29.6851
12.576563 0.000839 0.007604 9.0675
12.578125 0.001440 0.008189 5.68647
12.579688 0.002041 0.008772 4.29874
12.581250 0.002641 0.009355 3.54285
12.582813 0.003240 0.009937 3.06727
12.584375 0.003838 0.010518 2.74046
12.585938 0.004435 0.011098 2.50204
12.587500 0.005032 0.011676 2.32041
12.589063 0.005628 0.012254 2.17744
12.590625 0.006223 0.012831 2.06196
12.592188 0.006817 0.013406 1.96673
12.593750 0.007410 0.013981 1.88685
12.595313 0.008002 0.014554 1.81889
12.596875 0.008593 0.015127 1.76036
12.598438 0.009183 0.015698 1.70942
12.600000 0.009772 0.016268 1.66468
12.601562 0.010361 0.016837 1.62507
12.603125 0.010948 0.017405 1.58976
12.604688 0.011534 0.017971 1.55808
12.606250 0.012119 0.018536 1.52949
12.607813 0.012703 0.019100 1.50357
12.609375 0.013286 0.019663 1.47996
12.610938 0.013868 0.020225 1.45835
12.612500 0.014449 0.020785 1.43851
12.614063 0.015029 0.021344 1.42022
12.615625 0.015607 0.021902 1.40331
12.617188 0.016185 0.022459 1.38763
12.618750 0.016761 0.023014 1.37304
12.620313 0.017336 0.023568 1.35944
12.621875 0.017910 0.024120 1.34673
12.623438 0.018483 0.024671 1.33482
12.625000 0.019054 0.025221 1.32364
12.626563 0.019625 0.025770 1.31313
12.628125 0.020194 0.026317 1.30322
12.629688 0.020761 0.026862 1.29386
12.631250 0.021328 0.027406 1.28501
12.632812 0.021893 0.027949 1.27663
12.634375 0.022457 0.028490 1.26868
12.635938 0.023019 0.029030 1.26113
12.637500 0.023580 0.029569 1.25395
12.639063 0.024140 0.030105 1.24711
12.640625 0.024699 0.030641 1.24059
12.642188 0.025256 0.031175 1.23436
12.643750 0.025811 0.031707 1.22842
12.645313 0.026366 0.032238 1.22272
12.646875 0.026919 0.032767 1.21727
12.648438 0.027470 0.033295 1.21205
12.650000 0.028020 0.033821 1.20703
12.651563 0.028569 0.034346 1.20222
12.653125 0.029116 0.034869 1.19759
12.654688 0.029661 0.035390 1.19314
12.656250 0.030205 0.035910 1.18886
12.657813 0.030748 0.036428 1.18473
12.659375 0.031289 0.036944 1.18075
12.660938 0.031828 0.037459 1.17691
12.662500 0.032366 0.037973 1.1732
12.664062 0.032903 0.038484 1.16962
12.665625 0.033438 0.038994 1.16616
12.667188 0.033971 0.039502 1.16281
12.668750 0.034503 0.040009 1.15957
12.670313 0.035033 0.040513 1.15643
12.671875 0.035561 0.041016 1.15339
12.673438 0.036088 0.041518 1.15044
12.675000 0.036614 0.042017 1.14758
12.676563 0.037137 0.042515 1.14481
12.678125 0.037659 0.043011 1.14212
12.679688 0.038179 0.043505 1.1395
12.681250 0.038698 0.043998 1.13695
12.682813 0.039215 0.044488 1.13448
12.684375 0.039730 0.044977 1.13208
12.685938 0.040243 0.045464 1.12973
12.687500 0.040755 0.045949 1.12746
12.689063 0.041265 0.046433 1.12524
12.690625 0.041773 0.046914 1.12307
12.692188 0.042280 0.047394 1.12097
12.693750 0.042784 0.047872 1.11891
12.695312 0.043287 0.048348 1.11691
12.696875 0.043789 0.048822 1.11495
12.698438 0.044288 0.049294 1.11304
12.700000 0.044785 0.049765 1.11118
12.701563 0.045281 0.050233 1.10936
12.703125 0.045775 0.050700 1.10758
12.704688 0.046267 0.051164 1.10584
12.706250 0.046757 0.051627 1.10414
12.707813 0.047246 0.052088 1.10248
12.709375 0.047732 0.052546 1.10086
12.710938 0.048217 0.053003 1.09927
12.712500 0.048700 0.053458 1.09771
12.714063 0.049180 0.053911 1.09619
12.715625 0.049659 0.054362 1.0947
12.717188 0.050136 0.054811 1.09323
12.718750 0.050612 0.055258 1.0918
12.720313 0.051085 0.055703 1.0904
12.721875 0.051556 0.056146 1.08902
12.723438 0.052025 0.056587 1.08768
12.725000 0.052493 0.057025 1.08635
12.726562 0.052958 0.057462 1.08506
12.728125 0.053421 0.057897 1.08378
12.729688 0.053883 0.058330 1.08253
12.731250 0.054342 0.058761 1.08131
12.732813 0.054800 0.059189 1.0801
12.734375 0.055255 0.059616 1.07892
12.735938 0.055709 0.060040 1.07776
12.737500 0.056160 0.060463 1.07662
12.739063 0.056609 0.060883 1.0755
12.740625 0.057057 0.061301 1.0744
12.742188 0.057502 0.061718 1.07331
12.743750 0.057945 0.062132 1.07225
12.745313 0.058386 0.062544 1.0712
12.746875 0.058826 0.062953 1.07017
12.748438 0.059263 0.063361 1.06916
12.750000 0.059698 0.063767 1.06816
12.751563 0.060131 0.064170 1.06718
12.753125 0.060561 0.064571 1.06622
12.754688 0.060990 0.064971 1.06527
12.756250 0.061417 0.065368 1.06433
12.757812 0.061841 0.065762 1.06341
12.759375 0.062264 0.066155 1.0625
12.760938 0.062684 0.066546 1.06161
12.762500 0.063102 0.066934 1.06073
12.764063 0.063518 0.067320 1.05986
12.765625 0.063932 0.067704 1.059
12.767188 0.064343 0.068086 1.05816
12.768750 0.064753 0.068465 1.05733
12.770313 0.065160 0.068843 1.05651
12.771875 0.065565 0.069218 1.05571
12.773438 0.065969 0.069591 1.05491
12.775000 0.066369 0.069962 1.05412
12.776563 0.066768 0.070330 1.05335
12.778125 0.067164 0.070696 1.05259
12.779688 0.067559 0.071060 1.05183
12.781250 0.067951 0.071422 1.05109
12.782813 0.068341 0.071782 1.05035
12.784375 0.068728 0.072139 1.04963
12.785938 0.069114 0.072494 1.04891
12.787500 0.069497 0.072847 1.04821
12.789062 0.069878 0.073198 1.04751
12.790625 0.070257 0.073546 1.04682
12.792188 0.070633 0.073892 1.04614
12.793750 0.071007 0.074236 1.04547
12.795313 0.071379 0.074577 1.0448
12.796875 0.071749 0.074917 1.04415
12.798438 0.072117 0.075254 1.0435
12.800000 0.072482 0.075588 1.04286
12.801563 0.072845 0.075921 1.04222
12.803125 0.073206 0.076251 1.0416
12.804688 0.073564 0.076579 1.04098
12.806250 0.073920 0.076904 1.04037
12.807813 0.074274 0.077227 1.03976
12.809375 0.074626 0.077548 1.03916
12.810938 0.074975 0.077867 1.03857
12.812500 0.075322 0.078183 1.03799
12.814063 0.075667 0.078497 1.03741
12.815625 0.076009 0.078809 1.03684
12.817188 0.076349 0.079118 1.03627
12.818750 0.076687 0.079425 1.03571
12.820312 0.077022 0.079730 1.03515
12.821875 0.077356 0.080032 1.0346
12.823438 0.077686 0.080332 1.03406
12.825000 0.078015 0.080630 1.03352
12.826563 0.078341 0.080926 1.03299
12.828125 0.078665 0.081219 1.03246
12.829688 0.078986 0.081509 1.03194
12.831250 0.079306 0.081798 1.03143
12.832813 0.079623 0.082084 1.03091
12.834375 0.079937 0.082368 1.03041
12.835938 0.080249 0.082649 1.0299
12.837500 0.080559 0.082928 1.02941
12.839063 0.080867 0.083205 1.02892
12.840625 0.081172 0.083479 1.02843
12.842188 0.081474 0.083751 1.02794
12.843750 0.081775 0.084021 1.02746
12.845313 0.082073 0.084288 1.02699
12.846875 0.082369 0.084553 1.02652
12.848438 0.082662 0.084816 1.02605
12.850000 0.082953 0.085076 1.02559
12.851562 0.083242 0.085334 1.02513
12.853125 0.083528 0.085589 1.02468
12.854688 0.083812 0.085842 1.02423
12.856250 0.084093 0.086093 1.02378
12.857813 0.084372 0.086341 1.02334
12.859375 0.084649 0.086587 1.0229
12.860938 0.084923 0.086831 1.02246
12.862500 0.085195 0.087072 1.02203
12.864063 0.085465 0.087311 1.0216
12.865625 0.085732 0.087548 1.02118
12.867188 0.085997 0.087782 1.02076
12.868750 0.086259 0.088014 1.02034
12.870313 0.086520 0.088243 1.01992
12.871875 0.086777 0.088470 1.01951
12.873438 0.087032 0.088695 1.0191
12.875000 0.087285 0.088917 1.0187
12.876563 0.087536 0.089137 1.0183
12.878125 0.087784 0.089355 1.0179
12.879688 0.088030 0.089570 1.0175
12.881250 0.088273 0.089783 1.01711
12.882812 0.088514 0.089994 1.01672
12.884375 0.088753 0.090202 1.01633
12.885938 0.088989 0.090407 1.01594
12.887500 0.089222 0.090611 1.01556
12.889063 0.089454 0.090812 1.01518
12.890625 0.089683 0.091010 1.0148
12.892188 0.089909 0.091207 1.01443
12.893750 0.090133 0.091400 1.01406
12.895313 0.090355 0.091592 1.01369
12.896875 0.090575 0.091781 1.01332
12.898438 0.090792 0.091968 1.01296
12.900000 0.091006 0.092152 1.01259
12.901563 0.091218 0.092334 1.01223
12.903125 0.091428 0.092514 1.01188
12.904688 0.091635 0.092691 1.01152
12.906250 0.091840 0.092866 1.01117
12.907813 0.092043 0.093039 1.01082
12.909375 0.092243 0.093209 1.01047
12.910938 0.092441 0.093377 1.01012
12.912500 0.092636 0.093542 1.00978
12.914062 0.092829 0.093705 1.00944
12.915625 0.093020 0.093866 1.00909
12.917188 0.093208 0.094024 1.00876
12.918750 0.093394 0.094180 1.00842
12.920313 0.093577 0.094334 1.00809
12.921875 0.093758 0.094485 1.00775
12.923438 0.093937 0.094634 1.00742
12.925000 0.094113 0.094781 1.00709
12.926563 0.094287 0.094925 1.00677
12.928125 0.094458 0.095067 1.00644
12.929688 0.094627 0.095206 1.00612
12.931250 0.094794 0.095343 1.0058
12.932813 0.094958 0.095478 1.00548
12.934375 0.095120 0.095611 1.00516
12.935938 0.095279 0.095741 1.00484
12.937500 0.095437 0.095869 1.00453
12.939063 0.095591 0.095994 1.00421
12.940625 0.095744 0.096117 1.0039
12.942188 0.095894 0.096238 1.00359
12.943750 0.096041 0.096356 1.00328
12.945312 0.096186 0.096473 1.00298
12.946875 0.096329 0.096586 1.00267
12.948438 0.096470 0.096698 1.00237
12.950000 0.096608 0.096807 1.00206
12.951563 0.096743 0.096914 1.00176
12.953125 0.096877 0.097018 1.00146
12.954688 0.097008 0.097120 1.00116
12.956250 0.097136 0.097220 1.00087
12.957813 0.097262 0.097318 1.00057
12.959375 0.097386 0.097413 1.00027
12.960938 0.097508 0.097506 0.999981
12.962500 0.097627 0.097597 0.999689
12.964063 0.097744 0.097685 0.999398
12.965625 0.097858 0.097771 0.999108
12.967188 0.097970 0.097855 0.99882
12.968750 0.098080 0.097936 0.998532
12.970313 0.098187 0.098015 0.998246
12.971875 0.098292 0.098092 0.997961
12.973438 0.098395 0.098167 0.997677
12.975000 0.098495 0.098239 0.997394
12.976562 0.098594 0.098309 0.997112
12.978125 0.098689 0.098376 0.996831
12.979688 0.098783 0.098442 0.996551
12.981250 0.098874 0.098505 0.996272
12.982813 0.098962 0.098566 0.995995
12.984375 0.099049 0.098624 0.995718
12.985938 0.099133 0.098681 0.995442
12.987500 0.099214 0.098735 0.995167
12.989063 0.099294 0.098787 0.994893
12.990625 0.099371 0.098836 0.99462
12.992188 0.099446 0.098884 0.994348
12.993750 0.099518 0.098929 0.994077
12.995313 0.099588 0.098971 0.993806
12.996875 0.099656 0.099012 0.993537
12.998438 0.099722 0.099050 0.993268
13.000000 0.099785 0.099086 0.993
13.001563 0.099846 0.099120 0.992733
13.003125 0.099904 0.099152 0.992467
13.004688 0.099961 0.099181 0.992201
13.006250 0.100015 0.099208 0.991937
13.007812 0.100067 0.099233 0.991672
13.009375 0.100116 0.099256 0.991409
13.010938 0.100164 0.099277 0.991147
13.012500 0.100208 0.099295 0.990885
13.014063 0.100251 0.099311 0.990623
13.015625 0.100292 0.099325 0.990363
13.017188 0.100330 0.099337 0.990103
13.018750 0.100366 0.099346 0.989844
13.020313 0.100399 0.099354 0.989585
13.021875 0.100431 0.099359 0.989327
13.023438 0.100460 0.099362 0.98907
13.025000 0.100487 0.099363 0.988813
13.026563 0.100512 0.099361 0.988556
13.028125 0.100534 0.099358 0.988301
13.029688 0.100554 0.099352 0.988046
13.031250 0.100572 0.099344 0.987791
13.032813 0.100588 0.099334 0.987537
13.034375 0.100602 0.099322 0.987283
13.035938 0.100613 0.099308 0.98703
13.037500 0.100622 0.099292 0.986777
13.039062 0.100629 0.099273 0.986525
13.040625 0.100634 0.099252 0.986273
13.042188 0.100636 0.099229 0.986022
13.043750 0.100636 0.099204 0.985771
13.045313 0.100635 0.099177 0.98552
13.046875 0.100630 0.099148 0.98527
13.048438 0.100624 0.099117 0.98502
13.050000 0.100616 0.099083 0.984771
13.051563 0.100605 0.099048 0.984522
13.053125 0.100592 0.099010 0.984273
13.054688 0.100577 0.098971 0.984025
13.056250 0.100560 0.098929 0.983777
13.057813 0.100541 0.098885 0.983529
13.059375 0.100519 0.098839 0.983281
13.060938 0.100496 0.098791 0.983034
13.062500 0.100470 0.098741 0.982787
13.064063 0.100442 0.098688 0.982541
13.065625 0.100412 0.098634 0.982294
13.067188 0.100380 0.098578 0.982048
13.068750 0.100346 0.098520 0.981802
13.070312 0.100309 0.098459 0.981556
13.071875 0.100271 0.098397 0.981311
13.073438 0.100230 0.098332 0.981065
13.075000 0.100187 0.098266 0.98082
13.076563 0.100142 0.098197 0.980575
13.078125 0.100095 0.098127 0.98033
13.079688 0.100046 0.098054 0.980086
13.081250 0.099995 0.097979 0.979841
13.082813 0.099942 0.097903 0.979597
13.084375 0.099887 0.097824 0.979352
13.085938 0.099829 0.097744 0.979108
13.087500 0.099770 0.097661 0.978864
13.089063 0.099708 0.097576 0.978619
13.090625 0.099645 0.097490 0.978375
13.092188 0.099579 0.097401 0.978131
13.093750 0.099511 0.097311 0.977887
13.095313 0.099441 0.097218 0.977643
13.096875 0.099370 0.097124 0.977399
13.098438 0.099296 0.097027 0.977155
13.100000 0.099220 0.096929 0.976911
13.101562 0.099142 0.096829 0.976667
13.103125 0.099062 0.096726 0.976423
13.104688 0.098980 0.096622 0.976179
13.106250 0.098896 0.096516 0.975935
13.107813 0.098810 0.096408 0.97569
13.109375 0.098722 0.096298 0.975446
13.110938 0.098632 0.096186 0.975201
13.112500 0.098540 0.096072 0.974957
13.114063 0.098446 0.095957 0.974712
13.115625 0.098350 0.095839 0.974467
13.117188 0.098252 0.095720 0.974222
13.118750 0.098152 0.095598 0.973977
13.120313 0.098051 0.095475 0.973732
13.121875 0.097947 0.095350 0.973486
13.123438 0.097841 0.095223 0.973241
13.125000 0.097733 0.095094 0.972995
13.126563 0.097624 0.094963 0.972749
13.128125 0.097512 0.094831 0.972502
13.129688 0.097398 0.094696 0.972256
13.131250 0.097283 0.094560 0.972009
13.132812 0.097166 0.094422 0.971762
13.134375 0.097046 0.094282 0.971514
13.135938 0.096925 0.094140 0.971266
13.137500 0.096802 0.093997 0.971018
13.139063 0.096677 0.093851 0.97077
13.140625 0.096550 0.093704 0.970521
13.142188 0.096421 0.093555 0.970272
13.143750 0.096291 0.093404 0.970023
13.145313 0.096158 0.093251 0.969773
13.146875 0.096024 0.093097 0.969523
13.148438 0.095887 0.092941 0.969272
13.150000 0.095749 0.092783 0.969021
13.151563 0.095609 0.092623 0.96877
13.153125 0.095467 0.092462 0.968518
13.154688 0.095324 0.092299 0.968266
13.156250 0.095178 0.092134 0.968013
13.157813 0.095031 0.091967 0.96776
13.159375 0.094881 0.091798 0.967506
13.160938 0.094730 0.091628 0.967252
13.162500 0.094578 0.091456 0.966997
13.164062 0.094423 0.091283 0.966742
13.165625 0.094266 0.091107 0.966486
13.167188 0.094108 0.090930 0.966229
13.168750 0.093948 0.090751 0.965972
13.170313 0.093786 0.090571 0.965715
13.171875 0.093623 0.090389 0.965456
13.173438 0.093457 0.090205 0.965198
13.175000 0.093290 0.090019 0.964938
13.176563 0.093121 0.089832 0.964678
13.178125 0.092951 0.089643 0.964417
13.179688 0.092778 0.089453 0.964155
13.181250 0.092604 0.089260 0.963893
13.182813 0.092428 0.089067 0.96363
13.184375 0.092251 0.088871 0.963367
13.185938 0.092071 0.088674 0.963102
13.187500 0.091890 0.088475 0.962837
13.189063 0.091707 0.088275 0.962571
13.190625 0.091523 0.088073 0.962304
13.192188 0.091337 0.087869 0.962037
13.193750 0.091149 0.087664 0.961768
13.195312 0.090959 0.087457 0.961499
13.196875 0.090768 0.087249 0.961229
13.198438 0.090575 0.087039 0.960958
13.200000 0.090380 0.086827 0.960686
13.201563 0.090184 0.086614 0.960413
13.203125 0.089986 0.086399 0.960139
13.204688 0.089786 0.086183 0.959864
13.206250 0.089585 0.085965 0.959589
13.207813 0.089382 0.085745 0.959312
13.209375 0.089178 0.085524 0.959034
13.210938 0.088972 0.085302 0.958756
13.212500 0.088764 0.085078 0.958476
13.214063 0.088554 0.084852 0.958195
13.215625 0.088343 0.084625 0.957913
13.217188 0.088131 0.084397 0.95763
13.218750 0.087917 0.084167 0.957346
13.220313 0.087701 0.083935 0.95706
13.221875 0.087483 0.083702 0.956774
13.223438 0.087264 0.083467 0.956486
13.225000 0.087044 0.083231 0.956197
13.226562 0.086822 0.082994 0.955907
13.228125 0.086598 0.082755 0.955616
13.229688 0.086373 0.082514 0.955323
13.231250 0.086146 0.082272 0.955029
13.232813 0.085918 0.082029 0.954733
13.234375 0.085688 0.081784 0.954437
13.235938 0.085457 0.081537 0.954139
13.237500 0.085224 0.081290 0.953839
13.239063 0.084989 0.081041 0.953538
13.240625 0.084753 0.080790 0.953236
13.242188 0.084516 0.080538 0.952932
13.243750 0.084277 0.080285 0.952627
13.245313 0.084037 0.080030 0.95232
13.246875 0.083795 0.079774 0.952012
13.248438 0.083551 0.079516 0.951702
13.250000 0.083307 0.079257 0.95139
13.251563 0.083060 0.078997 0.951077
13.253125 0.082812 0.078735 0.950763
13.254688 0.082563 0.078472 0.950446
13.256250 0.082313 0.078207 0.950128
13.257812 0.082060 0.077942 0.949808
13.259375 0.081807 0.077674 0.949486
13.260938 0.081552 0.077406 0.949163
13.262500 0.081295 0.077136 0.948837
13.264063 0.081038 0.076865 0.94851
13.265625 0.080778 0.076593 0.948181
13.267188 0.080518 0.076319 0.94785
13.268750 0.080256 0.076044 0.947517
13.270313 0.079992 0.075767 0.947182
13.271875 0.079728 0.075490 0.946845
13.273438 0.079461 0.075211 0.946506
13.275000 0.079194 0.074930 0.946165
13.276563 0.078925 0.074649 0.945821
13.278125 0.078655 0.074366 0.945476
13.279688 0.078383 0.074082 0.945128
13.281250 0.078110 0.073797 0.944778
13.282813 0.077836 0.073510 0.944426
13.284375 0.077560 0.073222 0.944072
13.285938 0.077283 0.072933 0.943715
13.287500 0.077005 0.072643 0.943355
13.289062 0.076725 0.072352 0.942994
13.290625 0.076445 0.072059 0.94263
13.292188 0.076162 0.071765 0.942263
13.293750 0.075879 0.071470 0.941894
13.295313 0.075594 0.071174 0.941522
13.296875 0.075308 0.070876 0.941147
13.298438 0.075021 0.070577 0.94077
13.300000 0.074732 0.070277 0.94039
13.301563 0.074442 0.069976 0.940007
13.303125 0.074151 0.069674 0.939622
13.304688 0.073859 0.069371 0.939233
13.306250 0.073565 0.069066 0.938842
13.307813 0.073270 0.068761 0.938448
13.309375 0.072974 0.068454 0.93805
13.310938 0.072677 0.068146 0.93765
13.312500 0.072379 0.067837 0.937246
13.314063 0.072079 0.067526 0.936839
13.315625 0.071778 0.067215 0.936429
13.317188 0.071476 0.066903 0.936016
13.318750 0.071173 0.066589 0.935599
13.320312 0.070868 0.066274 0.935179
13.321875 0.070562 0.065959 0.934755
13.323438 0.070256 0.065642 0.934328
13.325000 0.069948 0.065324 0.933897
13.326563 0.069638 0.065005 0.933463
13.328125 0.069328 0.064685 0.933025
13.329688 0.069017 0.064364 0.932582
13.331250 0.068704 0.064042 0.932136
13.332813 0.068390 0.063718 0.931687
13.334375 0.068076 0.063394 0.931233
13.335938 0.067760 0.063069 0.930775
13.337500 0.067443 0.062743 0.930312
13.339063 0.067124 0.062415 0.929846
13.340625 0.066805 0.062087 0.929375
13.342188 0.066485 0.061758 0.9289
13.343750 0.066163 0.061427 0.92842
13.345313 0.065841 0.061096 0.927936
13.346875 0.065517 0.060764 0.927447
13.348438 0.065192 0.060430 0.926953
13.350000 0.064867 0.060096 0.926455
13.351562 0.064540 0.059761 0.925951
13.353125 0.064212 0.059424 0.925443
13.354688 0.063883 0.059087 0.924929
13.356250 0.063553 0.058749 0.92441
13.357813 0.063222 0.058410 0.923886
13.359375 0.062890 0.058070 0.923356
13.360938 0.062557 0.057729 0.922821
13.362500 0.062223 0.057387 0.92228
13.364063 0.061888 0.057044 0.921733
13.365625 0.061552 0.056700 0.921181
13.367188 0.061215 0.056356 0.920622
13.368750 0.060877 0.056010 0.920058
13.370313 0.060538 0.055664 0.919487
13.371875 0.060198 0.055316 0.91891
13.373438 0.059857 0.054968 0.918326
13.375000 0.059515 0.054619 0.917735
13.376563 0.059172 0.054269 0.917138
13.378125 0.058828 0.053918 0.916534
13.379688 0.058484 0.053566 0.915923
13.381250 0.058138 0.053214 0.915305
13.382812 0.057791 0.052860 0.914679
13.384375 0.057444 0.052506 0.914046
13.385938 0.057095 0.052151 0.913405
13.387500 0.056746 0.051795 0.912756
13.389063 0.056396 0.051438 0.9121
13.390625 0.056045 0.051081 0.911435
13.392188 0.055692 0.050723 0.910762
13.393750 0.055339 0.050363 0.91008
13.395313 0.054986 0.050003 0.909389
13.396875 0.054631 0.049643 0.90869
13.398438 0.054275 0.049281 0.907981
13.400000 0.053919 0.048919 0.907263
13.401563 0.053562 0.048556 0.906536
13.403125 0.053204 0.048192 0.905799
13.404688 0.052845 0.047827 0.905052
13.406250 0.052485 0.047462 0.904294
13.407813 0.052124 0.047096 0.903526
13.409375 0.051763 0.046729 0.902748
13.410938 0.051400 0.046361 0.901958
13.412500 0.051037 0.045993 0.901158
13.414062 0.050673 0.045624 0.900345
13.415625 0.050309 0.045254 0.899521
13.417188 0.049943 0.044883 0.898685
13.418750 0.049577 0.044512 0.897837
13.420313 0.049210 0.044140 0.896975
13.421875 0.048842 0.043767 0.896101
13.423438 0.048473 0.043394 0.895214
13.425000 0.048104 0.043020 0.894313
13.426563 0.047734 0.042645 0.893398
13.428125 0.047363 0.042270 0.892468
13.429688 0.046992 0.041894 0.891524
13.431250 0.046619 0.041517 0.890565
13.432813 0.046246 0.041140 0.88959
13.434375 0.045872 0.040762 0.888599
13.435938 0.045498 0.040383 0.887592
13.437500 0.045122 0.040004 0.886568
13.439063 0.044747 0.039624 0.885526
13.440625 0.044370 0.039244 0.884467
13.442188 0.043993 0.038863 0.88339
13.443750 0.043614 0.038481 0.882294
13.445312 0.043236 0.038098 0.881178
13.446875 0.042856 0.037715 0.880043
13.448438 0.042476 0.037332 0.878887
13.450000 0.042096 0.036948 0.877711
13.451563 0.041714 0.036563 0.876512
13.453125 0.041332 0.036178 0.875292
13.454688 0.040949 0.035792 0.874048
13.456250 0.040566 0.035405 0.872781
13.457813 0.040182 0.035018 0.871489
13.459375 0.039797 0.034631 0.870172
13.460938 0.039412 0.034242 0.86883
13.462500 0.039026 0.033854 0.867461
13.464063 0.038640 0.033465 0.866064
13.465625 0.038253 0.033075 0.864638
13.467188 0.037865 0.032684 0.863183
13.468750 0.037477 0.032294 0.861698
13.470313 0.037088 0.031902 0.860182
13.471875 0.036698 0.031511 0.858633
13.473438 0.036308 0.031118 0.857051
13.475000 0.035918 0.030725 0.855434
13.476562 0.035527 0.030332 0.853781
13.478125 0.035135 0.029938 0.852091
13.479688 0.034743 0.029544 0.850363
13.481250 0.034350 0.029149 0.848594
13.482813 0.033956 0.028754 0.846785
13.484375 0.033563 0.028358 0.844933
13.485938 0.033168 0.027962 0.843036
13.487500 0.032773 0.027565 0.841094
13.489063 0.032378 0.027168 0.839103
13.490625 0.031982 0.026771 0.837064
13.492188 0.031585 0.026373 0.834972
13.493750 0.031188 0.025974 0.832827
13.495313 0.030791 0.025575 0.830626
13.496875 0.030393 0.025176 0.828367
13.498438 0.029994 0.024777 0.826047
13.500000 0.029595 0.024376 0.823665
13.501563 0.029196 0.023976 0.821217
13.503125 0.028796 0.023575 0.8187
13.504688 0.028395 0.023174 0.816112
13.506250 0.027994 0.022772 0.81345
13.507812 0.027593 0.022370 0.810709
13.509375 0.027191 0.021968 0.807887
13.510938 0.026789 0.021565 0.80498
13.512500 0.026387 0.021162 0.801983
13.514063 0.025984 0.020758 0.798892
13.515625 0.025580 0.020354 0.795704
13.517188 0.025176 0.019950 0.792412
13.518750 0.024772 0.019545 0.789013
13.520313 0.024367 0.019140 0.7855
13.521875 0.023962 0.018735 0.781867
13.523438 0.023557 0.018330 0.778108
13.525000 0.023151 0.017924 0.774217
13.526563 0.022744 0.017517 0.770185
13.528125 0.022338 0.017111 0.766007
13.529688 0.021931 0.016704 0.761672
13.531250 0.021523 0.016297 0.757172
13.532813 0.021115 0.015889 0.752497
13.534375 0.020707 0.015481 0.747636
13.535938 0.020299 0.015073 0.742579
13.537500 0.019890 0.014665 0.737313
13.539062 0.019481 0.014256 0.731825
13.540625 0.019071 0.013848 0.726099
13.542188 0.018661 0.013438 0.720121
13.543750 0.018251 0.013029 0.713873
13.545313 0.017841 0.012619 0.707335
13.546875 0.017430 0.012209 0.700488
13.548438 0.017019 0.011799 0.693308
13.550000 0.016607 0.011389 0.685771
13.551563 0.016195 0.010978 0.677849
13.553125 0.015783 0.010567 0.669511
13.554688 0.015371 0.010156 0.660724
13.556250 0.014958 0.009745 0.65145
13.557813 0.014545 0.009333 0.641648
13.559375 0.014132 0.008921 0.63127
13.560938 0.013719 0.008509 0.620263
13.562500 0.013305 0.008097 0.60857
13.564063 0.012891 0.007685 0.596123
13.565625 0.012477 0.007272 0.582846
13.567188 0.012062 0.006859 0.568653
13.568750 0.011648 0.006446 0.553447
13.570312 0.011233 0.006033 0.537113
13.571875 0.010818 0.005620 0.519521
13.573438 0.010402 0.005207 0.50052
13.575000 0.009987 0.004793 0.479932
13.576563 0.009571 0.004379 0.457551
13.578125 0.009155 0.003965 0.433129
13.579688 0.008738 0.003551 0.406374
13.581250 0.008322 0.003137 0.376934
13.582813 0.007905 0.002722 0.344383
13.584375 0.007488 0.002308 0.3082
13.585938 0.007071 0.001893 0.267739
13.587500 0.006654 0.001478 0.222194
13.589063 0.006236 0.001064 0.170539
13.590625 0.005819 0.000649 0.111457
13.592188 0.005401 0.000233 0.0432205
13.593750 0.004983 -0.000182 -0.0364803
13.595313 0.004565 -0.000597 -0.130801
13.596875 0.004147 -0.001013 -0.244173
13.598438 0.003728 -0.001428 -0.383021
13.600000 0.003310 -0.001844 -0.557022
13.601562 0.002891 -0.002259 -0.781467
13.603125 0.002472 -0.002675 -1.08202
13.604688 0.002053 -0.003091 -1.5053
13.606250 0.001634 -0.003507 -2.14578
13.607813 0.001215 -0.003923 -3.22839
13.609375 0.000796 -0.004339 -5.45229
13.610938 0.000376 -0.004755 -12.634
13.612500 -0.000043 -0.005171 119.783
13.614063 -0.000463 -0.005587 12.0727
13.615625 -0.000883 -0.006004 6.80258
13.617188 -0.001302 -0.006420 4.92935
13.618750 -0.001722 -0.006836 3.96923
13.620313 -0.002142 -0.007252 3.3854
13.621875 -0.002562 -0.007669 2.99288
13.623438 -0.002982 -0.008085 2.71088
13.625000 -0.003403 -0.008502 2.49847
13.626563 -0.003823 -0.008918 2.33272
13.628125 -0.004243 -0.009334 2.19978
13.629688 -0.004664 -0.009751 2.09077
13.631250 -0.005084 -0.010167 1.99977
13.632812 -0.005505 -0.010584 1.92266
13.634375 -0.005925 -0.011000 1.85648
13.635938 -0.006346 -0.011416 1.79905
13.637500 -0.006766 -0.011833 1.74875
13.639063 -0.007187 -0.012249 1.70433
13.640625 -0.007608 -0.012665 1.66482
13.642188 -0.008028 -0.013082 1.62943
13.643750 -0.008449 -0.013498 1.59756
13.645313 -0.008870 -0.013914 1.56871
13.646875 -0.009290 -0.014330 1.54247
13.648438 -0.009711 -0.014746 1.51849
13.650000 -0.010132 -0.015162 1.49651
13.651563 -0.010552 -0.015578 1.47627
13.653125 -0.010973 -0.015994 1.45757
13.654688 -0.011394 -0.016410 1.44026
13.656250 -0.011814 -0.016826 1.42417
13.657813 -0.012235 -0.017241 1.40919
13.659375 -0.012656 -0.017657 1.3952
13.660938 -0.013076 -0.018073 1.38211
13.662500 -0.013497 -0.018488 1.36983
13.664062 -0.013917 -0.018903 1.35829
13.665625 -0.014337 -0.019319 1.34742
13.667188 -0.014758 -0.019734 1.33717
13.668750 -0.015178 -0.020149 1.32749
13.670313 -0.015598 -0.020564 1.31833
13.671875 -0.016019 -0.020979 1.30964
13.673438 -0.016439 -0.021393 1.3014
13.675000 -0.016859 -0.021808 1.29357
13.676563 -0.017279 -0.022223 1.28612
13.678125 -0.017699 -0.022637 1.27902
13.679688 -0.018118 -0.023051 1.27225
13.681250 -0.018538 -0.023465 1.26578
13.682813 -0.018958 -0.023879 1.2596
13.684375 -0.019377 -0.024293 1.25368
13.685938 -0.019797 -0.024707 1.24802
13.687500 -0.020216 -0.025120 1.24258
13.689063 -0.020635 -0.025534 1.23737
13.690625 -0.021054 -0.025947 1.23237
13.692188 -0.021473 -0.026360 1.22756
13.693750 -0.021892 -0.026773 1.22293
13.695312 -0.022311 -0.027185 1.21848
13.696875 -0.022729 -0.027598 1.21419
13.698438 -0.023148 -0.028010 1.21005
13.700000 -0.023566 -0.028422 1.20606
13.701563 -0.023984 -0.028834 1.20221
13.703125 -0.024403 -0.029246 1.19849
13.704688 -0.024820 -0.029658 1.19489
13.706250 -0.025238 -0.030069 1.19142
13.707813 -0.025656 -0.030480 1.18805
13.709375 -0.026073 -0.030891 1.1848
13.710938 -0.026490 -0.031302 1.18164
13.712500 -0.026907 -0.031713 1.17859
13.714063 -0.027324 -0.032123 1.17562
13.715625 -0.027741 -0.032533 1.17275
13.717188 -0.028158 -0.032943 1.16996
13.718750 -0.028574 -0.033353 1.16725
13.720313 -0.028990 -0.033762 1.16461
13.721875 -0.029406 -0.034172 1.16206
13.723438 -0.029822 -0.034581 1.15957
13.725000 -0.030238 -0.034989 1.15715
13.726562 -0.030653 -0.035398 1.1548
13.728125 -0.031068 -0.035806 1.15251
13.729688 -0.031483 -0.036214 1.15027
13.731250 -0.031898 -0.036622 1.1481
13.732813 -0.032313 -0.037030 1.14598
13.734375 -0.032727 -0.037437 1.14392
13.735938 -0.033141 -0.037844 1.14191
13.737500 -0.033555 -0.038251 1.13994
13.739063 -0.033968 -0.038657 1.13803
13.740625 -0.034382 -0.039063 1.13616
13.742188 -0.034795 -0.039469 1.13433
13.743750 -0.035208 -0.039875 1.13255
13.745313 -0.035621 -0.040280 1.13081
13.746875 -0.036033 -0.040685 1.12911
13.748438 -0.036445 -0.041090 1.12745
13.750000 -0.036857 -0.041494 1.12582
13.751563 -0.037269 -0.041899 1.12423
13.753125 -0.037680 -0.042303 1.12267
13.754688 -0.038091 -0.042706 1.12115
13.756250 -0.038502 -0.043109 1.11966
13.757812 -0.038913 -0.043512 1.1182
13.759375 -0.039323 -0.043915 1.11678
13.760938 -0.039733 -0.044317 1.11538
13.762500 -0.040143 -0.044719 1.11401
13.764063 -0.040552 -0.045121 1.11267
13.765625 -0.040961 -0.045522 1.11135
13.767188 -0.041370 -0.045923 1.11006
13.768750 -0.041779 -0.046324 1.1088
13.770313 -0.042187 -0.046724 1.10755
13.771875 -0.042595 -0.047124 1.10634
13.773438 -0.043003 -0.047524 1.10515
13.775000 -0.043410 -0.047923 1.10397
13.776563 -0.043817 -0.048322 1.10282
13.778125 -0.044224 -0.048721 1.1017
13.779688 -0.044630 -0.049119 1.10059
13.781250 -0.045036 -0.049517 1.0995
13.782813 -0.045442 -0.049915 1.09843
13.784375 -0.045847 -0.050312 1.09738
13.785938 -0.046252 -0.050709 1.09635
13.787500 -0.046657 -0.051105 1.09534
13.789062 -0.047061 -0.051501 1.09434
13.790625 -0.047465 -0.051897 1.09337
13.792188 -0.047869 -0.052292 1.0924
13.793750 -0.048272 -0.052687 1.09146
13.795313 -0.048675 -0.053082 1.09053
13.796875 -0.049078 -0.053476 1.08961
13.798438 -0.049480 -0.053870 1.08871
13.800000 -0.049882 -0.054263 1.08783
13.801563 -0.050284 -0.054656 1.08696
13.803125 -0.050685 -0.055049 1.0861
13.804688 -0.051086 -0.055441 1.08525
13.806250 -0.051486 -0.055833 1.08442
13.807813 -0.051886 -0.056224 1.08361
13.809375 -0.052286 -0.056615 1.0828
13.810938 -0.052685 -0.057005 1.08201
13.812500 -0.053084 -0.057396 1.08122
13.814063 -0.053482 -0.057785 1.08046
13.815625 -0.053880 -0.058175 1.0797
13.817188 -0.054278 -0.058563 1.07895
13.818750 -0.054675 -0.058952 1.07821
13.820312 -0.055072 -0.059340 1.07749
13.821875 -0.055469 -0.059727 1.07677
13.823438 -0.055865 -0.060115 1.07607
13.825000 -0.056261 -0.060501 1.07537
13.826563 -0.056656 -0.060887 1.07469
13.828125 -0.057051 -0.061273 1.07401
13.829688 -0.057445 -0.061659 1.07335
13.831250 -0.057839 -0.062044 1.07269
13.832813 -0.058233 -0.062428 1.07204
13.834375 -0.058626 -0.062812 1.0714
13.835938 -0.059019 -0.063196 1.07077
13.837500 -0.059411 -0.063579 1.07015
13.839063 -0.059803 -0.063961 1.06953
13.840625 -0.060194 -0.064343 1.06893
13.842188 -0.060585 -0.064725 1.06833
13.843750 -0.060976 -0.065106 1.06774
13.845313 -0.061366 -0.065487 1.06715
13.846875 -0.061756 -0.065867 1.06658
13.848438 -0.062145 -0.066247 1.06601
13.850000 -0.062534 -0.066626 1.06545
13.851562 -0.062922 -0.067005 1.06489
13.853125 -0.063310 -0.067384 1.06435
13.854688 -0.063697 -0.067761 1.06381
13.856250 -0.064084 -0.068139 1.06327
13.857813 -0.064471 -0.068516 1.06274
13.859375 -0.064857 -0.068892 1.06222
13.860938 -0.065242 -0.069268 1.06171
13.862500 -0.065627 -0.069643 1.0612
13.864063 -0.066012 -0.070018 1.06069
13.865625 -0.066396 -0.070393 1.0602
13.867188 -0.066779 -0.070766 1.05971
13.868750 -0.067162 -0.071140 1.05922
13.870313 -0.067545 -0.071513 1.05874
13.871875 -0.067927 -0.071885 1.05826
13.873438 -0.068309 -0.072257 1.0578
13.875000 -0.068690 -0.072628 1.05733
13.876563 -0.069071 -0.072999 1.05687
13.878125 -0.069451 -0.073369 1.05642
13.879688 -0.069830 -0.073739 1.05597
13.881250 -0.070210 -0.074108 1.05553
13.882812 -0.070588 -0.074477 1.05509
13.884375 -0.070966 -0.074845 1.05465
13.885938 -0.071344 -0.075212 1.05422
13.887500 -0.071721 -0.075580 1.0538
13.889063 -0.072098 -0.075946 1.05338
13.890625 -0.072474 -0.076312 1.05296
13.892188 -0.072849 -0.076678 1.05255
13.893750 -0.073224 -0.077042 1.05214
13.895313 -0.073599 -0.077407 1.05174
13.896875 -0.073973 -0.077771 1.05134
13.898438 -0.074346 -0.078134 1.05094
13.900000 -0.074719 -0.078497 1.05055
13.901563 -0.075092 -0.078859 1.05017
13.903125 -0.075463 -0.079220 1.04978
13.904688 -0.075835 -0.079581 1.0494
13.906250 -0.076206 -0.079942 1.04903
13.907813 -0.076576 -0.080302 1.04866
13.909375 -0.076946 -0.080661 1.04829
13.910938 -0.077315 -0.081020 1.04793
13.912500 -0.077683 -0.081378 1.04757
13.914062 -0.078051 -0.081736 1.04721
13.915625 -0.078419 -0.082093 1.04685
13.917188 -0.078786 -0.082450 1.0465
13.918750 -0.079152 -0.082806 1.04616
13.920313 -0.079518 -0.083161 1.04581
13.921875 -0.079883 -0.083516 1.04547
13.923438 -0.080248 -0.083870 1.04514
13.925000 -0.080612 -0.084224 1.0448
13.926563 -0.080976 -0.084577 1.04447
13.928125 -0.081339 -0.084929 1.04415
13.929688 -0.081701 -0.085281 1.04382
13.931250 -0.082063 -0.085633 1.0435
13.932813 -0.082424 -0.085983 1.04318
13.934375 -0.082785 -0.086334 1.04287
13.935938 -0.083145 -0.086683 1.04256
13.937500 -0.083504 -0.087032 1.04225
13.939063 -0.083863 -0.087381 1.04194
13.940625 -0.084222 -0.087729 1.04164
13.942188 -0.084579 -0.088076 1.04134
13.943750 -0.084937 -0.088422 1.04104
13.945312 -0.085293 -0.088769 1.04075
13.946875 -0.085649 -0.089114 1.04045
13.948438 -0.086005 -0.089459 1.04016
13.950000 -0.086360 -0.089803 1.03988
13.951563 -0.086714 -0.090147 1.03959
13.953125 -0.087067 -0.090490 1.03931
13.954688 -0.087420 -0.090833 1.03904
13.956250 -0.087773 -0.091175 1.03876
13.957813 -0.088125 -0.091516 1.03849
13.959375 -0.088476 -0.091857 1.03822
13.960938 -0.088826 -0.092197 1.03795
13.962500 -0.089176 -0.092537 1.03768
13.964063 -0.089526 -0.092876 1.03742
13.965625 -0.089875 -0.093214 1.03716
13.967188 -0.090223 -0.093552 1.0369
13.968750 -0.090570 -0.093889 1.03665
13.970313 -0.090917 -0.094226 1.0364
13.971875 -0.091263 -0.094562 1.03614
13.973438 -0.091609 -0.094897 1.0359
13.975000 -0.091954 -0.095232 1.03565
13.976562 -0.092299 -0.095566 1.0354
13.978125 -0.092642 -0.095899 1.03515
13.979688 -0.092985 -0.096231 1.03491
13.981250 -0.093328 -0.096563 1.03466
13.982813 -0.093670 -0.096893 1.03441
13.984375 -0.094011 -0.097223 1.03416
13.985938 -0.094352 -0.097552 1.03391
13.987500 -0.094692 -0.097879 1.03366
13.989063 -0.095031 -0.098205 1.0334
13.990625 -0.095370 -0.098530 1.03314
13.992188 -0.095708 -0.098854 1.03287
13.993750 -0.096045 -0.099177 1.0326
13.995313 -0.096382 -0.099497 1.03232
13.996875 -0.096718 -0.099817 1.03203
13.998438 -0.097054 -0.100134 1.03174
14.000000 -0.097389 -0.100450 1.03144
14.001563 -0.097723 -0.100765 1.03113
14.003125 -0.098056 -0.101077 1.0308
14.004688 -0.098389 -0.101387 1.03048
14.006250 -0.098720 -0.101696 1.03014
14.007812 -0.099051 -0.102002 1.02979
14.009375 -0.099380 -0.102306 1.02944
14.010938 -0.099708 -0.102608 1.02908
14.012500 -0.100035 -0.102908 1.02872
14.014063 -0.100360 -0.103205 1.02835
14.015625 -0.100684 -0.103500 1.02797
14.017188 -0.101007 -0.103793 1.02758
14.018750 -0.101328 -0.104083 1.02719
14.020313 -0.101647 -0.104370 1.02679
14.021875 -0.101964 -0.104655 1.02639
14.023438 -0.102279 -0.104937 1.02598
14.025000 -0.102593 -0.105216 1.02557
14.026563 -0.102904 -0.105493 1.02515
14.028125 -0.103214 -0.105766 1.02473
14.029688 -0.103521 -0.106037 1.0243
14.031250 -0.103826 -0.106305 1.02387
14.032813 -0.104129 -0.106570 1.02344
14.034375 -0.104430 -0.106831 1.023
14.035938 -0.104728 -0.107090 1.02256
14.037500 -0.105023 -0.107345 1.02211
14.039062 -0.105316 -0.107597 1.02166
14.040625 -0.105607 -0.107846 1.0212
14.042188 -0.105895 -0.108092 1.02075
14.043750 -0.106180 -0.108334 1.02029
14.045313 -0.106462 -0.108573 1.01982
14.046875 -0.106742 -0.108808 1.01936
14.048438 -0.107019 -0.109040 1.01889
14.050000 -0.107293 -0.109268 1.01841
14.051563 -0.107563 -0.109493 1.01794
14.053125 -0.107831 -0.109714 1.01746
14.054688 -0.108096 -0.109932 1.01698
14.056250 -0.108357 -0.110146 1.0165
14.057813 -0.108616 -0.110356 1.01602
14.059375 -0.108871 -0.110562 1.01553
14.060938 -0.109123 -0.110764 1.01505
14.062500 -0.109371 -0.110963 1.01456
14.064063 -0.109616 -0.111158 1.01406
14.065625 -0.109858 -0.111349 1.01357
14.067188 -0.110096 -0.111536 1.01308
14.068750 -0.110331 -0.111719 1.01258
14.070312 -0.110562 -0.111898 1.01208
14.071875 -0.110790 -0.112073 1.01158
14.073438 -0.111014 -0.112244 1.01108
14.075000 -0.111235 -0.112411 1.01058
14.076563 -0.111451 -0.112574 1.01008
14.078125 -0.111664 -0.112733 1.00957
14.079688 -0.111873 -0.112888 1.00907
14.081250 -0.112079 -0.113038 1.00856
14.082813 -0.112280 -0.113185 1.00805
14.084375 -0.112478 -0.113327 1.00755
14.085938 -0.112672 -0.113465 1.00704
14.087500 -0.112861 -0.113598 1.00653
14.089063 -0.113047 -0.113728 1.00602
14.090625 -0.113229 -0.113853 1.00551
14.092188 -0.113407 -0.113974 1.005
14.093750 -0.113581 -0.114090 1.00449
14.095313 -0.113750 -0.114203 1.00397
14.096875 -0.113916 -0.114310 1.00346
14.098438 -0.114078 -0.114414 1.00295
14.100000 -0.114235 -0.114513 1.00244
14.101562 -0.114388 -0.114608 1.00192
14.103125 -0.114537 -0.114698 1.00141
14.104688 -0.114681 -0.114784 1.00089
14.106250 -0.114822 -0.114865 1.00038
14.107813 -0.114958 -0.114942 0.999864
14.109375 -0.115090 -0.115015 0.999349
14.110938 -0.115217 -0.115083 0.998834
14.112500 -0.115341 -0.115147 0.998318
14.114063 -0.115459 -0.115206 0.997803
14.115625 -0.115574 -0.115260 0.997287
14.117188 -0.115684 -0.115311 0.996771
14.118750 -0.115790 -0.115356 0.996255
14.120313 -0.115891 -0.115397 0.995739
14.121875 -0.115988 -0.115434 0.995223
14.123438 -0.116080 -0.115466 0.994706
14.125000 -0.116168 -0.115493 0.99419
14.126563 -0.116252 -0.115516 0.993674
14.128125 -0.116331 -0.115535 0.993157
14.129688 -0.116405 -0.115548 0.992641
14.131250 -0.116475 -0.115558 0.992124
14.132812 -0.116540 -0.115562 0.991607
14.134375 -0.116601 -0.115562 0.99109
14.135938 -0.116658 -0.115558 0.990574
14.137500 -0.116709 -0.115549 0.990057
14.139063 -0.116757 -0.115535 0.98954
14.140625 -0.116799 -0.115517 0.989023
14.142188 -0.116837 -0.115494 0.988506
14.143750 -0.116871 -0.115467 0.987988
14.145313 -0.116900 -0.115435 0.987471
14.146875 -0.116924 -0.115399 0.986954
14.148438 -0.116944 -0.115358 0.986437
14.150000 -0.116959 -0.115312 0.985919
14.151563 -0.116969 -0.115262 0.985402
14.153125 -0.116975 -0.115207 0.984884
14.154688 -0.116977 -0.115148 0.984366
14.156250 -0.116973 -0.115084 0.983849
14.157813 -0.116965 -0.115016 0.983331
14.159375 -0.116953 -0.114943 0.982813
14.160938 -0.116936 -0.114865 0.982294
14.162500 -0.116914 -0.114783 0.981776
14.164062 -0.116887 -0.114696 0.981258
14.165625 -0.116856 -0.114605 0.980739
14.167188 -0.116820 -0.114510 0.98022
14.168750 -0.116780 -0.114410 0.979701
14.170313 -0.116735 -0.114305 0.979182
14.171875 -0.116686 -0.114196 0.978662
14.173438 -0.116632 -0.114082 0.978142
14.175000 -0.116573 -0.113964 0.977622
14.176563 -0.116509 -0.113842 0.977102
14.178125 -0.116441 -0.113715 0.976581
14.179688 -0.116369 -0.113583 0.97606
14.181250 -0.116292 -0.113447 0.975539
14.182813 -0.116210 -0.113307 0.975017
14.184375 -0.116124 -0.113162 0.974495
14.185938 -0.116033 -0.113013 0.973972
14.187500 -0.115937 -0.112859 0.973449
14.189063 -0.115837 -0.112701 0.972926
14.190625 -0.115733 -0.112539 0.972402
14.192188 -0.115623 -0.112372 0.971878
14.193750 -0.115510 -0.112201 0.971353
14.195312 -0.115392 -0.112025 0.970828
14.196875 -0.115269 -0.111846 0.970302
14.198438 -0.115142 -0.111661 0.969775
14.200000 -0.115010 -0.111473 0.969248
14.201563 -0.114874 -0.111280 0.96872
14.203125 -0.114733 -0.111083 0.968192
14.204688 -0.114588 -0.110882 0.967662
14.206250 -0.114438 -0.110677 0.967132
14.207813 -0.114284 -0.110467 0.966602
14.209375 -0.114125 -0.110253 0.96607
14.210938 -0.113962 -0.110035 0.965538
14.212500 -0.113795 -0.109813 0.965005
14.214063 -0.113623 -0.109586 0.964471
14.215625 -0.113447 -0.109355 0.963936
14.217188 -0.113266 -0.109121 0.9634
14.218750 -0.113081 -0.108882 0.962863
14.220313 -0.112892 -0.108639 0.962325
14.221875 -0.112698 -0.108392 0.961786
14.223438 -0.112500 -0.108140 0.961246
14.225000 -0.112298 -0.107885 0.960705
14.226562 -0.112091 -0.107626 0.960163
14.228125 -0.111880 -0.107363 0.95962
14.229688 -0.111665 -0.107095 0.959075
14.231250 -0.111446 -0.106824 0.958529
14.232813 -0.111222 -0.106549 0.957982
14.234375 -0.110994 -0.106270 0.957434
14.235938 -0.110762 -0.105987 0.956884
14.237500 -0.110526 -0.105700 0.956332
14.239063 -0.110286 -0.105409 0.95578
14.240625 -0.110041 -0.105114 0.955225
14.242188 -0.109792 -0.104815 0.95467
14.243750 -0.109540 -0.104513 0.954112
14.245313 -0.109283 -0.104207 0.953553
14.246875 -0.109022 -0.103897 0.952993
14.248438 -0.108757 -0.103583 0.95243
14.250000 -0.108487 -0.103265 0.951866
14.251563 -0.108214 -0.102944 0.9513
14.253125 -0.107937 -0.102619 0.950732
14.254688 -0.107656 -0.102291 0.950162
14.256250 -0.107371 -0.101958 0.949591
14.257812 -0.107082 -0.101622 0.949017
14.259375 -0.106789 -0.101283 0.948441
14.260938 -0.106492 -0.100940 0.947863
14.262500 -0.106191 -0.100593 0.947283
14.264063 -0.105886 -0.100242 0.946701
14.265625 -0.105578 -0.099889 0.946116
14.267188 -0.105265 -0.099531 0.945529
14.268750 -0.104949 -0.099170 0.94494
14.270313 -0.104629 -0.098806 0.944348
14.271875 -0.104305 -0.098438 0.943754
14.273438 -0.103978 -0.098067 0.943157
14.275000 -0.103646 -0.097693 0.942558
14.276563 -0.103311 -0.097315 0.941955
14.278125 -0.102973 -0.096933 0.94135
14.279688 -0.102630 -0.096549 0.940742
14.281250 -0.102284 -0.096161 0.940132
14.282813 -0.101935 -0.095769 0.939518
14.284375 -0.101581 -0.095375 0.938901
14.285938 -0.101225 -0.094977 0.938281
14.287500 -0.100864 -0.094576 0.937658
14.289062 -0.100500 -0.094172 0.937032
14.290625 -0.100133 -0.093765 0.936402
14.292188 -0.099762 -0.093354 0.935769
14.293750 -0.099388 -0.092941 0.935132
14.295313 -0.099010 -0.092524 0.934492
14.296875 -0.098629 -0.092104 0.933848
14.298438 -0.098244 -0.091681 0.9332
14.300000 -0.097856 -0.091255 0.932548
14.301563 -0.097465 -0.090827 0.931893
14.303125 -0.097070 -0.090395 0.931234
14.304688 -0.096672 -0.089960 0.93057
14.306250 -0.096271 -0.089522 0.929902
14.307813 -0.095866 -0.089082 0.92923
14.309375 -0.095458 -0.088638 0.928554
14.310938 -0.095047 -0.088192 0.927873
14.312500 -0.094633 -0.087743 0.927187
14.314063 -0.094216 -0.087291 0.926497
14.315625 -0.093795 -0.086836 0.925802
14.317188 -0.093372 -0.086378 0.925102
14.318750 -0.092945 -0.085918 0.924397
14.320312 -0.092515 -0.085455 0.923687
14.321875 -0.092083 -0.084990 0.922971
14.323438 -0.091647 -0.084521 0.92225
14.325000 -0.091208 -0.084050 0.921524
14.326563 -0.090766 -0.083577 0.920792
14.328125 -0.090321 -0.083101 0.920055
14.329688 -0.089874 -0.082622 0.919311
14.331250 -0.089423 -0.082141 0.918562
14.332813 -0.088970 -0.081657 0.917806
14.334375 -0.088514 -0.081171 0.917044
14.335938 -0.088055 -0.080682 0.916276
14.337500 -0.087593 -0.080191 0.915501
14.339063 -0.087128 -0.079698 0.914719
14.340625 -0.086661 -0.079202 0.91393
14.342188 -0.086191 -0.078704 0.913135
14.343750 -0.085718 -0.078203 0.912332
14.345313 -0.085242 -0.077700 0.911522
14.346875 -0.084764 -0.077195 0.910704
14.348438 -0.084284 -0.076688 0.909878
14.350000 -0.083800 -0.076178 0.909045
14.351562 -0.083314 -0.075666 0.908203
14.353125 -0.082826 -0.075153 0.907353
14.354688 -0.082335 -0.074636 0.906495
14.356250 -0.081842 -0.074118 0.905628
14.357813 -0.081346 -0.073598 0.904752
14.359375 -0.080847 -0.073075 0.903867
14.360938 -0.080347 -0.072551 0.902973
14.362500 -0.079844 -0.072024 0.902069
14.364063 -0.079338 -0.071496 0.901155
14.365625 -0.078830 -0.070965 0.900232
14.367188 -0.078320 -0.070433 0.899298
14.368750 -0.077808 -0.069899 0.898353
14.370313 -0.077293 -0.069363 0.897398
14.371875 -0.076776 -0.068824 0.896431
14.373438 -0.076257 -0.068284 0.895453
14.375000 -0.075736 -0.067743 0.894464
14.376563 -0.075212 -0.067199 0.893462
14.378125 -0.074686 -0.066654 0.892449
14.379688 -0.074159 -0.066107 0.891422
14.381250 -0.073629 -0.065558 0.890383
14.382812 -0.073097 -0.065007 0.889331
14.384375 -0.072563 -0.064455 0.888265
14.385938 -0.072027 -0.063901 0.887185
14.387500 -0.071489 -0.063346 0.886091
14.389063 -0.070949 -0.062789 0.884982
14.390625 -0.070408 -0.062230 0.883858
14.392188 -0.069864 -0.061670 0.882718
14.393750 -0.069318 -0.061109 0.881563
14.395313 -0.068771 -0.060545 0.880391
14.396875 -0.068222 -0.059981 0.879203
14.398438 -0.067671 -0.059415 0.877997
14.400000 -0.067118 -0.058847 0.876773
14.401563 -0.066563 -0.058278 0.875531
14.403125 -0.066007 -0.057708 0.874271
14.404688 -0.065449 -0.057137 0.872991
14.406250 -0.064889 -0.056564 0.871691
14.407813 -0.064328 -0.055989 0.870371
14.409375 -0.063765 -0.055414 0.869029
14.410938 -0.063201 -0.054837 0.867666
14.412500 -0.062635 -0.054259 0.866281
14.414062 -0.062067 -0.053680 0.864872
14.415625 -0.061498 -0.053100 0.86344
14.417188 -0.060927 -0.052518 0.861983
14.418750 -0.060355 -0.051935 0.860501
14.420313 -0.059781 -0.051352 0.858993
14.421875 -0.059206 -0.050767 0.857459
14.423438 -0.058630 -0.050181 0.855896
14.425000 -0.058052 -0.049594 0.854305
14.426563 -0.057473 -0.049006 0.852685
14.428125 -0.056892 -0.048417 0.851034
14.429688 -0.056311 -0.047828 0.849352
14.431250 -0.055728 -0.047237 0.847637
14.432813 -0.055143 -0.046645 0.845888
14.434375 -0.054558 -0.046053 0.844105
14.435938 -0.053971 -0.045459 0.842286
14.437500 -0.053383 -0.044865 0.840429
14.439063 -0.052794 -0.044270 0.838534
14.440625 -0.052204 -0.043674 0.836599
14.442188 -0.051613 -0.043077 0.834623
14.443750 -0.051020 -0.042480 0.832604
14.445312 -0.050427 -0.041882 0.83054
14.446875 -0.049833 -0.041283 0.82843
14.448438 -0.049237 -0.040683 0.826273
14.450000 -0.048641 -0.040083 0.824066
14.451563 -0.048043 -0.039482 0.821807
14.453125 -0.047445 -0.038881 0.819494
14.454688 -0.046846 -0.038279 0.817126
14.456250 -0.046246 -0.037676 0.8147
14.457813 -0.045645 -0.037073 0.812214
14.459375 -0.045043 -0.036470 0.809665
14.460938 -0.044440 -0.035866 0.80705
14.462500 -0.043837 -0.035261 0.804368
14.464063 -0.043233 -0.034656 0.801614
14.465625 -0.042628 -0.034051 0.798786
14.467188 -0.042022 -0.033445 0.795881
14.468750 -0.041416 -0.032839 0.792895
14.470313 -0.040809 -0.032232 0.789824
14.471875 -0.040201 -0.031625 0.786665
14.473438 -0.039593 -0.031018 0.783413
14.475000 -0.038984 -0.030410 0.780064
14.476562 -0.038375 -0.029802 0.776613
14.478125 -0.037765 -0.029194 0.773056
14.479688 -0.037154 -0.028586 0.769387
14.481250 -0.036543 -0.027978 0.765601
14.482813 -0.035932 -0.027369 0.761691
14.484375 -0.035320 -0.026760 0.75765
14.485938 -0.034707 -0.026151 0.753473
14.487500 -0.034094 -0.025542 0.749151
14.489063 -0.033481 -0.024933 0.744677
14.490625 -0.032868 -0.024323 0.740042
14.492188 -0.032254 -0.023714 0.735237
14.493750 -0.031639 -0.023105 0.730252
14.495313 -0.031025 -0.022495 0.725076
14.496875 -0.030410 -0.021886 0.719697
14.498438 -0.029795 -0.021276 0.714104
14.500000 -0.029179 -0.020667 0.708282
14.501563 -0.028564 -0.020058 0.702218
14.503125 -0.027948 -0.019449 0.695894
14.504688 -0.027332 -0.018840 0.689293
14.506250 -0.026716 -0.018231 0.682397
14.507812 -0.026099 -0.017622 0.675184
14.509375 -0.025483 -0.017013 0.667631
14.510938 -0.024866 -0.016405 0.659715
14.512500 -0.024250 -0.015796 0.651406
14.514063 -0.023633 -0.015188 0.642674
14.515625 -0.023017 -0.014581 0.633486
14.517188 -0.022400 -0.013973 0.623804
14.518750 -0.021783 -0.013366 0.613587
14.520313 -0.021167 -0.012759 0.602787
14.521875 -0.020550 -0.012152 0.591354
14.523438 -0.019934 -0.011546 0.579229
14.525000 -0.019317 -0.010940 0.566345
14.526563 -0.018701 -0.010335 0.552629
14.528125 -0.018085 -0.009730 0.537997
14.529688 -0.017469 -0.009125 0.522351
14.531250 -0.016853 -0.008521 0.505583
14.532813 -0.016238 -0.007917 0.487564
14.534375 -0.015622 -0.007314 0.46815
14.535938 -0.015007 -0.006711 0.447169
14.537500 -0.014392 -0.006108 0.424423
14.539062 -0.013778 -0.005507 0.399677
14.540625 -0.013163 -0.004905 0.372653
14.542188 -0.012549 -0.004305 0.34302
14.543750 -0.011936 -0.003705 0.310379
14.545313 -0.011323 -0.003105 0.274245
14.546875 -0.010710 -0.002506 0.234022
14.548438 -0.010097 -0.001908 0.188971
14.550000 -0.009485 -0.001311 0.138165
14.551563 -0.008873 -0.000714 0.0804219
14.553125 -0.008262 -0.000117 0.0142119
14.554688 -0.007652 0.000478 -0.0624796
14.556250 -0.007041 0.001073 -0.152362
14.557813 -0.006432 0.001667 -0.259165
14.559375 -0.005822 0.002260 -0.388173
14.560938 -0.005214 0.002853 -0.547125
14.562500 -0.004606 0.003444 -0.747828
14.564063 -0.003998 0.004035 -1.00924
14.565625 -0.003391 0.004625 -1.36384
14.567188 -0.002785 0.005214 -1.87229
14.568750 -0.002179 0.005803 -2.66254
14.570312 -0.001574 0.006390 -4.05876
14.571875 -0.000970 0.006977 -7.19172
14.573438 -0.000366 0.007562 -20.6345
14.575000 0.000236 0.008147 34.4612
14.576563 0.000839 0.008731 10.4113
14.578125 0.001440 0.009314 6.46772
14.579688 0.002041 0.009896 4.84909
14.581250 0.002641 0.010476 3.96744
14.582813 0.003240 0.011056 3.41274
14.584375 0.003838 0.011635 3.03156
14.585938 0.004435 0.012213 2.75347
14.587500 0.005032 0.012790 2.54163
14.589063 0.005628 0.013365 2.37487
14.590625 0.006223 0.013940 2.24018
14.592188 0.006817 0.014513 2.12911
14.593750 0.007410 0.015086 2.03594
14.595313 0.008002 0.015657 1.95668
14.596875 0.008593 0.016227 1.88841
14.598438 0.009183 0.016796 1.82899
14.600000 0.009772 0.017364 1.77681
14.601562 0.010361 0.017930 1.73061
14.603125 0.010948 0.018496 1.68943
14.604688 0.011534 0.019060 1.65248
14.606250 0.012119 0.019623 1.61914
14.607813 0.012703 0.020184 1.5889
14.609375 0.013286 0.020745 1.56136
14.610938 0.013868 0.021304 1.53616
14.612500 0.014449 0.021862 1.51302
14.614063 0.015029 0.022418 1.49169
14.615625 0.015607 0.022974 1.47197
14.617188 0.016185 0.023528 1.45368
14.618750 0.016761 0.024080 1.43666
14.620313 0.017336 0.024631 1.4208
14.621875 0.017910 0.025181 1.40598
14.623438 0.018483 0.025730 1.39209
14.625000 0.019054 0.026277 1.37905
14.626563 0.019625 0.026823 1.36678
14.628125 0.020194 0.027367 1.35522
14.629688 0.020761 0.027910 1.34431
14.631250 0.021328 0.028451 1.33399
14.632812 0.021893 0.028991 1.32422
14.634375 0.022457 0.029529 1.31495
14.635938 0.023019 0.030066 1.30614
14.637500 0.023580 0.030602 1.29777
14.639063 0.024140 0.031136 1.28979
14.640625 0.024699 0.031668 1.28219
14.642188 0.025256 0.032199 1.27493
14.643750 0.025811 0.032729 1.26799
14.645313 0.026366 0.033256 1.26135
14.646875 0.026919 0.033783 1.25499
14.648438 0.027470 0.034307 1.2489
14.650000 0.028020 0.034830 1.24305
14.651563 0.028569 0.035352 1.23744
14.653125 0.029116 0.035872 1.23204
14.654688 0.029661 0.036390 1.22685
14.656250 0.030205 0.036906 1.22186
14.657813 0.030748 0.037421 1.21704
14.659375 0.031289 0.037935 1.2124
14.660938 0.031828 0.038446 1.20792
14.662500 0.032366 0.038956 1.2036
14.664062 0.032903 0.039465 1.19942
14.665625 0.033438 0.039971 1.19539
14.667188 0.033971 0.040476 1.19148
14.668750 0.034503 0.040979 1.1877
14.670313 0.035033 0.041481 1.18404
14.671875 0.035561 0.041980 1.1805
14.673438 0.036088 0.042478 1.17706
14.675000 0.036613 0.042974 1.17373
14.676563 0.037137 0.043469 1.17049
14.678125 0.037659 0.043961 1.16735
14.679688 0.038179 0.044452 1.1643
14.681250 0.038698 0.044941 1.16133
14.682813 0.039215 0.045428 1.15845
14.684375 0.039730 0.045913 1.15564
14.685938 0.040243 0.046397 1.15291
14.687500 0.040755 0.046879 1.15025
14.689063 0.041265 0.047358 1.14767
14.690625 0.041773 0.047836 1.14514
14.692188 0.042280 0.048313 1.14269
14.693750 0.042784 0.048787 1.14029
14.695312 0.043287 0.049259 1.13795
14.696875 0.043789 0.049730 1.13567
14.698438 0.044288 0.050198 1.13345
14.700000 0.044785 0.050665 1.13128
14.701563 0.045281 0.051129 1.12915
14.703125 0.045775 0.051592 1.12708
14.704688 0.046267 0.052053 1.12505
14.706250 0.046757 0.052512 1.12307
14.707813 0.047246 0.052969 1.12114
14.709375 0.047732 0.053424 1.11924
14.710938 0.048217 0.053877 1.11739
14.712500 0.048700 0.054328 1.11557
14.714063 0.049180 0.054777 1.1138
14.715625 0.049659 0.055224 1.11206
14.717188 0.050136 0.055669 1.11035
14.718750 0.050611 0.056112 1.10868
14.720313 0.051085 0.056553 1.10705
14.721875 0.051556 0.056992 1.10545
14.723438 0.052025 0.057429 1.10387
14.725000 0.052493 0.057864 1.10233
14.726562 0.052958 0.058297 1.10082
14.728125 0.053421 0.058728 1.09933
14.729688 0.053883 0.059157 1.09788
14.731250 0.054342 0.059583 1.09645
14.732813 0.054800 0.060008 1.09504
14.734375 0.055255 0.060431 1.09367
14.735938 0.055709 0.060851 1.09231
14.737500 0.056160 0.061270 1.09098
14.739063 0.056609 0.061686 1.08968
14.740625 0.057057 0.062100 1.08839
14.742188 0.057502 0.062512 1.08713
14.743750 0.057945 0.062922 1.08589
14.745313 0.058386 0.063330 1.08467
14.746875 0.058826 0.063736 1.08347
14.748438 0.059263 0.064139 1.08229
14.750000 0.059698 0.064541 1.08113
14.751563 0.060131 0.064940 1.07998
14.753125 0.060561 0.065337 1.07886
14.754688 0.060990 0.065732 1.07775
14.756250 0.061417 0.066125 1.07666
14.757812 0.061841 0.066515 1.07559
14.759375 0.062264 0.066904 1.07453
14.760938 0.062684 0.067290 1.07349
14.762500 0.063102 0.067674 1.07246
14.764063 0.063518 0.068056 1.07145
14.765625 0.063932 0.068436 1.07045
14.767188 0.064343 0.068813 1.06947
14.768750 0.064753 0.069189 1.0685
14.770313 0.065160 0.069562 1.06755
14.771875 0.065565 0.069933 1.06661
14.773438 0.065969 0.070301 1.06568
14.775000 0.066369 0.070668 1.06477
14.776563 0.066768 0.071032 1.06386
14.778125 0.067164 0.071394 1.06297
14.779688 0.067559 0.071754 1.06209
14.781250 0.067951 0.072111 1.06123
14.782813 0.068341 0.072466 1.06037
14.784375 0.068728 0.072819 1.05953
14.785938 0.069114 0.073170 1.05869
14.787500 0.069497 0.073519 1.05787
14.789062 0.069878 0.073865 1.05706
14.790625 0.070257 0.074209 1.05625
14.792188 0.070633 0.074550 1.05546
14.793750 0.071007 0.074890 1.05468
14.795313 0.071379 0.075227 1.0539
14.796875 0.071749 0.075562 1.05314
14.798438 0.072117 0.075894 1.05238
14.800000 0.072482 0.076225 1.05164
14.801563 0.072845 0.076553 1.0509
14.803125 0.073206 0.076878 1.05017
14.804688 0.073564 0.077202 1.04945
14.806250 0.073920 0.077523 1.04874
14.807813 0.074274 0.077841 1.04803
14.809375 0.074626 0.078158 1.04733
14.810938 0.074975 0.078472 1.04664
14.812500 0.075322 0.078784 1.04596
14.814063 0.075667 0.079093 1.04529
14.815625 0.076009 0.079401 1.04462
14.817188 0.076349 0.079706 1.04396
14.818750 0.076687 0.080008 1.04331
14.820312 0.077022 0.080308 1.04266
14.821875 0.077356 0.080606 1.04202
14.823438 0.077686 0.080902 1.04139
14.825000 0.078015 0.081195 1.04076
14.826563 0.078341 0.081486 1.04014
14.828125 0.078665 0.081775 1.03953
14.829688 0.078986 0.082061 1.03892
14.831250 0.079306 0.082345 1.03832
14.832813 0.079623 0.082626 1.03772
14.834375 0.079937 0.082905 1.03713
14.835938 0.080249 0.083182 1.03655
14.837500 0.080559 0.083457 1.03597
14.839063 0.080867 0.083729 1.0354
14.840625 0.081172 0.083999 1.03483
14.842188 0.081474 0.084266 1.03426
14.843750 0.081775 0.084531 1.03371
14.845313 0.082073 0.084794 1.03315
14.846875 0.082369 0.085054 1.03261
14.848438 0.082662 0.085312 1.03206
14.850000 0.082953 0.085568 1.03152
14.851562 0.083242 0.085821 1.03099
14.853125 0.083528 0.086072 1.03046
14.854688 0.083812 0.086321 1.02994
14.856250 0.084093 0.086567 1.02942
14.857813 0.084372 0.086811 1.0289
14.859375 0.084649 0.087052 1.02839
14.860938 0.084923 0.087291 1.02788
14.862500 0.085195 0.087528 1.02738
14.864063 0.085465 0.087762 1.02688
14.865625 0.085732 0.087994 1.02639
14.867188 0.085997 0.088224 1.0259
14.868750 0.086259 0.088451 1.02541
14.870313 0.086519 0.088676 1.02493
14.871875 0.086777 0.088899 1.02445
14.873438 0.087032 0.089119 1.02397
14.875000 0.087285 0.089337 1.0235
14.876563 0.087536 0.089552 1.02303
14.878125 0.087784 0.089765 1.02257
14.879688 0.088030 0.089976 1.0221
14.881250 0.088273 0.090184 1.02165
14.882812 0.088514 0.090390 1.02119
14.884375 0.088753 0.090593 1.02074
14.885938 0.088989 0.090794 1.02029
14.887500 0.089222 0.090993 1.01985
14.889063 0.089454 0.091190 1.0194
14.890625 0.089683 0.091384 1.01897
14.892188 0.089909 0.091575 1.01853
14.893750 0.090133 0.091765 1.0181
14.895313 0.090355 0.091951 1.01767
14.896875 0.090575 0.092136 1.01724
14.898438 0.090791 0.092318 1.01682
14.900000 0.091006 0.092498 1.01639
14.901563 0.091218 0.092675 1.01597
14.903125 0.091428 0.092850 1.01556
14.904688 0.091635 0.093023 1.01515
14.906250 0.091840 0.093194 1.01473
14.907813 0.092043 0.093362 1.01433
14.909375 0.092243 0.093527 1.01392
14.910938 0.092441 0.093690 1.01352
14.912500 0.092636 0.093851 1.01312
14.914062 0.092829 0.094010 1.01272
14.915625 0.093020 0.094166 1.01232
14.917188 0.093208 0.094320 1.01193
14.918750 0.093394 0.094471 1.01154
14.920313 0.093577 0.094620 1.01115
14.921875 0.093758 0.094767 1.01076
14.923438 0.093937 0.094911 1.01038
14.925000 0.094113 0.095054 1.00999
14.926563 0.094287 0.095193 1.00961
14.928125 0.094458 0.095331 1.00924
14.929688 0.094627 0.095466 1.00886
14.931250 0.094794 0.095598 1.00849
14.932813 0.094958 0.095729 1.00811
14.934375 0.095120 0.095856 1.00774
14.935938 0.095279 0.095982 1.00737
14.937500 0.095437 0.096105 1.00701
14.939063 0.095591 0.096226 1.00664
14.940625 0.095744 0.096345 1.00628
14.942188 0.095894 0.096461 1.00592
14.943750 0.096041 0.096575 1.00556
14.945312 0.096186 0.096687 1.0052
14.946875 0.096329 0.096796 1.00485
14.948438 0.096470 0.096903 1.00449
14.950000 0.096608 0.097008 1.00414
14.951563 0.096743 0.097110 1.00379
14.953125 0.096877 0.097210 1.00344
14.954688 0.097008 0.097308 1.0031
14.956250 0.097136 0.097403 1.00275
14.957813 0.097262 0.097496 1.0024
14.959375 0.097386 0.097587 1.00206
14.960938 0.097508 0.097676 1.00172
14.962500 0.097627 0.097762 1.00138
14.964063 0.097744 0.097846 1.00104
14.965625 0.097858 0.097927 1.00071
14.967188 0.097970 0.098007 1.00037
14.968750 0.098080 0.098083 1.00004
14.970313 0.098187 0.098158 0.999703
14.971875 0.098292 0.098231 0.999371
14.973438 0.098395 0.098301 0.999041
14.975000 0.098495 0.098369 0.998712
14.976562 0.098593 0.098434 0.998384
14.978125 0.098689 0.098497 0.998057
14.979688 0.098783 0.098558 0.997732
14.981250 0.098874 0.098617 0.997408
14.982813 0.098962 0.098674 0.997085
14.984375 0.099049 0.098728 0.996763
14.985938 0.099133 0.098780 0.996443
14.987500 0.099214 0.098830 0.996123
14.989063 0.099294 0.098877 0.995805
14.990625 0.099371 0.098922 0.995487
14.992188 0.099446 0.098965 0.995171
14.993750 0.099518 0.099006 0.994856
14.995313 0.099588 0.099045 0.994541
14.996875 0.099656 0.099081 0.994228
14.998438 0.099722 0.099115 0.993916
15.000000 0.099785 0.099147 0.993604
15.001563 0.099846 0.099176 0.993294
15.003125 0.099904 0.099204 0.992984
15.004688 0.099961 0.099229 0.992676
15.006250 0.100015 0.099252 0.992368
15.007812 0.100067 0.099272 0.992061
15.009375 0.100116 0.099291 0.991755
15.010938 0.100163 0.099307 0.99145
15.012500 0.100208 0.099321 0.991146
15.014063 0.100251 0.099333 0.990842
15.015625 0.100292 0.099343 0.990539
15.017188 0.100330 0.099350 0.990237
15.018750 0.100366 0.099356 0.989936
15.020313 0.100399 0.099359 0.989635
15.021875 0.100431 0.099360 0.989336
15.023438 0.100460 0.099359 0.989036
15.025000 0.100487 0.099355 0.988738
15.026563 0.100512 0.099350 0.98844
15.028125 0.100534 0.099342 0.988143
15.029688 0.100554 0.099332 0.987847
15.031250 0.100572 0.099320 0.987551
15.032813 0.100588 0.099306 0.987255
15.034375 0.100602 0.099290 0.986961
15.035938 0.100613 0.099271 0.986666
15.037500 0.100622 0.099251 0.986373
15.039062 0.100629 0.099228 0.98608
15.040625 0.100634 0.099203 0.985787
15.042188 0.100636 0.099176 0.985495
15.043750 0.100636 0.099147 0.985204
15.045313 0.100635 0.099116 0.984913
15.046875 0.100630 0.099083 0.984622
15.048438 0.100624 0.099048 0.984332
15.050000 0.100616 0.099010 0.984042
15.051563 0.100605 0.098971 0.983753
15.053125 0.100592 0.098929 0.983464
15.054688 0.100577 0.098885 0.983176
15.056250 0.100560 0.098839 0.982888
15.057813 0.100541 0.098791 0.9826
15.059375 0.100519 0.098741 0.982312
15.060938 0.100496 0.098689 0.982025
15.062500 0.100470 0.098635 0.981739
15.064063 0.100442 0.098579 0.981452
15.065625 0.100412 0.098521 0.981166
15.067188 0.100380 0.098461 0.98088
15.068750 0.100346 0.098398 0.980594
15.070312 0.100309 0.098334 0.980309
15.071875 0.100271 0.098268 0.980024
15.073438 0.100230 0.098199 0.979739
15.075000 0.100187 0.098129 0.979454
15.076563 0.100142 0.098056 0.97917
15.078125 0.100095 0.097982 0.978885
15.079688 0.100046 0.097905 0.978601
15.081250 0.099995 0.097827 0.978317
15.082813 0.099942 0.097747 0.978033
15.084375 0.099887 0.097664 0.97775
15.085938 0.099829 0.097580 0.977466
15.087500 0.099770 0.097493 0.977182
15.089063 0.099708 0.097405 0.976899
15.090625 0.099645 0.097314 0.976616
15.092188 0.099579 0.097222 0.976332
15.093750 0.099511 0.097128 0.976049
15.095313 0.099441 0.097031 0.975766
15.096875 0.099370 0.096933 0.975482
15.098438 0.099296 0.096833 0.975199
15.100000 0.099220 0.096731 0.974916
15.101562 0.099142 0.096627 0.974633
15.103125 0.099062 0.096521 0.974349
15.104688 0.098980 0.096413 0.974066
15.106250 0.098896 0.096303 0.973782
15.107813 0.098810 0.096191 0.973499
15.109375 0.098722 0.096078 0.973215
15.110938 0.098632 0.095962 0.972932
15.112500 0.098540 0.095845 0.972648
15.114063 0.098446 0.095725 0.972364
15.115625 0.098350 0.095604 0.97208
15.117188 0.098252 0.095481 0.971795
15.118750 0.098152 0.095356 0.971511
15.120313 0.098051 0.095229 0.971226
15.121875 0.097947 0.095101 0.970941
15.123438 0.097841 0.094970 0.970656
15.125000 0.097733 0.094837 0.970371
15.126563 0.097624 0.094703 0.970085
15.128125 0.097512 0.094567 0.969799
15.129688 0.097398 0.094429 0.969513
15.131250 0.097283 0.094289 0.969227
15.132812 0.097166 0.094148 0.96894
15.134375 0.097046 0.094004 0.968653
15.135938 0.096925 0.093859 0.968365
15.137500 0.096802 0.093712 0.968077
15.139063 0.096677 0.093563 0.967789
15.140625 0.096550 0.093412 0.967501
15.142188 0.096421 0.093260 0.967212
15.143750 0.096291 0.093106 0.966923
15.145313 0.096158 0.092950 0.966633
15.146875 0.096024 0.092792 0.966343
15.148438 0.095887 0.092632 0.966052
15.150000 0.095749 0.092471 0.965761
15.151563 0.095609 0.092308 0.965469
15.153125 0.095467 0.092143 0.965177
15.154688 0.095324 0.091976 0.964884
15.156250 0.095178 0.091808 0.964591
15.157813 0.095031 0.091638 0.964297
15.159375 0.094881 0.091466 0.964003
15.160938 0.094730 0.091292 0.963708
15.162500 0.094578 0.091117 0.963413
15.164062 0.094423 0.090940 0.963116
15.165625 0.094266 0.090762 0.96282
15.167188 0.094108 0.090581 0.962522
15.168750 0.093948 0.090399 0.962224
15.170313 0.093786 0.090215 0.961925
15.171875 0.093623 0.090030 0.961626
15.173438 0.093457 0.089843 0.961326
15.175000 0.093290 0.089654 0.961025
15.176563 0.093121 0.089464 0.960723
15.178125 0.092951 0.089272 0.960421
15.179688 0.092778 0.089078 0.960117
15.181250 0.092604 0.088883 0.959813
15.182813 0.092428 0.088686 0.959508
15.184375 0.092250 0.088487 0.959203
15.185938 0.092071 0.088287 0.958896
15.187500 0.091890 0.088085 0.958589
15.189063 0.091707 0.087881 0.95828
15.190625 0.091523 0.087676 0.957971
15.192188 0.091337 0.087469 0.957661
15.193750 0.091149 0.087261 0.957349
15.195312 0.090959 0.087051 0.957037
15.196875 0.090768 0.086840 0.956724
15.198438 0.090575 0.086627 0.95641
15.200000 0.090380 0.086412 0.956095
15.201563 0.090184 0.086196 0.955778
15.203125 0.089986 0.085978 0.955461
15.204688 0.089786 0.085759 0.955142
15.206250 0.089585 0.085538 0.954823
15.207813 0.089382 0.085316 0.954502
15.209375 0.089178 0.085092 0.95418
15.210938 0.088972 0.084866 0.953857
15.212500 0.088764 0.084639 0.953533
15.214063 0.088554 0.084411 0.953207
15.215625 0.088343 0.084181 0.95288
15.217188 0.088131 0.083949 0.952552
15.218750 0.087917 0.083716 0.952223
15.220313 0.087701 0.083482 0.951892
15.221875 0.087483 0.083246 0.95156
15.223438 0.087264 0.083008 0.951227
15.225000 0.087044 0.082769 0.950892
15.226562 0.086822 0.082529 0.950555
15.228125 0.086598 0.082287 0.950218
15.229688 0.086373 0.082044 0.949879
15.231250 0.086146 0.081799 0.949538
15.232813 0.085918 0.081553 0.949196
15.234375 0.085688 0.081305 0.948852
15.235938 0.085457 0.081056 0.948506
15.237500 0.085224 0.080806 0.94816
15.239063 0.084989 0.080554 0.947811
15.240625 0.084753 0.080300 0.947461
15.242188 0.084516 0.080046 0.947109
15.243750 0.084277 0.079790 0.946755
15.245313 0.084037 0.079532 0.946399
15.246875 0.083795 0.079273 0.946042
15.248438 0.083551 0.079013 0.945683
15.250000 0.083307 0.078751 0.945322
15.251563 0.083060 0.078489 0.944959
15.253125 0.082812 0.078224 0.944595
15.254688 0.082563 0.077958 0.944228
15.256250 0.082313 0.077691 0.943859
15.257812 0.082060 0.077423 0.943489
15.259375 0.081807 0.077153 0.943116
15.260938 0.081552 0.076882 0.942741
15.262500 0.081295 0.076610 0.942364
15.264063 0.081038 0.076336 0.941985
15.265625 0.080778 0.076061 0.941604
15.267188 0.080518 0.075785 0.941221
15.268750 0.080256 0.075507 0.940835
15.270313 0.079992 0.075229 0.940447
15.271875 0.079728 0.074948 0.940057
15.273438 0.079461 0.074667 0.939664
15.275000 0.079194 0.074384 0.939269
15.276563 0.078925 0.074100 0.938871
15.278125 0.078655 0.073815 0.938471
15.279688 0.078383 0.073529 0.938068
15.281250 0.078110 0.073241 0.937663
15.282813 0.077836 0.072952 0.937255
15.284375 0.077560 0.072662 0.936845
15.285938 0.077283 0.072371 0.936431
15.287500 0.077005 0.072078 0.936015
15.289062 0.076725 0.071784 0.935596
15.290625 0.076445 0.071489 0.935175
15.292188 0.076162 0.071193 0.93475
15.293750 0.075879 0.070895 0.934322
15.295313 0.075594 0.070597 0.933892
15.296875 0.075308 0.070297 0.933458
15.298438 0.075021 0.069996 0.933021
15.300000 0.074732 0.069694 0.932582
15.301563 0.074442 0.069391 0.932138
15.303125 0.074151 0.069086 0.931692
15.304688 0.073859 0.068781 0.931242
15.306250 0.073565 0.068474 0.930789
15.307813 0.073270 0.068166 0.930333
15.309375 0.072974 0.067857 0.929872
15.310938 0.072677 0.067547 0.929409
15.312500 0.072379 0.067236 0.928941
15.314063 0.072079 0.066923 0.928471
15.315625 0.071778 0.066610 0.927996
15.317188 0.071476 0.066295 0.927517
15.318750 0.071173 0.065979 0.927035
15.320312 0.070868 0.065663 0.926548
15.321875 0.070562 0.065345 0.926058
15.323438 0.070256 0.065026 0.925563
15.325000 0.069948 0.064706 0.925065
15.326563 0.069638 0.064385 0.924562
15.328125 0.069328 0.064063 0.924054
15.329688 0.069017 0.063740 0.923543
15.331250 0.068704 0.063416 0.923026
15.332813 0.068390 0.063091 0.922506
15.334375 0.068076 0.062764 0.92198
15.335938 0.067760 0.062437 0.92145
15.337500 0.067443 0.062109 0.920915
15.339063 0.067124 0.061780 0.920375
15.340625 0.066805 0.061449 0.91983
15.342188 0.066485 0.061118 0.91928
15.343750 0.066163 0.060786 0.918725
15.345313 0.065841 0.060453 0.918164
15.346875 0.065517 0.060118 0.917599
15.348438 0.065192 0.059783 0.917027
15.350000 0.064867 0.059447 0.91645
15.351562 0.064540 0.059110 0.915867
15.353125 0.064212 0.058772 0.915279
15.354688 0.063883 0.058433 0.914684
15.356250 0.063553 0.058093 0.914084
15.357813 0.063222 0.057752 0.913477
15.359375 0.062890 0.057410 0.912864
15.360938 0.062557 0.057067 0.912245
15.362500 0.062223 0.056724 0.911619
15.364063 0.061888 0.056379 0.910986
15.365625 0.061552 0.056034 0.910347
15.367188 0.061215 0.055687 0.909701
15.368750 0.060877 0.055340 0.909047
15.370313 0.060538 0.054992 0.908387
15.371875 0.060198 0.054643 0.907719
15.373438 0.059857 0.054293 0.907043
15.375000 0.059515 0.053942 0.90636
15.376563 0.059172 0.053590 0.905669
15.378125 0.058828 0.053238 0.90497
15.379688 0.058484 0.052885 0.904263
15.381250 0.058138 0.052530 0.903548
15.382812 0.057791 0.052175 0.902824
15.384375 0.057444 0.051819 0.902091
15.385938 0.057095 0.051463 0.90135
15.387500 0.056746 0.051105 0.900599
15.389063 0.056396 0.050747 0.899839
15.390625 0.056044 0.050388 0.89907
15.392188 0.055692 0.050028 0.898291
15.393750 0.055339 0.049667 0.897503
15.395313 0.054986 0.049306 0.896704
15.396875 0.054631 0.048944 0.895894
15.398438 0.054275 0.048581 0.895075
15.400000 0.053919 0.048217 0.894244
15.401563 0.053562 0.047852 0.893403
15.403125 0.053204 0.047487 0.89255
15.404688 0.052845 0.047121 0.891685
15.406250 0.052485 0.046754 0.890809
15.407813 0.052124 0.046386 0.889921
15.409375 0.051763 0.046018 0.88902
15.410938 0.051400 0.045649 0.888107
15.412500 0.051037 0.045279 0.887181
15.414062 0.050673 0.044909 0.886241
15.415625 0.050309 0.044538 0.885288
15.417188 0.049943 0.044166 0.88432
15.418750 0.049577 0.043793 0.883339
15.420313 0.049210 0.043420 0.882343
15.421875 0.048842 0.043046 0.881332
15.423438 0.048473 0.042671 0.880305
15.425000 0.048104 0.042296 0.879263
15.426563 0.047734 0.041920 0.878204
15.428125 0.047363 0.041544 0.877129
15.429688 0.046992 0.041166 0.876037
15.431250 0.046619 0.040788 0.874927
15.432813 0.046246 0.040410 0.873799
15.434375 0.045872 0.040031 0.872653
15.435938 0.045498 0.039651 0.871488
15.437500 0.045122 0.039270 0.870304
15.439063 0.044747 0.038889 0.869099
15.440625 0.044370 0.038507 0.867874
15.442188 0.043993 0.038125 0.866628
15.443750 0.043614 0.037742 0.86536
15.445312 0.043236 0.037359 0.86407
15.446875 0.042856 0.036975 0.862757
15.448438 0.042476 0.036590 0.86142
15.450000 0.042096 0.036205 0.860059
15.451563 0.041714 0.035819 0.858673
15.453125 0.041332 0.035432 0.857261
15.454688 0.040949 0.035045 0.855823
15.456250 0.040566 0.034658 0.854357
15.457813 0.040182 0.034270 0.852863
15.459375 0.039797 0.033881 0.85134
15.460938 0.039412 0.033492 0.849787
15.462500 0.039026 0.033102 0.848203
15.464063 0.038640 0.032712 0.846588
15.465625 0.038253 0.032321 0.844939
15.467188 0.037865 0.031930 0.843256
15.468750 0.037477 0.031538 0.841539
15.470313 0.037088 0.031146 0.839785
15.471875 0.036698 0.030753 0.837993
15.473438 0.036308 0.030360 0.836163
15.475000 0.035918 0.029966 0.834293
15.476562 0.035527 0.029572 0.832382
15.478125 0.035135 0.029177 0.830427
15.479688 0.034743 0.028782 0.828428
15.481250 0.034350 0.028386 0.826383
15.482813 0.033956 0.027990 0.824291
15.484375 0.033563 0.027593 0.822148
15.485938 0.033168 0.027196 0.819955
15.487500 0.032773 0.026799 0.817708
15.489063 0.032378 0.026401 0.815406
15.490625 0.031982 0.026003 0.813047
15.492188 0.031585 0.025604 0.810628
15.493750 0.031188 0.025205 0.808147
15.495313 0.030791 0.024805 0.805602
15.496875 0.030393 0.024405 0.802989
15.498438 0.029994 0.024004 0.800307
15.500000 0.029595 0.023604 0.797551
15.501563 0.029196 0.023202 0.79472
15.503125 0.028796 0.022801 0.79181
15.504688 0.028395 0.022399 0.788816
15.506250 0.027994 0.021996 0.785737
15.507812 0.027593 0.021594 0.782568
15.509375 0.027191 0.021190 0.779304
15.510938 0.026789 0.020787 0.775941
15.512500 0.026387 0.020383 0.772475
15.514063 0.025984 0.019979 0.768901
15.515625 0.025580 0.019574 0.765214
15.517188 0.025176 0.019169 0.761407
15.518750 0.024772 0.018764 0.757475
15.520313 0.024367 0.018359 0.753412
15.521875 0.023962 0.017953 0.749211
15.523438 0.023557 0.017546 0.744864
15.525000 0.023151 0.017140 0.740364
15.526563 0.022744 0.016733 0.735702
15.528125 0.022338 0.016326 0.730869
15.529688 0.021931 0.015918 0.725855
15.531250 0.021523 0.015511 0.720651
15.532813 0.021115 0.015103 0.715245
15.534375 0.020707 0.014694 0.709624
15.535938 0.020299 0.014286 0.703775
15.537500 0.019890 0.013877 0.697685
15.539062 0.019481 0.013468 0.691338
15.540625 0.019071 0.013058 0.684716
15.542188 0.018661 0.012649 0.677803
15.543750 0.018251 0.012239 0.670576
15.545313 0.017841 0.011829 0.663016
15.546875 0.017430 0.011418 0.655097
15.548438 0.017019 0.011008 0.646794
15.550000 0.016607 0.010597 0.638078
15.551563 0.016195 0.010186 0.628916
15.553125 0.015783 0.009774 0.619273
15.554688 0.015371 0.009363 0.609111
15.556250 0.014958 0.008951 0.598386
15.557813 0.014545 0.008539 0.58705
15.559375 0.014132 0.008127 0.575048
15.560938 0.013719 0.007714 0.56232
15.562500 0.013305 0.007302 0.548796
15.564063 0.012891 0.006889 0.534402
15.565625 0.012477 0.006476 0.519047
15.567188 0.012062 0.006063 0.502634
15.568750 0.011648 0.005650 0.485049
15.570312 0.011233 0.005236 0.466159
15.571875 0.010818 0.004823 0.445815
15.573438 0.010402 0.004409 0.423841
15.575000 0.009987 0.003995 0.400032
15.576563 0.009571 0.003581 0.374148
15.578125 0.009155 0.003167 0.345905
15.579688 0.008738 0.002752 0.314964
15.581250 0.008322 0.002338 0.280919
15.582813 0.007905 0.001923 0.243275
15.584375 0.007488 0.001508 0.201431
15.585938 0.007071 0.001093 0.15464
15.587500 0.006654 0.000678 0.101968
15.589063 0.006236 0.000263 0.0422324
15.590625 0.005819 -0.000152 -0.026093
15.592188 0.005401 -0.000567 -0.105006
15.593750 0.004983 -0.000983 -0.197176
15.595313 0.004565 -0.001398 -0.306254
15.596875 0.004147 -0.001814 -0.437363
15.598438 0.003728 -0.002229 -0.597934
15.600000 0.003310 -0.002645 -0.799158
15.601562 0.002891 -0.003061 -1.05872
15.603125 0.002472 -0.003477 -1.40629
15.604688 0.002053 -0.003893 -1.89579
15.606250 0.001634 -0.004309 -2.63649
15.607813 0.001215 -0.004725 -3.88848
15.609375 0.000796 -0.005141 -6.46031
15.610938 0.000376 -0.005557 -14.7657
15.612500 -0.000043 -0.005973 138.359
15.614063 -0.000463 -0.006390 13.8064
15.615625 -0.000883 -0.006806 7.71182
15.617188 -0.001302 -0.007222 5.54554
15.618750 -0.001722 -0.007639 4.43521
15.620313 -0.002142 -0.008055 3.76004
15.621875 -0.002562 -0.008471 3.30612
15.623438 -0.002982 -0.008888 2.98
15.625000 -0.003403 -0.009304 2.73436
15.626563 -0.003823 -0.009721 2.54267
15.628125 -0.004243 -0.010137 2.38893
15.629688 -0.004664 -0.010553 2.26287
15.631250 -0.005084 -0.010970 2.15764
15.632812 -0.005505 -0.011386 2.06846
15.634375 -0.005925 -0.011802 1.99192
15.635938 -0.006346 -0.012219 1.92551
15.637500 -0.006766 -0.012635 1.86734
15.639063 -0.007187 -0.013051 1.81597
15.640625 -0.007608 -0.013468 1.77027
15.642188 -0.008028 -0.013884 1.72935
15.643750 -0.008449 -0.014300 1.6925
15.645313 -0.008870 -0.014716 1.65913
15.646875 -0.009290 -0.015132 1.62878
15.648438 -0.009711 -0.015548 1.60106
15.650000 -0.010132 -0.015964 1.57563
15.651563 -0.010552 -0.016380 1.55222
15.653125 -0.010973 -0.016795 1.5306
15.654688 -0.011394 -0.017211 1.51058
15.656250 -0.011814 -0.017627 1.49198
15.657813 -0.012235 -0.018042 1.47465
15.659375 -0.012656 -0.018458 1.45847
15.660938 -0.013076 -0.018873 1.44333
15.662500 -0.013497 -0.019288 1.42913
15.664062 -0.013917 -0.019704 1.41578
15.665625 -0.014337 -0.020119 1.40322
15.667188 -0.014758 -0.020534 1.39136
15.668750 -0.015178 -0.020948 1.38017
15.670313 -0.015598 -0.021363 1.36957
15.671875 -0.016019 -0.021778 1.35953
15.673438 -0.016439 -0.022192 1.35
15.675000 -0.016859 -0.022607 1.34094
15.676563 -0.017279 -0.023021 1.33232
15.678125 -0.017699 -0.023435 1.32411
15.679688 -0.018118 -0.023849 1.31627
15.681250 -0.018538 -0.024263 1.3088
15.682813 -0.018958 -0.024676 1.30165
15.684375 -0.019377 -0.025090 1.2948
15.685938 -0.019797 -0.025503 1.28825
15.687500 -0.020216 -0.025916 1.28197
15.689063 -0.020635 -0.026329 1.27594
15.690625 -0.021054 -0.026742 1.27016
15.692188 -0.021473 -0.027155 1.26459
15.693750 -0.021892 -0.027568 1.25924
15.695312 -0.022311 -0.027980 1.25409
15.696875 -0.022730 -0.028392 1.24913
15.698438 -0.023148 -0.028804 1.24434
15.700000 -0.023566 -0.029216 1.23973
15.701563 -0.023984 -0.029627 1.23527
15.703125 -0.024403 -0.030039 1.23097
15.704688 -0.024820 -0.030450 1.22681
15.706250 -0.025238 -0.030861 1.22279
15.707813 -0.025656 -0.031272 1.2189
15.709375 -0.026073 -0.031682 1.21514
15.710938 -0.026490 -0.032093 1.21149
15.712500 -0.026907 -0.032503 1.20795
15.714063 -0.027324 -0.032913 1.20452
15.715625 -0.027741 -0.033323 1.2012
15.717188 -0.028158 -0.033732 1.19797
15.718750 -0.028574 -0.034141 1.19483
15.720313 -0.028990 -0.034550 1.19179
15.721875 -0.029406 -0.034959 1.18883
15.723438 -0.029822 -0.035368 1.18596
15.725000 -0.030238 -0.035776 1.18316
15.726562 -0.030653 -0.036184 1.18043
15.728125 -0.031068 -0.036592 1.17779
15.729688 -0.031483 -0.036999 1.1752
15.731250 -0.031898 -0.037406 1.17269
15.732813 -0.032313 -0.037813 1.17024
15.734375 -0.032727 -0.038220 1.16786
15.735938 -0.033141 -0.038627 1.16553
15.737500 -0.033555 -0.039033 1.16326
15.739063 -0.033968 -0.039439 1.16104
15.740625 -0.034382 -0.039844 1.15888
15.742188 -0.034795 -0.040250 1.15677
15.743750 -0.035208 -0.040655 1.15471
15.745313 -0.035621 -0.041060 1.15269
15.746875 -0.036033 -0.041464 1.15072
15.748438 -0.036445 -0.041868 1.1488
15.750000 -0.036857 -0.042272 1.14692
15.751563 -0.037269 -0.042676 1.14508
15.753125 -0.037680 -0.043079 1.14328
15.754688 -0.038091 -0.043482 1.14152
15.756250 -0.038502 -0.043885 1.1398
15.757812 -0.038913 -0.044287 1.13811
15.759375 -0.039323 -0.044689 1.13646
15.760938 -0.039733 -0.045091 1.13484
15.762500 -0.040143 -0.045492 1.13325
15.764063 -0.040552 -0.045893 1.1317
15.765625 -0.040961 -0.046294 1.13018
15.767188 -0.041370 -0.046694 1.12869
15.768750 -0.041779 -0.047094 1.12723
15.770313 -0.042187 -0.047494 1.12579
15.771875 -0.042595 -0.047893 1.12438
15.773438 -0.043003 -0.048292 1.123
15.775000 -0.043410 -0.048691 1.12165
15.776563 -0.043817 -0.049089 1.12032
15.778125 -0.044224 -0.049487 1.11902
15.779688 -0.044630 -0.049884 1.11773
15.781250 -0.045036 -0.050282 1.11648
15.782813 -0.045442 -0.050678 1.11524
15.784375 -0.045847 -0.051075 1.11403
15.785938 -0.046252 -0.051471 1.11283
15.787500 -0.046657 -0.051867 1.11166
15.789062 -0.047061 -0.052262 1.11051
15.790625 -0.047465 -0.052657 1.10938
15.792188 -0.047869 -0.053052 1.10827
15.793750 -0.048272 -0.053446 1.10717
15.795313 -0.048675 -0.053840 1.1061
15.796875 -0.049078 -0.054233 1.10504
15.798438 -0.049480 -0.054626 1.104
15.800000 -0.049882 -0.055019 1.10297
15.801563 -0.050284 -0.055411 1.10197
15.803125 -0.050685 -0.055803 1.10097
15.804688 -0.051086 -0.056194 1.1
15.806250 -0.051486 -0.056585 1.09904
15.807813 -0.051886 -0.056975 1.09809
15.809375 -0.052286 -0.057366 1.09716
15.810938 -0.052685 -0.057755 1.09624
15.812500 -0.053084 -0.058145 1.09534
15.814063 -0.053482 -0.058534 1.09445
15.815625 -0.053880 -0.058922 1.09357
15.817188 -0.054278 -0.059310 1.09271
15.818750 -0.054675 -0.059698 1.09185
15.820312 -0.055072 -0.060085 1.09102
15.821875 -0.055469 -0.060472 1.09019
15.823438 -0.055865 -0.060858 1.08937
15.825000 -0.056261 -0.061244 1.08857
15.826563 -0.056656 -0.061629 1.08778
15.828125 -0.057051 -0.062014 1.087
15.829688 -0.057445 -0.062399 1.08623
15.831250 -0.057839 -0.062783 1.08547
15.832813 -0.058233 -0.063166 1.08472
15.834375 -0.058626 -0.063549 1.08398
15.835938 -0.059019 -0.063932 1.08325
15.837500 -0.059411 -0.064314 1.08253
15.839063 -0.059803 -0.064696 1.08182
15.840625 -0.060194 -0.065077 1.08112
15.842188 -0.060585 -0.065458 1.08042
15.843750 -0.060976 -0.065838 1.07974
15.845313 -0.061366 -0.066218 1.07907
15.846875 -0.061756 -0.066597 1.0784
15.848438 -0.062145 -0.066976 1.07774
15.850000 -0.062534 -0.067355 1.07709
15.851562 -0.062922 -0.067733 1.07645
15.853125 -0.063310 -0.068110 1.07582
15.854688 -0.063697 -0.068487 1.07519
15.856250 -0.064084 -0.068863 1.07458
15.857813 -0.064471 -0.069239 1.07397
15.859375 -0.064857 -0.069615 1.07336
15.860938 -0.065242 -0.069990 1.07277
15.862500 -0.065627 -0.070364 1.07218
15.864063 -0.066012 -0.070738 1.0716
15.865625 -0.066396 -0.071111 1.07102
15.867188 -0.066779 -0.071484 1.07045
15.868750 -0.067162 -0.071857 1.06989
15.870313 -0.067545 -0.072228 1.06934
15.871875 -0.067927 -0.072600 1.06879
15.873438 -0.068309 -0.072971 1.06824
15.875000 -0.068690 -0.073341 1.06771
15.876563 -0.069071 -0.073711 1.06718
15.878125 -0.069451 -0.074080 1.06665
15.879688 -0.069831 -0.074449 1.06613
15.881250 -0.070210 -0.074817 1.06562
15.882812 -0.070588 -0.075184 1.06511
15.884375 -0.070966 -0.075551 1.06461
15.885938 -0.071344 -0.075918 1.06411
15.887500 -0.071721 -0.076284 1.06362
15.889063 -0.072098 -0.076650 1.06313
15.890625 -0.072474 -0.077014 1.06265
15.892188 -0.072849 -0.077379 1.06218
15.893750 -0.073224 -0.077743 1.0617
15.895313 -0.073599 -0.078106 1.06124
15.896875 -0.073973 -0.078469 1.06078
15.898438 -0.074346 -0.078831 1.06032
15.900000 -0.074719 -0.079192 1.05987
15.901563 -0.075092 -0.079554 1.05942
15.903125 -0.075464 -0.079914 1.05898
15.904688 -0.075835 -0.080274 1.05854
15.906250 -0.076206 -0.080633 1.0581
15.907813 -0.076576 -0.080992 1.05767
15.909375 -0.076946 -0.081350 1.05725
15.910938 -0.077315 -0.081708 1.05683
15.912500 -0.077683 -0.082065 1.05641
15.914062 -0.078051 -0.082422 1.056
15.915625 -0.078419 -0.082778 1.05559
15.917188 -0.078786 -0.083133 1.05518
15.918750 -0.079152 -0.083488 1.05478
15.920313 -0.079518 -0.083842 1.05438
15.921875 -0.079883 -0.084196 1.05399
15.923438 -0.080248 -0.084549 1.0536
15.925000 -0.080612 -0.084901 1.05321
15.926563 -0.080976 -0.085253 1.05283
15.928125 -0.081339 -0.085605 1.05245
15.929688 -0.081701 -0.085956 1.05208
15.931250 -0.082063 -0.086306 1.0517
15.932813 -0.082424 -0.086655 1.05134
15.934375 -0.082785 -0.087004 1.05097
15.935938 -0.083145 -0.087353 1.05061
15.937500 -0.083504 -0.087701 1.05025
15.939063 -0.083863 -0.088048 1.0499
15.940625 -0.084222 -0.088395 1.04955
15.942188 -0.084579 -0.088741 1.0492
15.943750 -0.084937 -0.089086 1.04886
15.945312 -0.085293 -0.089431 1.04852
15.946875 -0.085649 -0.089776 1.04818
15.948438 -0.086005 -0.090119 1.04784
15.950000 -0.086360 -0.090463 1.04751
15.951563 -0.086714 -0.090805 1.04719
15.953125 -0.087067 -0.091147 1.04686
15.954688 -0.087420 -0.091489 1.04654
15.956250 -0.087773 -0.091830 1.04622
15.957813 -0.088125 -0.092170 1.04591
15.959375 -0.088476 -0.092510 1.0456
15.960938 -0.088826 -0.092849 1.04529
15.962500 -0.089176 -0.093188 1.04498
15.964063 -0.089526 -0.093526 1.04468
15.965625 -0.089875 -0.093863 1.04438
15.967188 -0.090223 -0.094200 1.04408
15.968750 -0.090570 -0.094536 1.04379
15.970313 -0.090917 -0.094871 1.04349
15.971875 -0.091263 -0.095206 1.0432
15.973438 -0.091609 -0.095540 1.04291
15.975000 -0.091954 -0.095873 1.04262
15.976562 -0.092299 -0.096206 1.04233
15.978125 -0.092642 -0.096537 1.04205
15.979688 -0.092985 -0.096868 1.04176
15.981250 -0.093328 -0.097198 1.04146
15.982813 -0.093670 -0.097526 1.04117
15.984375 -0.094011 -0.097854 1.04088
15.985938 -0.094352 -0.098180 1.04058
15.987500 -0.094692 -0.098506 1.04027
15.989063 -0.095031 -0.098829 1.03997
15.990625 -0.095370 -0.099152 1.03965
15.992188 -0.095708 -0.099473 1.03934
15.993750 -0.096045 -0.099792 1.03901
15.995313 -0.096382 -0.100110 1.03868
15.996875 -0.096718 -0.100426 1.03833
15.998438 -0.097054 -0.100740 1.03798
16.000000 -0.097389 -0.101053 1.03762
16.001563 -0.097723 -0.101363 1.03725
16.003125 -0.098056 -0.101672 1.03687
16.004687 -0.098389 -0.101978 1.03648
16.006250 -0.098720 -0.102282 1.03608
16.007812 -0.099051 -0.102585 1.03568
16.009375 -0.099380 -0.102884 1.03526
16.010938 -0.099708 -0.103182 1.03484
16.012500 -0.100035 -0.103477 1.03441
16.014063 -0.100360 -0.103770 1.03397
16.015625 -0.100684 -0.104060 1.03353
16.017188 -0.101007 -0.104348 1.03307
16.018750 -0.101328 -0.104632 1.03262
16.020312 -0.101647 -0.104915 1.03215
16.021875 -0.101964 -0.105194 1.03168
16.023438 -0.102279 -0.105471 1.03121
16.025000 -0.102593 -0.105745 1.03072
16.026563 -0.102904 -0.106016 1.03024
16.028125 -0.103214 -0.106284 1.02974
16.029688 -0.103521 -0.106549 1.02925
16.031250 -0.103826 -0.106811 1.02874
16.032813 -0.104129 -0.107069 1.02824
16.034375 -0.104430 -0.107325 1.02772
16.035937 -0.104728 -0.107577 1.02721
16.037500 -0.105023 -0.107826 1.02669
16.039062 -0.105316 -0.108072 1.02617
16.040625 -0.105607 -0.108315 1.02564
16.042188 -0.105895 -0.108554 1.02511
16.043750 -0.106180 -0.108789 1.02457
16.045313 -0.106462 -0.109021 1.02404
16.046875 -0.106742 -0.109250 1.02349
16.048438 -0.107019 -0.109475 1.02295
16.050000 -0.107293 -0.109696 1.0224
16.051562 -0.107563 -0.109914 1.02185
16.053125 -0.107831 -0.110128 1.0213
16.054688 -0.108096 -0.110339 1.02075
16.056250 -0.108357 -0.110545 1.02019
16.057813 -0.108616 -0.110748 1.01963
16.059375 -0.108871 -0.110947 1.01907
16.060938 -0.109123 -0.111142 1.0185
16.062500 -0.109371 -0.111333 1.01794
16.064063 -0.109616 -0.111520 1.01737
16.065625 -0.109858 -0.111704 1.0168
16.067187 -0.110096 -0.111883 1.01623
16.068750 -0.110331 -0.112059 1.01566
16.070312 -0.110562 -0.112230 1.01508
16.071875 -0.110790 -0.112397 1.01451
16.073438 -0.111014 -0.112560 1.01393
16.075000 -0.111235 -0.112719 1.01335
16.076563 -0.111451 -0.112874 1.01277
16.078125 -0.111664 -0.113025 1.01219
16.079688 -0.111873 -0.113172 1.01161
16.081250 -0.112079 -0.113314 1.01102
16.082812 -0.112280 -0.113452 1.01044
16.084375 -0.112478 -0.113586 1.00986
16.085938 -0.112672 -0.113716 1.00927
16.087500 -0.112861 -0.113842 1.00868
16.089063 -0.113047 -0.113963 1.0081
16.090625 -0.113229 -0.114080 1.00751
16.092188 -0.113407 -0.114192 1.00692
16.093750 -0.113581 -0.114300 1.00633
16.095313 -0.113750 -0.114404 1.00574
16.096875 -0.113916 -0.114503 1.00516
16.098437 -0.114078 -0.114598 1.00457
16.100000 -0.114235 -0.114689 1.00398
16.101562 -0.114388 -0.114775 1.00339
16.103125 -0.114537 -0.114857 1.00279
16.104688 -0.114681 -0.114934 1.0022
16.106250 -0.114822 -0.115007 1.00161
16.107813 -0.114958 -0.115076 1.00102
16.109375 -0.115090 -0.115139 1.00043
16.110938 -0.115217 -0.115199 0.999839
16.112500 -0.115341 -0.115254 0.999247
16.114062 -0.115459 -0.115304 0.998656
16.115625 -0.115574 -0.115350 0.998064
16.117188 -0.115684 -0.115392 0.997472
16.118750 -0.115790 -0.115428 0.99688
16.120313 -0.115891 -0.115461 0.996287
16.121875 -0.115988 -0.115489 0.995695
16.123438 -0.116080 -0.115512 0.995103
16.125000 -0.116168 -0.115530 0.994511
16.126563 -0.116252 -0.115545 0.993918
16.128125 -0.116331 -0.115554 0.993326
16.129687 -0.116405 -0.115559 0.992734
16.131250 -0.116475 -0.115560 0.992141
16.132812 -0.116540 -0.115555 0.991549
16.134375 -0.116601 -0.115547 0.990957
16.135938 -0.116658 -0.115534 0.990364
16.137500 -0.116709 -0.115516 0.989772
16.139063 -0.116757 -0.115493 0.98918
16.140625 -0.116799 -0.115466 0.988587
16.142188 -0.116837 -0.115435 0.987995
16.143750 -0.116871 -0.115399 0.987402
16.145312 -0.116900 -0.115358 0.98681
16.146875 -0.116924 -0.115313 0.986217
16.148438 -0.116944 -0.115263 0.985625
16.150000 -0.116959 -0.115208 0.985032
16.151563 -0.116969 -0.115149 0.984439
16.153125 -0.116975 -0.115086 0.983847
16.154688 -0.116977 -0.115018 0.983254
16.156250 -0.116973 -0.114945 0.982661
16.157813 -0.116965 -0.114868 0.982068
16.159375 -0.116953 -0.114786 0.981475
16.160937 -0.116936 -0.114700 0.980882
16.162500 -0.116914 -0.114609 0.980289
16.164062 -0.116887 -0.114514 0.979695
16.165625 -0.116856 -0.114414 0.979101
16.167188 -0.116820 -0.114310 0.978508
16.168750 -0.116780 -0.114201 0.977914
16.170313 -0.116735 -0.114088 0.977319
16.171875 -0.116686 -0.113970 0.976725
16.173438 -0.116632 -0.113848 0.97613
16.175000 -0.116573 -0.113721 0.975535
16.176562 -0.116509 -0.113590 0.97494
16.178125 -0.116441 -0.113454 0.974344
16.179688 -0.116369 -0.113314 0.973748
16.181250 -0.116292 -0.113170 0.973152
16.182813 -0.116210 -0.113021 0.972555
16.184375 -0.116124 -0.112867 0.971958
16.185938 -0.116033 -0.112710 0.971361
16.187500 -0.115937 -0.112548 0.970762
16.189063 -0.115837 -0.112381 0.970164
16.190625 -0.115733 -0.112210 0.969565
16.192187 -0.115623 -0.112035 0.968965
16.193750 -0.115510 -0.111856 0.968365
16.195312 -0.115392 -0.111672 0.967765
16.196875 -0.115269 -0.111484 0.967163
16.198438 -0.115142 -0.111291 0.966561
16.200000 -0.115010 -0.111095 0.965959
16.201563 -0.114874 -0.110894 0.965355
16.203125 -0.114733 -0.110689 0.964751
16.204688 -0.114588 -0.110479 0.964146
16.206250 -0.114438 -0.110266 0.963541
16.207812 -0.114284 -0.110048 0.962934
16.209375 -0.114125 -0.109826 0.962327
16.210938 -0.113962 -0.109600 0.961718
16.212500 -0.113795 -0.109369 0.961109
16.214063 -0.113623 -0.109135 0.960499
16.215625 -0.113447 -0.108896 0.959888
16.217188 -0.113266 -0.108653 0.959275
16.218750 -0.113081 -0.108407 0.958662
16.220313 -0.112892 -0.108156 0.958047
16.221875 -0.112698 -0.107901 0.957432
16.223437 -0.112500 -0.107642 0.956815
16.225000 -0.112298 -0.107379 0.956196
16.226562 -0.112091 -0.107112 0.955577
16.228125 -0.111880 -0.106841 0.954956
16.229688 -0.111665 -0.106566 0.954334
16.231250 -0.111446 -0.106287 0.95371
16.232813 -0.111222 -0.106004 0.953085
16.234375 -0.110994 -0.105718 0.952459
16.235938 -0.110762 -0.105427 0.951831
16.237500 -0.110526 -0.105133 0.951201
16.239062 -0.110286 -0.104834 0.95057
16.240625 -0.110041 -0.104532 0.949937
16.242188 -0.109792 -0.104226 0.949302
16.243750 -0.109540 -0.103916 0.948665
16.245313 -0.109283 -0.103603 0.948027
16.246875 -0.109022 -0.103286 0.947386
16.248438 -0.108757 -0.102965 0.946744
16.250000 -0.108487 -0.102640 0.9461
16.251563 -0.108214 -0.102312 0.945453
16.253125 -0.107937 -0.101979 0.944805
16.254687 -0.107656 -0.101644 0.944154
16.256250 -0.107371 -0.101304 0.943502
16.257812 -0.107082 -0.100962 0.942846
16.259375 -0.106789 -0.100615 0.942189
16.260938 -0.106492 -0.100265 0.941529
16.262500 -0.106191 -0.099911 0.940867
16.264063 -0.105886 -0.099554 0.940202
16.265625 -0.105578 -0.099194 0.939534
16.267188 -0.105265 -0.098830 0.938864
16.268750 -0.104949 -0.098462 0.938191
16.270312 -0.104629 -0.098091 0.937516
16.271875 -0.104305 -0.097717 0.936837
16.273438 -0.103978 -0.097339 0.936155
16.275000 -0.103646 -0.096958 0.935471
16.276563 -0.103311 -0.096574 0.934783
16.278125 -0.102973 -0.096186 0.934093
16.279688 -0.102630 -0.095795 0.933399
16.281250 -0.102284 -0.095401 0.932701
16.282813 -0.101935 -0.095003 0.932
16.284375 -0.101581 -0.094602 0.931296
16.285937 -0.101225 -0.094198 0.930589
16.287500 -0.100864 -0.093791 0.929877
16.289062 -0.100500 -0.093381 0.929162
16.290625 -0.100133 -0.092968 0.928443
16.292188 -0.099762 -0.092551 0.92772
16.293750 -0.099388 -0.092132 0.926993
16.295313 -0.099010 -0.091709 0.926262
16.296875 -0.098629 -0.091283 0.925527
16.298438 -0.098244 -0.090855 0.924788
16.300000 -0.097856 -0.090423 0.924044
16.301562 -0.097465 -0.089989 0.923296
16.303125 -0.097070 -0.089551 0.922543
16.304688 -0.096672 -0.089111 0.921786
16.306250 -0.096271 -0.088668 0.921023
16.307813 -0.095866 -0.088221 0.920256
16.309375 -0.095458 -0.087772 0.919484
16.310938 -0.095047 -0.087321 0.918706
16.312500 -0.094633 -0.086866 0.917924
16.314063 -0.094216 -0.086409 0.917136
16.315625 -0.093795 -0.085949 0.916343
16.317187 -0.093372 -0.085486 0.915544
16.318750 -0.092945 -0.085020 0.914739
16.320312 -0.092515 -0.084552 0.913928
16.321875 -0.092083 -0.084082 0.913112
16.323438 -0.091647 -0.083608 0.912289
16.325000 -0.091208 -0.083132 0.91146
16.326563 -0.090766 -0.082654 0.910624
16.328125 -0.090321 -0.082173 0.909782
16.329688 -0.089874 -0.081689 0.908934
16.331250 -0.089423 -0.081203 0.908078
16.332812 -0.088970 -0.080715 0.907216
16.334375 -0.088514 -0.080224 0.906346
16.335938 -0.088055 -0.079731 0.905469
16.337500 -0.087593 -0.079235 0.904584
16.339063 -0.087128 -0.078737 0.903692
16.340625 -0.086661 -0.078237 0.902792
16.342188 -0.086191 -0.077734 0.901884
16.343750 -0.085718 -0.077229 0.900967
16.345313 -0.085242 -0.076722 0.900042
16.346875 -0.084764 -0.076212 0.899109
16.348437 -0.084284 -0.075701 0.898167
16.350000 -0.083800 -0.075187 0.897215
16.351562 -0.083314 -0.074671 0.896255
16.353125 -0.082826 -0.074153 0.895285
16.354688 -0.082335 -0.073633 0.894305
16.356250 -0.081842 -0.073110 0.893316
16.357813 -0.081346 -0.072586 0.892316
16.359375 -0.080847 -0.072060 0.891306
16.360938 -0.080347 -0.071531 0.890285
16.362500 -0.079844 -0.071001 0.889253
16.364062 -0.079338 -0.070469 0.88821
16.365625 -0.078830 -0.069935 0.887156
16.367188 -0.078320 -0.069399 0.886089
16.368750 -0.077808 -0.068861 0.885011
16.370313 -0.077293 -0.068321 0.883921
16.371875 -0.076776 -0.067779 0.882817
16.373438 -0.076257 -0.067236 0.881701
16.375000 -0.075736 -0.066691 0.880572
16.376563 -0.075212 -0.066144 0.879429
16.378125 -0.074686 -0.065595 0.878272
16.379687 -0.074159 -0.065045 0.8771
16.381250 -0.073629 -0.064493 0.875914
16.382812 -0.073097 -0.063939 0.874713
16.384375 -0.072563 -0.063384 0.873496
16.385938 -0.072027 -0.062827 0.872263
16.387500 -0.071489 -0.062268 0.871014
16.389063 -0.070949 -0.061708 0.869748
16.390625 -0.070408 -0.061147 0.868465
16.392188 -0.069864 -0.060584 0.867164
16.393750 -0.069318 -0.060019 0.865845
16.395312 -0.068771 -0.059453 0.864508
16.396875 -0.068222 -0.058886 0.863151
16.398438 -0.067671 -0.058317 0.861774
16.400000 -0.067118 -0.057747 0.860377
16.401563 -0.066563 -0.057175 0.85896
16.403125 -0.066007 -0.056602 0.857521
16.404688 -0.065449 -0.056028 0.856059
16.406250 -0.064889 -0.055453 0.854575
16.407813 -0.064328 -0.054876 0.853068
16.409375 -0.063765 -0.054298 0.851537
16.410937 -0.063201 -0.053719 0.849981
16.412500 -0.062635 -0.053139 0.848399
16.414062 -0.062067 -0.052558 0.846791
16.415625 -0.061498 -0.051975 0.845156
16.417188 -0.060927 -0.051392 0.843493
16.418750 -0.060355 -0.050807 0.841801
16.420313 -0.059781 -0.050221 0.840079
16.421875 -0.059206 -0.049634 0.838327
16.423438 -0.058630 -0.049046 0.836544
16.425000 -0.058052 -0.048458 0.834727
16.426562 -0.057473 -0.047868 0.832877
16.428125 -0.056892 -0.047277 0.830992
16.429688 -0.056311 -0.046686 0.829071
16.431250 -0.055728 -0.046093 0.827114
16.432813 -0.055143 -0.045500 0.825117
16.434375 -0.054558 -0.044906 0.823081
16.435938 -0.053971 -0.044311 0.821004
16.437500 -0.053383 -0.043715 0.818884
16.439063 -0.052794 -0.043118 0.81672
16.440625 -0.052204 -0.042521 0.814511
16.442187 -0.051613 -0.041923 0.812255
16.443750 -0.051020 -0.041324 0.809949
16.445312 -0.050427 -0.040725 0.807593
16.446875 -0.049833 -0.040124 0.805184
16.448438 -0.049237 -0.039524 0.80272
16.450000 -0.048641 -0.038922 0.8002
16.451563 -0.048043 -0.038320 0.797621
16.453125 -0.047445 -0.037718 0.794981
16.454688 -0.046846 -0.037115 0.792277
16.456250 -0.046246 -0.036511 0.789506
16.457812 -0.045645 -0.035907 0.786667
16.459375 -0.045043 -0.035303 0.783757
16.460938 -0.044440 -0.034698 0.780771
16.462500 -0.043837 -0.034092 0.777708
16.464063 -0.043233 -0.033487 0.774563
16.465625 -0.042628 -0.032880 0.771334
16.467188 -0.042022 -0.032274 0.768017
16.468750 -0.041416 -0.031667 0.764606
16.470313 -0.040809 -0.031060 0.7611
16.471875 -0.040201 -0.030452 0.757492
16.473437 -0.039593 -0.029845 0.753779
16.475000 -0.038984 -0.029236 0.749955
16.476562 -0.038375 -0.028628 0.746014
16.478125 -0.037765 -0.028020 0.741952
16.479688 -0.037154 -0.027411 0.737763
16.481250 -0.036543 -0.026802 0.733438
16.482813 -0.035932 -0.026193 0.728973
16.484375 -0.035320 -0.025584 0.724359
16.485938 -0.034707 -0.024975 0.719589
16.487500 -0.034094 -0.024366 0.714653
16.489062 -0.033481 -0.023756 0.709544
16.490625 -0.032868 -0.023147 0.704251
16.492188 -0.032254 -0.022538 0.698763
16.493750 -0.031639 -0.021928 0.69307
16.495313 -0.031025 -0.021319 0.687159
16.496875 -0.030410 -0.020710 0.681016
16.498438 -0.029795 -0.020100 0.674629
16.500000 -0.029179 -0.019491 0.66798
16.501563 -0.028564 -0.018882 0.661054
16.503125 -0.027948 -0.018273 0.653831
16.504687 -0.027332 -0.017664 0.646293
16.506250 -0.026716 -0.017056 0.638417
16.507812 -0.026099 -0.016447 0.630179
16.509375 -0.025483 -0.015839 0.621554
16.510938 -0.024866 -0.015231 0.612512
16.512500 -0.024250 -0.014623 0.603023
16.514063 -0.023633 -0.014016 0.593051
16.515625 -0.023017 -0.013408 0.582557
16.517188 -0.022400 -0.012802 0.571499
16.518750 -0.021783 -0.012195 0.55983
16.520312 -0.021167 -0.011589 0.547496
16.521875 -0.020550 -0.010983 0.534438
16.523438 -0.019934 -0.010377 0.52059
16.525000 -0.019317 -0.009772 0.505875
16.526563 -0.018701 -0.009167 0.49021
16.528125 -0.018085 -0.008563 0.473498
16.529688 -0.017469 -0.007959 0.455628
16.531250 -0.016853 -0.007356 0.436476
16.532813 -0.016238 -0.006753 0.415897
16.534375 -0.015622 -0.006151 0.393723
16.535937 -0.015007 -0.005549 0.36976
16.537500 -0.014392 -0.004948 0.34378
16.539062 -0.013778 -0.004347 0.315517
16.540625 -0.013163 -0.003747 0.284652
16.542188 -0.012549 -0.003147 0.250807
16.543750 -0.011936 -0.002549 0.213525
16.545313 -0.011323 -0.001950 0.172254
16.546875 -0.010710 -0.001353 0.126313
16.548438 -0.010097 -0.000756 0.0748574
16.550000 -0.009485 -0.000160 0.0168287
16.551562 -0.008873 0.000436 -0.0491236
16.553125 -0.008262 0.001031 -0.124747
16.554688 -0.007652 0.001625 -0.212341
16.556250 -0.007041 0.002218 -0.315002
16.557813 -0.006432 0.002811 -0.43699
16.559375 -0.005822 0.003402 -0.584339
16.560938 -0.005214 0.003993 -0.76589
16.562500 -0.004606 0.004583 -0.995128
16.564063 -0.003998 0.005172 -1.29371
16.565625 -0.003391 0.005761 -1.69872
16.567187 -0.002785 0.006348 -2.27946
16.568750 -0.002179 0.006935 -3.18206
16.570312 -0.001574 0.007521 -4.7768
16.571875 -0.000970 0.008105 -8.35519
16.573438 -0.000366 0.008689 -23.7093
16.575000 0.000236 0.009272 39.2199
16.576563 0.000839 0.009854 11.7507
16.578125 0.001440 0.010435 7.24633
16.579688 0.002041 0.011015 5.39757
16.581250 0.002641 0.011594 4.39056
16.582812 0.003240 0.012172 3.757
16.584375 0.003838 0.012748 3.32162
16.585938 0.004435 0.013324 3.004
16.587500 0.005032 0.013899 2.76203
16.589063 0.005628 0.014472 2.57156
16.590625 0.006223 0.015045 2.41772
16.592188 0.006817 0.015616 2.29086
16.593750 0.007410 0.016186 2.18446
16.595313 0.008002 0.016755 2.09392
16.596875 0.008593 0.017323 2.01594
16.598437 0.009183 0.017890 1.94808
16.600000 0.009772 0.018455 1.88848
16.601562 0.010361 0.019019 1.83571
16.603125 0.010948 0.019582 1.78867
16.604688 0.011534 0.020144 1.74647
16.606250 0.012119 0.020704 1.70839
16.607813 0.012703 0.021264 1.67386
16.609375 0.013286 0.021822 1.6424
16.610938 0.013868 0.022378 1.61362
16.612500 0.014449 0.022934 1.58719
16.614062 0.015029 0.023488 1.56283
16.615625 0.015607 0.024040 1.5403
16.617188 0.016185 0.024592 1.51941
16.618750 0.016761 0.025141 1.49998
16.620313 0.017336 0.025690 1.48186
16.621875 0.017910 0.026237 1.46493
16.623438 0.018483 0.026783 1.44907
16.625000 0.019054 0.027327 1.43418
16.626563 0.019625 0.027870 1.42017
16.628125 0.020194 0.028412 1.40697
16.629687 0.020761 0.028952 1.3945
16.631250 0.021328 0.029490 1.38272
16.632812 0.021893 0.030027 1.37156
16.634375 0.022457 0.030563 1.36097
16.635938 0.023019 0.031097 1.35091
16.637500 0.023580 0.031629 1.34135
16.639063 0.024140 0.032160 1.33224
16.640625 0.024699 0.032690 1.32355
16.642188 0.025256 0.033218 1.31526
16.643750 0.025811 0.033744 1.30734
16.645312 0.026366 0.034269 1.29975
16.646875 0.026919 0.034792 1.29249
16.648438 0.027470 0.035314 1.28554
16.650000 0.028020 0.035834 1.27886
16.651563 0.028569 0.036352 1.27245
16.653125 0.029116 0.036869 1.26628
16.654688 0.029661 0.037384 1.26036
16.656250 0.030205 0.037897 1.25465
16.657813 0.030748 0.038409 1.24915
16.659375 0.031289 0.038919 1.24385
16.660937 0.031828 0.039427 1.23874
16.662500 0.032366 0.039934 1.2338
16.664062 0.032903 0.040439 1.22903
16.665625 0.033438 0.040942 1.22442
16.667188 0.033971 0.041444 1.21996
16.668750 0.034503 0.041943 1.21565
16.670313 0.035033 0.042441 1.21147
16.671875 0.035561 0.042938 1.20742
16.673438 0.036088 0.043432 1.20349
16.675000 0.036613 0.043925 1.19969
16.676562 0.037137 0.044416 1.19599
16.678125 0.037659 0.044905 1.1924
16.679688 0.038179 0.045392 1.18892
16.681250 0.038698 0.045877 1.18553
16.682813 0.039215 0.046361 1.18224
16.684375 0.039730 0.046843 1.17903
16.685938 0.040243 0.047323 1.17592
16.687500 0.040755 0.047801 1.17288
16.689063 0.041265 0.048277 1.16993
16.690625 0.041773 0.048751 1.16705
16.692187 0.042280 0.049224 1.16424
16.693750 0.042784 0.049694 1.16151
16.695312 0.043287 0.050163 1.15884
16.696875 0.043789 0.050630 1.15624
16.698438 0.044288 0.051095 1.15369
16.700000 0.044785 0.051558 1.15121
16.701563 0.045281 0.052019 1.14879
16.703125 0.045775 0.052478 1.14642
16.704688 0.046267 0.052935 1.14411
16.706250 0.046757 0.053390 1.14185
16.707812 0.047246 0.053843 1.13964
16.709375 0.047732 0.054294 1.13747
16.710938 0.048217 0.054743 1.13536
16.712500 0.048700 0.055190 1.13328
16.714063 0.049180 0.055636 1.13126
16.715625 0.049659 0.056079 1.12927
16.717188 0.050136 0.056520 1.12732
16.718750 0.050611 0.056959 1.12542
16.720313 0.051085 0.057396 1.12355
16.721875 0.051556 0.057831 1.12172
16.723437 0.052025 0.058264 1.11992
16.725000 0.052493 0.058695 1.11816
16.726562 0.052958 0.059124 1.11644
16.728125 0.053421 0.059551 1.11474
16.729688 0.053883 0.059976 1.11308
16.731250 0.054342 0.060399 1.11145
16.732813 0.054800 0.060819 1.10985
16.734375 0.055255 0.061238 1.10827
16.735938 0.055709 0.061654 1.10673
16.737500 0.056160 0.062069 1.10521
16.739062 0.056609 0.062481 1.10372
16.740625 0.057057 0.062891 1.10225
16.742188 0.057502 0.063299 1.10081
16.743750 0.057945 0.063705 1.09939
16.745313 0.058386 0.064108 1.098
16.746875 0.058826 0.064510 1.09663
16.748438 0.059263 0.064909 1.09528
16.750000 0.059698 0.065307 1.09396
16.751563 0.060131 0.065702 1.09265
16.753125 0.060561 0.066095 1.09137
16.754687 0.060990 0.066485 1.0901
16.756250 0.061417 0.066874 1.08886
16.757812 0.061841 0.067260 1.08763
16.759375 0.062264 0.067645 1.08643
16.760938 0.062684 0.068027 1.08524
16.762500 0.063102 0.068407 1.08407
16.764063 0.063518 0.068784 1.08291
16.765625 0.063932 0.069160 1.08177
16.767188 0.064343 0.069533 1.08065
16.768750 0.064753 0.069904 1.07955
16.770312 0.065160 0.070273 1.07846
16.771875 0.065565 0.070639 1.07739
16.773438 0.065969 0.071004 1.07633
16.775000 0.066369 0.071366 1.07528
16.776563 0.066768 0.071726 1.07425
16.778125 0.067164 0.072083 1.07324
16.779688 0.067559 0.072439 1.07223
16.781250 0.067951 0.072792 1.07124
16.782813 0.068341 0.073143 1.07027
16.784375 0.068728 0.073491 1.0693
16.785937 0.069114 0.073838 1.06835
16.787500 0.069497 0.074182 1.06741
16.789062 0.069878 0.074524 1.06648
16.790625 0.070257 0.074863 1.06557
16.792188 0.070633 0.075200 1.06466
16.793750 0.071007 0.075535 1.06377
16.795313 0.071379 0.075868 1.06289
16.796875 0.071749 0.076199 1.06201
16.798438 0.072117 0.076527 1.06115
16.800000 0.072482 0.076852 1.0603
16.801562 0.072845 0.077176 1.05946
16.803125 0.073206 0.077497 1.05862
16.804688 0.073564 0.077816 1.0578
16.806250 0.073920 0.078133 1.05699
16.807813 0.074274 0.078447 1.05618
16.809375 0.074626 0.078759 1.05539
16.810938 0.074975 0.079069 1.0546
16.812500 0.075322 0.079376 1.05383
16.814063 0.075667 0.079681 1.05306
16.815625 0.076009 0.079984 1.05229
16.817187 0.076349 0.080284 1.05154
16.818750 0.076687 0.080582 1.0508
16.820312 0.077022 0.080878 1.05006
16.821875 0.077356 0.081171 1.04933
16.823438 0.077686 0.081463 1.04861
16.825000 0.078015 0.081751 1.04789
16.826563 0.078341 0.082038 1.04719
16.828125 0.078665 0.082322 1.04649
16.829688 0.078986 0.082603 1.04579
16.831250 0.079306 0.082883 1.0451
16.832812 0.079623 0.083160 1.04442
16.834375 0.079937 0.083434 1.04375
16.835938 0.080249 0.083707 1.04308
16.837500 0.080559 0.083977 1.04242
16.839063 0.080867 0.084244 1.04177
16.840625 0.081172 0.084509 1.04112
16.842188 0.081474 0.084772 1.04048
16.843750 0.081775 0.085033 1.03984
16.845313 0.082073 0.085291 1.03921
16.846875 0.082369 0.085547 1.03859
16.848437 0.082662 0.085800 1.03797
16.850000 0.082953 0.086051 1.03735
16.851562 0.083242 0.086300 1.03674
16.853125 0.083528 0.086546 1.03614
16.854688 0.083812 0.086790 1.03554
16.856250 0.084093 0.087032 1.03495
16.857813 0.084372 0.087271 1.03436
16.859375 0.084649 0.087508 1.03378
16.860938 0.084923 0.087743 1.0332
16.862500 0.085195 0.087975 1.03263
16.864062 0.085465 0.088205 1.03206
16.865625 0.085732 0.088432 1.03149
16.867188 0.085997 0.088657 1.03093
16.868750 0.086259 0.088880 1.03038
16.870313 0.086519 0.089100 1.02983
16.871875 0.086777 0.089318 1.02928
16.873438 0.087032 0.089534 1.02874
16.875000 0.087285 0.089747 1.0282
16.876563 0.087536 0.089958 1.02766
16.878125 0.087784 0.090166 1.02713
16.879687 0.088030 0.090372 1.02661
16.881250 0.088273 0.090576 1.02609
16.882812 0.088514 0.090777 1.02557
16.884375 0.088753 0.090976 1.02505
16.885938 0.088989 0.091173 1.02454
16.887500 0.089222 0.091367 1.02403
16.889063 0.089454 0.091559 1.02353
16.890625 0.089683 0.091748 1.02303
16.892188 0.089909 0.091935 1.02253
16.893750 0.090133 0.092120 1.02204
16.895312 0.090355 0.092302 1.02155
16.896875 0.090575 0.092482 1.02106
16.898438 0.090791 0.092660 1.02058
16.900000 0.091006 0.092835 1.0201
16.901563 0.091218 0.093008 1.01962
16.903125 0.091428 0.093178 1.01914
16.904688 0.091635 0.093346 1.01867
16.906250 0.091840 0.093512 1.0182
16.907813 0.092043 0.093676 1.01774
16.909375 0.092243 0.093837 1.01728
16.910937 0.092441 0.093995 1.01682
16.912500 0.092636 0.094152 1.01636
16.914062 0.092829 0.094306 1.01591
16.915625 0.093020 0.094457 1.01545
16.917188 0.093208 0.094607 1.01501
16.918750 0.093394 0.094754 1.01456
16.920313 0.093577 0.094898 1.01412
16.921875 0.093758 0.095040 1.01368
16.923438 0.093937 0.095180 1.01324
16.925000 0.094113 0.095318 1.0128
16.926562 0.094287 0.095453 1.01237
16.928125 0.094458 0.095586 1.01194
16.929688 0.094627 0.095716 1.01151
16.931250 0.094794 0.095844 1.01108
16.932813 0.094958 0.095970 1.01066
16.934375 0.095120 0.096093 1.01023
16.935938 0.095279 0.096215 1.00982
16.937500 0.095437 0.096333 1.0094
16.939063 0.095591 0.096450 1.00898
16.940625 0.095744 0.096564 1.00857
16.942187 0.095894 0.096676 1.00816
16.943750 0.096041 0.096785 1.00775
16.945312 0.096186 0.096892 1.00734
16.946875 0.096329 0.096997 1.00694
16.948438 0.096470 0.097100 1.00653
16.950000 0.096608 0.097200 1.00613
16.951563 0.096743 0.097298 1.00573
16.953125 0.096877 0.097393 1.00533
16.954688 0.097008 0.097487 1.00494
16.956250 0.097136 0.097578 1.00454
16.957812 0.097262 0.097666 1.00415
16.959375 0.097386 0.097753 1.00376
16.960938 0.097508 0.097837 1.00337
16.962500 0.097627 0.097918 1.00298
16.964063 0.097744 0.097998 1.0026
16.965625 0.097858 0.098075 1.00221
16.967188 0.097970 0.098150 1.00183
16.968750 0.098080 0.098222 1.00145
16.970313 0.098187 0.098293 1.00107
16.971875 0.098292 0.098361 1.00069
16.973437 0.098395 0.098426 1.00032
16.975000 0.098495 0.098490 0.999943
16.976562 0.098593 0.098551 0.999569
16.978125 0.098689 0.098610 0.999197
16.979688 0.098783 0.098667 0.998827
16.981250 0.098874 0.098721 0.998457
16.982813 0.098962 0.098773 0.99809
16.984375 0.099049 0.098823 0.997723
16.985938 0.099133 0.098871 0.997358
16.987500 0.099214 0.098916 0.996994
16.989062 0.099294 0.098959 0.996631
16.990625 0.099371 0.099000 0.996269
16.992188 0.099446 0.099039 0.995909
16.993750 0.099518 0.099075 0.99555
16.995313 0.099588 0.099109 0.995192
16.996875 0.099656 0.099141 0.994835
16.998438 0.099722 0.099171 0.994479
17.000000 0.099785 0.099199 0.994124
17.001563 0.099846 0.099224 0.993771
17.003125 0.099904 0.099247 0.993418
17.004687 0.099961 0.099268 0.993067
17.006250 0.100015 0.099286 0.992716
17.007812 0.100067 0.099303 0.992367
17.009375 0.100116 0.099317 0.992018
17.010938 0.100163 0.099329 0.991671
17.012500 0.100208 0.099339 0.991324
17.014063 0.100251 0.099347 0.990978
17.015625 0.100292 0.099352 0.990634
17.017188 0.100330 0.099356 0.99029
17.018750 0.100366 0.099357 0.989946
17.020312 0.100399 0.099356 0.989604
17.021875 0.100431 0.099352 0.989263
17.023438 0.100460 0.099347 0.988922
17.025000 0.100487 0.099340 0.988582
17.026563 0.100512 0.099330 0.988243
17.028125 0.100534 0.099318 0.987905
17.029688 0.100554 0.099304 0.987567
17.031250 0.100572 0.099288 0.98723
17.032813 0.100588 0.099270 0.986894
17.034375 0.100602 0.099249 0.986558
17.035937 0.100613 0.099227 0.986223
17.037500 0.100622 0.099202 0.985889
17.039062 0.100629 0.099175 0.985556
17.040625 0.100634 0.099147 0.985222
17.042188 0.100636 0.099116 0.98489
17.043750 0.100636 0.099082 0.984558
17.045313 0.100635 0.099047 0.984227
17.046875 0.100630 0.099010 0.983896
17.048438 0.100624 0.098970 0.983566
17.050000 0.100616 0.098929 0.983236
17.051562 0.100605 0.098885 0.982906
17.053125 0.100592 0.098840 0.982577
17.054688 0.100577 0.098792 0.982249
17.056250 0.100560 0.098742 0.981921
17.057813 0.100541 0.098690 0.981594
17.059375 0.100519 0.098636 0.981266
17.060938 0.100496 0.098580 0.98094
17.062500 0.100470 0.098522 0.980613
17.064063 0.100442 0.098462 0.980287
17.065625 0.100412 0.098400 0.979961
17.067187 0.100380 0.098336 0.979636
17.068750 0.100346 0.098270 0.979311
17.070312 0.100309 0.098201 0.978986
17.071875 0.100271 0.098131 0.978661
17.073438 0.100230 0.098059 0.978337
17.075000 0.100187 0.097984 0.978013
17.076563 0.100142 0.097908 0.977689
17.078125 0.100095 0.097830 0.977366
17.079688 0.100046 0.097749 0.977042
17.081250 0.099995 0.097667 0.976719
17.082812 0.099942 0.097583 0.976396
17.084375 0.099887 0.097497 0.976073
17.085938 0.099829 0.097408 0.97575
17.087500 0.099770 0.097318 0.975428
17.089063 0.099708 0.097226 0.975105
17.090625 0.099645 0.097132 0.974782
17.092188 0.099579 0.097036 0.97446
17.093750 0.099511 0.096938 0.974138
17.095313 0.099441 0.096838 0.973815
17.096875 0.099370 0.096736 0.973493
17.098437 0.099296 0.096632 0.973171
17.100000 0.099220 0.096526 0.972848
17.101562 0.099142 0.096418 0.972526
17.103125 0.099062 0.096308 0.972204
17.104688 0.098980 0.096197 0.971881
17.106250 0.098896 0.096083 0.971559
17.107813 0.098810 0.095968 0.971236
17.109375 0.098722 0.095851 0.970913
17.110938 0.098632 0.095731 0.97059
17.112500 0.098540 0.095610 0.970267
17.114062 0.098446 0.095487 0.969944
17.115625 0.098350 0.095362 0.969621
17.117188 0.098252 0.095236 0.969298
17.118750 0.098152 0.095107 0.968974
17.120313 0.098051 0.094977 0.96865
17.121875 0.097947 0.094844 0.968326
17.123438 0.097841 0.094710 0.968001
17.125000 0.097733 0.094574 0.967677
17.126563 0.097624 0.094436 0.967352
17.128125 0.097512 0.094297 0.967027
17.129687 0.097398 0.094155 0.966701
17.131250 0.097283 0.094012 0.966375
17.132812 0.097166 0.093867 0.966049
17.134375 0.097046 0.093720 0.965723
17.135938 0.096925 0.093571 0.965396
17.137500 0.096802 0.093421 0.965068
17.139063 0.096677 0.093268 0.96474
17.140625 0.096550 0.093114 0.964412
17.142188 0.096421 0.092958 0.964084
17.143750 0.096291 0.092801 0.963755
17.145312 0.096158 0.092641 0.963425
17.146875 0.096024 0.092480 0.963095
17.148438 0.095887 0.092317 0.962764
17.150000 0.095749 0.092152 0.962433
17.151563 0.095609 0.091986 0.962101
17.153125 0.095467 0.091817 0.961769
17.154688 0.095324 0.091648 0.961436
17.156250 0.095178 0.091476 0.961103
17.157813 0.095031 0.091302 0.960769
17.159375 0.094881 0.091127 0.960434
17.160937 0.094730 0.090951 0.960098
17.162500 0.094578 0.090772 0.959762
17.164062 0.094423 0.090592 0.959426
17.165625 0.094266 0.090410 0.959088
17.167188 0.094108 0.090226 0.95875
17.168750 0.093948 0.090041 0.958411
17.170313 0.093786 0.089854 0.958071
17.171875 0.093623 0.089665 0.95773
17.173438 0.093457 0.089475 0.957389
17.175000 0.093290 0.089283 0.957047
17.176562 0.093121 0.089089 0.956704
17.178125 0.092951 0.088894 0.95636
17.179688 0.092778 0.088697 0.956015
17.181250 0.092604 0.088499 0.955669
17.182813 0.092428 0.088299 0.955322
17.184375 0.092250 0.088097 0.954975
17.185938 0.092071 0.087894 0.954626
17.187500 0.091890 0.087689 0.954276
17.189063 0.091707 0.087482 0.953926
17.190625 0.091523 0.087274 0.953574
17.192187 0.091337 0.087064 0.953221
17.193750 0.091149 0.086853 0.952867
17.195312 0.090959 0.086640 0.952512
17.196875 0.090768 0.086425 0.952156
17.198438 0.090575 0.086209 0.951799
17.200000 0.090380 0.085991 0.951441
17.201563 0.090184 0.085772 0.951081
17.203125 0.089986 0.085551 0.95072
17.204688 0.089786 0.085329 0.950358
17.206250 0.089585 0.085105 0.949995
17.207812 0.089382 0.084880 0.94963
17.209375 0.089178 0.084653 0.949264
17.210938 0.088972 0.084425 0.948897
17.212500 0.088764 0.084195 0.948528
17.214063 0.088554 0.083964 0.948158
17.215625 0.088343 0.083731 0.947786
17.217188 0.088131 0.083496 0.947413
17.218750 0.087917 0.083260 0.947039
17.220313 0.087701 0.083023 0.946663
17.221875 0.087483 0.082784 0.946286
17.223437 0.087264 0.082544 0.945907
17.225000 0.087044 0.082302 0.945526
17.226562 0.086822 0.082059 0.945144
17.228125 0.086598 0.081814 0.94476
17.229688 0.086373 0.081568 0.944374
17.231250 0.086146 0.081321 0.943987
17.232813 0.085918 0.081072 0.943598
17.234375 0.085688 0.080822 0.943207
17.235938 0.085457 0.080570 0.942814
17.237500 0.085224 0.080317 0.94242
17.239062 0.084989 0.080062 0.942024
17.240625 0.084753 0.079806 0.941626
17.242188 0.084516 0.079549 0.941226
17.243750 0.084277 0.079290 0.940824
17.245313 0.084037 0.079030 0.940419
17.246875 0.083795 0.078768 0.940013
17.248438 0.083551 0.078505 0.939605
17.250000 0.083307 0.078241 0.939195
17.251563 0.083060 0.077975 0.938783
17.253125 0.082812 0.077709 0.938368
17.254687 0.082563 0.077440 0.937952
17.256250 0.082313 0.077171 0.937533
17.257812 0.082060 0.076900 0.937111
17.259375 0.081807 0.076627 0.936688
17.260938 0.081552 0.076354 0.936262
17.262500 0.081295 0.076079 0.935833
17.264063 0.081038 0.075803 0.935403
17.265625 0.080778 0.075525 0.934969
17.267188 0.080518 0.075247 0.934534
17.268750 0.080256 0.074967 0.934095
17.270312 0.079992 0.074685 0.933654
17.271875 0.079728 0.074403 0.933211
17.273438 0.079461 0.074119 0.932764
17.275000 0.079194 0.073834 0.932315
17.276563 0.078925 0.073547 0.931863
17.278125 0.078655 0.073260 0.931409
17.279688 0.078383 0.072971 0.930951
17.281250 0.078110 0.072681 0.93049
17.282813 0.077836 0.072389 0.930027
17.284375 0.077560 0.072097 0.92956
17.285937 0.077283 0.071803 0.929091
17.287500 0.077005 0.071508 0.928618
17.289062 0.076725 0.071212 0.928142
17.290625 0.076445 0.070915 0.927663
17.292188 0.076162 0.070616 0.92718
17.293750 0.075879 0.070317 0.926694
17.295313 0.075594 0.070016 0.926205
17.296875 0.075308 0.069714 0.925712
17.298438 0.075021 0.069410 0.925216
17.300000 0.074732 0.069106 0.924716
17.301562 0.074442 0.068801 0.924213
17.303125 0.074151 0.068494 0.923706
17.304688 0.073859 0.068186 0.923195
17.306250 0.073565 0.067877 0.92268
17.307813 0.073270 0.067567 0.922161
17.309375 0.072974 0.067256 0.921638
17.310938 0.072677 0.066944 0.921111
17.312500 0.072379 0.066630 0.92058
17.314063 0.072079 0.066316 0.920045
17.315625 0.071778 0.066000 0.919506
17.317187 0.071476 0.065684 0.918962
17.318750 0.071173 0.065366 0.918414
17.320312 0.070868 0.065047 0.917862
17.321875 0.070562 0.064727 0.917304
17.323438 0.070256 0.064406 0.916743
17.325000 0.069948 0.064084 0.916176
17.326563 0.069638 0.063761 0.915605
17.328125 0.069328 0.063437 0.915028
17.329688 0.069017 0.063112 0.914447
17.331250 0.068704 0.062786 0.91386
17.332812 0.068390 0.062459 0.913269
17.334375 0.068076 0.062131 0.912672
17.335938 0.067760 0.061801 0.91207
17.337500 0.067443 0.061471 0.911462
17.339063 0.067124 0.061140 0.910849
17.340625 0.066805 0.060808 0.91023
17.342188 0.066485 0.060475 0.909605
17.343750 0.066163 0.060141 0.908974
17.345313 0.065841 0.059805 0.908337
17.346875 0.065517 0.059469 0.907695
17.348437 0.065192 0.059132 0.907045
17.350000 0.064867 0.058794 0.90639
17.351562 0.064540 0.058455 0.905728
17.353125 0.064212 0.058116 0.90506
17.354688 0.063883 0.057775 0.904384
17.356250 0.063553 0.057433 0.903702
17.357813 0.063222 0.057090 0.903013
17.359375 0.062890 0.056747 0.902317
17.360938 0.062557 0.056402 0.901613
17.362500 0.062223 0.056057 0.900902
17.364062 0.061888 0.055710 0.900184
17.365625 0.061552 0.055363 0.899458
17.367188 0.061215 0.055015 0.898724
17.368750 0.060877 0.054666 0.897982
17.370313 0.060538 0.054316 0.897231
17.371875 0.060198 0.053966 0.896473
17.373438 0.059857 0.053614 0.895705
17.375000 0.059515 0.053262 0.89493
17.376563 0.059172 0.052908 0.894145
17.378125 0.058828 0.052554 0.893351
17.379687 0.058484 0.052199 0.892548
17.381250 0.058138 0.051844 0.891735
17.382812 0.057791 0.051487 0.890913
17.384375 0.057444 0.051130 0.890081
17.385938 0.057095 0.050771 0.889239
17.387500 0.056746 0.050412 0.888387
17.389063 0.056396 0.050052 0.887524
17.390625 0.056044 0.049692 0.88665
17.392188 0.055692 0.049330 0.885766
17.393750 0.055339 0.048968 0.88487
17.395312 0.054986 0.048605 0.883963
17.396875 0.054631 0.048242 0.883044
17.398438 0.054275 0.047877 0.882113
17.400000 0.053919 0.047512 0.88117
17.401563 0.053562 0.047146 0.880214
17.403125 0.053204 0.046779 0.879246
17.404688 0.052845 0.046412 0.878264
17.406250 0.052485 0.046043 0.877269
17.407813 0.052124 0.045674 0.87626
17.409375 0.051763 0.045305 0.875238
17.410937 0.051400 0.044934 0.8742
17.412500 0.051037 0.044563 0.873149
17.414062 0.050673 0.044191 0.872082
17.415625 0.050309 0.043819 0.870999
17.417188 0.049943 0.043446 0.869901
17.418750 0.049577 0.043072 0.868786
17.420313 0.049210 0.042697 0.867655
17.421875 0.048842 0.042322 0.866507
17.423438 0.048473 0.041946 0.865342
17.425000 0.048104 0.041570 0.864158
17.426562 0.047734 0.041192 0.862956
17.428125 0.047363 0.040814 0.861735
17.429688 0.046992 0.040436 0.860495
17.431250 0.046619 0.040057 0.859235
17.432813 0.046246 0.039677 0.857955
17.434375 0.045872 0.039297 0.856653
17.435938 0.045498 0.038916 0.85533
17.437500 0.045122 0.038534 0.853985
17.439063 0.044747 0.038152 0.852618
17.440625 0.044370 0.037769 0.851227
17.442187 0.043993 0.037385 0.849812
17.443750 0.043614 0.037001 0.848372
17.445312 0.043236 0.036617 0.846907
17.446875 0.042856 0.036231 0.845416
17.448438 0.042476 0.035846 0.843899
17.450000 0.042096 0.035459 0.842353
17.451563 0.041714 0.035072 0.84078
17.453125 0.041332 0.034685 0.839177
17.454688 0.040949 0.034297 0.837543
17.456250 0.040566 0.033908 0.835879
17.457812 0.040182 0.033519 0.834183
17.459375 0.039797 0.033129 0.832454
17.460938 0.039412 0.032739 0.830691
17.462500 0.039026 0.032349 0.828893
17.464063 0.038640 0.031957 0.827058
17.465625 0.038253 0.031566 0.825187
17.467188 0.037865 0.031173 0.823276
17.468750 0.037477 0.030781 0.821326
17.470313 0.037088 0.030387 0.819335
17.471875 0.036698 0.029994 0.817301
17.473437 0.036308 0.029599 0.815223
17.475000 0.035918 0.029205 0.8131
17.476562 0.035527 0.028810 0.81093
17.478125 0.035135 0.028414 0.808711
17.479688 0.034743 0.028018 0.806442
17.481250 0.034350 0.027621 0.80412
17.482813 0.033956 0.027224 0.801744
17.484375 0.033563 0.026827 0.799312
17.485938 0.033168 0.026429 0.796822
17.487500 0.032773 0.026031 0.794271
17.489062 0.032378 0.025632 0.791658
17.490625 0.031982 0.025233 0.78898
17.492188 0.031585 0.024833 0.786233
17.493750 0.031188 0.024433 0.783417
17.495313 0.030791 0.024033 0.780527
17.496875 0.030393 0.023632 0.777561
17.498438 0.029994 0.023231 0.774516
17.500000 0.029595 0.022829 0.771387
17.501563 0.029196 0.022427 0.768173
17.503125 0.028796 0.022025 0.764869
17.504687 0.028395 0.021622 0.761471
17.506250 0.027994 0.021219 0.757975
17.507812 0.027593 0.020816 0.754377
17.509375 0.027191 0.020412 0.750671
17.510938 0.026789 0.020008 0.746854
17.512500 0.026387 0.019603 0.742919
17.514063 0.025984 0.019198 0.738862
17.515625 0.025580 0.018793 0.734676
17.517188 0.025176 0.018388 0.730354
17.518750 0.024772 0.017982 0.725891
17.520312 0.024367 0.017576 0.721278
17.521875 0.023962 0.017169 0.716508
17.523438 0.023557 0.016762 0.711573
17.525000 0.023151 0.016355 0.706464
17.526563 0.022744 0.015948 0.701171
17.528125 0.022338 0.015540 0.695685
17.529688 0.021931 0.015132 0.689993
17.531250 0.021523 0.014724 0.684085
17.532813 0.021115 0.014315 0.677947
17.534375 0.020707 0.013906 0.671566
17.535937 0.020299 0.013497 0.664927
17.537500 0.019890 0.013088 0.658013
17.539062 0.019481 0.012678 0.650807
17.540625 0.019071 0.012268 0.64329
17.542188 0.018661 0.011858 0.635441
17.543750 0.018251 0.011448 0.627237
17.545313 0.017841 0.011037 0.618654
17.546875 0.017430 0.010626 0.609664
17.548438 0.017019 0.010215 0.600238
17.550000 0.016607 0.009804 0.590342
17.551562 0.016195 0.009392 0.579941
17.553125 0.015783 0.008981 0.568995
17.554688 0.015371 0.008569 0.557458
17.556250 0.014958 0.008157 0.545283
17.557813 0.014545 0.007744 0.532413
17.559375 0.014132 0.007332 0.518787
17.560938 0.013719 0.006919 0.504337
17.562500 0.013305 0.006506 0.488985
17.564063 0.012891 0.006093 0.472643
17.565625 0.012477 0.005680 0.455212
17.567187 0.012062 0.005266 0.436579
17.568750 0.011648 0.004853 0.416615
17.570312 0.011233 0.004439 0.39517
17.571875 0.010818 0.004025 0.372074
17.573438 0.010402 0.003611 0.347128
17.575000 0.009987 0.003197 0.320099
17.576563 0.009571 0.002782 0.290714
17.578125 0.009155 0.002368 0.258651
17.579688 0.008738 0.001953 0.223525
17.581250 0.008322 0.001538 0.184874
17.582812 0.007905 0.001124 0.142138
17.584375 0.007488 0.000709 0.094634
17.585938 0.007071 0.000294 0.0415138
17.587500 0.006654 -0.000122 -0.0182822
17.589063 0.006236 -0.000537 -0.0860982
17.590625 0.005819 -0.000952 -0.163666
17.592188 0.005401 -0.001368 -0.253253
17.593750 0.004983 -0.001783 -0.35789
17.595313 0.004565 -0.002199 -0.481722
17.596875 0.004147 -0.002615 -0.630567
17.598437 0.003728 -0.003031 -0.812857
17.600000 0.003310 -0.003447 -1.0413
17.601562 0.002891 -0.003862 -1.33597
17.603125 0.002472 -0.004279 -1.73056
17.604688 0.002053 -0.004695 -2.28627
17.606250 0.001634 -0.005111 -3.12716
17.607813 0.001215 -0.005527 -4.5485
17.609375 0.000796 -0.005943 -7.46822
17.610938 0.000376 -0.006359 -16.897
17.612500 -0.000043 -0.006776 156.94
17.614062 -0.000463 -0.007192 15.5398
17.615625 -0.000883 -0.007608 8.62092
17.617188 -0.001302 -0.008025 6.16162
17.618750 -0.001722 -0.008441 4.9011
17.620313 -0.002142 -0.008857 4.1346
17.621875 -0.002562 -0.009274 3.61928
17.623438 -0.002982 -0.009690 3.24904
17.625000 -0.003403 -0.010107 2.97018
17.626563 -0.003823 -0.010523 2.75257
17.628125 -0.004243 -0.010939 2.57803
17.629687 -0.004664 -0.011356 2.43492
17.631250 -0.005084 -0.011772 2.31545
17.632812 -0.005505 -0.012188 2.2142
17.634375 -0.005925 -0.012605 2.12731
17.635938 -0.006346 -0.013021 2.05192
17.637500 -0.006766 -0.013437 1.98589
17.639063 -0.007187 -0.013853 1.92757
17.640625 -0.007608 -0.014269 1.87569
17.642188 -0.008028 -0.014686 1.82923
17.643750 -0.008449 -0.015102 1.78739
17.645312 -0.008870 -0.015518 1.74951
17.646875 -0.009290 -0.015933 1.71506
17.648438 -0.009711 -0.016349 1.68358
17.650000 -0.010132 -0.016765 1.65471
17.651563 -0.010552 -0.017181 1.62814
17.653125 -0.010973 -0.017596 1.6036
17.654688 -0.011394 -0.018012 1.58086
17.656250 -0.011814 -0.018427 1.55974
17.657813 -0.012235 -0.018843 1.54007
17.659375 -0.012656 -0.019258 1.5217
17.660937 -0.013076 -0.019673 1.50451
17.662500 -0.013497 -0.020088 1.48839
17.664062 -0.013917 -0.020503 1.47324
17.665625 -0.014337 -0.020918 1.45897
17.667188 -0.014758 -0.021333 1.44552
17.668750 -0.015178 -0.021747 1.43281
17.670313 -0.015598 -0.022162 1.42078
17.671875 -0.016019 -0.022576 1.40938
17.673438 -0.016439 -0.022990 1.39855
17.675000 -0.016859 -0.023405 1.38827
17.676562 -0.017279 -0.023819 1.37849
17.678125 -0.017699 -0.024232 1.36916
17.679688 -0.018118 -0.024646 1.36027
17.681250 -0.018538 -0.025060 1.35178
17.682813 -0.018958 -0.025473 1.34366
17.684375 -0.019377 -0.025886 1.3359
17.685938 -0.019797 -0.026299 1.32846
17.687500 -0.020216 -0.026712 1.32133
17.689063 -0.020635 -0.027125 1.31448
17.690625 -0.021054 -0.027537 1.30791
17.692187 -0.021473 -0.027950 1.3016
17.693750 -0.021892 -0.028362 1.29552
17.695312 -0.022311 -0.028774 1.28967
17.696875 -0.022730 -0.029186 1.28404
17.698438 -0.023148 -0.029597 1.27861
17.700000 -0.023566 -0.030009 1.27337
17.701563 -0.023984 -0.030420 1.26831
17.703125 -0.024403 -0.030831 1.26343
17.704688 -0.024820 -0.031242 1.2587
17.706250 -0.025238 -0.031652 1.25414
17.707812 -0.025656 -0.032063 1.24972
17.709375 -0.026073 -0.032473 1.24544
17.710938 -0.026490 -0.032883 1.2413
17.712500 -0.026907 -0.033292 1.23729
17.714063 -0.027324 -0.033702 1.2334
17.715625 -0.027741 -0.034111 1.22962
17.717188 -0.028158 -0.034520 1.22595
17.718750 -0.028574 -0.034929 1.2224
17.720313 -0.028990 -0.035337 1.21894
17.721875 -0.029406 -0.035746 1.21558
17.723437 -0.029822 -0.036154 1.21231
17.725000 -0.030238 -0.036561 1.20914
17.726562 -0.030653 -0.036969 1.20605
17.728125 -0.031068 -0.037376 1.20304
17.729688 -0.031483 -0.037783 1.20011
17.731250 -0.031898 -0.038190 1.19725
17.732813 -0.032313 -0.038596 1.19447
17.734375 -0.032727 -0.039003 1.19176
17.735938 -0.033141 -0.039409 1.18912
17.737500 -0.033555 -0.039814 1.18654
17.739062 -0.033968 -0.040219 1.18403
17.740625 -0.034382 -0.040625 1.18157
17.742188 -0.034795 -0.041029 1.17917
17.743750 -0.035208 -0.041434 1.17683
17.745313 -0.035621 -0.041838 1.17454
17.746875 -0.036033 -0.042242 1.17231
17.748438 -0.036445 -0.042645 1.17013
17.750000 -0.036857 -0.043049 1.16799
17.751563 -0.037269 -0.043452 1.1659
17.753125 -0.037680 -0.043854 1.16386
17.754687 -0.038091 -0.044257 1.16186
17.756250 -0.038502 -0.044659 1.1599
17.757812 -0.038913 -0.045060 1.15799
17.759375 -0.039323 -0.045462 1.15611
17.760938 -0.039733 -0.045863 1.15427
17.762500 -0.040143 -0.046263 1.15247
17.764063 -0.040552 -0.046664 1.15071
17.765625 -0.040961 -0.047064 1.14898
17.767188 -0.041370 -0.047463 1.14729
17.768750 -0.041779 -0.047863 1.14563
17.770312 -0.042187 -0.048262 1.144
17.771875 -0.042595 -0.048660 1.1424
17.773438 -0.043003 -0.049059 1.14083
17.775000 -0.043410 -0.049457 1.1393
17.776563 -0.043817 -0.049854 1.13779
17.778125 -0.044224 -0.050251 1.1363
17.779688 -0.044630 -0.050648 1.13485
17.781250 -0.045036 -0.051045 1.13342
17.782813 -0.045442 -0.051441 1.13202
17.784375 -0.045847 -0.051837 1.13064
17.785937 -0.046252 -0.052232 1.12929
17.787500 -0.046657 -0.052627 1.12796
17.789062 -0.047061 -0.053021 1.12665
17.790625 -0.047465 -0.053416 1.12536
17.792188 -0.047869 -0.053809 1.1241
17.793750 -0.048272 -0.054203 1.12286
17.795313 -0.048675 -0.054596 1.12163
17.796875 -0.049078 -0.054988 1.12043
17.798438 -0.049480 -0.055381 1.11925
17.800000 -0.049882 -0.055773 1.11809
17.801562 -0.050284 -0.056164 1.11694
17.803125 -0.050685 -0.056555 1.11582
17.804688 -0.051086 -0.056946 1.11471
17.806250 -0.051486 -0.057336 1.11362
17.807813 -0.051886 -0.057725 1.11254
17.809375 -0.052286 -0.058115 1.11149
17.810938 -0.052685 -0.058504 1.11044
17.812500 -0.053084 -0.058892 1.10942
17.814063 -0.053482 -0.059280 1.10841
17.815625 -0.053880 -0.059668 1.10741
17.817187 -0.054278 -0.060055 1.10643
17.818750 -0.054675 -0.060442 1.10546
17.820312 -0.055072 -0.060828 1.10451
17.821875 -0.055469 -0.061214 1.10357
17.823438 -0.055865 -0.061599 1.10265
17.825000 -0.056261 -0.061984 1.10173
17.826563 -0.056656 -0.062369 1.10084
17.828125 -0.057051 -0.062753 1.09995
17.829688 -0.057445 -0.063137 1.09907
17.831250 -0.057839 -0.063520 1.09821
17.832812 -0.058233 -0.063902 1.09736
17.834375 -0.058626 -0.064285 1.09652
17.835938 -0.059019 -0.064666 1.09569
17.837500 -0.059411 -0.065048 1.09487
17.839063 -0.059803 -0.065429 1.09407
17.840625 -0.060194 -0.065809 1.09327
17.842188 -0.060585 -0.066189 1.09249
17.843750 -0.060976 -0.066568 1.09171
17.845313 -0.061366 -0.066947 1.09095
17.846875 -0.061756 -0.067326 1.09019
17.848437 -0.062145 -0.067703 1.08944
17.850000 -0.062534 -0.068081 1.08871
17.851562 -0.062922 -0.068458 1.08798
17.853125 -0.063310 -0.068834 1.08726
17.854688 -0.063697 -0.069210 1.08655
17.856250 -0.064084 -0.069586 1.08585
17.857813 -0.064471 -0.069961 1.08516
17.859375 -0.064857 -0.070335 1.08447
17.860938 -0.065242 -0.070709 1.0838
17.862500 -0.065627 -0.071083 1.08313
17.864062 -0.066012 -0.071456 1.08247
17.865625 -0.066396 -0.071828 1.08182
17.867188 -0.066779 -0.072200 1.08117
17.868750 -0.067162 -0.072571 1.08053
17.870313 -0.067545 -0.072942 1.0799
17.871875 -0.067927 -0.073312 1.07928
17.873438 -0.068309 -0.073682 1.07866
17.875000 -0.068690 -0.074052 1.07805
17.876563 -0.069071 -0.074420 1.07745
17.878125 -0.069451 -0.074789 1.07686
17.879687 -0.069831 -0.075156 1.07627
17.881250 -0.070210 -0.075523 1.07568
17.882812 -0.070588 -0.075890 1.07511
17.884375 -0.070966 -0.076256 1.07454
17.885938 -0.071344 -0.076622 1.07397
17.887500 -0.071721 -0.076986 1.07341
17.889063 -0.072098 -0.077351 1.07286
17.890625 -0.072474 -0.077715 1.07232
17.892188 -0.072849 -0.078078 1.07177
17.893750 -0.073224 -0.078441 1.07124
17.895312 -0.073599 -0.078803 1.07071
17.896875 -0.073973 -0.079165 1.07019
17.898438 -0.074346 -0.079526 1.06967
17.900000 -0.074719 -0.079886 1.06915
17.901563 -0.075092 -0.080246 1.06864
17.903125 -0.075464 -0.080606 1.06814
17.904688 -0.075835 -0.080964 1.06764
17.906250 -0.076206 -0.081323 1.06715
17.907813 -0.076576 -0.081680 1.06666
17.909375 -0.076946 -0.082038 1.06618
17.910937 -0.077315 -0.082394 1.0657
17.912500 -0.077683 -0.082750 1.06522
17.914062 -0.078051 -0.083105 1.06475
17.915625 -0.078419 -0.083460 1.06429
17.917188 -0.078786 -0.083815 1.06383
17.918750 -0.079152 -0.084168 1.06337
17.920313 -0.079518 -0.084521 1.06292
17.921875 -0.079883 -0.084874 1.06247
17.923438 -0.080248 -0.085226 1.06203
17.925000 -0.080612 -0.085577 1.06159
17.926562 -0.080976 -0.085928 1.06116
17.928125 -0.081339 -0.086278 1.06073
17.929688 -0.081701 -0.086628 1.0603
17.931250 -0.082063 -0.086977 1.05988
17.932813 -0.082424 -0.087325 1.05946
17.934375 -0.082785 -0.087673 1.05905
17.935938 -0.083145 -0.088020 1.05864
17.937500 -0.083504 -0.088367 1.05823
17.939063 -0.083863 -0.088713 1.05783
17.940625 -0.084222 -0.089059 1.05743
17.942187 -0.084579 -0.089404 1.05704
17.943750 -0.084937 -0.089748 1.05665
17.945312 -0.085293 -0.090092 1.05626
17.946875 -0.085649 -0.090435 1.05588
17.948438 -0.086005 -0.090778 1.0555
17.950000 -0.086360 -0.091120 1.05512
17.951563 -0.086714 -0.091462 1.05475
17.953125 -0.087067 -0.091803 1.05439
17.954688 -0.087420 -0.092143 1.05402
17.956250 -0.087773 -0.092483 1.05366
17.957812 -0.088125 -0.092822 1.05331
17.959375 -0.088476 -0.093161 1.05295
17.960938 -0.088826 -0.093499 1.05261
17.962500 -0.089176 -0.093837 1.05226
17.964063 -0.089526 -0.094174 1.05192
17.965625 -0.089875 -0.094510 1.05158
17.967188 -0.090223 -0.094845 1.05124
17.968750 -0.090570 -0.095180 1.0509
17.970313 -0.090917 -0.095515 1.05057
17.971875 -0.091263 -0.095848 1.05023
17.973437 -0.091609 -0.096180 1.0499
17.975000 -0.091954 -0.096512 1.04957
17.976562 -0.092299 -0.096843 1.04924
17.978125 -0.092642 -0.097173 1.0489
17.979688 -0.092985 -0.097501 1.04857
17.981250 -0.093328 -0.097829 1.04823
17.982813 -0.093670 -0.098155 1.04789
17.984375 -0.094011 -0.098481 1.04754
17.985938 -0.094352 -0.098804 1.04719
17.987500 -0.094692 -0.099127 1.04684
17.989062 -0.095031 -0.099448 1.04648
17.990625 -0.095370 -0.099767 1.04611
17.992188 -0.095708 -0.100085 1.04574
17.993750 -0.096045 -0.100401 1.04535
17.995313 -0.096382 -0.100716 1.04496
17.996875 -0.096718 -0.101028 1.04456
17.998438 -0.097054 -0.101339 1.04415
18.000000 -0.097389 -0.101648 1.04373
18.001563 -0.097723 -0.101954 1.0433
18.003125 -0.098056 -0.102259 1.04286
18.004687 -0.098389 -0.102561 1.04241
18.006250 -0.098720 -0.102861 1.04194
18.007812 -0.099051 -0.103159 1.04147
18.009375 -0.099380 -0.103454 1.04099
18.010938 -0.099708 -0.103747 1.0405
18.012500 -0.100035 -0.104037 1.04001
18.014063 -0.100360 -0.104325 1.0395
18.015625 -0.100684 -0.104610 1.03899
18.017188 -0.101007 -0.104893 1.03847
18.018750 -0.101328 -0.105172 1.03794
18.020312 -0.101647 -0.105449 1.03741
18.021875 -0.101964 -0.105723 1.03687
18.023438 -0.102279 -0.105994 1.03632
18.025000 -0.102593 -0.106263 1.03577
18.026563 -0.102904 -0.106528 1.03521
18.028125 -0.103214 -0.106790 1.03465
18.029688 -0.103521 -0.107049 1.03408
18.031250 -0.103826 -0.107305 1.0335
18.032813 -0.104129 -0.107557 1.03292
18.034375 -0.104430 -0.107807 1.03234
18.035937 -0.104728 -0.108053 1.03175
18.037500 -0.105023 -0.108295 1.03115
18.039062 -0.105316 -0.108535 1.03056
18.040625 -0.105607 -0.108770 1.02995
18.042188 -0.105895 -0.109003 1.02935
18.043750 -0.106180 -0.109232 1.02874
18.045313 -0.106462 -0.109457 1.02813
18.046875 -0.106742 -0.109679 1.02751
18.048438 -0.107019 -0.109897 1.02689
18.050000 -0.107293 -0.110111 1.02627
18.051562 -0.107563 -0.110321 1.02564
18.053125 -0.107831 -0.110528 1.02501
18.054688 -0.108096 -0.110731 1.02438
18.056250 -0.108357 -0.110931 1.02375
18.057813 -0.108616 -0.111126 1.02311
18.059375 -0.108871 -0.111317 1.02247
18.060938 -0.109123 -0.111505 1.02183
18.062500 -0.109371 -0.111689 1.02119
18.064063 -0.109616 -0.111868 1.02054
18.065625 -0.109858 -0.112044 1.0199
18.067187 -0.110096 -0.112216 1.01925
18.068750 -0.110331 -0.112383 1.0186
18.070312 -0.110562 -0.112547 1.01795
18.071875 -0.110790 -0.112706 1.01729
18.073438 -0.111014 -0.112861 1.01664
18.075000 -0.111235 -0.113012 1.01598
18.076563 -0.111451 -0.113159 1.01532
18.078125 -0.111664 -0.113302 1.01467
18.079688 -0.111873 -0.113440 1.01401
18.081250 -0.112079 -0.113575 1.01335
18.082812 -0.112280 -0.113704 1.01268
18.084375 -0.112478 -0.113830 1.01202
18.085938 -0.112672 -0.113952 1.01136
18.087500 -0.112861 -0.114069 1.0107
18.089063 -0.113047 -0.114182 1.01003
18.090625 -0.113229 -0.114290 1.00937
18.092188 -0.113407 -0.114394 1.0087
18.093750 -0.113581 -0.114494 1.00804
18.095313 -0.113750 -0.114589 1.00737
18.096875 -0.113916 -0.114680 1.00671
18.098437 -0.114078 -0.114766 1.00604
18.100000 -0.114235 -0.114849 1.00537
18.101562 -0.114388 -0.114926 1.00471
18.103125 -0.114537 -0.114999 1.00404
18.104688 -0.114681 -0.115068 1.00337
18.106250 -0.114822 -0.115132 1.0027
18.107813 -0.114958 -0.115192 1.00204
18.109375 -0.115090 -0.115247 1.00137
18.110938 -0.115217 -0.115298 1.0007
18.112500 -0.115341 -0.115344 1.00003
18.114062 -0.115459 -0.115386 0.999363
18.115625 -0.115574 -0.115423 0.998695
18.117188 -0.115684 -0.115456 0.998027
18.118750 -0.115790 -0.115484 0.997358
18.120313 -0.115891 -0.115507 0.99669
18.121875 -0.115988 -0.115526 0.996022
18.123438 -0.116080 -0.115541 0.995354
18.125000 -0.116168 -0.115551 0.994686
18.126563 -0.116252 -0.115556 0.994017
18.128125 -0.116331 -0.115557 0.993349
18.129687 -0.116405 -0.115553 0.992681
18.131250 -0.116475 -0.115545 0.992013
18.132812 -0.116540 -0.115532 0.991345
18.134375 -0.116601 -0.115514 0.990677
18.135938 -0.116658 -0.115492 0.990009
18.137500 -0.116709 -0.115465 0.989342
18.139063 -0.116757 -0.115434 0.988674
18.140625 -0.116799 -0.115398 0.988006
18.142188 -0.116837 -0.115358 0.987338
18.143750 -0.116871 -0.115313 0.986671
18.145312 -0.116900 -0.115263 0.986003
18.146875 -0.116924 -0.115209 0.985335
18.148438 -0.116944 -0.115151 0.984668
18.150000 -0.116959 -0.115088 0.984
18.151563 -0.116969 -0.115020 0.983332
18.153125 -0.116975 -0.114947 0.982665
18.154688 -0.116977 -0.114871 0.981997
18.156250 -0.116973 -0.114789 0.981329
18.157813 -0.116965 -0.114703 0.980661
18.159375 -0.116953 -0.114613 0.979993
18.160937 -0.116936 -0.114518 0.979325
18.162500 -0.116914 -0.114418 0.978657
18.164062 -0.116887 -0.114314 0.977989
18.165625 -0.116856 -0.114206 0.977321
18.167188 -0.116820 -0.114093 0.976652
18.168750 -0.116780 -0.113976 0.975983
18.170313 -0.116735 -0.113854 0.975314
18.171875 -0.116686 -0.113727 0.974645
18.173438 -0.116632 -0.113596 0.973976
18.175000 -0.116573 -0.113461 0.973306
18.176562 -0.116509 -0.113321 0.972636
18.178125 -0.116441 -0.113177 0.971966
18.179688 -0.116369 -0.113029 0.971295
18.181250 -0.116292 -0.112876 0.970624
18.182813 -0.116210 -0.112718 0.969952
18.184375 -0.116124 -0.112556 0.969281
18.185938 -0.116033 -0.112390 0.968608
18.187500 -0.115937 -0.112220 0.967935
18.189063 -0.115837 -0.112045 0.967262
18.190625 -0.115733 -0.111866 0.966588
18.192187 -0.115623 -0.111682 0.965914
18.193750 -0.115510 -0.111495 0.965239
18.195312 -0.115392 -0.111302 0.964563
18.196875 -0.115269 -0.111106 0.963887
18.198438 -0.115142 -0.110905 0.963209
18.200000 -0.115010 -0.110701 0.962532
18.201563 -0.114874 -0.110492 0.961853
18.203125 -0.114733 -0.110278 0.961174
18.204688 -0.114588 -0.110061 0.960493
18.206250 -0.114438 -0.109839 0.959812
18.207812 -0.114284 -0.109613 0.95913
18.209375 -0.114125 -0.109383 0.958447
18.210938 -0.113962 -0.109149 0.957763
18.212500 -0.113795 -0.108911 0.957078
18.214063 -0.113623 -0.108668 0.956392
18.215625 -0.113447 -0.108422 0.955704
18.217188 -0.113266 -0.108171 0.955016
18.218750 -0.113081 -0.107916 0.954326
18.220313 -0.112892 -0.107658 0.953635
18.221875 -0.112698 -0.107395 0.952943
18.223437 -0.112500 -0.107128 0.95225
18.225000 -0.112298 -0.106858 0.951555
18.226562 -0.112091 -0.106583 0.950858
18.228125 -0.111880 -0.106304 0.950161
18.229688 -0.111665 -0.106022 0.949461
18.231250 -0.111446 -0.105735 0.94876
18.232813 -0.111222 -0.105445 0.948058
18.234375 -0.110994 -0.105151 0.947353
18.235938 -0.110762 -0.104853 0.946647
18.237500 -0.110526 -0.104551 0.94594
18.239062 -0.110286 -0.104245 0.94523
18.240625 -0.110041 -0.103936 0.944519
18.242188 -0.109792 -0.103623 0.943805
18.243750 -0.109540 -0.103306 0.94309
18.245313 -0.109283 -0.102985 0.942372
18.246875 -0.109022 -0.102661 0.941653
18.248438 -0.108757 -0.102332 0.940931
18.250000 -0.108487 -0.102001 0.940207
18.251563 -0.108214 -0.101665 0.939481
18.253125 -0.107937 -0.101326 0.938752
18.254687 -0.107656 -0.100983 0.938021
18.256250 -0.107371 -0.100637 0.937287
18.257812 -0.107082 -0.100287 0.936551
18.259375 -0.106789 -0.099934 0.935812
18.260938 -0.106492 -0.099577 0.935071
18.262500 -0.106191 -0.099217 0.934327
18.264063 -0.105886 -0.098853 0.93358
18.265625 -0.105578 -0.098486 0.93283
18.267188 -0.105265 -0.098115 0.932077
18.268750 -0.104949 -0.097741 0.931321
18.270312 -0.104629 -0.097364 0.930561
18.271875 -0.104305 -0.096983 0.929799
18.273438 -0.103978 -0.096599 0.929033
18.275000 -0.103646 -0.096211 0.928264
18.276563 -0.103311 -0.095820 0.927492
18.278125 -0.102973 -0.095426 0.926716
18.279688 -0.102630 -0.095029 0.925936
18.281250 -0.102284 -0.094629 0.925152
18.282813 -0.101935 -0.094225 0.924365
18.284375 -0.101581 -0.093818 0.923574
18.285937 -0.101225 -0.093408 0.922779
18.287500 -0.100864 -0.092995 0.92198
18.289062 -0.100500 -0.092579 0.921176
18.290625 -0.100133 -0.092159 0.920369
18.292188 -0.099762 -0.091737 0.919557
18.293750 -0.099388 -0.091311 0.91874
18.295313 -0.099010 -0.090883 0.917919
18.296875 -0.098629 -0.090452 0.917093
18.298438 -0.098244 -0.090017 0.916262
18.300000 -0.097856 -0.089580 0.915427
18.301562 -0.097465 -0.089140 0.914586
18.303125 -0.097070 -0.088697 0.913741
18.304688 -0.096672 -0.088251 0.91289
18.306250 -0.096271 -0.087802 0.912033
18.307813 -0.095866 -0.087350 0.911171
18.309375 -0.095458 -0.086896 0.910304
18.310938 -0.095047 -0.086439 0.909431
18.312500 -0.094633 -0.085979 0.908552
18.314063 -0.094216 -0.085517 0.907667
18.315625 -0.093795 -0.085051 0.906775
18.317187 -0.093372 -0.084583 0.905878
18.318750 -0.092945 -0.084113 0.904974
18.320312 -0.092515 -0.083640 0.904063
18.321875 -0.092083 -0.083164 0.903146
18.323438 -0.091647 -0.082686 0.902222
18.325000 -0.091208 -0.082205 0.901291
18.326563 -0.090766 -0.081722 0.900352
18.328125 -0.090321 -0.081236 0.899406
18.329688 -0.089874 -0.080747 0.898453
18.331250 -0.089423 -0.080257 0.897492
18.332812 -0.088970 -0.079764 0.896523
18.334375 -0.088514 -0.079268 0.895546
18.335938 -0.088055 -0.078770 0.894561
18.337500 -0.087593 -0.078270 0.893567
18.339063 -0.087128 -0.077768 0.892565
18.340625 -0.086661 -0.077263 0.891554
18.342188 -0.086191 -0.076756 0.890534
18.343750 -0.085718 -0.076246 0.889504
18.345313 -0.085242 -0.075735 0.888465
18.346875 -0.084764 -0.075221 0.887417
18.348437 -0.084284 -0.074706 0.886358
18.350000 -0.083800 -0.074188 0.88529
18.351562 -0.083314 -0.073668 0.884211
18.353125 -0.082826 -0.073145 0.883121
18.354688 -0.082335 -0.072621 0.882021
18.356250 -0.081842 -0.072095 0.880909
18.357813 -0.081346 -0.071567 0.879786
18.359375 -0.080847 -0.071037 0.878651
18.360938 -0.080347 -0.070505 0.877505
18.362500 -0.079844 -0.069971 0.876346
18.364062 -0.079338 -0.069435 0.875174
18.365625 -0.078830 -0.068897 0.87399
18.367188 -0.078320 -0.068357 0.872792
18.368750 -0.077808 -0.067816 0.871581
18.370313 -0.077293 -0.067272 0.870356
18.371875 -0.076776 -0.066727 0.869116
18.373438 -0.076257 -0.066180 0.867862
18.375000 -0.075736 -0.065632 0.866594
18.376563 -0.075212 -0.065082 0.865309
18.378125 -0.074686 -0.064530 0.86401
18.379687 -0.074159 -0.063976 0.862693
18.381250 -0.073629 -0.063421 0.861361
18.382812 -0.073097 -0.062864 0.860011
18.384375 -0.072563 -0.062306 0.858644
18.385938 -0.072027 -0.061746 0.85726
18.387500 -0.071489 -0.061185 0.855856
18.389063 -0.070949 -0.060622 0.854434
18.390625 -0.070408 -0.060057 0.852993
18.392188 -0.069864 -0.059491 0.851531
18.393750 -0.069318 -0.058924 0.85005
18.395312 -0.068771 -0.058355 0.848547
18.396875 -0.068222 -0.057785 0.847023
18.398438 -0.067671 -0.057214 0.845476
18.400000 -0.067118 -0.056641 0.843907
18.401563 -0.066563 -0.056067 0.842314
18.403125 -0.066007 -0.055492 0.840697
18.404688 -0.065449 -0.054915 0.839055
18.406250 -0.064889 -0.054338 0.837388
18.407813 -0.064328 -0.053759 0.835695
18.409375 -0.063765 -0.053179 0.833974
18.410937 -0.063201 -0.052597 0.832226
18.412500 -0.062635 -0.052015 0.830449
18.414062 -0.062067 -0.051431 0.828642
18.415625 -0.061498 -0.050847 0.826805
18.417188 -0.060927 -0.050261 0.824937
18.418750 -0.060355 -0.049674 0.823036
18.420313 -0.059781 -0.049087 0.821102
18.421875 -0.059206 -0.048498 0.819133
18.423438 -0.058630 -0.047908 0.817129
18.425000 -0.058052 -0.047318 0.815088
18.426562 -0.057473 -0.046726 0.813009
18.428125 -0.056892 -0.046134 0.810891
18.429688 -0.056311 -0.045540 0.808733
18.431250 -0.055728 -0.044946 0.806533
18.432813 -0.055143 -0.044351 0.80429
18.434375 -0.054558 -0.043755 0.802002
18.435938 -0.053971 -0.043159 0.799668
18.437500 -0.053383 -0.042562 0.797286
18.439063 -0.052794 -0.041964 0.794855
18.440625 -0.052204 -0.041365 0.792372
18.442187 -0.051613 -0.040766 0.789837
18.443750 -0.051020 -0.040166 0.787246
18.445312 -0.050427 -0.039565 0.784598
18.446875 -0.049833 -0.038964 0.781891
18.448438 -0.049237 -0.038362 0.779123
18.450000 -0.048641 -0.037759 0.776291
18.451563 -0.048043 -0.037156 0.773393
18.453125 -0.047445 -0.036553 0.770425
18.454688 -0.046846 -0.035949 0.767387
18.456250 -0.046246 -0.035344 0.764274
18.457812 -0.045645 -0.034740 0.761083
18.459375 -0.045043 -0.034134 0.757812
18.460938 -0.044440 -0.033528 0.754457
18.462500 -0.043837 -0.032922 0.751015
18.464063 -0.043233 -0.032316 0.747481
18.465625 -0.042628 -0.031709 0.743852
18.467188 -0.042022 -0.031102 0.740124
18.468750 -0.041416 -0.030494 0.736292
18.470313 -0.040809 -0.029887 0.732351
18.471875 -0.040201 -0.029279 0.728297
18.473437 -0.039593 -0.028670 0.724123
18.475000 -0.038984 -0.028062 0.719826
18.476562 -0.038375 -0.027453 0.715397
18.478125 -0.037765 -0.026844 0.710832
18.479688 -0.037154 -0.026236 0.706124
18.481250 -0.036543 -0.025626 0.701264
18.482813 -0.035932 -0.025017 0.696245
18.484375 -0.035320 -0.024408 0.69106
18.485938 -0.034707 -0.023799 0.685698
18.487500 -0.034094 -0.023189 0.680152
18.489062 -0.033481 -0.022580 0.674409
18.490625 -0.032868 -0.021971 0.66846
18.492188 -0.032254 -0.021361 0.662293
18.493750 -0.031639 -0.020752 0.655894
18.495313 -0.031025 -0.020143 0.64925
18.496875 -0.030410 -0.019534 0.642347
18.498438 -0.029795 -0.018925 0.635167
18.500000 -0.029179 -0.018316 0.627695
18.501563 -0.028564 -0.017707 0.61991
18.503125 -0.027948 -0.017098 0.611793
18.504687 -0.027332 -0.016490 0.60332
18.506250 -0.026716 -0.015882 0.594468
18.507812 -0.026099 -0.015274 0.585209
18.509375 -0.025483 -0.014666 0.575514
18.510938 -0.024866 -0.014058 0.565352
18.512500 -0.024250 -0.013451 0.554686
18.514063 -0.023633 -0.012844 0.543477
18.515625 -0.023017 -0.012237 0.531683
18.517188 -0.022400 -0.011631 0.519254
18.518750 -0.021783 -0.011025 0.506138
18.520312 -0.021167 -0.010420 0.492275
18.521875 -0.020550 -0.009815 0.477598
18.523438 -0.019934 -0.009210 0.462032
18.525000 -0.019317 -0.008606 0.445493
18.526563 -0.018701 -0.008002 0.427885
18.528125 -0.018085 -0.007399 0.4091
18.529688 -0.017469 -0.006796 0.389015
18.531250 -0.016853 -0.006193 0.367487
18.532813 -0.016238 -0.005592 0.344356
18.534375 -0.015622 -0.004990 0.319432
18.535937 -0.015007 -0.004390 0.292497
18.537500 -0.014392 -0.003789 0.263295
18.539062 -0.013778 -0.003190 0.231525
18.540625 -0.013163 -0.002591 0.196832
18.542188 -0.012549 -0.001993 0.158789
18.543750 -0.011936 -0.001395 0.116883
18.545313 -0.011323 -0.000798 0.0704921
18.546875 -0.010710 -0.000202 0.0188519
18.548438 -0.010097 0.000394 -0.0389861
18.550000 -0.009485 0.000988 -0.104213
18.551562 -0.008873 0.001583 -0.178347
18.553125 -0.008262 0.002176 -0.263351
18.554688 -0.007652 0.002768 -0.361812
18.556250 -0.007041 0.003360 -0.477209
18.557813 -0.006432 0.003951 -0.61433
18.559375 -0.005822 0.004541 -0.779959
18.560938 -0.005214 0.005131 -0.984033
18.562500 -0.004606 0.005719 -1.24171
18.564063 -0.003998 0.006306 -1.57733
18.565625 -0.003391 0.006893 -2.03259
18.567187 -0.002785 0.007479 -2.68538
18.568750 -0.002179 0.008064 -3.69996
18.570312 -0.001574 0.008648 -5.49255
18.571875 -0.000970 0.009230 -9.51489
18.573438 -0.000366 0.009812 -26.7738
18.575000 0.000236 0.010393 43.9626
18.576563 0.000839 0.010973 13.0854
18.578125 0.001440 0.011552 8.02223
18.579688 0.002041 0.012130 5.94409
18.581250 0.002641 0.012707 4.81216
18.582812 0.003240 0.013283 4.1
18.584375 0.003838 0.013857 3.6106
18.585938 0.004435 0.014431 3.25357
18.587500 0.005032 0.015003 2.98159
18.589063 0.005628 0.015575 2.76749
18.590625 0.006223 0.016145 2.59457
18.592188 0.006817 0.016714 2.45197
18.593750 0.007410 0.017282 2.33236
18.595313 0.008002 0.017849 2.23059
18.596875 0.008593 0.018414 2.14294
18.598437 0.009183 0.018978 2.06666
18.600000 0.009772 0.019542 1.99967
18.601562 0.010361 0.020103 1.94036
18.603125 0.010948 0.020664 1.88748
18.604688 0.011534 0.021223 1.84004
18.606250 0.012119 0.021781 1.79724
18.607813 0.012703 0.022338 1.75843
18.609375 0.013286 0.022893 1.72307
18.610938 0.013868 0.023447 1.69072
18.612500 0.014449 0.024000 1.66101
18.614062 0.015029 0.024552 1.63362
18.615625 0.015607 0.025102 1.6083
18.617188 0.016185 0.025650 1.58482
18.618750 0.016761 0.026197 1.56298
18.620313 0.017336 0.026743 1.54262
18.621875 0.017910 0.027288 1.52359
18.623438 0.018483 0.027831 1.50576
18.625000 0.019054 0.028372 1.48902
18.626563 0.019625 0.028912 1.47327
18.628125 0.020194 0.029451 1.45843
18.629687 0.020761 0.029988 1.44443
18.631250 0.021328 0.030524 1.43118
18.632812 0.021893 0.031058 1.41863
18.634375 0.022457 0.031590 1.40673
18.635938 0.023019 0.032122 1.39543
18.637500 0.023580 0.032651 1.38468
18.639063 0.024140 0.033179 1.37444
18.640625 0.024699 0.033706 1.36468
18.642188 0.025256 0.034230 1.35536
18.643750 0.025811 0.034754 1.34645
18.645312 0.026366 0.035275 1.33793
18.646875 0.026919 0.035795 1.32977
18.648438 0.027470 0.036314 1.32195
18.650000 0.028020 0.036831 1.31444
18.651563 0.028569 0.037346 1.30724
18.653125 0.029116 0.037859 1.30031
18.654688 0.029661 0.038371 1.29365
18.656250 0.030205 0.038881 1.28723
18.657813 0.030748 0.039390 1.28106
18.659375 0.031289 0.039896 1.2751
18.660937 0.031828 0.040402 1.26935
18.662500 0.032366 0.040905 1.2638
18.664062 0.032903 0.041406 1.25844
18.665625 0.033438 0.041906 1.25326
18.667188 0.033971 0.042404 1.24825
18.668750 0.034503 0.042901 1.2434
18.670313 0.035033 0.043395 1.2387
18.671875 0.035561 0.043888 1.23415
18.673438 0.036088 0.044379 1.22974
18.675000 0.036613 0.044868 1.22546
18.676562 0.037137 0.045356 1.22131
18.678125 0.037659 0.045841 1.21728
18.679688 0.038179 0.046325 1.21336
18.681250 0.038698 0.046807 1.20955
18.682813 0.039215 0.047287 1.20585
18.684375 0.039730 0.047765 1.20225
18.685938 0.040243 0.048242 1.19875
18.687500 0.040755 0.048716 1.19534
18.689063 0.041265 0.049189 1.19202
18.690625 0.041773 0.049659 1.18878
18.692187 0.042280 0.050128 1.18563
18.693750 0.042784 0.050595 1.18256
18.695312 0.043287 0.051060 1.17956
18.696875 0.043789 0.051523 1.17663
18.698438 0.044288 0.051984 1.17378
18.700000 0.044785 0.052443 1.17099
18.701563 0.045281 0.052900 1.16826
18.703125 0.045775 0.053356 1.1656
18.704688 0.046267 0.053809 1.163
18.706250 0.046757 0.054260 1.16046
18.707812 0.047246 0.054709 1.15798
18.709375 0.047732 0.055157 1.15555
18.710938 0.048217 0.055602 1.15317
18.712500 0.048700 0.056045 1.15084
18.714063 0.049180 0.056487 1.14856
18.715625 0.049659 0.056926 1.14633
18.717188 0.050136 0.057363 1.14414
18.718750 0.050611 0.057798 1.142
18.720313 0.051085 0.058232 1.1399
18.721875 0.051556 0.058663 1.13785
18.723437 0.052025 0.059092 1.13583
18.725000 0.052493 0.059519 1.13385
18.726562 0.052958 0.059944 1.13191
18.728125 0.053421 0.060367 1.13001
18.729688 0.053883 0.060787 1.12814
18.731250 0.054342 0.061206 1.12631
18.732813 0.054800 0.061622 1.1245
18.734375 0.055255 0.062037 1.12274
18.735938 0.055709 0.062449 1.121
18.737500 0.056160 0.062860 1.11929
18.739062 0.056609 0.063268 1.11762
18.740625 0.057057 0.063674 1.11597
18.742188 0.057502 0.064078 1.11435
18.743750 0.057945 0.064479 1.11276
18.745313 0.058386 0.064879 1.1112
18.746875 0.058826 0.065276 1.10966
18.748438 0.059263 0.065671 1.10814
18.750000 0.059698 0.066065 1.10665
18.751563 0.060131 0.066455 1.10519
18.753125 0.060561 0.066844 1.10374
18.754687 0.060990 0.067231 1.10232
18.756250 0.061417 0.067615 1.10092
18.757812 0.061841 0.067997 1.09955
18.759375 0.062264 0.068377 1.09819
18.760938 0.062684 0.068755 1.09686
18.762500 0.063102 0.069131 1.09554
18.764063 0.063518 0.069504 1.09424
18.765625 0.063932 0.069875 1.09297
18.767188 0.064343 0.070244 1.09171
18.768750 0.064753 0.070611 1.09047
18.770312 0.065160 0.070975 1.08924
18.771875 0.065565 0.071338 1.08804
18.773438 0.065969 0.071698 1.08685
18.775000 0.066369 0.072055 1.08567
18.776563 0.066768 0.072411 1.08452
18.778125 0.067164 0.072764 1.08338
18.779688 0.067559 0.073115 1.08225
18.781250 0.067951 0.073464 1.08114
18.782813 0.068341 0.073811 1.08004
18.784375 0.068728 0.074155 1.07896
18.785937 0.069114 0.074497 1.07789
18.787500 0.069497 0.074837 1.07683
18.789062 0.069878 0.075174 1.07579
18.790625 0.070257 0.075509 1.07476
18.792188 0.070633 0.075842 1.07374
18.793750 0.071007 0.076173 1.07274
18.795313 0.071379 0.076501 1.07175
18.796875 0.071749 0.076827 1.07077
18.798438 0.072117 0.077150 1.0698
18.800000 0.072482 0.077472 1.06884
18.801562 0.072845 0.077791 1.0679
18.803125 0.073206 0.078108 1.06696
18.804688 0.073564 0.078422 1.06604
18.806250 0.073920 0.078734 1.06513
18.807813 0.074274 0.079044 1.06422
18.809375 0.074626 0.079352 1.06333
18.810938 0.074975 0.079657 1.06245
18.812500 0.075322 0.079960 1.06157
18.814063 0.075667 0.080260 1.06071
18.815625 0.076009 0.080558 1.05985
18.817187 0.076349 0.080854 1.05901
18.818750 0.076687 0.081148 1.05817
18.820312 0.077022 0.081439 1.05734
18.821875 0.077356 0.081728 1.05652
18.823438 0.077686 0.082015 1.05571
18.825000 0.078015 0.082299 1.05491
18.826563 0.078341 0.082581 1.05412
18.828125 0.078665 0.082860 1.05333
18.829688 0.078986 0.083137 1.05255
18.831250 0.079306 0.083412 1.05178
18.832812 0.079623 0.083685 1.05102
18.834375 0.079937 0.083955 1.05026
18.835938 0.080249 0.084222 1.04951
18.837500 0.080559 0.084488 1.04877
18.839063 0.080867 0.084751 1.04803
18.840625 0.081172 0.085012 1.04731
18.842188 0.081474 0.085270 1.04659
18.843750 0.081775 0.085526 1.04587
18.845313 0.082073 0.085780 1.04516
18.846875 0.082369 0.086031 1.04446
18.848437 0.082662 0.086280 1.04377
18.850000 0.082953 0.086526 1.04308
18.851562 0.083242 0.086770 1.04239
18.853125 0.083528 0.087012 1.04172
18.854688 0.083812 0.087252 1.04104
18.856250 0.084093 0.087489 1.04038
18.857813 0.084372 0.087723 1.03972
18.859375 0.084649 0.087956 1.03906
18.860938 0.084923 0.088185 1.03841
18.862500 0.085195 0.088413 1.03777
18.864062 0.085465 0.088638 1.03713
18.865625 0.085732 0.088861 1.0365
18.867188 0.085997 0.089082 1.03587
18.868750 0.086259 0.089300 1.03524
18.870313 0.086519 0.089515 1.03463
18.871875 0.086777 0.089729 1.03401
18.873438 0.087032 0.089940 1.0334
18.875000 0.087285 0.090148 1.0328
18.876563 0.087536 0.090354 1.0322
18.878125 0.087784 0.090558 1.0316
18.879687 0.088030 0.090760 1.03101
18.881250 0.088273 0.090959 1.03043
18.882812 0.088514 0.091156 1.02984
18.884375 0.088753 0.091350 1.02927
18.885938 0.088989 0.091542 1.02869
18.887500 0.089222 0.091732 1.02812
18.889063 0.089454 0.091919 1.02756
18.890625 0.089683 0.092104 1.02699
18.892188 0.089909 0.092286 1.02644
18.893750 0.090133 0.092466 1.02588
18.895312 0.090355 0.092644 1.02533
18.896875 0.090575 0.092819 1.02479
18.898438 0.090791 0.092993 1.02424
18.900000 0.091006 0.093163 1.0237
18.901563 0.091218 0.093332 1.02317
18.903125 0.091428 0.093497 1.02264
18.904688 0.091635 0.093661 1.02211
18.906250 0.091840 0.093822 1.02158
18.907813 0.092043 0.093981 1.02106
18.909375 0.092243 0.094138 1.02054
18.910937 0.092441 0.094292 1.02002
18.912500 0.092636 0.094444 1.01951
18.914062 0.092829 0.094593 1.019
18.915625 0.093020 0.094740 1.01849
18.917188 0.093208 0.094885 1.01799
18.918750 0.093394 0.095027 1.01749
18.920313 0.093577 0.095167 1.01699
18.921875 0.093758 0.095305 1.0165
18.923438 0.093937 0.095440 1.016
18.925000 0.094113 0.095573 1.01552
18.926562 0.094287 0.095704 1.01503
18.928125 0.094458 0.095832 1.01455
18.929688 0.094627 0.095958 1.01406
18.931250 0.094794 0.096082 1.01359
18.932813 0.094958 0.096203 1.01311
18.934375 0.095120 0.096322 1.01264
18.935938 0.095279 0.096438 1.01216
18.937500 0.095437 0.096553 1.0117
18.939063 0.095591 0.096665 1.01123
18.940625 0.095744 0.096774 1.01077
18.942187 0.095894 0.096882 1.0103
18.943750 0.096041 0.096987 1.00985
18.945312 0.096186 0.097089 1.00939
18.946875 0.096329 0.097190 1.00893
18.948438 0.096470 0.097288 1.00848
18.950000 0.096608 0.097383 1.00803
18.951563 0.096743 0.097477 1.00758
18.953125 0.096877 0.097568 1.00714
18.954688 0.097008 0.097657 1.00669
18.956250 0.097136 0.097743 1.00625
18.957812 0.097262 0.097827 1.00581
18.959375 0.097386 0.097909 1.00537
18.960938 0.097508 0.097989 1.00493
18.962500 0.097627 0.098066 1.0045
18.964063 0.097744 0.098141 1.00407
18.965625 0.097858 0.098214 1.00364
18.967188 0.097970 0.098285 1.00321
18.968750 0.098080 0.098353 1.00278
18.970313 0.098187 0.098419 1.00235
18.971875 0.098292 0.098482 1.00193
18.973437 0.098395 0.098544 1.00151
18.975000 0.098495 0.098603 1.00109
18.976562 0.098593 0.098659 1.00067
18.978125 0.098689 0.098714 1.00025
18.979688 0.098783 0.098766 0.999836
18.981250 0.098874 0.098816 0.999422
18.982813 0.098962 0.098864 0.999009
18.984375 0.099049 0.098910 0.998598
18.985938 0.099133 0.098953 0.998188
18.987500 0.099214 0.098994 0.99778
18.989062 0.099294 0.099033 0.997373
18.990625 0.099371 0.099069 0.996967
18.992188 0.099446 0.099104 0.996563
18.993750 0.099518 0.099136 0.99616
18.995313 0.099588 0.099166 0.995759
18.996875 0.099656 0.099193 0.995358
18.998438 0.099722 0.099219 0.994959
19.000000 0.099785 0.099242 0.994561
19.001563 0.099846 0.099263 0.994165
19.003125 0.099904 0.099282 0.993769
19.004687 0.099961 0.099299 0.993375
19.006250 0.100015 0.099313 0.992982
19.007812 0.100067 0.099325 0.99259
19.009375 0.100116 0.099335 0.992199
19.010938 0.100163 0.099343 0.991809
19.012500 0.100208 0.099349 0.991421
19.014063 0.100251 0.099352 0.991033
19.015625 0.100292 0.099354 0.990646
19.017188 0.100330 0.099353 0.990261
19.018750 0.100366 0.099350 0.989876
19.020312 0.100399 0.099344 0.989492
19.021875 0.100431 0.099337 0.989109
19.023438 0.100460 0.099328 0.988727
19.025000 0.100487 0.099316 0.988346
19.026563 0.100512 0.099302 0.987966
19.028125 0.100534 0.099286 0.987586
19.029688 0.100554 0.099268 0.987208
19.031250 0.100572 0.099248 0.98683
19.032813 0.100588 0.099225 0.986453
19.034375 0.100602 0.099201 0.986077
19.035937 0.100613 0.099174 0.985701
19.037500 0.100622 0.099146 0.985326
19.039062 0.100629 0.099115 0.984952
19.040625 0.100634 0.099082 0.984579
19.042188 0.100636 0.099047 0.984206
19.043750 0.100636 0.099009 0.983834
19.045313 0.100635 0.098970 0.983462
19.046875 0.100630 0.098929 0.983091
19.048438 0.100624 0.098885 0.982721
19.050000 0.100616 0.098840 0.982351
19.051562 0.100605 0.098792 0.981982
19.053125 0.100592 0.098743 0.981613
19.054688 0.100577 0.098691 0.981245
19.056250 0.100560 0.098637 0.980877
19.057813 0.100541 0.098581 0.98051
19.059375 0.100519 0.098523 0.980143
19.060938 0.100496 0.098463 0.979777
19.062500 0.100470 0.098401 0.979411
19.064063 0.100442 0.098337 0.979045
19.065625 0.100412 0.098271 0.97868
19.067187 0.100380 0.098203 0.978315
19.068750 0.100346 0.098133 0.977951
19.070312 0.100309 0.098061 0.977587
19.071875 0.100271 0.097987 0.977223
19.073438 0.100230 0.097911 0.976859
19.075000 0.100187 0.097832 0.976496
19.076563 0.100142 0.097752 0.976133
19.078125 0.100095 0.097670 0.97577
19.079688 0.100046 0.097586 0.975408
19.081250 0.099995 0.097500 0.975046
19.082812 0.099942 0.097412 0.974683
19.084375 0.099887 0.097322 0.974322
19.085938 0.099829 0.097230 0.97396
19.087500 0.099770 0.097136 0.973598
19.089063 0.099708 0.097040 0.973236
19.090625 0.099645 0.096942 0.972875
19.092188 0.099579 0.096842 0.972514
19.093750 0.099511 0.096740 0.972152
19.095313 0.099441 0.096636 0.971791
19.096875 0.099370 0.096531 0.97143
19.098437 0.099296 0.096423 0.971069
19.100000 0.099220 0.096313 0.970707
19.101562 0.099142 0.096202 0.970346
19.103125 0.099062 0.096089 0.969985
19.104688 0.098980 0.095973 0.969623
19.106250 0.098896 0.095856 0.969262
19.107813 0.098810 0.095737 0.9689
19.109375 0.098722 0.095616 0.968539
19.110938 0.098632 0.095493 0.968177
19.112500 0.098540 0.095369 0.967815
19.114062 0.098446 0.095242 0.967453
19.115625 0.098350 0.095114 0.967091
19.117188 0.098252 0.094983 0.966728
19.118750 0.098152 0.094851 0.966365
19.120313 0.098051 0.094717 0.966002
19.121875 0.097947 0.094581 0.965639
19.123438 0.097841 0.094444 0.965276
19.125000 0.097733 0.094304 0.964912
19.126563 0.097624 0.094163 0.964548
19.128125 0.097512 0.094019 0.964184
19.129687 0.097398 0.093874 0.963819
19.131250 0.097283 0.093728 0.963454
19.132812 0.097166 0.093579 0.963088
19.134375 0.097046 0.093429 0.962722
19.135938 0.096925 0.093276 0.962356
19.137500 0.096802 0.093122 0.961989
19.139063 0.096677 0.092967 0.961622
19.140625 0.096550 0.092809 0.961254
19.142188 0.096421 0.092650 0.960886
19.143750 0.096291 0.092489 0.960517
19.145312 0.096158 0.092326 0.960148
19.146875 0.096024 0.092161 0.959778
19.148438 0.095887 0.091995 0.959408
19.150000 0.095749 0.091827 0.959037
19.151563 0.095609 0.091657 0.958665
19.153125 0.095467 0.091486 0.958293
19.154688 0.095324 0.091312 0.95792
19.156250 0.095178 0.091137 0.957546
19.157813 0.095031 0.090961 0.957172
19.159375 0.094881 0.090782 0.956797
19.160937 0.094730 0.090602 0.956421
19.162500 0.094578 0.090420 0.956045
19.164062 0.094423 0.090237 0.955668
19.165625 0.094266 0.090052 0.955289
19.167188 0.094108 0.089865 0.954911
19.168750 0.093948 0.089676 0.954531
19.170313 0.093786 0.089486 0.95415
19.171875 0.093623 0.089294 0.953769
19.173438 0.093457 0.089101 0.953386
19.175000 0.093290 0.088906 0.953003
19.176562 0.093121 0.088709 0.952619
19.178125 0.092951 0.088511 0.952233
19.179688 0.092778 0.088311 0.951847
19.181250 0.092604 0.088109 0.95146
19.182813 0.092428 0.087906 0.951071
19.184375 0.092250 0.087701 0.950682
19.185938 0.092071 0.087494 0.950291
19.187500 0.091890 0.087286 0.9499
19.189063 0.091707 0.087077 0.949507
19.190625 0.091523 0.086865 0.949113
19.192187 0.091337 0.086653 0.948718
19.193750 0.091149 0.086438 0.948322
19.195312 0.090959 0.086222 0.947924
19.196875 0.090768 0.086005 0.947525
19.198438 0.090575 0.085786 0.947125
19.200000 0.090380 0.085565 0.946724
19.201563 0.090184 0.085343 0.946321
19.203125 0.089986 0.085119 0.945917
19.204688 0.089786 0.084894 0.945511
19.206250 0.089585 0.084667 0.945104
19.207813 0.089382 0.084439 0.944696
19.209375 0.089178 0.084209 0.944286
19.210938 0.088972 0.083978 0.943874
19.212500 0.088764 0.083745 0.943461
19.214063 0.088554 0.083511 0.943047
19.215625 0.088343 0.083275 0.942631
19.217188 0.088131 0.083038 0.942213
19.218750 0.087917 0.082799 0.941794
19.220313 0.087701 0.082559 0.941373
19.221875 0.087483 0.082317 0.94095
19.223438 0.087264 0.082074 0.940525
19.225000 0.087044 0.081830 0.940099
19.226562 0.086822 0.081584 0.939671
19.228125 0.086598 0.081337 0.939241
19.229688 0.086373 0.081088 0.938809
19.231250 0.086146 0.080837 0.938376
19.232813 0.085918 0.080586 0.93794
19.234375 0.085688 0.080333 0.937502
19.235938 0.085457 0.080078 0.937063
19.237500 0.085224 0.079822 0.936621
19.239063 0.084989 0.079565 0.936177
19.240625 0.084753 0.079306 0.935731
19.242188 0.084516 0.079046 0.935283
19.243750 0.084277 0.078785 0.934833
19.245313 0.084037 0.078522 0.934381
19.246875 0.083795 0.078258 0.933926
19.248438 0.083551 0.077993 0.933469
19.250000 0.083307 0.077726 0.93301
19.251563 0.083060 0.077458 0.932548
19.253125 0.082812 0.077188 0.932084
19.254688 0.082563 0.076917 0.931617
19.256250 0.082313 0.076645 0.931148
19.257812 0.082060 0.076372 0.930676
19.259375 0.081807 0.076097 0.930202
19.260938 0.081552 0.075821 0.929725
19.262500 0.081295 0.075543 0.929245
19.264063 0.081038 0.075265 0.928763
19.265625 0.080778 0.074985 0.928278
19.267188 0.080518 0.074704 0.92779
19.268750 0.080256 0.074421 0.927299
19.270313 0.079992 0.074137 0.926805
19.271875 0.079728 0.073852 0.926308
19.273438 0.079461 0.073566 0.925808
19.275000 0.079194 0.073279 0.925306
19.276563 0.078925 0.072990 0.9248
19.278125 0.078655 0.072700 0.92429
19.279688 0.078383 0.072409 0.923778
19.281250 0.078110 0.072116 0.923262
19.282813 0.077836 0.071823 0.922743
19.284375 0.077560 0.071528 0.922221
19.285938 0.077283 0.071232 0.921695
19.287500 0.077005 0.070934 0.921166
19.289062 0.076725 0.070636 0.920633
19.290625 0.076445 0.070336 0.920096
19.292188 0.076162 0.070036 0.919556
19.293750 0.075879 0.069734 0.919012
19.295313 0.075594 0.069431 0.918464
19.296875 0.075308 0.069126 0.917912
19.298438 0.075021 0.068821 0.917357
19.300000 0.074732 0.068514 0.916797
19.301563 0.074442 0.068207 0.916233
19.303125 0.074151 0.067898 0.915665
19.304688 0.073859 0.067588 0.915093
19.306250 0.073565 0.067277 0.914517
19.307813 0.073270 0.066965 0.913936
19.309375 0.072974 0.066651 0.913351
19.310938 0.072677 0.066337 0.912761
19.312500 0.072379 0.066021 0.912166
19.314063 0.072079 0.065705 0.911567
19.315625 0.071778 0.065387 0.910963
19.317188 0.071476 0.065068 0.910355
19.318750 0.071173 0.064749 0.909741
19.320312 0.070868 0.064428 0.909122
19.321875 0.070562 0.064106 0.908498
19.323438 0.070256 0.063783 0.907869
19.325000 0.069948 0.063459 0.907235
19.326563 0.069638 0.063134 0.906595
19.328125 0.069328 0.062808 0.90595
19.329688 0.069017 0.062481 0.905299
19.331250 0.068704 0.062153 0.904642
19.332813 0.068390 0.061824 0.90398
19.334375 0.068076 0.061493 0.903312
19.335938 0.067760 0.061162 0.902637
19.337500 0.067443 0.060830 0.901957
19.339063 0.067124 0.060497 0.90127
19.340625 0.066805 0.060163 0.900577
19.342188 0.066485 0.059828 0.899878
19.343750 0.066163 0.059492 0.899172
19.345313 0.065841 0.059155 0.898459
19.346875 0.065517 0.058817 0.897739
19.348438 0.065192 0.058478 0.897012
19.350000 0.064867 0.058138 0.896279
19.351562 0.064540 0.057798 0.895537
19.353125 0.064212 0.057456 0.894789
19.354688 0.063883 0.057113 0.894033
19.356250 0.063553 0.056770 0.893269
19.357813 0.063222 0.056425 0.892498
19.359375 0.062890 0.056080 0.891718
19.360938 0.062557 0.055734 0.890931
19.362500 0.062223 0.055387 0.890135
19.364063 0.061888 0.055039 0.88933
19.365625 0.061552 0.054690 0.888517
19.367188 0.061215 0.054340 0.887696
19.368750 0.060877 0.053989 0.886865
19.370313 0.060538 0.053638 0.886025
19.371875 0.060198 0.053286 0.885175
19.373438 0.059857 0.052932 0.884317
19.375000 0.059515 0.052578 0.883448
19.376563 0.059172 0.052224 0.882569
19.378125 0.058828 0.051868 0.881681
19.379688 0.058484 0.051511 0.880782
19.381250 0.058138 0.051154 0.879872
19.382812 0.057791 0.050796 0.878952
19.384375 0.057444 0.050437 0.87802
19.385938 0.057095 0.050077 0.877078
19.387500 0.056746 0.049716 0.876123
19.389063 0.056396 0.049355 0.875157
19.390625 0.056044 0.048993 0.874179
19.392188 0.055692 0.048630 0.873189
19.393750 0.055339 0.048266 0.872187
19.395313 0.054986 0.047902 0.871171
19.396875 0.054631 0.047537 0.870142
19.398438 0.054275 0.047171 0.8691
19.400000 0.053919 0.046804 0.868044
19.401563 0.053562 0.046437 0.866975
19.403125 0.053204 0.046068 0.865891
19.404688 0.052845 0.045700 0.864792
19.406250 0.052485 0.045330 0.863678
19.407813 0.052124 0.044960 0.862549
19.409375 0.051763 0.044589 0.861404
19.410938 0.051400 0.044217 0.860243
19.412500 0.051037 0.043844 0.859066
19.414062 0.050673 0.043471 0.857871
19.415625 0.050309 0.043097 0.85666
19.417188 0.049943 0.042723 0.85543
19.418750 0.049577 0.042348 0.854183
19.420313 0.049210 0.041972 0.852917
19.421875 0.048842 0.041595 0.851631
19.423438 0.048473 0.041218 0.850327
19.425000 0.048104 0.040840 0.849002
19.426563 0.047734 0.040462 0.847656
19.428125 0.047363 0.040083 0.84629
19.429688 0.046992 0.039703 0.844902
19.431250 0.046619 0.039323 0.843491
19.432813 0.046246 0.038942 0.842058
19.434375 0.045872 0.038560 0.840601
19.435938 0.045498 0.038178 0.839121
19.437500 0.045122 0.037795 0.837615
19.439063 0.044747 0.037412 0.836084
19.440625 0.044370 0.037028 0.834527
19.442188 0.043993 0.036643 0.832944
19.443750 0.043614 0.036258 0.831332
19.445312 0.043236 0.035872 0.829693
19.446875 0.042856 0.035486 0.828024
19.448438 0.042476 0.035099 0.826325
19.450000 0.042096 0.034712 0.824595
19.451563 0.041714 0.034324 0.822834
19.453125 0.041332 0.033935 0.82104
19.454688 0.040949 0.033546 0.819212
19.456250 0.040566 0.033157 0.817349
19.457813 0.040182 0.032766 0.815451
19.459375 0.039797 0.032376 0.813515
19.460938 0.039412 0.031985 0.811542
19.462500 0.039026 0.031593 0.809529
19.464063 0.038640 0.031201 0.807476
19.465625 0.038253 0.030808 0.805381
19.467188 0.037865 0.030415 0.803243
19.468750 0.037477 0.030021 0.801061
19.470313 0.037088 0.029627 0.798832
19.471875 0.036698 0.029232 0.796556
19.473438 0.036308 0.028837 0.794231
19.475000 0.035918 0.028442 0.791854
19.476562 0.035527 0.028046 0.789425
19.478125 0.035135 0.027649 0.786942
19.479688 0.034743 0.027252 0.784402
19.481250 0.034350 0.026855 0.781804
19.482813 0.033956 0.026457 0.779145
19.484375 0.033563 0.026059 0.776423
19.485938 0.033168 0.025660 0.773636
19.487500 0.032773 0.025261 0.770781
19.489063 0.032378 0.024861 0.767856
19.490625 0.031982 0.024461 0.764859
19.492188 0.031585 0.024061 0.761785
19.493750 0.031188 0.023660 0.758633
19.495313 0.030791 0.023259 0.755399
19.496875 0.030393 0.022858 0.752079
19.498438 0.029994 0.022456 0.748671
19.500000 0.029595 0.022053 0.74517
19.501563 0.029196 0.021651 0.741573
19.503125 0.028796 0.021248 0.737875
19.504688 0.028395 0.020844 0.734072
19.506250 0.027994 0.020440 0.730159
19.507812 0.027593 0.020036 0.726132
19.509375 0.027191 0.019632 0.721985
19.510938 0.026789 0.019227 0.717713
19.512500 0.026387 0.018822 0.71331
19.514063 0.025984 0.018416 0.708769
19.515625 0.025580 0.018011 0.704084
19.517188 0.025176 0.017604 0.699247
19.518750 0.024772 0.017198 0.694252
19.520313 0.024367 0.016791 0.68909
19.521875 0.023962 0.016384 0.683752
19.523438 0.023557 0.015977 0.678229
19.525000 0.023151 0.015569 0.672511
19.526563 0.022744 0.015161 0.666588
19.528125 0.022338 0.014753 0.660447
19.529688 0.021931 0.014344 0.654078
19.531250 0.021523 0.013936 0.647465
19.532813 0.021115 0.013526 0.640596
19.534375 0.020707 0.013117 0.633455
19.535938 0.020299 0.012708 0.626025
19.537500 0.019890 0.012298 0.618287
19.539062 0.019481 0.011888 0.610222
19.540625 0.019071 0.011477 0.60181
19.542188 0.018661 0.011067 0.593026
19.543750 0.018251 0.010656 0.583845
19.545313 0.017841 0.010245 0.574239
19.546875 0.017430 0.009833 0.564178
19.548438 0.017019 0.009422 0.553629
19.550000 0.016607 0.009010 0.542555
19.551563 0.016195 0.008598 0.530915
19.553125 0.015783 0.008186 0.518664
19.554688 0.015371 0.007774 0.505753
19.556250 0.014958 0.007361 0.492127
19.557813 0.014545 0.006949 0.477724
19.559375 0.014132 0.006536 0.462475
19.560938 0.013719 0.006123 0.446303
19.562500 0.013305 0.005710 0.429122
19.564063 0.012891 0.005296 0.410834
19.565625 0.012477 0.004883 0.391326
19.567188 0.012062 0.004469 0.370473
19.568750 0.011648 0.004055 0.34813
19.570312 0.011233 0.003641 0.324131
19.571875 0.010818 0.003227 0.298283
19.573438 0.010402 0.002812 0.270365
19.575000 0.009987 0.002398 0.240116
19.576563 0.009571 0.001983 0.20723
19.578125 0.009155 0.001569 0.171347
19.579688 0.008738 0.001154 0.132036
19.581250 0.008322 0.000739 0.0887801
19.582813 0.007905 0.000324 0.0409533
19.584375 0.007488 -0.000091 -0.0122109
19.585938 0.007071 -0.000507 -0.07166
19.587500 0.006654 -0.000922 -0.13858
19.589063 0.006236 -0.001338 -0.214476
19.590625 0.005819 -0.001753 -0.301285
19.592188 0.005401 -0.002169 -0.401546
19.593750 0.004983 -0.002585 -0.51865
19.595313 0.004565 -0.003000 -0.657236
19.596875 0.004147 -0.003416 -0.823815
19.598438 0.003728 -0.003832 -1.02782
19.600000 0.003310 -0.004248 -1.28348
19.601562 0.002891 -0.004664 -1.61326
19.603125 0.002472 -0.005080 -2.05486
19.604688 0.002053 -0.005496 -2.67679
19.606250 0.001634 -0.005913 -3.61786
19.607813 0.001215 -0.006329 -5.20855
19.609375 0.000796 -0.006745 -8.47614
19.610938 0.000376 -0.007161 -19.0284
19.612500 -0.000043 -0.007578 175.52
19.614063 -0.000463 -0.007994 17.2732
19.615625 -0.000883 -0.008411 9.52995
19.617188 -0.001302 -0.008827 6.77763
19.618750 -0.001722 -0.009243 5.36693
19.620313 -0.002142 -0.009660 4.50911
19.621875 -0.002562 -0.010076 3.93238
19.623438 -0.002982 -0.010492 3.51803
19.625000 -0.003403 -0.010909 3.20594
19.626563 -0.003823 -0.011325 2.96241
19.628125 -0.004243 -0.011742 2.76707
19.629688 -0.004664 -0.012158 2.60691
19.631250 -0.005084 -0.012574 2.47321
19.632812 -0.005505 -0.012990 2.3599
19.634375 -0.005925 -0.013407 2.26266
19.635938 -0.006346 -0.013823 2.17828
19.637500 -0.006766 -0.014239 2.10438
19.639063 -0.007187 -0.014655 2.03911
19.640625 -0.007608 -0.015071 1.98105
19.642188 -0.008028 -0.015487 1.92906
19.643750 -0.008449 -0.015903 1.88224
19.645313 -0.008870 -0.016319 1.83985
19.646875 -0.009290 -0.016735 1.80129
19.648438 -0.009711 -0.017150 1.76606
19.650000 -0.010132 -0.017566 1.73375
19.651563 -0.010552 -0.017981 1.70401
19.653125 -0.010973 -0.018397 1.67654
19.654688 -0.011394 -0.018812 1.6511
19.656250 -0.011814 -0.019228 1.62747
19.657813 -0.012235 -0.019643 1.60545
19.659375 -0.012656 -0.020058 1.5849
19.660938 -0.013076 -0.020473 1.56566
19.662500 -0.013497 -0.020888 1.54761
19.664062 -0.013917 -0.021302 1.53066
19.665625 -0.014337 -0.021717 1.51469
19.667188 -0.014758 -0.022131 1.49963
19.668750 -0.015178 -0.022546 1.48541
19.670313 -0.015598 -0.022960 1.47194
19.671875 -0.016019 -0.023374 1.45918
19.673438 -0.016439 -0.023788 1.44708
19.675000 -0.016859 -0.024202 1.43557
19.676563 -0.017279 -0.024616 1.42462
19.678125 -0.017699 -0.025029 1.41418
19.679688 -0.018118 -0.025442 1.40423
19.681250 -0.018538 -0.025856 1.39473
19.682813 -0.018958 -0.026269 1.38564
19.684375 -0.019377 -0.026682 1.37695
19.685938 -0.019797 -0.027094 1.36863
19.687500 -0.020216 -0.027507 1.36065
19.689063 -0.020635 -0.027919 1.35299
19.690625 -0.021054 -0.028331 1.34563
19.692188 -0.021473 -0.028743 1.33856
19.693750 -0.021892 -0.029155 1.33176
19.695312 -0.022311 -0.029567 1.32522
19.696875 -0.022730 -0.029978 1.31891
19.698438 -0.023148 -0.030389 1.31284
19.700000 -0.023566 -0.030800 1.30697
19.701563 -0.023984 -0.031211 1.30131
19.703125 -0.024403 -0.031622 1.29585
19.704688 -0.024820 -0.032032 1.29056
19.706250 -0.025238 -0.032442 1.28545
19.707813 -0.025656 -0.032852 1.28051
19.709375 -0.026073 -0.033262 1.27572
19.710938 -0.026490 -0.033672 1.27109
19.712500 -0.026907 -0.034081 1.26659
19.714063 -0.027324 -0.034490 1.26224
19.715625 -0.027741 -0.034899 1.25801
19.717188 -0.028158 -0.035307 1.25391
19.718750 -0.028574 -0.035715 1.24993
19.720313 -0.028990 -0.036123 1.24606
19.721875 -0.029406 -0.036531 1.2423
19.723438 -0.029822 -0.036939 1.23864
19.725000 -0.030238 -0.037346 1.23509
19.726562 -0.030653 -0.037753 1.23163
19.728125 -0.031068 -0.038160 1.22826
19.729688 -0.031483 -0.038566 1.22498
19.731250 -0.031898 -0.038972 1.22179
19.732813 -0.032313 -0.039378 1.21867
19.734375 -0.032727 -0.039784 1.21564
19.735938 -0.033141 -0.040189 1.21268
19.737500 -0.033555 -0.040594 1.2098
19.739063 -0.033968 -0.040999 1.20698
19.740625 -0.034382 -0.041404 1.20423
19.742188 -0.034795 -0.041808 1.20155
19.743750 -0.035208 -0.042212 1.19893
19.745313 -0.035621 -0.042615 1.19637
19.746875 -0.036033 -0.043019 1.19387
19.748438 -0.036445 -0.043422 1.19142
19.750000 -0.036857 -0.043824 1.18903
19.751563 -0.037269 -0.044227 1.18669
19.753125 -0.037680 -0.044629 1.18441
19.754688 -0.038091 -0.045030 1.18217
19.756250 -0.038502 -0.045432 1.17998
19.757812 -0.038913 -0.045833 1.17783
19.759375 -0.039323 -0.046233 1.17573
19.760938 -0.039733 -0.046634 1.17368
19.762500 -0.040143 -0.047034 1.17166
19.764063 -0.040552 -0.047433 1.16969
19.765625 -0.040961 -0.047833 1.16776
19.767188 -0.041370 -0.048232 1.16586
19.768750 -0.041779 -0.048630 1.164
19.770313 -0.042187 -0.049029 1.16218
19.771875 -0.042595 -0.049427 1.16039
19.773438 -0.043003 -0.049824 1.15863
19.775000 -0.043410 -0.050221 1.15691
19.776563 -0.043817 -0.050618 1.15522
19.778125 -0.044224 -0.051015 1.15356
19.779688 -0.044630 -0.051411 1.15193
19.781250 -0.045036 -0.051806 1.15034
19.782813 -0.045442 -0.052202 1.14877
19.784375 -0.045847 -0.052597 1.14722
19.785938 -0.046252 -0.052991 1.14571
19.787500 -0.046657 -0.053386 1.14422
19.789062 -0.047061 -0.053779 1.14275
19.790625 -0.047465 -0.054173 1.14132
19.792188 -0.047869 -0.054566 1.1399
19.793750 -0.048272 -0.054958 1.13851
19.795313 -0.048675 -0.055351 1.13714
19.796875 -0.049078 -0.055743 1.1358
19.798438 -0.049480 -0.056134 1.13447
19.800000 -0.049882 -0.056525 1.13317
19.801563 -0.050284 -0.056916 1.13189
19.803125 -0.050685 -0.057306 1.13063
19.804688 -0.051086 -0.057695 1.12939
19.806250 -0.051486 -0.058085 1.12817
19.807813 -0.051886 -0.058474 1.12697
19.809375 -0.052286 -0.058862 1.12578
19.810938 -0.052685 -0.059250 1.12462
19.812500 -0.053084 -0.059638 1.12347
19.814063 -0.053482 -0.060025 1.12234
19.815625 -0.053880 -0.060412 1.12122
19.817188 -0.054278 -0.060798 1.12012
19.818750 -0.054675 -0.061184 1.11904
19.820312 -0.055072 -0.061570 1.11798
19.821875 -0.055469 -0.061955 1.11692
19.823438 -0.055865 -0.062339 1.11589
19.825000 -0.056261 -0.062723 1.11487
19.826563 -0.056656 -0.063107 1.11386
19.828125 -0.057051 -0.063490 1.11287
19.829688 -0.057445 -0.063873 1.11189
19.831250 -0.057839 -0.064255 1.11092
19.832813 -0.058233 -0.064637 1.10997
19.834375 -0.058626 -0.065018 1.10903
19.835938 -0.059019 -0.065399 1.1081
19.837500 -0.059411 -0.065779 1.10719
19.839063 -0.059803 -0.066159 1.10629
19.840625 -0.060194 -0.066539 1.1054
19.842188 -0.060585 -0.066918 1.10452
19.843750 -0.060976 -0.067296 1.10365
19.845313 -0.061366 -0.067674 1.10279
19.846875 -0.061756 -0.068052 1.10195
19.848438 -0.062145 -0.068429 1.10111
19.850000 -0.062534 -0.068805 1.10029
19.851562 -0.062922 -0.069181 1.09947
19.853125 -0.063310 -0.069557 1.09867
19.854688 -0.063697 -0.069932 1.09788
19.856250 -0.064084 -0.070306 1.09709
19.857813 -0.064471 -0.070680 1.09632
19.859375 -0.064857 -0.071054 1.09555
19.860938 -0.065242 -0.071427 1.09479
19.862500 -0.065627 -0.071799 1.09405
19.864063 -0.066012 -0.072171 1.09331
19.865625 -0.066396 -0.072543 1.09258
19.867188 -0.066779 -0.072913 1.09186
19.868750 -0.067162 -0.073284 1.09114
19.870313 -0.067545 -0.073654 1.09044
19.871875 -0.067927 -0.074023 1.08974
19.873438 -0.068309 -0.074392 1.08905
19.875000 -0.068690 -0.074760 1.08837
19.876563 -0.069071 -0.075128 1.08769
19.878125 -0.069451 -0.075495 1.08703
19.879688 -0.069831 -0.075862 1.08637
19.881250 -0.070210 -0.076228 1.08572
19.882812 -0.070588 -0.076593 1.08507
19.884375 -0.070966 -0.076958 1.08443
19.885938 -0.071344 -0.077323 1.0838
19.887500 -0.071721 -0.077687 1.08318
19.889063 -0.072098 -0.078050 1.08256
19.890625 -0.072474 -0.078413 1.08195
19.892188 -0.072849 -0.078775 1.08134
19.893750 -0.073224 -0.079137 1.08074
19.895313 -0.073599 -0.079498 1.08015
19.896875 -0.073973 -0.079859 1.07956
19.898438 -0.074346 -0.080219 1.07898
19.900000 -0.074719 -0.080578 1.07841
19.901563 -0.075092 -0.080937 1.07784
19.903125 -0.075464 -0.081295 1.07728
19.904688 -0.075835 -0.081653 1.07672
19.906250 -0.076206 -0.082010 1.07617
19.907813 -0.076576 -0.082366 1.07562
19.909375 -0.076946 -0.082722 1.07508
19.910938 -0.077315 -0.083078 1.07454
19.912500 -0.077683 -0.083433 1.07401
19.914062 -0.078051 -0.083787 1.07349
19.915625 -0.078419 -0.084141 1.07297
19.917188 -0.078786 -0.084494 1.07245
19.918750 -0.079152 -0.084846 1.07194
19.920313 -0.079518 -0.085198 1.07143
19.921875 -0.079883 -0.085549 1.07093
19.923438 -0.080248 -0.085900 1.07044
19.925000 -0.080612 -0.086250 1.06995
19.926563 -0.080976 -0.086600 1.06946
19.928125 -0.081339 -0.086949 1.06898
19.929688 -0.081701 -0.087297 1.0685
19.931250 -0.082063 -0.087645 1.06803
19.932813 -0.082424 -0.087993 1.06756
19.934375 -0.082785 -0.088339 1.0671
19.935938 -0.083145 -0.088685 1.06664
19.937500 -0.083504 -0.089031 1.06618
19.939063 -0.083863 -0.089376 1.06573
19.940625 -0.084222 -0.089720 1.06529
19.942188 -0.084579 -0.090064 1.06485
19.943750 -0.084937 -0.090408 1.06441
19.945312 -0.085293 -0.090750 1.06398
19.946875 -0.085649 -0.091093 1.06355
19.948438 -0.086005 -0.091434 1.06313
19.950000 -0.086360 -0.091775 1.06271
19.951563 -0.086714 -0.092116 1.0623
19.953125 -0.087067 -0.092456 1.06189
19.954688 -0.087420 -0.092795 1.06148
19.956250 -0.087773 -0.093134 1.06108
19.957813 -0.088125 -0.093472 1.06069
19.959375 -0.088476 -0.093810 1.06029
19.960938 -0.088826 -0.094147 1.0599
19.962500 -0.089176 -0.094484 1.05951
19.964063 -0.089526 -0.094819 1.05913
19.965625 -0.089875 -0.095154 1.05875
19.967188 -0.090223 -0.095489 1.05837
19.968750 -0.090570 -0.095822 1.05799
19.970313 -0.090917 -0.096155 1.05761
19.971875 -0.091263 -0.096487 1.05723
19.973438 -0.091609 -0.096817 1.05686
19.975000 -0.091954 -0.097147 1.05648
19.976562 -0.092299 -0.097476 1.0561
19.978125 -0.092642 -0.097804 1.05571
19.979688 -0.092985 -0.098130 1.05533
19.981250 -0.093328 -0.098456 1.05494
19.982813 -0.093670 -0.098780 1.05455
19.984375 -0.094011 -0.099102 1.05415
19.985938 -0.094352 -0.099423 1.05375
19.987500 -0.094692 -0.099743 1.05334
19.989063 -0.095031 -0.100061 1.05293
19.990625 -0.095370 -0.100377 1.0525
19.992188 -0.095708 -0.100691 1.05207
19.993750 -0.096045 -0.101004 1.05163
19.995313 -0.096382 -0.101315 1.05118
19.996875 -0.096718 -0.101624 1.05072
19.998438 -0.097054 -0.101930 1.05025
